suite_id,comparison_group,model,family,precision,experiment_batch_id,run_id,method,method_label,dataset_id,dataset_label,source_category,label_kind,n,n_clusters,accuracy,accuracy_percent,accuracy_display_percent,best_quantized_accuracy_exact,best_quantized_accuracy_displayed,avg_accuracy,avg_accuracy_percent,avg_accuracy_display_percent,best_quantized_avg_exact,best_quantized_avg_displayed
expanded-v3-w4a4-22source-20261007,all12,intern-decision-0.8b,Intern-Decision,W4A4,expanded-20261007-v3,intern-decision-0.8b,s1q-joint,S1Q-Joint,agnews,AG News,standard_dataset,upstream_dataset_gold,360,120,0.4361111111111111,43.61111111111112,43.61,False,False,0.3868178631873427,38.68178631873428,38.68,True,True
expanded-v3-w4a4-22source-20261007,all12,intern-decision-0.8b,Intern-Decision,W4A4,expanded-20261007-v3,intern-decision-0.8b,s1q-joint,S1Q-Joint,amazon,Amazon Reviews,standard_dataset,upstream_dataset_gold,128,128,0.2265625,22.65625,22.66,False,False,0.3868178631873427,38.68178631873428,38.68,True,True
expanded-v3-w4a4-22source-20261007,all12,intern-decision-0.8b,Intern-Decision,W4A4,expanded-20261007-v3,intern-decision-0.8b,s1q-joint,S1Q-Joint,arc,ARC,standard_dataset,upstream_dataset_gold,128,128,0.2734375,27.34375,27.34,False,False,0.3868178631873427,38.68178631873428,38.68,True,True
expanded-v3-w4a4-22source-20261007,all12,intern-decision-0.8b,Intern-Decision,W4A4,expanded-20261007-v3,intern-decision-0.8b,s1q-joint,S1Q-Joint,boolq,BoolQ,standard_dataset,upstream_dataset_gold,120,120,0.5083333333333333,50.83333333333333,50.83,False,False,0.3868178631873427,38.68178631873428,38.68,True,True
expanded-v3-w4a4-22source-20261007,all12,intern-decision-0.8b,Intern-Decision,W4A4,expanded-20261007-v3,intern-decision-0.8b,s1q-joint,S1Q-Joint,csqa,CommonsenseQA,standard_dataset,upstream_dataset_gold,128,128,0.1953125,19.53125,19.53,False,False,0.3868178631873427,38.68178631873428,38.68,True,True
expanded-v3-w4a4-22source-20261007,all12,intern-decision-0.8b,Intern-Decision,W4A4,expanded-20261007-v3,intern-decision-0.8b,s1q-joint,S1Q-Joint,emotion,Emotion,standard_dataset,upstream_dataset_gold,120,120,0.2833333333333333,28.33333333333333,28.33,False,False,0.3868178631873427,38.68178631873428,38.68,True,True
expanded-v3-w4a4-22source-20261007,all12,intern-decision-0.8b,Intern-Decision,W4A4,expanded-20261007-v3,intern-decision-0.8b,s1q-joint,S1Q-Joint,imdb,IMDb,standard_dataset,upstream_dataset_gold,53,53,0.6037735849056604,60.37735849056604,60.38,True,True,0.3868178631873427,38.68178631873428,38.68,True,True
expanded-v3-w4a4-22source-20261007,all12,intern-decision-0.8b,Intern-Decision,W4A4,expanded-20261007-v3,intern-decision-0.8b,s1q-joint,S1Q-Joint,jevbench,JevBench new eligible public tasks,authored_scenario_suite,authored_scenario_gold,48,48,0.4791666666666667,47.91666666666667,47.92,False,False,0.3868178631873427,38.68178631873428,38.68,True,True
expanded-v3-w4a4-22source-20261007,all12,intern-decision-0.8b,Intern-Decision,W4A4,expanded-20261007-v3,intern-decision-0.8b,s1q-joint,S1Q-Joint,mmlu,MMLU,standard_dataset,upstream_dataset_gold,99,99,0.2121212121212121,21.21212121212121,21.21,False,False,0.3868178631873427,38.68178631873428,38.68,True,True
expanded-v3-w4a4-22source-20261007,all12,intern-decision-0.8b,Intern-Decision,W4A4,expanded-20261007-v3,intern-decision-0.8b,s1q-joint,S1Q-Joint,mnli,MNLI,standard_dataset,upstream_dataset_gold,122,122,0.360655737704918,36.0655737704918,36.07,False,False,0.3868178631873427,38.68178631873428,38.68,True,True
expanded-v3-w4a4-22source-20261007,all12,intern-decision-0.8b,Intern-Decision,W4A4,expanded-20261007-v3,intern-decision-0.8b,s1q-joint,S1Q-Joint,openbookqa,OpenBookQA,standard_dataset,upstream_dataset_gold,128,128,0.28125,28.125,28.12,False,False,0.3868178631873427,38.68178631873428,38.68,True,True
expanded-v3-w4a4-22source-20261007,all12,intern-decision-0.8b,Intern-Decision,W4A4,expanded-20261007-v3,intern-decision-0.8b,s1q-joint,S1Q-Joint,paws,PAWS,standard_dataset,upstream_dataset_gold,128,128,0.5078125,50.78125,50.78,False,False,0.3868178631873427,38.68178631873428,38.68,True,True
expanded-v3-w4a4-22source-20261007,all12,intern-decision-0.8b,Intern-Decision,W4A4,expanded-20261007-v3,intern-decision-0.8b,s1q-joint,S1Q-Joint,qnli,QNLI,standard_dataset,upstream_dataset_gold,128,128,0.4765625,47.65625,47.66,False,False,0.3868178631873427,38.68178631873428,38.68,True,True
expanded-v3-w4a4-22source-20261007,all12,intern-decision-0.8b,Intern-Decision,W4A4,expanded-20261007-v3,intern-decision-0.8b,s1q-joint,S1Q-Joint,sciq,SciQ,standard_dataset,upstream_dataset_gold,92,92,0.4891304347826087,48.91304347826087,48.91,False,False,0.3868178631873427,38.68178631873428,38.68,True,True
expanded-v3-w4a4-22source-20261007,all12,intern-decision-0.8b,Intern-Decision,W4A4,expanded-20261007-v3,intern-decision-0.8b,s1q-joint,S1Q-Joint,semif,SemIf authored,authored_rule_suite,authored_scenario_gold,128,32,0.4140625,41.40625,41.41,True,True,0.3868178631873427,38.68178631873428,38.68,True,True
expanded-v3-w4a4-22source-20261007,all12,intern-decision-0.8b,Intern-Decision,W4A4,expanded-20261007-v3,intern-decision-0.8b,s1q-joint,S1Q-Joint,sst5,SST-5,standard_dataset,upstream_dataset_gold,128,128,0.1875,18.75,18.75,False,False,0.3868178631873427,38.68178631873428,38.68,True,True
expanded-v3-w4a4-22source-20261007,all12,intern-decision-0.8b,Intern-Decision,W4A4,expanded-20261007-v3,intern-decision-0.8b,s1q-joint,S1Q-Joint,toolace,ToolACE tool-choice classification,domain_decision_suite,native_annotation,68,68,0.6323529411764706,63.23529411764706,63.24,True,True,0.3868178631873427,38.68178631873428,38.68,True,True
expanded-v3-w4a4-22source-20261007,all12,intern-decision-0.8b,Intern-Decision,W4A4,expanded-20261007-v3,intern-decision-0.8b,s1q-joint,S1Q-Joint,trec,TREC,standard_dataset,upstream_dataset_gold,121,121,0.1652892561983471,16.528925619834713,16.53,True,True,0.3868178631873427,38.68178631873428,38.68,True,True
expanded-v3-w4a4-22source-20261007,all12,intern-decision-0.8b,Intern-Decision,W4A4,expanded-20261007-v3,intern-decision-0.8b,s1q-joint,S1Q-Joint,tweet-offensive,TweetEval Offensive,standard_dataset,upstream_dataset_gold,128,128,0.5625,56.25,56.25,False,False,0.3868178631873427,38.68178631873428,38.68,True,True
expanded-v3-w4a4-22source-20261007,all12,intern-decision-0.8b,Intern-Decision,W4A4,expanded-20261007-v3,intern-decision-0.8b,s1q-joint,S1Q-Joint,wanli,WANLI,standard_dataset,upstream_dataset_gold,256,256,0.3984375,39.84375,39.84,True,True,0.3868178631873427,38.68178631873428,38.68,True,True
expanded-v3-w4a4-22source-20261007,all12,intern-decision-0.8b,Intern-Decision,W4A4,expanded-20261007-v3,intern-decision-0.8b,s1q-joint,S1Q-Joint,wildjailbreak,WildJailBreak harmful/benign classification,domain_decision_suite,native_annotation,128,128,0.4375,43.75,43.75,False,False,0.3868178631873427,38.68178631873428,38.68,True,True
expanded-v3-w4a4-22source-20261007,all12,intern-decision-0.8b,Intern-Decision,W4A4,expanded-20261007-v3,intern-decision-0.8b,s1q-joint,S1Q-Joint,yelp,Yelp,standard_dataset,upstream_dataset_gold,132,66,0.3787878787878788,37.87878787878788,37.88,False,False,0.3868178631873427,38.68178631873428,38.68,True,True
expanded-v3-w4a4-22source-20261007,all12,intern-decision-0.8b,Intern-Decision,W4A4,expanded-20261007-v3,intern-decision-0.8b,s1q-ac,S1Q-AC,agnews,AG News,standard_dataset,upstream_dataset_gold,360,120,0.4722222222222222,47.22222222222222,47.22,False,False,0.3680185714423817,36.80185714423818,36.8,False,False
expanded-v3-w4a4-22source-20261007,all12,intern-decision-0.8b,Intern-Decision,W4A4,expanded-20261007-v3,intern-decision-0.8b,s1q-ac,S1Q-AC,amazon,Amazon Reviews,standard_dataset,upstream_dataset_gold,128,128,0.2421875,24.21875,24.22,True,True,0.3680185714423817,36.80185714423818,36.8,False,False
expanded-v3-w4a4-22source-20261007,all12,intern-decision-0.8b,Intern-Decision,W4A4,expanded-20261007-v3,intern-decision-0.8b,s1q-ac,S1Q-AC,arc,ARC,standard_dataset,upstream_dataset_gold,128,128,0.2265625,22.65625,22.66,False,False,0.3680185714423817,36.80185714423818,36.8,False,False
expanded-v3-w4a4-22source-20261007,all12,intern-decision-0.8b,Intern-Decision,W4A4,expanded-20261007-v3,intern-decision-0.8b,s1q-ac,S1Q-AC,boolq,BoolQ,standard_dataset,upstream_dataset_gold,120,120,0.4166666666666667,41.66666666666667,41.67,False,False,0.3680185714423817,36.80185714423818,36.8,False,False
expanded-v3-w4a4-22source-20261007,all12,intern-decision-0.8b,Intern-Decision,W4A4,expanded-20261007-v3,intern-decision-0.8b,s1q-ac,S1Q-AC,csqa,CommonsenseQA,standard_dataset,upstream_dataset_gold,128,128,0.1640625,16.40625,16.41,False,False,0.3680185714423817,36.80185714423818,36.8,False,False
expanded-v3-w4a4-22source-20261007,all12,intern-decision-0.8b,Intern-Decision,W4A4,expanded-20261007-v3,intern-decision-0.8b,s1q-ac,S1Q-AC,emotion,Emotion,standard_dataset,upstream_dataset_gold,120,120,0.3083333333333333,30.833333333333336,30.83,False,False,0.3680185714423817,36.80185714423818,36.8,False,False
expanded-v3-w4a4-22source-20261007,all12,intern-decision-0.8b,Intern-Decision,W4A4,expanded-20261007-v3,intern-decision-0.8b,s1q-ac,S1Q-AC,imdb,IMDb,standard_dataset,upstream_dataset_gold,53,53,0.490566037735849,49.0566037735849,49.06,False,False,0.3680185714423817,36.80185714423818,36.8,False,False
expanded-v3-w4a4-22source-20261007,all12,intern-decision-0.8b,Intern-Decision,W4A4,expanded-20261007-v3,intern-decision-0.8b,s1q-ac,S1Q-AC,jevbench,JevBench new eligible public tasks,authored_scenario_suite,authored_scenario_gold,48,48,0.5,50.0,50.0,False,False,0.3680185714423817,36.80185714423818,36.8,False,False
expanded-v3-w4a4-22source-20261007,all12,intern-decision-0.8b,Intern-Decision,W4A4,expanded-20261007-v3,intern-decision-0.8b,s1q-ac,S1Q-AC,mmlu,MMLU,standard_dataset,upstream_dataset_gold,99,99,0.1515151515151515,15.151515151515152,15.15,False,False,0.3680185714423817,36.80185714423818,36.8,False,False
expanded-v3-w4a4-22source-20261007,all12,intern-decision-0.8b,Intern-Decision,W4A4,expanded-20261007-v3,intern-decision-0.8b,s1q-ac,S1Q-AC,mnli,MNLI,standard_dataset,upstream_dataset_gold,122,122,0.3278688524590163,32.78688524590164,32.79,False,False,0.3680185714423817,36.80185714423818,36.8,False,False
expanded-v3-w4a4-22source-20261007,all12,intern-decision-0.8b,Intern-Decision,W4A4,expanded-20261007-v3,intern-decision-0.8b,s1q-ac,S1Q-AC,openbookqa,OpenBookQA,standard_dataset,upstream_dataset_gold,128,128,0.28125,28.125,28.12,False,False,0.3680185714423817,36.80185714423818,36.8,False,False
expanded-v3-w4a4-22source-20261007,all12,intern-decision-0.8b,Intern-Decision,W4A4,expanded-20261007-v3,intern-decision-0.8b,s1q-ac,S1Q-AC,paws,PAWS,standard_dataset,upstream_dataset_gold,128,128,0.4375,43.75,43.75,False,False,0.3680185714423817,36.80185714423818,36.8,False,False
expanded-v3-w4a4-22source-20261007,all12,intern-decision-0.8b,Intern-Decision,W4A4,expanded-20261007-v3,intern-decision-0.8b,s1q-ac,S1Q-AC,qnli,QNLI,standard_dataset,upstream_dataset_gold,128,128,0.4453125,44.53125,44.53,False,False,0.3680185714423817,36.80185714423818,36.8,False,False
expanded-v3-w4a4-22source-20261007,all12,intern-decision-0.8b,Intern-Decision,W4A4,expanded-20261007-v3,intern-decision-0.8b,s1q-ac,S1Q-AC,sciq,SciQ,standard_dataset,upstream_dataset_gold,92,92,0.391304347826087,39.130434782608695,39.13,False,False,0.3680185714423817,36.80185714423818,36.8,False,False
expanded-v3-w4a4-22source-20261007,all12,intern-decision-0.8b,Intern-Decision,W4A4,expanded-20261007-v3,intern-decision-0.8b,s1q-ac,S1Q-AC,semif,SemIf authored,authored_rule_suite,authored_scenario_gold,128,32,0.3828125,38.28125,38.28,False,False,0.3680185714423817,36.80185714423818,36.8,False,False
expanded-v3-w4a4-22source-20261007,all12,intern-decision-0.8b,Intern-Decision,W4A4,expanded-20261007-v3,intern-decision-0.8b,s1q-ac,S1Q-AC,sst5,SST-5,standard_dataset,upstream_dataset_gold,128,128,0.2421875,24.21875,24.22,True,True,0.3680185714423817,36.80185714423818,36.8,False,False
expanded-v3-w4a4-22source-20261007,all12,intern-decision-0.8b,Intern-Decision,W4A4,expanded-20261007-v3,intern-decision-0.8b,s1q-ac,S1Q-AC,toolace,ToolACE tool-choice classification,domain_decision_suite,native_annotation,68,68,0.5735294117647058,57.35294117647059,57.35,False,False,0.3680185714423817,36.80185714423818,36.8,False,False
expanded-v3-w4a4-22source-20261007,all12,intern-decision-0.8b,Intern-Decision,W4A4,expanded-20261007-v3,intern-decision-0.8b,s1q-ac,S1Q-AC,trec,TREC,standard_dataset,upstream_dataset_gold,121,121,0.1239669421487603,12.396694214876034,12.4,False,False,0.3680185714423817,36.80185714423818,36.8,False,False
expanded-v3-w4a4-22source-20261007,all12,intern-decision-0.8b,Intern-Decision,W4A4,expanded-20261007-v3,intern-decision-0.8b,s1q-ac,S1Q-AC,tweet-offensive,TweetEval Offensive,standard_dataset,upstream_dataset_gold,128,128,0.6796875,67.96875,67.97,False,False,0.3680185714423817,36.80185714423818,36.8,False,False
expanded-v3-w4a4-22source-20261007,all12,intern-decision-0.8b,Intern-Decision,W4A4,expanded-20261007-v3,intern-decision-0.8b,s1q-ac,S1Q-AC,wanli,WANLI,standard_dataset,upstream_dataset_gold,256,256,0.328125,32.8125,32.81,False,False,0.3680185714423817,36.80185714423818,36.8,False,False
expanded-v3-w4a4-22source-20261007,all12,intern-decision-0.8b,Intern-Decision,W4A4,expanded-20261007-v3,intern-decision-0.8b,s1q-ac,S1Q-AC,wildjailbreak,WildJailBreak harmful/benign classification,domain_decision_suite,native_annotation,128,128,0.5546875,55.46875,55.47,False,False,0.3680185714423817,36.80185714423818,36.8,False,False
expanded-v3-w4a4-22source-20261007,all12,intern-decision-0.8b,Intern-Decision,W4A4,expanded-20261007-v3,intern-decision-0.8b,s1q-ac,S1Q-AC,yelp,Yelp,standard_dataset,upstream_dataset_gold,132,66,0.3560606060606061,35.60606060606061,35.61,False,False,0.3680185714423817,36.80185714423818,36.8,False,False
expanded-v3-w4a4-22source-20261007,all12,intern-decision-0.8b,Intern-Decision,W4A4,expanded-20261007-v3,intern-decision-0.8b,s1q-margin,S1Q-Margin,agnews,AG News,standard_dataset,upstream_dataset_gold,360,120,0.4444444444444444,44.44444444444444,44.44,False,False,0.3735005336042171,37.35005336042171,37.35,False,False
expanded-v3-w4a4-22source-20261007,all12,intern-decision-0.8b,Intern-Decision,W4A4,expanded-20261007-v3,intern-decision-0.8b,s1q-margin,S1Q-Margin,amazon,Amazon Reviews,standard_dataset,upstream_dataset_gold,128,128,0.1640625,16.40625,16.41,False,False,0.3735005336042171,37.35005336042171,37.35,False,False
expanded-v3-w4a4-22source-20261007,all12,intern-decision-0.8b,Intern-Decision,W4A4,expanded-20261007-v3,intern-decision-0.8b,s1q-margin,S1Q-Margin,arc,ARC,standard_dataset,upstream_dataset_gold,128,128,0.3125,31.25,31.25,False,False,0.3735005336042171,37.35005336042171,37.35,False,False
expanded-v3-w4a4-22source-20261007,all12,intern-decision-0.8b,Intern-Decision,W4A4,expanded-20261007-v3,intern-decision-0.8b,s1q-margin,S1Q-Margin,boolq,BoolQ,standard_dataset,upstream_dataset_gold,120,120,0.425,42.5,42.5,False,False,0.3735005336042171,37.35005336042171,37.35,False,False
expanded-v3-w4a4-22source-20261007,all12,intern-decision-0.8b,Intern-Decision,W4A4,expanded-20261007-v3,intern-decision-0.8b,s1q-margin,S1Q-Margin,csqa,CommonsenseQA,standard_dataset,upstream_dataset_gold,128,128,0.1953125,19.53125,19.53,False,False,0.3735005336042171,37.35005336042171,37.35,False,False
expanded-v3-w4a4-22source-20261007,all12,intern-decision-0.8b,Intern-Decision,W4A4,expanded-20261007-v3,intern-decision-0.8b,s1q-margin,S1Q-Margin,emotion,Emotion,standard_dataset,upstream_dataset_gold,120,120,0.3,30.0,30.0,False,False,0.3735005336042171,37.35005336042171,37.35,False,False
expanded-v3-w4a4-22source-20261007,all12,intern-decision-0.8b,Intern-Decision,W4A4,expanded-20261007-v3,intern-decision-0.8b,s1q-margin,S1Q-Margin,imdb,IMDb,standard_dataset,upstream_dataset_gold,53,53,0.5849056603773585,58.490566037735846,58.49,False,False,0.3735005336042171,37.35005336042171,37.35,False,False
expanded-v3-w4a4-22source-20261007,all12,intern-decision-0.8b,Intern-Decision,W4A4,expanded-20261007-v3,intern-decision-0.8b,s1q-margin,S1Q-Margin,jevbench,JevBench new eligible public tasks,authored_scenario_suite,authored_scenario_gold,48,48,0.4791666666666667,47.91666666666667,47.92,False,False,0.3735005336042171,37.35005336042171,37.35,False,False
expanded-v3-w4a4-22source-20261007,all12,intern-decision-0.8b,Intern-Decision,W4A4,expanded-20261007-v3,intern-decision-0.8b,s1q-margin,S1Q-Margin,mmlu,MMLU,standard_dataset,upstream_dataset_gold,99,99,0.2727272727272727,27.27272727272727,27.27,False,False,0.3735005336042171,37.35005336042171,37.35,False,False
expanded-v3-w4a4-22source-20261007,all12,intern-decision-0.8b,Intern-Decision,W4A4,expanded-20261007-v3,intern-decision-0.8b,s1q-margin,S1Q-Margin,mnli,MNLI,standard_dataset,upstream_dataset_gold,122,122,0.3442622950819672,34.42622950819672,34.43,False,False,0.3735005336042171,37.35005336042171,37.35,False,False
expanded-v3-w4a4-22source-20261007,all12,intern-decision-0.8b,Intern-Decision,W4A4,expanded-20261007-v3,intern-decision-0.8b,s1q-margin,S1Q-Margin,openbookqa,OpenBookQA,standard_dataset,upstream_dataset_gold,128,128,0.265625,26.5625,26.56,False,False,0.3735005336042171,37.35005336042171,37.35,False,False
expanded-v3-w4a4-22source-20261007,all12,intern-decision-0.8b,Intern-Decision,W4A4,expanded-20261007-v3,intern-decision-0.8b,s1q-margin,S1Q-Margin,paws,PAWS,standard_dataset,upstream_dataset_gold,128,128,0.4921875,49.21875,49.22,False,False,0.3735005336042171,37.35005336042171,37.35,False,False
expanded-v3-w4a4-22source-20261007,all12,intern-decision-0.8b,Intern-Decision,W4A4,expanded-20261007-v3,intern-decision-0.8b,s1q-margin,S1Q-Margin,qnli,QNLI,standard_dataset,upstream_dataset_gold,128,128,0.5390625,53.90625,53.91,True,True,0.3735005336042171,37.35005336042171,37.35,False,False
expanded-v3-w4a4-22source-20261007,all12,intern-decision-0.8b,Intern-Decision,W4A4,expanded-20261007-v3,intern-decision-0.8b,s1q-margin,S1Q-Margin,sciq,SciQ,standard_dataset,upstream_dataset_gold,92,92,0.532608695652174,53.2608695652174,53.26,True,True,0.3735005336042171,37.35005336042171,37.35,False,False
expanded-v3-w4a4-22source-20261007,all12,intern-decision-0.8b,Intern-Decision,W4A4,expanded-20261007-v3,intern-decision-0.8b,s1q-margin,S1Q-Margin,semif,SemIf authored,authored_rule_suite,authored_scenario_gold,128,32,0.3515625,35.15625,35.16,False,False,0.3735005336042171,37.35005336042171,37.35,False,False
expanded-v3-w4a4-22source-20261007,all12,intern-decision-0.8b,Intern-Decision,W4A4,expanded-20261007-v3,intern-decision-0.8b,s1q-margin,S1Q-Margin,sst5,SST-5,standard_dataset,upstream_dataset_gold,128,128,0.2109375,21.09375,21.09,False,False,0.3735005336042171,37.35005336042171,37.35,False,False
expanded-v3-w4a4-22source-20261007,all12,intern-decision-0.8b,Intern-Decision,W4A4,expanded-20261007-v3,intern-decision-0.8b,s1q-margin,S1Q-Margin,toolace,ToolACE tool-choice classification,domain_decision_suite,native_annotation,68,68,0.5588235294117647,55.88235294117647,55.88,False,False,0.3735005336042171,37.35005336042171,37.35,False,False
expanded-v3-w4a4-22source-20261007,all12,intern-decision-0.8b,Intern-Decision,W4A4,expanded-20261007-v3,intern-decision-0.8b,s1q-margin,S1Q-Margin,trec,TREC,standard_dataset,upstream_dataset_gold,121,121,0.0991735537190082,9.917355371900827,9.92,False,False,0.3735005336042171,37.35005336042171,37.35,False,False
expanded-v3-w4a4-22source-20261007,all12,intern-decision-0.8b,Intern-Decision,W4A4,expanded-20261007-v3,intern-decision-0.8b,s1q-margin,S1Q-Margin,tweet-offensive,TweetEval Offensive,standard_dataset,upstream_dataset_gold,128,128,0.546875,54.6875,54.69,False,False,0.3735005336042171,37.35005336042171,37.35,False,False
expanded-v3-w4a4-22source-20261007,all12,intern-decision-0.8b,Intern-Decision,W4A4,expanded-20261007-v3,intern-decision-0.8b,s1q-margin,S1Q-Margin,wanli,WANLI,standard_dataset,upstream_dataset_gold,256,256,0.3515625,35.15625,35.16,False,False,0.3735005336042171,37.35005336042171,37.35,False,False
expanded-v3-w4a4-22source-20261007,all12,intern-decision-0.8b,Intern-Decision,W4A4,expanded-20261007-v3,intern-decision-0.8b,s1q-margin,S1Q-Margin,wildjailbreak,WildJailBreak harmful/benign classification,domain_decision_suite,native_annotation,128,128,0.375,37.5,37.5,False,False,0.3735005336042171,37.35005336042171,37.35,False,False
expanded-v3-w4a4-22source-20261007,all12,intern-decision-0.8b,Intern-Decision,W4A4,expanded-20261007-v3,intern-decision-0.8b,s1q-margin,S1Q-Margin,yelp,Yelp,standard_dataset,upstream_dataset_gold,132,66,0.3712121212121212,37.121212121212125,37.12,False,False,0.3735005336042171,37.35005336042171,37.35,False,False
expanded-v3-w4a4-22source-20261007,all12,intern-decision-0.8b,Intern-Decision,W4A4,expanded-20261007-v3,intern-decision-0.8b,s1q,S1Q (current),agnews,AG News,standard_dataset,upstream_dataset_gold,360,120,0.5333333333333333,53.333333333333336,53.33,True,True,0.378878898772036,37.887889877203605,37.89,False,False
expanded-v3-w4a4-22source-20261007,all12,intern-decision-0.8b,Intern-Decision,W4A4,expanded-20261007-v3,intern-decision-0.8b,s1q,S1Q (current),amazon,Amazon Reviews,standard_dataset,upstream_dataset_gold,128,128,0.1796875,17.96875,17.97,False,False,0.378878898772036,37.887889877203605,37.89,False,False
expanded-v3-w4a4-22source-20261007,all12,intern-decision-0.8b,Intern-Decision,W4A4,expanded-20261007-v3,intern-decision-0.8b,s1q,S1Q (current),arc,ARC,standard_dataset,upstream_dataset_gold,128,128,0.203125,20.3125,20.31,False,False,0.378878898772036,37.887889877203605,37.89,False,False
expanded-v3-w4a4-22source-20261007,all12,intern-decision-0.8b,Intern-Decision,W4A4,expanded-20261007-v3,intern-decision-0.8b,s1q,S1Q (current),boolq,BoolQ,standard_dataset,upstream_dataset_gold,120,120,0.5,50.0,50.0,False,False,0.378878898772036,37.887889877203605,37.89,False,False
expanded-v3-w4a4-22source-20261007,all12,intern-decision-0.8b,Intern-Decision,W4A4,expanded-20261007-v3,intern-decision-0.8b,s1q,S1Q (current),csqa,CommonsenseQA,standard_dataset,upstream_dataset_gold,128,128,0.2890625,28.90625,28.91,True,True,0.378878898772036,37.887889877203605,37.89,False,False
expanded-v3-w4a4-22source-20261007,all12,intern-decision-0.8b,Intern-Decision,W4A4,expanded-20261007-v3,intern-decision-0.8b,s1q,S1Q (current),emotion,Emotion,standard_dataset,upstream_dataset_gold,120,120,0.275,27.500000000000004,27.5,False,False,0.378878898772036,37.887889877203605,37.89,False,False
expanded-v3-w4a4-22source-20261007,all12,intern-decision-0.8b,Intern-Decision,W4A4,expanded-20261007-v3,intern-decision-0.8b,s1q,S1Q (current),imdb,IMDb,standard_dataset,upstream_dataset_gold,53,53,0.4716981132075472,47.16981132075472,47.17,False,False,0.378878898772036,37.887889877203605,37.89,False,False
expanded-v3-w4a4-22source-20261007,all12,intern-decision-0.8b,Intern-Decision,W4A4,expanded-20261007-v3,intern-decision-0.8b,s1q,S1Q (current),jevbench,JevBench new eligible public tasks,authored_scenario_suite,authored_scenario_gold,48,48,0.5208333333333334,52.083333333333336,52.08,True,True,0.378878898772036,37.887889877203605,37.89,False,False
expanded-v3-w4a4-22source-20261007,all12,intern-decision-0.8b,Intern-Decision,W4A4,expanded-20261007-v3,intern-decision-0.8b,s1q,S1Q (current),mmlu,MMLU,standard_dataset,upstream_dataset_gold,99,99,0.2424242424242424,24.24242424242424,24.24,False,False,0.378878898772036,37.887889877203605,37.89,False,False
expanded-v3-w4a4-22source-20261007,all12,intern-decision-0.8b,Intern-Decision,W4A4,expanded-20261007-v3,intern-decision-0.8b,s1q,S1Q (current),mnli,MNLI,standard_dataset,upstream_dataset_gold,122,122,0.319672131147541,31.967213114754102,31.97,False,False,0.378878898772036,37.887889877203605,37.89,False,False
expanded-v3-w4a4-22source-20261007,all12,intern-decision-0.8b,Intern-Decision,W4A4,expanded-20261007-v3,intern-decision-0.8b,s1q,S1Q (current),openbookqa,OpenBookQA,standard_dataset,upstream_dataset_gold,128,128,0.28125,28.125,28.12,False,False,0.378878898772036,37.887889877203605,37.89,False,False
expanded-v3-w4a4-22source-20261007,all12,intern-decision-0.8b,Intern-Decision,W4A4,expanded-20261007-v3,intern-decision-0.8b,s1q,S1Q (current),paws,PAWS,standard_dataset,upstream_dataset_gold,128,128,0.4921875,49.21875,49.22,False,False,0.378878898772036,37.887889877203605,37.89,False,False
expanded-v3-w4a4-22source-20261007,all12,intern-decision-0.8b,Intern-Decision,W4A4,expanded-20261007-v3,intern-decision-0.8b,s1q,S1Q (current),qnli,QNLI,standard_dataset,upstream_dataset_gold,128,128,0.46875,46.875,46.88,False,False,0.378878898772036,37.887889877203605,37.89,False,False
expanded-v3-w4a4-22source-20261007,all12,intern-decision-0.8b,Intern-Decision,W4A4,expanded-20261007-v3,intern-decision-0.8b,s1q,S1Q (current),sciq,SciQ,standard_dataset,upstream_dataset_gold,92,92,0.4565217391304347,45.65217391304348,45.65,False,False,0.378878898772036,37.887889877203605,37.89,False,False
expanded-v3-w4a4-22source-20261007,all12,intern-decision-0.8b,Intern-Decision,W4A4,expanded-20261007-v3,intern-decision-0.8b,s1q,S1Q (current),semif,SemIf authored,authored_rule_suite,authored_scenario_gold,128,32,0.3671875,36.71875,36.72,False,False,0.378878898772036,37.887889877203605,37.89,False,False
expanded-v3-w4a4-22source-20261007,all12,intern-decision-0.8b,Intern-Decision,W4A4,expanded-20261007-v3,intern-decision-0.8b,s1q,S1Q (current),sst5,SST-5,standard_dataset,upstream_dataset_gold,128,128,0.234375,23.4375,23.44,False,False,0.378878898772036,37.887889877203605,37.89,False,False
expanded-v3-w4a4-22source-20261007,all12,intern-decision-0.8b,Intern-Decision,W4A4,expanded-20261007-v3,intern-decision-0.8b,s1q,S1Q (current),toolace,ToolACE tool-choice classification,domain_decision_suite,native_annotation,68,68,0.5294117647058824,52.94117647058824,52.94,False,False,0.378878898772036,37.887889877203605,37.89,False,False
expanded-v3-w4a4-22source-20261007,all12,intern-decision-0.8b,Intern-Decision,W4A4,expanded-20261007-v3,intern-decision-0.8b,s1q,S1Q (current),trec,TREC,standard_dataset,upstream_dataset_gold,121,121,0.1157024793388429,11.570247933884298,11.57,False,False,0.378878898772036,37.887889877203605,37.89,False,False
expanded-v3-w4a4-22source-20261007,all12,intern-decision-0.8b,Intern-Decision,W4A4,expanded-20261007-v3,intern-decision-0.8b,s1q,S1Q (current),tweet-offensive,TweetEval Offensive,standard_dataset,upstream_dataset_gold,128,128,0.640625,64.0625,64.06,False,False,0.378878898772036,37.887889877203605,37.89,False,False
expanded-v3-w4a4-22source-20261007,all12,intern-decision-0.8b,Intern-Decision,W4A4,expanded-20261007-v3,intern-decision-0.8b,s1q,S1Q (current),wanli,WANLI,standard_dataset,upstream_dataset_gold,256,256,0.328125,32.8125,32.81,False,False,0.378878898772036,37.887889877203605,37.89,False,False
expanded-v3-w4a4-22source-20261007,all12,intern-decision-0.8b,Intern-Decision,W4A4,expanded-20261007-v3,intern-decision-0.8b,s1q,S1Q (current),wildjailbreak,WildJailBreak harmful/benign classification,domain_decision_suite,native_annotation,128,128,0.5,50.0,50.0,False,False,0.378878898772036,37.887889877203605,37.89,False,False
expanded-v3-w4a4-22source-20261007,all12,intern-decision-0.8b,Intern-Decision,W4A4,expanded-20261007-v3,intern-decision-0.8b,s1q,S1Q (current),yelp,Yelp,standard_dataset,upstream_dataset_gold,132,66,0.3863636363636363,38.63636363636363,38.64,True,True,0.378878898772036,37.887889877203605,37.89,False,False
expanded-v3-w4a4-22source-20261007,all12,intern-decision-2b,Intern-Decision,W4A4,expanded-20261007-v3,intern-decision-2b,s1q-joint,S1Q-Joint,agnews,AG News,standard_dataset,upstream_dataset_gold,360,120,0.475,47.5,47.5,False,False,0.3918753723257093,39.18753723257093,39.19,False,False
expanded-v3-w4a4-22source-20261007,all12,intern-decision-2b,Intern-Decision,W4A4,expanded-20261007-v3,intern-decision-2b,s1q-joint,S1Q-Joint,amazon,Amazon Reviews,standard_dataset,upstream_dataset_gold,128,128,0.2265625,22.65625,22.66,False,False,0.3918753723257093,39.18753723257093,39.19,False,False
expanded-v3-w4a4-22source-20261007,all12,intern-decision-2b,Intern-Decision,W4A4,expanded-20261007-v3,intern-decision-2b,s1q-joint,S1Q-Joint,arc,ARC,standard_dataset,upstream_dataset_gold,128,128,0.234375,23.4375,23.44,False,False,0.3918753723257093,39.18753723257093,39.19,False,False
expanded-v3-w4a4-22source-20261007,all12,intern-decision-2b,Intern-Decision,W4A4,expanded-20261007-v3,intern-decision-2b,s1q-joint,S1Q-Joint,boolq,BoolQ,standard_dataset,upstream_dataset_gold,120,120,0.5083333333333333,50.83333333333333,50.83,False,False,0.3918753723257093,39.18753723257093,39.19,False,False
expanded-v3-w4a4-22source-20261007,all12,intern-decision-2b,Intern-Decision,W4A4,expanded-20261007-v3,intern-decision-2b,s1q-joint,S1Q-Joint,csqa,CommonsenseQA,standard_dataset,upstream_dataset_gold,128,128,0.25,25.0,25.0,False,False,0.3918753723257093,39.18753723257093,39.19,False,False
expanded-v3-w4a4-22source-20261007,all12,intern-decision-2b,Intern-Decision,W4A4,expanded-20261007-v3,intern-decision-2b,s1q-joint,S1Q-Joint,emotion,Emotion,standard_dataset,upstream_dataset_gold,120,120,0.325,32.5,32.5,True,True,0.3918753723257093,39.18753723257093,39.19,False,False
expanded-v3-w4a4-22source-20261007,all12,intern-decision-2b,Intern-Decision,W4A4,expanded-20261007-v3,intern-decision-2b,s1q-joint,S1Q-Joint,imdb,IMDb,standard_dataset,upstream_dataset_gold,53,53,0.6226415094339622,62.264150943396224,62.26,False,False,0.3918753723257093,39.18753723257093,39.19,False,False
expanded-v3-w4a4-22source-20261007,all12,intern-decision-2b,Intern-Decision,W4A4,expanded-20261007-v3,intern-decision-2b,s1q-joint,S1Q-Joint,jevbench,JevBench new eligible public tasks,authored_scenario_suite,authored_scenario_gold,48,48,0.6666666666666666,66.66666666666666,66.67,False,False,0.3918753723257093,39.18753723257093,39.19,False,False
expanded-v3-w4a4-22source-20261007,all12,intern-decision-2b,Intern-Decision,W4A4,expanded-20261007-v3,intern-decision-2b,s1q-joint,S1Q-Joint,mmlu,MMLU,standard_dataset,upstream_dataset_gold,99,99,0.2424242424242424,24.24242424242424,24.24,False,False,0.3918753723257093,39.18753723257093,39.19,False,False
expanded-v3-w4a4-22source-20261007,all12,intern-decision-2b,Intern-Decision,W4A4,expanded-20261007-v3,intern-decision-2b,s1q-joint,S1Q-Joint,mnli,MNLI,standard_dataset,upstream_dataset_gold,122,122,0.3360655737704918,33.60655737704918,33.61,False,False,0.3918753723257093,39.18753723257093,39.19,False,False
expanded-v3-w4a4-22source-20261007,all12,intern-decision-2b,Intern-Decision,W4A4,expanded-20261007-v3,intern-decision-2b,s1q-joint,S1Q-Joint,openbookqa,OpenBookQA,standard_dataset,upstream_dataset_gold,128,128,0.2578125,25.78125,25.78,False,False,0.3918753723257093,39.18753723257093,39.19,False,False
expanded-v3-w4a4-22source-20261007,all12,intern-decision-2b,Intern-Decision,W4A4,expanded-20261007-v3,intern-decision-2b,s1q-joint,S1Q-Joint,paws,PAWS,standard_dataset,upstream_dataset_gold,128,128,0.4140625,41.40625,41.41,False,False,0.3918753723257093,39.18753723257093,39.19,False,False
expanded-v3-w4a4-22source-20261007,all12,intern-decision-2b,Intern-Decision,W4A4,expanded-20261007-v3,intern-decision-2b,s1q-joint,S1Q-Joint,qnli,QNLI,standard_dataset,upstream_dataset_gold,128,128,0.4453125,44.53125,44.53,False,False,0.3918753723257093,39.18753723257093,39.19,False,False
expanded-v3-w4a4-22source-20261007,all12,intern-decision-2b,Intern-Decision,W4A4,expanded-20261007-v3,intern-decision-2b,s1q-joint,S1Q-Joint,sciq,SciQ,standard_dataset,upstream_dataset_gold,92,92,0.6304347826086957,63.04347826086957,63.04,False,False,0.3918753723257093,39.18753723257093,39.19,False,False
expanded-v3-w4a4-22source-20261007,all12,intern-decision-2b,Intern-Decision,W4A4,expanded-20261007-v3,intern-decision-2b,s1q-joint,S1Q-Joint,semif,SemIf authored,authored_rule_suite,authored_scenario_gold,128,32,0.4375,43.75,43.75,False,False,0.3918753723257093,39.18753723257093,39.19,False,False
expanded-v3-w4a4-22source-20261007,all12,intern-decision-2b,Intern-Decision,W4A4,expanded-20261007-v3,intern-decision-2b,s1q-joint,S1Q-Joint,sst5,SST-5,standard_dataset,upstream_dataset_gold,128,128,0.2421875,24.21875,24.22,False,False,0.3918753723257093,39.18753723257093,39.19,False,False
expanded-v3-w4a4-22source-20261007,all12,intern-decision-2b,Intern-Decision,W4A4,expanded-20261007-v3,intern-decision-2b,s1q-joint,S1Q-Joint,toolace,ToolACE tool-choice classification,domain_decision_suite,native_annotation,68,68,0.6176470588235294,61.76470588235294,61.76,False,False,0.3918753723257093,39.18753723257093,39.19,False,False
expanded-v3-w4a4-22source-20261007,all12,intern-decision-2b,Intern-Decision,W4A4,expanded-20261007-v3,intern-decision-2b,s1q-joint,S1Q-Joint,trec,TREC,standard_dataset,upstream_dataset_gold,121,121,0.1983471074380165,19.83471074380165,19.83,False,False,0.3918753723257093,39.18753723257093,39.19,False,False
expanded-v3-w4a4-22source-20261007,all12,intern-decision-2b,Intern-Decision,W4A4,expanded-20261007-v3,intern-decision-2b,s1q-joint,S1Q-Joint,tweet-offensive,TweetEval Offensive,standard_dataset,upstream_dataset_gold,128,128,0.4921875,49.21875,49.22,False,False,0.3918753723257093,39.18753723257093,39.19,False,False
expanded-v3-w4a4-22source-20261007,all12,intern-decision-2b,Intern-Decision,W4A4,expanded-20261007-v3,intern-decision-2b,s1q-joint,S1Q-Joint,wanli,WANLI,standard_dataset,upstream_dataset_gold,256,256,0.36328125,36.328125,36.33,False,False,0.3918753723257093,39.18753723257093,39.19,False,False
expanded-v3-w4a4-22source-20261007,all12,intern-decision-2b,Intern-Decision,W4A4,expanded-20261007-v3,intern-decision-2b,s1q-joint,S1Q-Joint,wildjailbreak,WildJailBreak harmful/benign classification,domain_decision_suite,native_annotation,128,128,0.21875,21.875,21.88,False,False,0.3918753723257093,39.18753723257093,39.19,False,False
expanded-v3-w4a4-22source-20261007,all12,intern-decision-2b,Intern-Decision,W4A4,expanded-20261007-v3,intern-decision-2b,s1q-joint,S1Q-Joint,yelp,Yelp,standard_dataset,upstream_dataset_gold,132,66,0.4166666666666667,41.66666666666667,41.67,False,False,0.3918753723257093,39.18753723257093,39.19,False,False
expanded-v3-w4a4-22source-20261007,all12,intern-decision-2b,Intern-Decision,W4A4,expanded-20261007-v3,intern-decision-2b,s1q-ac,S1Q-AC,agnews,AG News,standard_dataset,upstream_dataset_gold,360,120,0.5027777777777778,50.27777777777778,50.28,False,False,0.4180139450289179,41.80139450289179,41.8,False,False
expanded-v3-w4a4-22source-20261007,all12,intern-decision-2b,Intern-Decision,W4A4,expanded-20261007-v3,intern-decision-2b,s1q-ac,S1Q-AC,amazon,Amazon Reviews,standard_dataset,upstream_dataset_gold,128,128,0.2890625,28.90625,28.91,False,False,0.4180139450289179,41.80139450289179,41.8,False,False
expanded-v3-w4a4-22source-20261007,all12,intern-decision-2b,Intern-Decision,W4A4,expanded-20261007-v3,intern-decision-2b,s1q-ac,S1Q-AC,arc,ARC,standard_dataset,upstream_dataset_gold,128,128,0.25,25.0,25.0,False,False,0.4180139450289179,41.80139450289179,41.8,False,False
expanded-v3-w4a4-22source-20261007,all12,intern-decision-2b,Intern-Decision,W4A4,expanded-20261007-v3,intern-decision-2b,s1q-ac,S1Q-AC,boolq,BoolQ,standard_dataset,upstream_dataset_gold,120,120,0.5083333333333333,50.83333333333333,50.83,False,False,0.4180139450289179,41.80139450289179,41.8,False,False
expanded-v3-w4a4-22source-20261007,all12,intern-decision-2b,Intern-Decision,W4A4,expanded-20261007-v3,intern-decision-2b,s1q-ac,S1Q-AC,csqa,CommonsenseQA,standard_dataset,upstream_dataset_gold,128,128,0.25,25.0,25.0,False,False,0.4180139450289179,41.80139450289179,41.8,False,False
expanded-v3-w4a4-22source-20261007,all12,intern-decision-2b,Intern-Decision,W4A4,expanded-20261007-v3,intern-decision-2b,s1q-ac,S1Q-AC,emotion,Emotion,standard_dataset,upstream_dataset_gold,120,120,0.2833333333333333,28.33333333333333,28.33,False,False,0.4180139450289179,41.80139450289179,41.8,False,False
expanded-v3-w4a4-22source-20261007,all12,intern-decision-2b,Intern-Decision,W4A4,expanded-20261007-v3,intern-decision-2b,s1q-ac,S1Q-AC,imdb,IMDb,standard_dataset,upstream_dataset_gold,53,53,0.660377358490566,66.0377358490566,66.04,False,False,0.4180139450289179,41.80139450289179,41.8,False,False
expanded-v3-w4a4-22source-20261007,all12,intern-decision-2b,Intern-Decision,W4A4,expanded-20261007-v3,intern-decision-2b,s1q-ac,S1Q-AC,jevbench,JevBench new eligible public tasks,authored_scenario_suite,authored_scenario_gold,48,48,0.75,75.0,75.0,True,True,0.4180139450289179,41.80139450289179,41.8,False,False
expanded-v3-w4a4-22source-20261007,all12,intern-decision-2b,Intern-Decision,W4A4,expanded-20261007-v3,intern-decision-2b,s1q-ac,S1Q-AC,mmlu,MMLU,standard_dataset,upstream_dataset_gold,99,99,0.2525252525252525,25.252525252525253,25.25,False,False,0.4180139450289179,41.80139450289179,41.8,False,False
expanded-v3-w4a4-22source-20261007,all12,intern-decision-2b,Intern-Decision,W4A4,expanded-20261007-v3,intern-decision-2b,s1q-ac,S1Q-AC,mnli,MNLI,standard_dataset,upstream_dataset_gold,122,122,0.3770491803278688,37.704918032786885,37.7,True,True,0.4180139450289179,41.80139450289179,41.8,False,False
expanded-v3-w4a4-22source-20261007,all12,intern-decision-2b,Intern-Decision,W4A4,expanded-20261007-v3,intern-decision-2b,s1q-ac,S1Q-AC,openbookqa,OpenBookQA,standard_dataset,upstream_dataset_gold,128,128,0.3046875,30.46875,30.47,False,False,0.4180139450289179,41.80139450289179,41.8,False,False
expanded-v3-w4a4-22source-20261007,all12,intern-decision-2b,Intern-Decision,W4A4,expanded-20261007-v3,intern-decision-2b,s1q-ac,S1Q-AC,paws,PAWS,standard_dataset,upstream_dataset_gold,128,128,0.546875,54.6875,54.69,True,True,0.4180139450289179,41.80139450289179,41.8,False,False
expanded-v3-w4a4-22source-20261007,all12,intern-decision-2b,Intern-Decision,W4A4,expanded-20261007-v3,intern-decision-2b,s1q-ac,S1Q-AC,qnli,QNLI,standard_dataset,upstream_dataset_gold,128,128,0.5390625,53.90625,53.91,False,False,0.4180139450289179,41.80139450289179,41.8,False,False
expanded-v3-w4a4-22source-20261007,all12,intern-decision-2b,Intern-Decision,W4A4,expanded-20261007-v3,intern-decision-2b,s1q-ac,S1Q-AC,sciq,SciQ,standard_dataset,upstream_dataset_gold,92,92,0.6956521739130435,69.56521739130434,69.57,False,False,0.4180139450289179,41.80139450289179,41.8,False,False
expanded-v3-w4a4-22source-20261007,all12,intern-decision-2b,Intern-Decision,W4A4,expanded-20261007-v3,intern-decision-2b,s1q-ac,S1Q-AC,semif,SemIf authored,authored_rule_suite,authored_scenario_gold,128,32,0.40625,40.625,40.62,False,False,0.4180139450289179,41.80139450289179,41.8,False,False
expanded-v3-w4a4-22source-20261007,all12,intern-decision-2b,Intern-Decision,W4A4,expanded-20261007-v3,intern-decision-2b,s1q-ac,S1Q-AC,sst5,SST-5,standard_dataset,upstream_dataset_gold,128,128,0.1640625,16.40625,16.41,False,False,0.4180139450289179,41.80139450289179,41.8,False,False
expanded-v3-w4a4-22source-20261007,all12,intern-decision-2b,Intern-Decision,W4A4,expanded-20261007-v3,intern-decision-2b,s1q-ac,S1Q-AC,toolace,ToolACE tool-choice classification,domain_decision_suite,native_annotation,68,68,0.6764705882352942,67.64705882352942,67.65,False,False,0.4180139450289179,41.80139450289179,41.8,False,False
expanded-v3-w4a4-22source-20261007,all12,intern-decision-2b,Intern-Decision,W4A4,expanded-20261007-v3,intern-decision-2b,s1q-ac,S1Q-AC,trec,TREC,standard_dataset,upstream_dataset_gold,121,121,0.2396694214876033,23.96694214876033,23.97,False,False,0.4180139450289179,41.80139450289179,41.8,False,False
expanded-v3-w4a4-22source-20261007,all12,intern-decision-2b,Intern-Decision,W4A4,expanded-20261007-v3,intern-decision-2b,s1q-ac,S1Q-AC,tweet-offensive,TweetEval Offensive,standard_dataset,upstream_dataset_gold,128,128,0.6328125,63.28125,63.28,True,True,0.4180139450289179,41.80139450289179,41.8,False,False
expanded-v3-w4a4-22source-20261007,all12,intern-decision-2b,Intern-Decision,W4A4,expanded-20261007-v3,intern-decision-2b,s1q-ac,S1Q-AC,wanli,WANLI,standard_dataset,upstream_dataset_gold,256,256,0.31640625,31.640625,31.64,False,False,0.4180139450289179,41.80139450289179,41.8,False,False
expanded-v3-w4a4-22source-20261007,all12,intern-decision-2b,Intern-Decision,W4A4,expanded-20261007-v3,intern-decision-2b,s1q-ac,S1Q-AC,wildjailbreak,WildJailBreak harmful/benign classification,domain_decision_suite,native_annotation,128,128,0.1796875,17.96875,17.97,False,False,0.4180139450289179,41.80139450289179,41.8,False,False
expanded-v3-w4a4-22source-20261007,all12,intern-decision-2b,Intern-Decision,W4A4,expanded-20261007-v3,intern-decision-2b,s1q-ac,S1Q-AC,yelp,Yelp,standard_dataset,upstream_dataset_gold,132,66,0.3712121212121212,37.121212121212125,37.12,False,False,0.4180139450289179,41.80139450289179,41.8,False,False
expanded-v3-w4a4-22source-20261007,all12,intern-decision-2b,Intern-Decision,W4A4,expanded-20261007-v3,intern-decision-2b,s1q-margin,S1Q-Margin,agnews,AG News,standard_dataset,upstream_dataset_gold,360,120,0.6527777777777778,65.27777777777779,65.28,True,True,0.4224061706171387,42.24061706171387,42.24,False,False
expanded-v3-w4a4-22source-20261007,all12,intern-decision-2b,Intern-Decision,W4A4,expanded-20261007-v3,intern-decision-2b,s1q-margin,S1Q-Margin,amazon,Amazon Reviews,standard_dataset,upstream_dataset_gold,128,128,0.3359375,33.59375,33.59,True,True,0.4224061706171387,42.24061706171387,42.24,False,False
expanded-v3-w4a4-22source-20261007,all12,intern-decision-2b,Intern-Decision,W4A4,expanded-20261007-v3,intern-decision-2b,s1q-margin,S1Q-Margin,arc,ARC,standard_dataset,upstream_dataset_gold,128,128,0.328125,32.8125,32.81,False,False,0.4224061706171387,42.24061706171387,42.24,False,False
expanded-v3-w4a4-22source-20261007,all12,intern-decision-2b,Intern-Decision,W4A4,expanded-20261007-v3,intern-decision-2b,s1q-margin,S1Q-Margin,boolq,BoolQ,standard_dataset,upstream_dataset_gold,120,120,0.4083333333333333,40.833333333333336,40.83,False,False,0.4224061706171387,42.24061706171387,42.24,False,False
expanded-v3-w4a4-22source-20261007,all12,intern-decision-2b,Intern-Decision,W4A4,expanded-20261007-v3,intern-decision-2b,s1q-margin,S1Q-Margin,csqa,CommonsenseQA,standard_dataset,upstream_dataset_gold,128,128,0.25,25.0,25.0,False,False,0.4224061706171387,42.24061706171387,42.24,False,False
expanded-v3-w4a4-22source-20261007,all12,intern-decision-2b,Intern-Decision,W4A4,expanded-20261007-v3,intern-decision-2b,s1q-margin,S1Q-Margin,emotion,Emotion,standard_dataset,upstream_dataset_gold,120,120,0.2833333333333333,28.33333333333333,28.33,False,False,0.4224061706171387,42.24061706171387,42.24,False,False
expanded-v3-w4a4-22source-20261007,all12,intern-decision-2b,Intern-Decision,W4A4,expanded-20261007-v3,intern-decision-2b,s1q-margin,S1Q-Margin,imdb,IMDb,standard_dataset,upstream_dataset_gold,53,53,0.5094339622641509,50.943396226415096,50.94,False,False,0.4224061706171387,42.24061706171387,42.24,False,False
expanded-v3-w4a4-22source-20261007,all12,intern-decision-2b,Intern-Decision,W4A4,expanded-20261007-v3,intern-decision-2b,s1q-margin,S1Q-Margin,jevbench,JevBench new eligible public tasks,authored_scenario_suite,authored_scenario_gold,48,48,0.625,62.5,62.5,False,False,0.4224061706171387,42.24061706171387,42.24,False,False
expanded-v3-w4a4-22source-20261007,all12,intern-decision-2b,Intern-Decision,W4A4,expanded-20261007-v3,intern-decision-2b,s1q-margin,S1Q-Margin,mmlu,MMLU,standard_dataset,upstream_dataset_gold,99,99,0.3131313131313131,31.313131313131315,31.31,False,False,0.4224061706171387,42.24061706171387,42.24,False,False
expanded-v3-w4a4-22source-20261007,all12,intern-decision-2b,Intern-Decision,W4A4,expanded-20261007-v3,intern-decision-2b,s1q-margin,S1Q-Margin,mnli,MNLI,standard_dataset,upstream_dataset_gold,122,122,0.319672131147541,31.967213114754102,31.97,False,False,0.4224061706171387,42.24061706171387,42.24,False,False
expanded-v3-w4a4-22source-20261007,all12,intern-decision-2b,Intern-Decision,W4A4,expanded-20261007-v3,intern-decision-2b,s1q-margin,S1Q-Margin,openbookqa,OpenBookQA,standard_dataset,upstream_dataset_gold,128,128,0.3203125,32.03125,32.03,False,False,0.4224061706171387,42.24061706171387,42.24,False,False
expanded-v3-w4a4-22source-20261007,all12,intern-decision-2b,Intern-Decision,W4A4,expanded-20261007-v3,intern-decision-2b,s1q-margin,S1Q-Margin,paws,PAWS,standard_dataset,upstream_dataset_gold,128,128,0.515625,51.5625,51.56,False,False,0.4224061706171387,42.24061706171387,42.24,False,False
expanded-v3-w4a4-22source-20261007,all12,intern-decision-2b,Intern-Decision,W4A4,expanded-20261007-v3,intern-decision-2b,s1q-margin,S1Q-Margin,qnli,QNLI,standard_dataset,upstream_dataset_gold,128,128,0.4921875,49.21875,49.22,False,False,0.4224061706171387,42.24061706171387,42.24,False,False
expanded-v3-w4a4-22source-20261007,all12,intern-decision-2b,Intern-Decision,W4A4,expanded-20261007-v3,intern-decision-2b,s1q-margin,S1Q-Margin,sciq,SciQ,standard_dataset,upstream_dataset_gold,92,92,0.717391304347826,71.73913043478261,71.74,True,True,0.4224061706171387,42.24061706171387,42.24,False,False
expanded-v3-w4a4-22source-20261007,all12,intern-decision-2b,Intern-Decision,W4A4,expanded-20261007-v3,intern-decision-2b,s1q-margin,S1Q-Margin,semif,SemIf authored,authored_rule_suite,authored_scenario_gold,128,32,0.4453125,44.53125,44.53,False,False,0.4224061706171387,42.24061706171387,42.24,False,False
expanded-v3-w4a4-22source-20261007,all12,intern-decision-2b,Intern-Decision,W4A4,expanded-20261007-v3,intern-decision-2b,s1q-margin,S1Q-Margin,sst5,SST-5,standard_dataset,upstream_dataset_gold,128,128,0.171875,17.1875,17.19,False,False,0.4224061706171387,42.24061706171387,42.24,False,False
expanded-v3-w4a4-22source-20261007,all12,intern-decision-2b,Intern-Decision,W4A4,expanded-20261007-v3,intern-decision-2b,s1q-margin,S1Q-Margin,toolace,ToolACE tool-choice classification,domain_decision_suite,native_annotation,68,68,0.7205882352941176,72.05882352941177,72.06,False,False,0.4224061706171387,42.24061706171387,42.24,False,False
expanded-v3-w4a4-22source-20261007,all12,intern-decision-2b,Intern-Decision,W4A4,expanded-20261007-v3,intern-decision-2b,s1q-margin,S1Q-Margin,trec,TREC,standard_dataset,upstream_dataset_gold,121,121,0.1735537190082644,17.355371900826448,17.36,False,False,0.4224061706171387,42.24061706171387,42.24,False,False
expanded-v3-w4a4-22source-20261007,all12,intern-decision-2b,Intern-Decision,W4A4,expanded-20261007-v3,intern-decision-2b,s1q-margin,S1Q-Margin,tweet-offensive,TweetEval Offensive,standard_dataset,upstream_dataset_gold,128,128,0.6171875,61.71875,61.72,False,False,0.4224061706171387,42.24061706171387,42.24,False,False
expanded-v3-w4a4-22source-20261007,all12,intern-decision-2b,Intern-Decision,W4A4,expanded-20261007-v3,intern-decision-2b,s1q-margin,S1Q-Margin,wanli,WANLI,standard_dataset,upstream_dataset_gold,256,256,0.37109375,37.109375,37.11,False,False,0.4224061706171387,42.24061706171387,42.24,False,False
expanded-v3-w4a4-22source-20261007,all12,intern-decision-2b,Intern-Decision,W4A4,expanded-20261007-v3,intern-decision-2b,s1q-margin,S1Q-Margin,wildjailbreak,WildJailBreak harmful/benign classification,domain_decision_suite,native_annotation,128,128,0.328125,32.8125,32.81,False,False,0.4224061706171387,42.24061706171387,42.24,False,False
expanded-v3-w4a4-22source-20261007,all12,intern-decision-2b,Intern-Decision,W4A4,expanded-20261007-v3,intern-decision-2b,s1q-margin,S1Q-Margin,yelp,Yelp,standard_dataset,upstream_dataset_gold,132,66,0.3939393939393939,39.39393939393939,39.39,False,False,0.4224061706171387,42.24061706171387,42.24,False,False
expanded-v3-w4a4-22source-20261007,all12,intern-decision-2b,Intern-Decision,W4A4,expanded-20261007-v3,intern-decision-2b,s1q,S1Q (current),agnews,AG News,standard_dataset,upstream_dataset_gold,360,120,0.5638888888888889,56.388888888888886,56.39,False,False,0.4428589280665336,44.28589280665336,44.29,True,True
expanded-v3-w4a4-22source-20261007,all12,intern-decision-2b,Intern-Decision,W4A4,expanded-20261007-v3,intern-decision-2b,s1q,S1Q (current),amazon,Amazon Reviews,standard_dataset,upstream_dataset_gold,128,128,0.2734375,27.34375,27.34,False,False,0.4428589280665336,44.28589280665336,44.29,True,True
expanded-v3-w4a4-22source-20261007,all12,intern-decision-2b,Intern-Decision,W4A4,expanded-20261007-v3,intern-decision-2b,s1q,S1Q (current),arc,ARC,standard_dataset,upstream_dataset_gold,128,128,0.3359375,33.59375,33.59,True,True,0.4428589280665336,44.28589280665336,44.29,True,True
expanded-v3-w4a4-22source-20261007,all12,intern-decision-2b,Intern-Decision,W4A4,expanded-20261007-v3,intern-decision-2b,s1q,S1Q (current),boolq,BoolQ,standard_dataset,upstream_dataset_gold,120,120,0.3916666666666666,39.16666666666666,39.17,False,False,0.4428589280665336,44.28589280665336,44.29,True,True
expanded-v3-w4a4-22source-20261007,all12,intern-decision-2b,Intern-Decision,W4A4,expanded-20261007-v3,intern-decision-2b,s1q,S1Q (current),csqa,CommonsenseQA,standard_dataset,upstream_dataset_gold,128,128,0.296875,29.6875,29.69,True,True,0.4428589280665336,44.28589280665336,44.29,True,True
expanded-v3-w4a4-22source-20261007,all12,intern-decision-2b,Intern-Decision,W4A4,expanded-20261007-v3,intern-decision-2b,s1q,S1Q (current),emotion,Emotion,standard_dataset,upstream_dataset_gold,120,120,0.2666666666666666,26.666666666666668,26.67,False,False,0.4428589280665336,44.28589280665336,44.29,True,True
expanded-v3-w4a4-22source-20261007,all12,intern-decision-2b,Intern-Decision,W4A4,expanded-20261007-v3,intern-decision-2b,s1q,S1Q (current),imdb,IMDb,standard_dataset,upstream_dataset_gold,53,53,0.6792452830188679,67.9245283018868,67.92,True,True,0.4428589280665336,44.28589280665336,44.29,True,True
expanded-v3-w4a4-22source-20261007,all12,intern-decision-2b,Intern-Decision,W4A4,expanded-20261007-v3,intern-decision-2b,s1q,S1Q (current),jevbench,JevBench new eligible public tasks,authored_scenario_suite,authored_scenario_gold,48,48,0.7083333333333334,70.83333333333334,70.83,False,False,0.4428589280665336,44.28589280665336,44.29,True,True
expanded-v3-w4a4-22source-20261007,all12,intern-decision-2b,Intern-Decision,W4A4,expanded-20261007-v3,intern-decision-2b,s1q,S1Q (current),mmlu,MMLU,standard_dataset,upstream_dataset_gold,99,99,0.2323232323232323,23.232323232323232,23.23,False,False,0.4428589280665336,44.28589280665336,44.29,True,True
expanded-v3-w4a4-22source-20261007,all12,intern-decision-2b,Intern-Decision,W4A4,expanded-20261007-v3,intern-decision-2b,s1q,S1Q (current),mnli,MNLI,standard_dataset,upstream_dataset_gold,122,122,0.319672131147541,31.967213114754102,31.97,False,False,0.4428589280665336,44.28589280665336,44.29,True,True
expanded-v3-w4a4-22source-20261007,all12,intern-decision-2b,Intern-Decision,W4A4,expanded-20261007-v3,intern-decision-2b,s1q,S1Q (current),openbookqa,OpenBookQA,standard_dataset,upstream_dataset_gold,128,128,0.296875,29.6875,29.69,False,False,0.4428589280665336,44.28589280665336,44.29,True,True
expanded-v3-w4a4-22source-20261007,all12,intern-decision-2b,Intern-Decision,W4A4,expanded-20261007-v3,intern-decision-2b,s1q,S1Q (current),paws,PAWS,standard_dataset,upstream_dataset_gold,128,128,0.515625,51.5625,51.56,False,False,0.4428589280665336,44.28589280665336,44.29,True,True
expanded-v3-w4a4-22source-20261007,all12,intern-decision-2b,Intern-Decision,W4A4,expanded-20261007-v3,intern-decision-2b,s1q,S1Q (current),qnli,QNLI,standard_dataset,upstream_dataset_gold,128,128,0.59375,59.375,59.38,True,True,0.4428589280665336,44.28589280665336,44.29,True,True
expanded-v3-w4a4-22source-20261007,all12,intern-decision-2b,Intern-Decision,W4A4,expanded-20261007-v3,intern-decision-2b,s1q,S1Q (current),sciq,SciQ,standard_dataset,upstream_dataset_gold,92,92,0.6630434782608695,66.30434782608695,66.3,False,False,0.4428589280665336,44.28589280665336,44.29,True,True
expanded-v3-w4a4-22source-20261007,all12,intern-decision-2b,Intern-Decision,W4A4,expanded-20261007-v3,intern-decision-2b,s1q,S1Q (current),semif,SemIf authored,authored_rule_suite,authored_scenario_gold,128,32,0.484375,48.4375,48.44,True,True,0.4428589280665336,44.28589280665336,44.29,True,True
expanded-v3-w4a4-22source-20261007,all12,intern-decision-2b,Intern-Decision,W4A4,expanded-20261007-v3,intern-decision-2b,s1q,S1Q (current),sst5,SST-5,standard_dataset,upstream_dataset_gold,128,128,0.2578125,25.78125,25.78,True,True,0.4428589280665336,44.28589280665336,44.29,True,True
expanded-v3-w4a4-22source-20261007,all12,intern-decision-2b,Intern-Decision,W4A4,expanded-20261007-v3,intern-decision-2b,s1q,S1Q (current),toolace,ToolACE tool-choice classification,domain_decision_suite,native_annotation,68,68,0.7794117647058824,77.94117647058823,77.94,True,True,0.4428589280665336,44.28589280665336,44.29,True,True
expanded-v3-w4a4-22source-20261007,all12,intern-decision-2b,Intern-Decision,W4A4,expanded-20261007-v3,intern-decision-2b,s1q,S1Q (current),trec,TREC,standard_dataset,upstream_dataset_gold,121,121,0.3057851239669421,30.57851239669421,30.58,True,True,0.4428589280665336,44.28589280665336,44.29,True,True
expanded-v3-w4a4-22source-20261007,all12,intern-decision-2b,Intern-Decision,W4A4,expanded-20261007-v3,intern-decision-2b,s1q,S1Q (current),tweet-offensive,TweetEval Offensive,standard_dataset,upstream_dataset_gold,128,128,0.625,62.5,62.5,False,False,0.4428589280665336,44.28589280665336,44.29,True,True
expanded-v3-w4a4-22source-20261007,all12,intern-decision-2b,Intern-Decision,W4A4,expanded-20261007-v3,intern-decision-2b,s1q,S1Q (current),wanli,WANLI,standard_dataset,upstream_dataset_gold,256,256,0.359375,35.9375,35.94,False,False,0.4428589280665336,44.28589280665336,44.29,True,True
expanded-v3-w4a4-22source-20261007,all12,intern-decision-2b,Intern-Decision,W4A4,expanded-20261007-v3,intern-decision-2b,s1q,S1Q (current),wildjailbreak,WildJailBreak harmful/benign classification,domain_decision_suite,native_annotation,128,128,0.4453125,44.53125,44.53,False,False,0.4428589280665336,44.28589280665336,44.29,True,True
expanded-v3-w4a4-22source-20261007,all12,intern-decision-2b,Intern-Decision,W4A4,expanded-20261007-v3,intern-decision-2b,s1q,S1Q (current),yelp,Yelp,standard_dataset,upstream_dataset_gold,132,66,0.3484848484848485,34.84848484848485,34.85,False,False,0.4428589280665336,44.28589280665336,44.29,True,True
expanded-v3-w4a4-22source-20261007,all12,intern-decision-4b,Intern-Decision,W4A4,expanded-20261007-v3,intern-decision-4b,s1q-joint,S1Q-Joint,agnews,AG News,standard_dataset,upstream_dataset_gold,360,120,0.6916666666666667,69.16666666666667,69.17,False,False,0.4633457673271807,46.33457673271807,46.33,False,False
expanded-v3-w4a4-22source-20261007,all12,intern-decision-4b,Intern-Decision,W4A4,expanded-20261007-v3,intern-decision-4b,s1q-joint,S1Q-Joint,amazon,Amazon Reviews,standard_dataset,upstream_dataset_gold,128,128,0.2734375,27.34375,27.34,False,False,0.4633457673271807,46.33457673271807,46.33,False,False
expanded-v3-w4a4-22source-20261007,all12,intern-decision-4b,Intern-Decision,W4A4,expanded-20261007-v3,intern-decision-4b,s1q-joint,S1Q-Joint,arc,ARC,standard_dataset,upstream_dataset_gold,128,128,0.3828125,38.28125,38.28,False,False,0.4633457673271807,46.33457673271807,46.33,False,False
expanded-v3-w4a4-22source-20261007,all12,intern-decision-4b,Intern-Decision,W4A4,expanded-20261007-v3,intern-decision-4b,s1q-joint,S1Q-Joint,boolq,BoolQ,standard_dataset,upstream_dataset_gold,120,120,0.4416666666666666,44.16666666666666,44.17,False,False,0.4633457673271807,46.33457673271807,46.33,False,False
expanded-v3-w4a4-22source-20261007,all12,intern-decision-4b,Intern-Decision,W4A4,expanded-20261007-v3,intern-decision-4b,s1q-joint,S1Q-Joint,csqa,CommonsenseQA,standard_dataset,upstream_dataset_gold,128,128,0.2734375,27.34375,27.34,False,False,0.4633457673271807,46.33457673271807,46.33,False,False
expanded-v3-w4a4-22source-20261007,all12,intern-decision-4b,Intern-Decision,W4A4,expanded-20261007-v3,intern-decision-4b,s1q-joint,S1Q-Joint,emotion,Emotion,standard_dataset,upstream_dataset_gold,120,120,0.3416666666666667,34.166666666666664,34.17,False,False,0.4633457673271807,46.33457673271807,46.33,False,False
expanded-v3-w4a4-22source-20261007,all12,intern-decision-4b,Intern-Decision,W4A4,expanded-20261007-v3,intern-decision-4b,s1q-joint,S1Q-Joint,imdb,IMDb,standard_dataset,upstream_dataset_gold,53,53,0.6037735849056604,60.37735849056604,60.38,False,False,0.4633457673271807,46.33457673271807,46.33,False,False
expanded-v3-w4a4-22source-20261007,all12,intern-decision-4b,Intern-Decision,W4A4,expanded-20261007-v3,intern-decision-4b,s1q-joint,S1Q-Joint,jevbench,JevBench new eligible public tasks,authored_scenario_suite,authored_scenario_gold,48,48,0.9166666666666666,91.66666666666666,91.67,False,False,0.4633457673271807,46.33457673271807,46.33,False,False
expanded-v3-w4a4-22source-20261007,all12,intern-decision-4b,Intern-Decision,W4A4,expanded-20261007-v3,intern-decision-4b,s1q-joint,S1Q-Joint,mmlu,MMLU,standard_dataset,upstream_dataset_gold,99,99,0.202020202020202,20.2020202020202,20.2,False,False,0.4633457673271807,46.33457673271807,46.33,False,False
expanded-v3-w4a4-22source-20261007,all12,intern-decision-4b,Intern-Decision,W4A4,expanded-20261007-v3,intern-decision-4b,s1q-joint,S1Q-Joint,mnli,MNLI,standard_dataset,upstream_dataset_gold,122,122,0.3688524590163934,36.885245901639344,36.89,False,False,0.4633457673271807,46.33457673271807,46.33,False,False
expanded-v3-w4a4-22source-20261007,all12,intern-decision-4b,Intern-Decision,W4A4,expanded-20261007-v3,intern-decision-4b,s1q-joint,S1Q-Joint,openbookqa,OpenBookQA,standard_dataset,upstream_dataset_gold,128,128,0.2578125,25.78125,25.78,False,False,0.4633457673271807,46.33457673271807,46.33,False,False
expanded-v3-w4a4-22source-20261007,all12,intern-decision-4b,Intern-Decision,W4A4,expanded-20261007-v3,intern-decision-4b,s1q-joint,S1Q-Joint,paws,PAWS,standard_dataset,upstream_dataset_gold,128,128,0.5234375,52.34375,52.34,False,False,0.4633457673271807,46.33457673271807,46.33,False,False
expanded-v3-w4a4-22source-20261007,all12,intern-decision-4b,Intern-Decision,W4A4,expanded-20261007-v3,intern-decision-4b,s1q-joint,S1Q-Joint,qnli,QNLI,standard_dataset,upstream_dataset_gold,128,128,0.578125,57.8125,57.81,True,True,0.4633457673271807,46.33457673271807,46.33,False,False
expanded-v3-w4a4-22source-20261007,all12,intern-decision-4b,Intern-Decision,W4A4,expanded-20261007-v3,intern-decision-4b,s1q-joint,S1Q-Joint,sciq,SciQ,standard_dataset,upstream_dataset_gold,92,92,0.7717391304347826,77.17391304347827,77.17,False,False,0.4633457673271807,46.33457673271807,46.33,False,False
expanded-v3-w4a4-22source-20261007,all12,intern-decision-4b,Intern-Decision,W4A4,expanded-20261007-v3,intern-decision-4b,s1q-joint,S1Q-Joint,semif,SemIf authored,authored_rule_suite,authored_scenario_gold,128,32,0.5,50.0,50.0,False,False,0.4633457673271807,46.33457673271807,46.33,False,False
expanded-v3-w4a4-22source-20261007,all12,intern-decision-4b,Intern-Decision,W4A4,expanded-20261007-v3,intern-decision-4b,s1q-joint,S1Q-Joint,sst5,SST-5,standard_dataset,upstream_dataset_gold,128,128,0.3125,31.25,31.25,True,True,0.4633457673271807,46.33457673271807,46.33,False,False
expanded-v3-w4a4-22source-20261007,all12,intern-decision-4b,Intern-Decision,W4A4,expanded-20261007-v3,intern-decision-4b,s1q-joint,S1Q-Joint,toolace,ToolACE tool-choice classification,domain_decision_suite,native_annotation,68,68,0.75,75.0,75.0,False,False,0.4633457673271807,46.33457673271807,46.33,False,False
expanded-v3-w4a4-22source-20261007,all12,intern-decision-4b,Intern-Decision,W4A4,expanded-20261007-v3,intern-decision-4b,s1q-joint,S1Q-Joint,trec,TREC,standard_dataset,upstream_dataset_gold,121,121,0.4214876033057851,42.14876033057851,42.15,False,False,0.4633457673271807,46.33457673271807,46.33,False,False
expanded-v3-w4a4-22source-20261007,all12,intern-decision-4b,Intern-Decision,W4A4,expanded-20261007-v3,intern-decision-4b,s1q-joint,S1Q-Joint,tweet-offensive,TweetEval Offensive,standard_dataset,upstream_dataset_gold,128,128,0.40625,40.625,40.62,False,False,0.4633457673271807,46.33457673271807,46.33,False,False
expanded-v3-w4a4-22source-20261007,all12,intern-decision-4b,Intern-Decision,W4A4,expanded-20261007-v3,intern-decision-4b,s1q-joint,S1Q-Joint,wanli,WANLI,standard_dataset,upstream_dataset_gold,256,256,0.39453125,39.453125,39.45,False,False,0.4633457673271807,46.33457673271807,46.33,False,False
expanded-v3-w4a4-22source-20261007,all12,intern-decision-4b,Intern-Decision,W4A4,expanded-20261007-v3,intern-decision-4b,s1q-joint,S1Q-Joint,wildjailbreak,WildJailBreak harmful/benign classification,domain_decision_suite,native_annotation,128,128,0.296875,29.6875,29.69,False,False,0.4633457673271807,46.33457673271807,46.33,False,False
expanded-v3-w4a4-22source-20261007,all12,intern-decision-4b,Intern-Decision,W4A4,expanded-20261007-v3,intern-decision-4b,s1q-joint,S1Q-Joint,yelp,Yelp,standard_dataset,upstream_dataset_gold,132,66,0.4848484848484848,48.48484848484848,48.48,False,False,0.4633457673271807,46.33457673271807,46.33,False,False
expanded-v3-w4a4-22source-20261007,all12,intern-decision-4b,Intern-Decision,W4A4,expanded-20261007-v3,intern-decision-4b,s1q-ac,S1Q-AC,agnews,AG News,standard_dataset,upstream_dataset_gold,360,120,0.7222222222222222,72.22222222222221,72.22,False,False,0.5122425206831585,51.22425206831585,51.22,True,True
expanded-v3-w4a4-22source-20261007,all12,intern-decision-4b,Intern-Decision,W4A4,expanded-20261007-v3,intern-decision-4b,s1q-ac,S1Q-AC,amazon,Amazon Reviews,standard_dataset,upstream_dataset_gold,128,128,0.2734375,27.34375,27.34,False,False,0.5122425206831585,51.22425206831585,51.22,True,True
expanded-v3-w4a4-22source-20261007,all12,intern-decision-4b,Intern-Decision,W4A4,expanded-20261007-v3,intern-decision-4b,s1q-ac,S1Q-AC,arc,ARC,standard_dataset,upstream_dataset_gold,128,128,0.4375,43.75,43.75,True,True,0.5122425206831585,51.22425206831585,51.22,True,True
expanded-v3-w4a4-22source-20261007,all12,intern-decision-4b,Intern-Decision,W4A4,expanded-20261007-v3,intern-decision-4b,s1q-ac,S1Q-AC,boolq,BoolQ,standard_dataset,upstream_dataset_gold,120,120,0.45,45.0,45.0,False,False,0.5122425206831585,51.22425206831585,51.22,True,True
expanded-v3-w4a4-22source-20261007,all12,intern-decision-4b,Intern-Decision,W4A4,expanded-20261007-v3,intern-decision-4b,s1q-ac,S1Q-AC,csqa,CommonsenseQA,standard_dataset,upstream_dataset_gold,128,128,0.3671875,36.71875,36.72,True,True,0.5122425206831585,51.22425206831585,51.22,True,True
expanded-v3-w4a4-22source-20261007,all12,intern-decision-4b,Intern-Decision,W4A4,expanded-20261007-v3,intern-decision-4b,s1q-ac,S1Q-AC,emotion,Emotion,standard_dataset,upstream_dataset_gold,120,120,0.4583333333333333,45.83333333333333,45.83,True,True,0.5122425206831585,51.22425206831585,51.22,True,True
expanded-v3-w4a4-22source-20261007,all12,intern-decision-4b,Intern-Decision,W4A4,expanded-20261007-v3,intern-decision-4b,s1q-ac,S1Q-AC,imdb,IMDb,standard_dataset,upstream_dataset_gold,53,53,0.7924528301886793,79.24528301886792,79.25,True,True,0.5122425206831585,51.22425206831585,51.22,True,True
expanded-v3-w4a4-22source-20261007,all12,intern-decision-4b,Intern-Decision,W4A4,expanded-20261007-v3,intern-decision-4b,s1q-ac,S1Q-AC,jevbench,JevBench new eligible public tasks,authored_scenario_suite,authored_scenario_gold,48,48,0.9583333333333334,95.83333333333334,95.83,True,True,0.5122425206831585,51.22425206831585,51.22,True,True
expanded-v3-w4a4-22source-20261007,all12,intern-decision-4b,Intern-Decision,W4A4,expanded-20261007-v3,intern-decision-4b,s1q-ac,S1Q-AC,mmlu,MMLU,standard_dataset,upstream_dataset_gold,99,99,0.2525252525252525,25.252525252525253,25.25,False,False,0.5122425206831585,51.22425206831585,51.22,True,True
expanded-v3-w4a4-22source-20261007,all12,intern-decision-4b,Intern-Decision,W4A4,expanded-20261007-v3,intern-decision-4b,s1q-ac,S1Q-AC,mnli,MNLI,standard_dataset,upstream_dataset_gold,122,122,0.4836065573770491,48.36065573770492,48.36,True,True,0.5122425206831585,51.22425206831585,51.22,True,True
expanded-v3-w4a4-22source-20261007,all12,intern-decision-4b,Intern-Decision,W4A4,expanded-20261007-v3,intern-decision-4b,s1q-ac,S1Q-AC,openbookqa,OpenBookQA,standard_dataset,upstream_dataset_gold,128,128,0.3046875,30.46875,30.47,False,False,0.5122425206831585,51.22425206831585,51.22,True,True
expanded-v3-w4a4-22source-20261007,all12,intern-decision-4b,Intern-Decision,W4A4,expanded-20261007-v3,intern-decision-4b,s1q-ac,S1Q-AC,paws,PAWS,standard_dataset,upstream_dataset_gold,128,128,0.4765625,47.65625,47.66,False,False,0.5122425206831585,51.22425206831585,51.22,True,True
expanded-v3-w4a4-22source-20261007,all12,intern-decision-4b,Intern-Decision,W4A4,expanded-20261007-v3,intern-decision-4b,s1q-ac,S1Q-AC,qnli,QNLI,standard_dataset,upstream_dataset_gold,128,128,0.5546875,55.46875,55.47,False,False,0.5122425206831585,51.22425206831585,51.22,True,True
expanded-v3-w4a4-22source-20261007,all12,intern-decision-4b,Intern-Decision,W4A4,expanded-20261007-v3,intern-decision-4b,s1q-ac,S1Q-AC,sciq,SciQ,standard_dataset,upstream_dataset_gold,92,92,0.8369565217391305,83.69565217391305,83.7,True,True,0.5122425206831585,51.22425206831585,51.22,True,True
expanded-v3-w4a4-22source-20261007,all12,intern-decision-4b,Intern-Decision,W4A4,expanded-20261007-v3,intern-decision-4b,s1q-ac,S1Q-AC,semif,SemIf authored,authored_rule_suite,authored_scenario_gold,128,32,0.4921875,49.21875,49.22,False,False,0.5122425206831585,51.22425206831585,51.22,True,True
expanded-v3-w4a4-22source-20261007,all12,intern-decision-4b,Intern-Decision,W4A4,expanded-20261007-v3,intern-decision-4b,s1q-ac,S1Q-AC,sst5,SST-5,standard_dataset,upstream_dataset_gold,128,128,0.234375,23.4375,23.44,False,False,0.5122425206831585,51.22425206831585,51.22,True,True
expanded-v3-w4a4-22source-20261007,all12,intern-decision-4b,Intern-Decision,W4A4,expanded-20261007-v3,intern-decision-4b,s1q-ac,S1Q-AC,toolace,ToolACE tool-choice classification,domain_decision_suite,native_annotation,68,68,0.8382352941176471,83.82352941176471,83.82,True,True,0.5122425206831585,51.22425206831585,51.22,True,True
expanded-v3-w4a4-22source-20261007,all12,intern-decision-4b,Intern-Decision,W4A4,expanded-20261007-v3,intern-decision-4b,s1q-ac,S1Q-AC,trec,TREC,standard_dataset,upstream_dataset_gold,121,121,0.4132231404958678,41.32231404958678,41.32,False,False,0.5122425206831585,51.22425206831585,51.22,True,True
expanded-v3-w4a4-22source-20261007,all12,intern-decision-4b,Intern-Decision,W4A4,expanded-20261007-v3,intern-decision-4b,s1q-ac,S1Q-AC,tweet-offensive,TweetEval Offensive,standard_dataset,upstream_dataset_gold,128,128,0.5703125,57.03125,57.03,False,False,0.5122425206831585,51.22425206831585,51.22,True,True
expanded-v3-w4a4-22source-20261007,all12,intern-decision-4b,Intern-Decision,W4A4,expanded-20261007-v3,intern-decision-4b,s1q-ac,S1Q-AC,wanli,WANLI,standard_dataset,upstream_dataset_gold,256,256,0.4140625,41.40625,41.41,False,False,0.5122425206831585,51.22425206831585,51.22,True,True
expanded-v3-w4a4-22source-20261007,all12,intern-decision-4b,Intern-Decision,W4A4,expanded-20261007-v3,intern-decision-4b,s1q-ac,S1Q-AC,wildjailbreak,WildJailBreak harmful/benign classification,domain_decision_suite,native_annotation,128,128,0.46875,46.875,46.88,False,False,0.5122425206831585,51.22425206831585,51.22,True,True
expanded-v3-w4a4-22source-20261007,all12,intern-decision-4b,Intern-Decision,W4A4,expanded-20261007-v3,intern-decision-4b,s1q-ac,S1Q-AC,yelp,Yelp,standard_dataset,upstream_dataset_gold,132,66,0.4696969696969697,46.96969696969697,46.97,False,False,0.5122425206831585,51.22425206831585,51.22,True,True
expanded-v3-w4a4-22source-20261007,all12,intern-decision-4b,Intern-Decision,W4A4,expanded-20261007-v3,intern-decision-4b,s1q-margin,S1Q-Margin,agnews,AG News,standard_dataset,upstream_dataset_gold,360,120,0.6694444444444444,66.94444444444444,66.94,False,False,0.4868187291488892,48.68187291488893,48.68,False,False
expanded-v3-w4a4-22source-20261007,all12,intern-decision-4b,Intern-Decision,W4A4,expanded-20261007-v3,intern-decision-4b,s1q-margin,S1Q-Margin,amazon,Amazon Reviews,standard_dataset,upstream_dataset_gold,128,128,0.328125,32.8125,32.81,True,True,0.4868187291488892,48.68187291488893,48.68,False,False
expanded-v3-w4a4-22source-20261007,all12,intern-decision-4b,Intern-Decision,W4A4,expanded-20261007-v3,intern-decision-4b,s1q-margin,S1Q-Margin,arc,ARC,standard_dataset,upstream_dataset_gold,128,128,0.40625,40.625,40.62,False,False,0.4868187291488892,48.68187291488893,48.68,False,False
expanded-v3-w4a4-22source-20261007,all12,intern-decision-4b,Intern-Decision,W4A4,expanded-20261007-v3,intern-decision-4b,s1q-margin,S1Q-Margin,boolq,BoolQ,standard_dataset,upstream_dataset_gold,120,120,0.4666666666666667,46.66666666666666,46.67,False,False,0.4868187291488892,48.68187291488893,48.68,False,False
expanded-v3-w4a4-22source-20261007,all12,intern-decision-4b,Intern-Decision,W4A4,expanded-20261007-v3,intern-decision-4b,s1q-margin,S1Q-Margin,csqa,CommonsenseQA,standard_dataset,upstream_dataset_gold,128,128,0.34375,34.375,34.38,False,False,0.4868187291488892,48.68187291488893,48.68,False,False
expanded-v3-w4a4-22source-20261007,all12,intern-decision-4b,Intern-Decision,W4A4,expanded-20261007-v3,intern-decision-4b,s1q-margin,S1Q-Margin,emotion,Emotion,standard_dataset,upstream_dataset_gold,120,120,0.45,45.0,45.0,False,False,0.4868187291488892,48.68187291488893,48.68,False,False
expanded-v3-w4a4-22source-20261007,all12,intern-decision-4b,Intern-Decision,W4A4,expanded-20261007-v3,intern-decision-4b,s1q-margin,S1Q-Margin,imdb,IMDb,standard_dataset,upstream_dataset_gold,53,53,0.7547169811320755,75.47169811320755,75.47,False,False,0.4868187291488892,48.68187291488893,48.68,False,False
expanded-v3-w4a4-22source-20261007,all12,intern-decision-4b,Intern-Decision,W4A4,expanded-20261007-v3,intern-decision-4b,s1q-margin,S1Q-Margin,jevbench,JevBench new eligible public tasks,authored_scenario_suite,authored_scenario_gold,48,48,0.9375,93.75,93.75,False,False,0.4868187291488892,48.68187291488893,48.68,False,False
expanded-v3-w4a4-22source-20261007,all12,intern-decision-4b,Intern-Decision,W4A4,expanded-20261007-v3,intern-decision-4b,s1q-margin,S1Q-Margin,mmlu,MMLU,standard_dataset,upstream_dataset_gold,99,99,0.303030303030303,30.303030303030305,30.3,True,True,0.4868187291488892,48.68187291488893,48.68,False,False
expanded-v3-w4a4-22source-20261007,all12,intern-decision-4b,Intern-Decision,W4A4,expanded-20261007-v3,intern-decision-4b,s1q-margin,S1Q-Margin,mnli,MNLI,standard_dataset,upstream_dataset_gold,122,122,0.3114754098360656,31.14754098360656,31.15,False,False,0.4868187291488892,48.68187291488893,48.68,False,False
expanded-v3-w4a4-22source-20261007,all12,intern-decision-4b,Intern-Decision,W4A4,expanded-20261007-v3,intern-decision-4b,s1q-margin,S1Q-Margin,openbookqa,OpenBookQA,standard_dataset,upstream_dataset_gold,128,128,0.3515625,35.15625,35.16,False,False,0.4868187291488892,48.68187291488893,48.68,False,False
expanded-v3-w4a4-22source-20261007,all12,intern-decision-4b,Intern-Decision,W4A4,expanded-20261007-v3,intern-decision-4b,s1q-margin,S1Q-Margin,paws,PAWS,standard_dataset,upstream_dataset_gold,128,128,0.5,50.0,50.0,False,False,0.4868187291488892,48.68187291488893,48.68,False,False
expanded-v3-w4a4-22source-20261007,all12,intern-decision-4b,Intern-Decision,W4A4,expanded-20261007-v3,intern-decision-4b,s1q-margin,S1Q-Margin,qnli,QNLI,standard_dataset,upstream_dataset_gold,128,128,0.5390625,53.90625,53.91,False,False,0.4868187291488892,48.68187291488893,48.68,False,False
expanded-v3-w4a4-22source-20261007,all12,intern-decision-4b,Intern-Decision,W4A4,expanded-20261007-v3,intern-decision-4b,s1q-margin,S1Q-Margin,sciq,SciQ,standard_dataset,upstream_dataset_gold,92,92,0.717391304347826,71.73913043478261,71.74,False,False,0.4868187291488892,48.68187291488893,48.68,False,False
expanded-v3-w4a4-22source-20261007,all12,intern-decision-4b,Intern-Decision,W4A4,expanded-20261007-v3,intern-decision-4b,s1q-margin,S1Q-Margin,semif,SemIf authored,authored_rule_suite,authored_scenario_gold,128,32,0.5,50.0,50.0,False,False,0.4868187291488892,48.68187291488893,48.68,False,False
expanded-v3-w4a4-22source-20261007,all12,intern-decision-4b,Intern-Decision,W4A4,expanded-20261007-v3,intern-decision-4b,s1q-margin,S1Q-Margin,sst5,SST-5,standard_dataset,upstream_dataset_gold,128,128,0.234375,23.4375,23.44,False,False,0.4868187291488892,48.68187291488893,48.68,False,False
expanded-v3-w4a4-22source-20261007,all12,intern-decision-4b,Intern-Decision,W4A4,expanded-20261007-v3,intern-decision-4b,s1q-margin,S1Q-Margin,toolace,ToolACE tool-choice classification,domain_decision_suite,native_annotation,68,68,0.75,75.0,75.0,False,False,0.4868187291488892,48.68187291488893,48.68,False,False
expanded-v3-w4a4-22source-20261007,all12,intern-decision-4b,Intern-Decision,W4A4,expanded-20261007-v3,intern-decision-4b,s1q-margin,S1Q-Margin,trec,TREC,standard_dataset,upstream_dataset_gold,121,121,0.4545454545454545,45.45454545454545,45.45,True,True,0.4868187291488892,48.68187291488893,48.68,False,False
expanded-v3-w4a4-22source-20261007,all12,intern-decision-4b,Intern-Decision,W4A4,expanded-20261007-v3,intern-decision-4b,s1q-margin,S1Q-Margin,tweet-offensive,TweetEval Offensive,standard_dataset,upstream_dataset_gold,128,128,0.5546875,55.46875,55.47,False,False,0.4868187291488892,48.68187291488893,48.68,False,False
expanded-v3-w4a4-22source-20261007,all12,intern-decision-4b,Intern-Decision,W4A4,expanded-20261007-v3,intern-decision-4b,s1q-margin,S1Q-Margin,wanli,WANLI,standard_dataset,upstream_dataset_gold,256,256,0.43359375,43.359375,43.36,True,True,0.4868187291488892,48.68187291488893,48.68,False,False
expanded-v3-w4a4-22source-20261007,all12,intern-decision-4b,Intern-Decision,W4A4,expanded-20261007-v3,intern-decision-4b,s1q-margin,S1Q-Margin,wildjailbreak,WildJailBreak harmful/benign classification,domain_decision_suite,native_annotation,128,128,0.2265625,22.65625,22.66,False,False,0.4868187291488892,48.68187291488893,48.68,False,False
expanded-v3-w4a4-22source-20261007,all12,intern-decision-4b,Intern-Decision,W4A4,expanded-20261007-v3,intern-decision-4b,s1q-margin,S1Q-Margin,yelp,Yelp,standard_dataset,upstream_dataset_gold,132,66,0.4772727272727273,47.72727272727273,47.73,False,False,0.4868187291488892,48.68187291488893,48.68,False,False
expanded-v3-w4a4-22source-20261007,all12,intern-decision-4b,Intern-Decision,W4A4,expanded-20261007-v3,intern-decision-4b,s1q,S1Q (current),agnews,AG News,standard_dataset,upstream_dataset_gold,360,120,0.75,75.0,75.0,True,True,0.5117075659874999,51.17075659874999,51.17,False,False
expanded-v3-w4a4-22source-20261007,all12,intern-decision-4b,Intern-Decision,W4A4,expanded-20261007-v3,intern-decision-4b,s1q,S1Q (current),amazon,Amazon Reviews,standard_dataset,upstream_dataset_gold,128,128,0.2734375,27.34375,27.34,False,False,0.5117075659874999,51.17075659874999,51.17,False,False
expanded-v3-w4a4-22source-20261007,all12,intern-decision-4b,Intern-Decision,W4A4,expanded-20261007-v3,intern-decision-4b,s1q,S1Q (current),arc,ARC,standard_dataset,upstream_dataset_gold,128,128,0.40625,40.625,40.62,False,False,0.5117075659874999,51.17075659874999,51.17,False,False
expanded-v3-w4a4-22source-20261007,all12,intern-decision-4b,Intern-Decision,W4A4,expanded-20261007-v3,intern-decision-4b,s1q,S1Q (current),boolq,BoolQ,standard_dataset,upstream_dataset_gold,120,120,0.45,45.0,45.0,False,False,0.5117075659874999,51.17075659874999,51.17,False,False
expanded-v3-w4a4-22source-20261007,all12,intern-decision-4b,Intern-Decision,W4A4,expanded-20261007-v3,intern-decision-4b,s1q,S1Q (current),csqa,CommonsenseQA,standard_dataset,upstream_dataset_gold,128,128,0.34375,34.375,34.38,False,False,0.5117075659874999,51.17075659874999,51.17,False,False
expanded-v3-w4a4-22source-20261007,all12,intern-decision-4b,Intern-Decision,W4A4,expanded-20261007-v3,intern-decision-4b,s1q,S1Q (current),emotion,Emotion,standard_dataset,upstream_dataset_gold,120,120,0.375,37.5,37.5,False,False,0.5117075659874999,51.17075659874999,51.17,False,False
expanded-v3-w4a4-22source-20261007,all12,intern-decision-4b,Intern-Decision,W4A4,expanded-20261007-v3,intern-decision-4b,s1q,S1Q (current),imdb,IMDb,standard_dataset,upstream_dataset_gold,53,53,0.7547169811320755,75.47169811320755,75.47,False,False,0.5117075659874999,51.17075659874999,51.17,False,False
expanded-v3-w4a4-22source-20261007,all12,intern-decision-4b,Intern-Decision,W4A4,expanded-20261007-v3,intern-decision-4b,s1q,S1Q (current),jevbench,JevBench new eligible public tasks,authored_scenario_suite,authored_scenario_gold,48,48,0.9375,93.75,93.75,False,False,0.5117075659874999,51.17075659874999,51.17,False,False
expanded-v3-w4a4-22source-20261007,all12,intern-decision-4b,Intern-Decision,W4A4,expanded-20261007-v3,intern-decision-4b,s1q,S1Q (current),mmlu,MMLU,standard_dataset,upstream_dataset_gold,99,99,0.2929292929292929,29.29292929292929,29.29,False,False,0.5117075659874999,51.17075659874999,51.17,False,False
expanded-v3-w4a4-22source-20261007,all12,intern-decision-4b,Intern-Decision,W4A4,expanded-20261007-v3,intern-decision-4b,s1q,S1Q (current),mnli,MNLI,standard_dataset,upstream_dataset_gold,122,122,0.4098360655737705,40.98360655737705,40.98,False,False,0.5117075659874999,51.17075659874999,51.17,False,False
expanded-v3-w4a4-22source-20261007,all12,intern-decision-4b,Intern-Decision,W4A4,expanded-20261007-v3,intern-decision-4b,s1q,S1Q (current),openbookqa,OpenBookQA,standard_dataset,upstream_dataset_gold,128,128,0.4296875,42.96875,42.97,True,True,0.5117075659874999,51.17075659874999,51.17,False,False
expanded-v3-w4a4-22source-20261007,all12,intern-decision-4b,Intern-Decision,W4A4,expanded-20261007-v3,intern-decision-4b,s1q,S1Q (current),paws,PAWS,standard_dataset,upstream_dataset_gold,128,128,0.484375,48.4375,48.44,False,False,0.5117075659874999,51.17075659874999,51.17,False,False
expanded-v3-w4a4-22source-20261007,all12,intern-decision-4b,Intern-Decision,W4A4,expanded-20261007-v3,intern-decision-4b,s1q,S1Q (current),qnli,QNLI,standard_dataset,upstream_dataset_gold,128,128,0.5625,56.25,56.25,False,False,0.5117075659874999,51.17075659874999,51.17,False,False
expanded-v3-w4a4-22source-20261007,all12,intern-decision-4b,Intern-Decision,W4A4,expanded-20261007-v3,intern-decision-4b,s1q,S1Q (current),sciq,SciQ,standard_dataset,upstream_dataset_gold,92,92,0.7608695652173914,76.08695652173914,76.09,False,False,0.5117075659874999,51.17075659874999,51.17,False,False
expanded-v3-w4a4-22source-20261007,all12,intern-decision-4b,Intern-Decision,W4A4,expanded-20261007-v3,intern-decision-4b,s1q,S1Q (current),semif,SemIf authored,authored_rule_suite,authored_scenario_gold,128,32,0.546875,54.6875,54.69,True,True,0.5117075659874999,51.17075659874999,51.17,False,False
expanded-v3-w4a4-22source-20261007,all12,intern-decision-4b,Intern-Decision,W4A4,expanded-20261007-v3,intern-decision-4b,s1q,S1Q (current),sst5,SST-5,standard_dataset,upstream_dataset_gold,128,128,0.2578125,25.78125,25.78,False,False,0.5117075659874999,51.17075659874999,51.17,False,False
expanded-v3-w4a4-22source-20261007,all12,intern-decision-4b,Intern-Decision,W4A4,expanded-20261007-v3,intern-decision-4b,s1q,S1Q (current),toolace,ToolACE tool-choice classification,domain_decision_suite,native_annotation,68,68,0.8382352941176471,83.82352941176471,83.82,True,True,0.5117075659874999,51.17075659874999,51.17,False,False
expanded-v3-w4a4-22source-20261007,all12,intern-decision-4b,Intern-Decision,W4A4,expanded-20261007-v3,intern-decision-4b,s1q,S1Q (current),trec,TREC,standard_dataset,upstream_dataset_gold,121,121,0.396694214876033,39.66942148760331,39.67,False,False,0.5117075659874999,51.17075659874999,51.17,False,False
expanded-v3-w4a4-22source-20261007,all12,intern-decision-4b,Intern-Decision,W4A4,expanded-20261007-v3,intern-decision-4b,s1q,S1Q (current),tweet-offensive,TweetEval Offensive,standard_dataset,upstream_dataset_gold,128,128,0.6796875,67.96875,67.97,True,True,0.5117075659874999,51.17075659874999,51.17,False,False
expanded-v3-w4a4-22source-20261007,all12,intern-decision-4b,Intern-Decision,W4A4,expanded-20261007-v3,intern-decision-4b,s1q,S1Q (current),wanli,WANLI,standard_dataset,upstream_dataset_gold,256,256,0.41796875,41.796875,41.8,False,False,0.5117075659874999,51.17075659874999,51.17,False,False
expanded-v3-w4a4-22source-20261007,all12,intern-decision-4b,Intern-Decision,W4A4,expanded-20261007-v3,intern-decision-4b,s1q,S1Q (current),wildjailbreak,WildJailBreak harmful/benign classification,domain_decision_suite,native_annotation,128,128,0.3515625,35.15625,35.16,False,False,0.5117075659874999,51.17075659874999,51.17,False,False
expanded-v3-w4a4-22source-20261007,all12,intern-decision-4b,Intern-Decision,W4A4,expanded-20261007-v3,intern-decision-4b,s1q,S1Q (current),yelp,Yelp,standard_dataset,upstream_dataset_gold,132,66,0.5378787878787878,53.78787878787878,53.79,True,True,0.5117075659874999,51.17075659874999,51.17,False,False
expanded-v3-w4a4-22source-20261007,all12,kev-0.8b,Kev,W4A4,expanded-20261007-v3,kev-0.8b,s1q-joint,S1Q-Joint,agnews,AG News,standard_dataset,upstream_dataset_gold,360,120,0.7972222222222223,79.72222222222223,79.72,False,False,0.5663184504763356,56.631845047633554,56.63,True,True
expanded-v3-w4a4-22source-20261007,all12,kev-0.8b,Kev,W4A4,expanded-20261007-v3,kev-0.8b,s1q-joint,S1Q-Joint,amazon,Amazon Reviews,standard_dataset,upstream_dataset_gold,128,128,0.484375,48.4375,48.44,False,False,0.5663184504763356,56.631845047633554,56.63,True,True
expanded-v3-w4a4-22source-20261007,all12,kev-0.8b,Kev,W4A4,expanded-20261007-v3,kev-0.8b,s1q-joint,S1Q-Joint,arc,ARC,standard_dataset,upstream_dataset_gold,128,128,0.375,37.5,37.5,True,True,0.5663184504763356,56.631845047633554,56.63,True,True
expanded-v3-w4a4-22source-20261007,all12,kev-0.8b,Kev,W4A4,expanded-20261007-v3,kev-0.8b,s1q-joint,S1Q-Joint,boolq,BoolQ,standard_dataset,upstream_dataset_gold,120,120,0.6333333333333333,63.33333333333333,63.33,True,True,0.5663184504763356,56.631845047633554,56.63,True,True
expanded-v3-w4a4-22source-20261007,all12,kev-0.8b,Kev,W4A4,expanded-20261007-v3,kev-0.8b,s1q-joint,S1Q-Joint,csqa,CommonsenseQA,standard_dataset,upstream_dataset_gold,128,128,0.3125,31.25,31.25,False,False,0.5663184504763356,56.631845047633554,56.63,True,True
expanded-v3-w4a4-22source-20261007,all12,kev-0.8b,Kev,W4A4,expanded-20261007-v3,kev-0.8b,s1q-joint,S1Q-Joint,emotion,Emotion,standard_dataset,upstream_dataset_gold,120,120,0.475,47.5,47.5,True,True,0.5663184504763356,56.631845047633554,56.63,True,True
expanded-v3-w4a4-22source-20261007,all12,kev-0.8b,Kev,W4A4,expanded-20261007-v3,kev-0.8b,s1q-joint,S1Q-Joint,imdb,IMDb,standard_dataset,upstream_dataset_gold,53,53,0.8679245283018868,86.79245283018868,86.79,True,True,0.5663184504763356,56.631845047633554,56.63,True,True
expanded-v3-w4a4-22source-20261007,all12,kev-0.8b,Kev,W4A4,expanded-20261007-v3,kev-0.8b,s1q-joint,S1Q-Joint,jevbench,JevBench new eligible public tasks,authored_scenario_suite,authored_scenario_gold,48,48,0.875,87.5,87.5,False,False,0.5663184504763356,56.631845047633554,56.63,True,True
expanded-v3-w4a4-22source-20261007,all12,kev-0.8b,Kev,W4A4,expanded-20261007-v3,kev-0.8b,s1q-joint,S1Q-Joint,mmlu,MMLU,standard_dataset,upstream_dataset_gold,99,99,0.2626262626262626,26.262626262626267,26.26,False,False,0.5663184504763356,56.631845047633554,56.63,True,True
expanded-v3-w4a4-22source-20261007,all12,kev-0.8b,Kev,W4A4,expanded-20261007-v3,kev-0.8b,s1q-joint,S1Q-Joint,mnli,MNLI,standard_dataset,upstream_dataset_gold,122,122,0.4918032786885246,49.18032786885246,49.18,False,False,0.5663184504763356,56.631845047633554,56.63,True,True
expanded-v3-w4a4-22source-20261007,all12,kev-0.8b,Kev,W4A4,expanded-20261007-v3,kev-0.8b,s1q-joint,S1Q-Joint,openbookqa,OpenBookQA,standard_dataset,upstream_dataset_gold,128,128,0.28125,28.125,28.12,False,False,0.5663184504763356,56.631845047633554,56.63,True,True
expanded-v3-w4a4-22source-20261007,all12,kev-0.8b,Kev,W4A4,expanded-20261007-v3,kev-0.8b,s1q-joint,S1Q-Joint,paws,PAWS,standard_dataset,upstream_dataset_gold,128,128,0.5078125,50.78125,50.78,False,False,0.5663184504763356,56.631845047633554,56.63,True,True
expanded-v3-w4a4-22source-20261007,all12,kev-0.8b,Kev,W4A4,expanded-20261007-v3,kev-0.8b,s1q-joint,S1Q-Joint,qnli,QNLI,standard_dataset,upstream_dataset_gold,128,128,0.6640625,66.40625,66.41,False,False,0.5663184504763356,56.631845047633554,56.63,True,True
expanded-v3-w4a4-22source-20261007,all12,kev-0.8b,Kev,W4A4,expanded-20261007-v3,kev-0.8b,s1q-joint,S1Q-Joint,sciq,SciQ,standard_dataset,upstream_dataset_gold,92,92,0.717391304347826,71.73913043478261,71.74,False,False,0.5663184504763356,56.631845047633554,56.63,True,True
expanded-v3-w4a4-22source-20261007,all12,kev-0.8b,Kev,W4A4,expanded-20261007-v3,kev-0.8b,s1q-joint,S1Q-Joint,semif,SemIf authored,authored_rule_suite,authored_scenario_gold,128,32,0.5859375,58.59375,58.59,True,True,0.5663184504763356,56.631845047633554,56.63,True,True
expanded-v3-w4a4-22source-20261007,all12,kev-0.8b,Kev,W4A4,expanded-20261007-v3,kev-0.8b,s1q-joint,S1Q-Joint,sst5,SST-5,standard_dataset,upstream_dataset_gold,128,128,0.4140625,41.40625,41.41,False,False,0.5663184504763356,56.631845047633554,56.63,True,True
expanded-v3-w4a4-22source-20261007,all12,kev-0.8b,Kev,W4A4,expanded-20261007-v3,kev-0.8b,s1q-joint,S1Q-Joint,toolace,ToolACE tool-choice classification,domain_decision_suite,native_annotation,68,68,0.7794117647058824,77.94117647058823,77.94,False,False,0.5663184504763356,56.631845047633554,56.63,True,True
expanded-v3-w4a4-22source-20261007,all12,kev-0.8b,Kev,W4A4,expanded-20261007-v3,kev-0.8b,s1q-joint,S1Q-Joint,trec,TREC,standard_dataset,upstream_dataset_gold,121,121,0.7768595041322314,77.68595041322314,77.69,True,True,0.5663184504763356,56.631845047633554,56.63,True,True
expanded-v3-w4a4-22source-20261007,all12,kev-0.8b,Kev,W4A4,expanded-20261007-v3,kev-0.8b,s1q-joint,S1Q-Joint,tweet-offensive,TweetEval Offensive,standard_dataset,upstream_dataset_gold,128,128,0.7578125,75.78125,75.78,True,True,0.5663184504763356,56.631845047633554,56.63,True,True
expanded-v3-w4a4-22source-20261007,all12,kev-0.8b,Kev,W4A4,expanded-20261007-v3,kev-0.8b,s1q-joint,S1Q-Joint,wanli,WANLI,standard_dataset,upstream_dataset_gold,256,256,0.4453125,44.53125,44.53,False,False,0.5663184504763356,56.631845047633554,56.63,True,True
expanded-v3-w4a4-22source-20261007,all12,kev-0.8b,Kev,W4A4,expanded-20261007-v3,kev-0.8b,s1q-joint,S1Q-Joint,wildjailbreak,WildJailBreak harmful/benign classification,domain_decision_suite,native_annotation,128,128,0.2421875,24.21875,24.22,False,False,0.5663184504763356,56.631845047633554,56.63,True,True
expanded-v3-w4a4-22source-20261007,all12,kev-0.8b,Kev,W4A4,expanded-20261007-v3,kev-0.8b,s1q-joint,S1Q-Joint,yelp,Yelp,standard_dataset,upstream_dataset_gold,132,66,0.7121212121212122,71.21212121212122,71.21,True,True,0.5663184504763356,56.631845047633554,56.63,True,True
expanded-v3-w4a4-22source-20261007,all12,kev-0.8b,Kev,W4A4,expanded-20261007-v3,kev-0.8b,s1q-ac,S1Q-AC,agnews,AG News,standard_dataset,upstream_dataset_gold,360,120,0.8083333333333333,80.83333333333333,80.83,False,False,0.5426447734804253,54.264477348042526,54.26,False,False
expanded-v3-w4a4-22source-20261007,all12,kev-0.8b,Kev,W4A4,expanded-20261007-v3,kev-0.8b,s1q-ac,S1Q-AC,amazon,Amazon Reviews,standard_dataset,upstream_dataset_gold,128,128,0.4296875,42.96875,42.97,False,False,0.5426447734804253,54.264477348042526,54.26,False,False
expanded-v3-w4a4-22source-20261007,all12,kev-0.8b,Kev,W4A4,expanded-20261007-v3,kev-0.8b,s1q-ac,S1Q-AC,arc,ARC,standard_dataset,upstream_dataset_gold,128,128,0.296875,29.6875,29.69,False,False,0.5426447734804253,54.264477348042526,54.26,False,False
expanded-v3-w4a4-22source-20261007,all12,kev-0.8b,Kev,W4A4,expanded-20261007-v3,kev-0.8b,s1q-ac,S1Q-AC,boolq,BoolQ,standard_dataset,upstream_dataset_gold,120,120,0.6,60.0,60.0,False,False,0.5426447734804253,54.264477348042526,54.26,False,False
expanded-v3-w4a4-22source-20261007,all12,kev-0.8b,Kev,W4A4,expanded-20261007-v3,kev-0.8b,s1q-ac,S1Q-AC,csqa,CommonsenseQA,standard_dataset,upstream_dataset_gold,128,128,0.3125,31.25,31.25,False,False,0.5426447734804253,54.264477348042526,54.26,False,False
expanded-v3-w4a4-22source-20261007,all12,kev-0.8b,Kev,W4A4,expanded-20261007-v3,kev-0.8b,s1q-ac,S1Q-AC,emotion,Emotion,standard_dataset,upstream_dataset_gold,120,120,0.375,37.5,37.5,False,False,0.5426447734804253,54.264477348042526,54.26,False,False
expanded-v3-w4a4-22source-20261007,all12,kev-0.8b,Kev,W4A4,expanded-20261007-v3,kev-0.8b,s1q-ac,S1Q-AC,imdb,IMDb,standard_dataset,upstream_dataset_gold,53,53,0.8113207547169812,81.13207547169812,81.13,False,False,0.5426447734804253,54.264477348042526,54.26,False,False
expanded-v3-w4a4-22source-20261007,all12,kev-0.8b,Kev,W4A4,expanded-20261007-v3,kev-0.8b,s1q-ac,S1Q-AC,jevbench,JevBench new eligible public tasks,authored_scenario_suite,authored_scenario_gold,48,48,0.8541666666666666,85.41666666666666,85.42,False,False,0.5426447734804253,54.264477348042526,54.26,False,False
expanded-v3-w4a4-22source-20261007,all12,kev-0.8b,Kev,W4A4,expanded-20261007-v3,kev-0.8b,s1q-ac,S1Q-AC,mmlu,MMLU,standard_dataset,upstream_dataset_gold,99,99,0.2626262626262626,26.262626262626267,26.26,False,False,0.5426447734804253,54.264477348042526,54.26,False,False
expanded-v3-w4a4-22source-20261007,all12,kev-0.8b,Kev,W4A4,expanded-20261007-v3,kev-0.8b,s1q-ac,S1Q-AC,mnli,MNLI,standard_dataset,upstream_dataset_gold,122,122,0.5491803278688525,54.91803278688525,54.92,False,False,0.5426447734804253,54.264477348042526,54.26,False,False
expanded-v3-w4a4-22source-20261007,all12,kev-0.8b,Kev,W4A4,expanded-20261007-v3,kev-0.8b,s1q-ac,S1Q-AC,openbookqa,OpenBookQA,standard_dataset,upstream_dataset_gold,128,128,0.3125,31.25,31.25,False,False,0.5426447734804253,54.264477348042526,54.26,False,False
expanded-v3-w4a4-22source-20261007,all12,kev-0.8b,Kev,W4A4,expanded-20261007-v3,kev-0.8b,s1q-ac,S1Q-AC,paws,PAWS,standard_dataset,upstream_dataset_gold,128,128,0.515625,51.5625,51.56,False,False,0.5426447734804253,54.264477348042526,54.26,False,False
expanded-v3-w4a4-22source-20261007,all12,kev-0.8b,Kev,W4A4,expanded-20261007-v3,kev-0.8b,s1q-ac,S1Q-AC,qnli,QNLI,standard_dataset,upstream_dataset_gold,128,128,0.734375,73.4375,73.44,True,True,0.5426447734804253,54.264477348042526,54.26,False,False
expanded-v3-w4a4-22source-20261007,all12,kev-0.8b,Kev,W4A4,expanded-20261007-v3,kev-0.8b,s1q-ac,S1Q-AC,sciq,SciQ,standard_dataset,upstream_dataset_gold,92,92,0.8260869565217391,82.6086956521739,82.61,True,True,0.5426447734804253,54.264477348042526,54.26,False,False
expanded-v3-w4a4-22source-20261007,all12,kev-0.8b,Kev,W4A4,expanded-20261007-v3,kev-0.8b,s1q-ac,S1Q-AC,semif,SemIf authored,authored_rule_suite,authored_scenario_gold,128,32,0.5,50.0,50.0,False,False,0.5426447734804253,54.264477348042526,54.26,False,False
expanded-v3-w4a4-22source-20261007,all12,kev-0.8b,Kev,W4A4,expanded-20261007-v3,kev-0.8b,s1q-ac,S1Q-AC,sst5,SST-5,standard_dataset,upstream_dataset_gold,128,128,0.359375,35.9375,35.94,False,False,0.5426447734804253,54.264477348042526,54.26,False,False
expanded-v3-w4a4-22source-20261007,all12,kev-0.8b,Kev,W4A4,expanded-20261007-v3,kev-0.8b,s1q-ac,S1Q-AC,toolace,ToolACE tool-choice classification,domain_decision_suite,native_annotation,68,68,0.6617647058823529,66.17647058823529,66.18,False,False,0.5426447734804253,54.264477348042526,54.26,False,False
expanded-v3-w4a4-22source-20261007,all12,kev-0.8b,Kev,W4A4,expanded-20261007-v3,kev-0.8b,s1q-ac,S1Q-AC,trec,TREC,standard_dataset,upstream_dataset_gold,121,121,0.743801652892562,74.3801652892562,74.38,False,False,0.5426447734804253,54.264477348042526,54.26,False,False
expanded-v3-w4a4-22source-20261007,all12,kev-0.8b,Kev,W4A4,expanded-20261007-v3,kev-0.8b,s1q-ac,S1Q-AC,tweet-offensive,TweetEval Offensive,standard_dataset,upstream_dataset_gold,128,128,0.6875,68.75,68.75,False,False,0.5426447734804253,54.264477348042526,54.26,False,False
expanded-v3-w4a4-22source-20261007,all12,kev-0.8b,Kev,W4A4,expanded-20261007-v3,kev-0.8b,s1q-ac,S1Q-AC,wanli,WANLI,standard_dataset,upstream_dataset_gold,256,256,0.45703125,45.703125,45.7,True,True,0.5426447734804253,54.264477348042526,54.26,False,False
expanded-v3-w4a4-22source-20261007,all12,kev-0.8b,Kev,W4A4,expanded-20261007-v3,kev-0.8b,s1q-ac,S1Q-AC,wildjailbreak,WildJailBreak harmful/benign classification,domain_decision_suite,native_annotation,128,128,0.234375,23.4375,23.44,False,False,0.5426447734804253,54.264477348042526,54.26,False,False
expanded-v3-w4a4-22source-20261007,all12,kev-0.8b,Kev,W4A4,expanded-20261007-v3,kev-0.8b,s1q-ac,S1Q-AC,yelp,Yelp,standard_dataset,upstream_dataset_gold,132,66,0.6060606060606061,60.60606060606061,60.61,False,False,0.5426447734804253,54.264477348042526,54.26,False,False
expanded-v3-w4a4-22source-20261007,all12,kev-0.8b,Kev,W4A4,expanded-20261007-v3,kev-0.8b,s1q-margin,S1Q-Margin,agnews,AG News,standard_dataset,upstream_dataset_gold,360,120,0.8,80.0,80.0,False,False,0.5598182596662039,55.98182596662039,55.98,False,False
expanded-v3-w4a4-22source-20261007,all12,kev-0.8b,Kev,W4A4,expanded-20261007-v3,kev-0.8b,s1q-margin,S1Q-Margin,amazon,Amazon Reviews,standard_dataset,upstream_dataset_gold,128,128,0.515625,51.5625,51.56,True,True,0.5598182596662039,55.98182596662039,55.98,False,False
expanded-v3-w4a4-22source-20261007,all12,kev-0.8b,Kev,W4A4,expanded-20261007-v3,kev-0.8b,s1q-margin,S1Q-Margin,arc,ARC,standard_dataset,upstream_dataset_gold,128,128,0.359375,35.9375,35.94,False,False,0.5598182596662039,55.98182596662039,55.98,False,False
expanded-v3-w4a4-22source-20261007,all12,kev-0.8b,Kev,W4A4,expanded-20261007-v3,kev-0.8b,s1q-margin,S1Q-Margin,boolq,BoolQ,standard_dataset,upstream_dataset_gold,120,120,0.55,55.00000000000001,55.0,False,False,0.5598182596662039,55.98182596662039,55.98,False,False
expanded-v3-w4a4-22source-20261007,all12,kev-0.8b,Kev,W4A4,expanded-20261007-v3,kev-0.8b,s1q-margin,S1Q-Margin,csqa,CommonsenseQA,standard_dataset,upstream_dataset_gold,128,128,0.3046875,30.46875,30.47,False,False,0.5598182596662039,55.98182596662039,55.98,False,False
expanded-v3-w4a4-22source-20261007,all12,kev-0.8b,Kev,W4A4,expanded-20261007-v3,kev-0.8b,s1q-margin,S1Q-Margin,emotion,Emotion,standard_dataset,upstream_dataset_gold,120,120,0.3833333333333333,38.333333333333336,38.33,False,False,0.5598182596662039,55.98182596662039,55.98,False,False
expanded-v3-w4a4-22source-20261007,all12,kev-0.8b,Kev,W4A4,expanded-20261007-v3,kev-0.8b,s1q-margin,S1Q-Margin,imdb,IMDb,standard_dataset,upstream_dataset_gold,53,53,0.8679245283018868,86.79245283018868,86.79,True,True,0.5598182596662039,55.98182596662039,55.98,False,False
expanded-v3-w4a4-22source-20261007,all12,kev-0.8b,Kev,W4A4,expanded-20261007-v3,kev-0.8b,s1q-margin,S1Q-Margin,jevbench,JevBench new eligible public tasks,authored_scenario_suite,authored_scenario_gold,48,48,0.8958333333333334,89.58333333333334,89.58,False,False,0.5598182596662039,55.98182596662039,55.98,False,False
expanded-v3-w4a4-22source-20261007,all12,kev-0.8b,Kev,W4A4,expanded-20261007-v3,kev-0.8b,s1q-margin,S1Q-Margin,mmlu,MMLU,standard_dataset,upstream_dataset_gold,99,99,0.2626262626262626,26.262626262626267,26.26,False,False,0.5598182596662039,55.98182596662039,55.98,False,False
expanded-v3-w4a4-22source-20261007,all12,kev-0.8b,Kev,W4A4,expanded-20261007-v3,kev-0.8b,s1q-margin,S1Q-Margin,mnli,MNLI,standard_dataset,upstream_dataset_gold,122,122,0.5901639344262295,59.01639344262295,59.02,True,True,0.5598182596662039,55.98182596662039,55.98,False,False
expanded-v3-w4a4-22source-20261007,all12,kev-0.8b,Kev,W4A4,expanded-20261007-v3,kev-0.8b,s1q-margin,S1Q-Margin,openbookqa,OpenBookQA,standard_dataset,upstream_dataset_gold,128,128,0.3125,31.25,31.25,False,False,0.5598182596662039,55.98182596662039,55.98,False,False
expanded-v3-w4a4-22source-20261007,all12,kev-0.8b,Kev,W4A4,expanded-20261007-v3,kev-0.8b,s1q-margin,S1Q-Margin,paws,PAWS,standard_dataset,upstream_dataset_gold,128,128,0.515625,51.5625,51.56,False,False,0.5598182596662039,55.98182596662039,55.98,False,False
expanded-v3-w4a4-22source-20261007,all12,kev-0.8b,Kev,W4A4,expanded-20261007-v3,kev-0.8b,s1q-margin,S1Q-Margin,qnli,QNLI,standard_dataset,upstream_dataset_gold,128,128,0.6640625,66.40625,66.41,False,False,0.5598182596662039,55.98182596662039,55.98,False,False
expanded-v3-w4a4-22source-20261007,all12,kev-0.8b,Kev,W4A4,expanded-20261007-v3,kev-0.8b,s1q-margin,S1Q-Margin,sciq,SciQ,standard_dataset,upstream_dataset_gold,92,92,0.6521739130434783,65.21739130434783,65.22,False,False,0.5598182596662039,55.98182596662039,55.98,False,False
expanded-v3-w4a4-22source-20261007,all12,kev-0.8b,Kev,W4A4,expanded-20261007-v3,kev-0.8b,s1q-margin,S1Q-Margin,semif,SemIf authored,authored_rule_suite,authored_scenario_gold,128,32,0.5703125,57.03125,57.03,False,False,0.5598182596662039,55.98182596662039,55.98,False,False
expanded-v3-w4a4-22source-20261007,all12,kev-0.8b,Kev,W4A4,expanded-20261007-v3,kev-0.8b,s1q-margin,S1Q-Margin,sst5,SST-5,standard_dataset,upstream_dataset_gold,128,128,0.359375,35.9375,35.94,False,False,0.5598182596662039,55.98182596662039,55.98,False,False
expanded-v3-w4a4-22source-20261007,all12,kev-0.8b,Kev,W4A4,expanded-20261007-v3,kev-0.8b,s1q-margin,S1Q-Margin,toolace,ToolACE tool-choice classification,domain_decision_suite,native_annotation,68,68,0.7352941176470589,73.52941176470588,73.53,False,False,0.5598182596662039,55.98182596662039,55.98,False,False
expanded-v3-w4a4-22source-20261007,all12,kev-0.8b,Kev,W4A4,expanded-20261007-v3,kev-0.8b,s1q-margin,S1Q-Margin,trec,TREC,standard_dataset,upstream_dataset_gold,121,121,0.7520661157024794,75.20661157024794,75.21,False,False,0.5598182596662039,55.98182596662039,55.98,False,False
expanded-v3-w4a4-22source-20261007,all12,kev-0.8b,Kev,W4A4,expanded-20261007-v3,kev-0.8b,s1q-margin,S1Q-Margin,tweet-offensive,TweetEval Offensive,standard_dataset,upstream_dataset_gold,128,128,0.6875,68.75,68.75,False,False,0.5598182596662039,55.98182596662039,55.98,False,False
expanded-v3-w4a4-22source-20261007,all12,kev-0.8b,Kev,W4A4,expanded-20261007-v3,kev-0.8b,s1q-margin,S1Q-Margin,wanli,WANLI,standard_dataset,upstream_dataset_gold,256,256,0.41796875,41.796875,41.8,False,False,0.5598182596662039,55.98182596662039,55.98,False,False
expanded-v3-w4a4-22source-20261007,all12,kev-0.8b,Kev,W4A4,expanded-20261007-v3,kev-0.8b,s1q-margin,S1Q-Margin,wildjailbreak,WildJailBreak harmful/benign classification,domain_decision_suite,native_annotation,128,128,0.4453125,44.53125,44.53,False,False,0.5598182596662039,55.98182596662039,55.98,False,False
expanded-v3-w4a4-22source-20261007,all12,kev-0.8b,Kev,W4A4,expanded-20261007-v3,kev-0.8b,s1q-margin,S1Q-Margin,yelp,Yelp,standard_dataset,upstream_dataset_gold,132,66,0.6742424242424242,67.42424242424242,67.42,False,False,0.5598182596662039,55.98182596662039,55.98,False,False
expanded-v3-w4a4-22source-20261007,all12,kev-0.8b,Kev,W4A4,expanded-20261007-v3,kev-0.8b,s1q,S1Q (current),agnews,AG News,standard_dataset,upstream_dataset_gold,360,120,0.8277777777777777,82.77777777777777,82.78,True,True,0.5641286455142661,56.41286455142661,56.41,False,False
expanded-v3-w4a4-22source-20261007,all12,kev-0.8b,Kev,W4A4,expanded-20261007-v3,kev-0.8b,s1q,S1Q (current),amazon,Amazon Reviews,standard_dataset,upstream_dataset_gold,128,128,0.5,50.0,50.0,False,False,0.5641286455142661,56.41286455142661,56.41,False,False
expanded-v3-w4a4-22source-20261007,all12,kev-0.8b,Kev,W4A4,expanded-20261007-v3,kev-0.8b,s1q,S1Q (current),arc,ARC,standard_dataset,upstream_dataset_gold,128,128,0.3359375,33.59375,33.59,False,False,0.5641286455142661,56.41286455142661,56.41,False,False
expanded-v3-w4a4-22source-20261007,all12,kev-0.8b,Kev,W4A4,expanded-20261007-v3,kev-0.8b,s1q,S1Q (current),boolq,BoolQ,standard_dataset,upstream_dataset_gold,120,120,0.6333333333333333,63.33333333333333,63.33,True,True,0.5641286455142661,56.41286455142661,56.41,False,False
expanded-v3-w4a4-22source-20261007,all12,kev-0.8b,Kev,W4A4,expanded-20261007-v3,kev-0.8b,s1q,S1Q (current),csqa,CommonsenseQA,standard_dataset,upstream_dataset_gold,128,128,0.34375,34.375,34.38,True,True,0.5641286455142661,56.41286455142661,56.41,False,False
expanded-v3-w4a4-22source-20261007,all12,kev-0.8b,Kev,W4A4,expanded-20261007-v3,kev-0.8b,s1q,S1Q (current),emotion,Emotion,standard_dataset,upstream_dataset_gold,120,120,0.4416666666666666,44.16666666666666,44.17,False,False,0.5641286455142661,56.41286455142661,56.41,False,False
expanded-v3-w4a4-22source-20261007,all12,kev-0.8b,Kev,W4A4,expanded-20261007-v3,kev-0.8b,s1q,S1Q (current),imdb,IMDb,standard_dataset,upstream_dataset_gold,53,53,0.7735849056603774,77.35849056603774,77.36,False,False,0.5641286455142661,56.41286455142661,56.41,False,False
expanded-v3-w4a4-22source-20261007,all12,kev-0.8b,Kev,W4A4,expanded-20261007-v3,kev-0.8b,s1q,S1Q (current),jevbench,JevBench new eligible public tasks,authored_scenario_suite,authored_scenario_gold,48,48,0.9166666666666666,91.66666666666666,91.67,True,True,0.5641286455142661,56.41286455142661,56.41,False,False
expanded-v3-w4a4-22source-20261007,all12,kev-0.8b,Kev,W4A4,expanded-20261007-v3,kev-0.8b,s1q,S1Q (current),mmlu,MMLU,standard_dataset,upstream_dataset_gold,99,99,0.2121212121212121,21.21212121212121,21.21,False,False,0.5641286455142661,56.41286455142661,56.41,False,False
expanded-v3-w4a4-22source-20261007,all12,kev-0.8b,Kev,W4A4,expanded-20261007-v3,kev-0.8b,s1q,S1Q (current),mnli,MNLI,standard_dataset,upstream_dataset_gold,122,122,0.5081967213114754,50.81967213114754,50.82,False,False,0.5641286455142661,56.41286455142661,56.41,False,False
expanded-v3-w4a4-22source-20261007,all12,kev-0.8b,Kev,W4A4,expanded-20261007-v3,kev-0.8b,s1q,S1Q (current),openbookqa,OpenBookQA,standard_dataset,upstream_dataset_gold,128,128,0.28125,28.125,28.12,False,False,0.5641286455142661,56.41286455142661,56.41,False,False
expanded-v3-w4a4-22source-20261007,all12,kev-0.8b,Kev,W4A4,expanded-20261007-v3,kev-0.8b,s1q,S1Q (current),paws,PAWS,standard_dataset,upstream_dataset_gold,128,128,0.5234375,52.34375,52.34,False,False,0.5641286455142661,56.41286455142661,56.41,False,False
expanded-v3-w4a4-22source-20261007,all12,kev-0.8b,Kev,W4A4,expanded-20261007-v3,kev-0.8b,s1q,S1Q (current),qnli,QNLI,standard_dataset,upstream_dataset_gold,128,128,0.703125,70.3125,70.31,False,False,0.5641286455142661,56.41286455142661,56.41,False,False
expanded-v3-w4a4-22source-20261007,all12,kev-0.8b,Kev,W4A4,expanded-20261007-v3,kev-0.8b,s1q,S1Q (current),sciq,SciQ,standard_dataset,upstream_dataset_gold,92,92,0.6630434782608695,66.30434782608695,66.3,False,False,0.5641286455142661,56.41286455142661,56.41,False,False
expanded-v3-w4a4-22source-20261007,all12,kev-0.8b,Kev,W4A4,expanded-20261007-v3,kev-0.8b,s1q,S1Q (current),semif,SemIf authored,authored_rule_suite,authored_scenario_gold,128,32,0.5625,56.25,56.25,False,False,0.5641286455142661,56.41286455142661,56.41,False,False
expanded-v3-w4a4-22source-20261007,all12,kev-0.8b,Kev,W4A4,expanded-20261007-v3,kev-0.8b,s1q,S1Q (current),sst5,SST-5,standard_dataset,upstream_dataset_gold,128,128,0.4375,43.75,43.75,True,True,0.5641286455142661,56.41286455142661,56.41,False,False
expanded-v3-w4a4-22source-20261007,all12,kev-0.8b,Kev,W4A4,expanded-20261007-v3,kev-0.8b,s1q,S1Q (current),toolace,ToolACE tool-choice classification,domain_decision_suite,native_annotation,68,68,0.7647058823529411,76.47058823529412,76.47,False,False,0.5641286455142661,56.41286455142661,56.41,False,False
expanded-v3-w4a4-22source-20261007,all12,kev-0.8b,Kev,W4A4,expanded-20261007-v3,kev-0.8b,s1q,S1Q (current),trec,TREC,standard_dataset,upstream_dataset_gold,121,121,0.6859504132231405,68.59504132231406,68.6,False,False,0.5641286455142661,56.41286455142661,56.41,False,False
expanded-v3-w4a4-22source-20261007,all12,kev-0.8b,Kev,W4A4,expanded-20261007-v3,kev-0.8b,s1q,S1Q (current),tweet-offensive,TweetEval Offensive,standard_dataset,upstream_dataset_gold,128,128,0.7265625,72.65625,72.66,False,False,0.5641286455142661,56.41286455142661,56.41,False,False
expanded-v3-w4a4-22source-20261007,all12,kev-0.8b,Kev,W4A4,expanded-20261007-v3,kev-0.8b,s1q,S1Q (current),wanli,WANLI,standard_dataset,upstream_dataset_gold,256,256,0.39453125,39.453125,39.45,False,False,0.5641286455142661,56.41286455142661,56.41,False,False
expanded-v3-w4a4-22source-20261007,all12,kev-0.8b,Kev,W4A4,expanded-20261007-v3,kev-0.8b,s1q,S1Q (current),wildjailbreak,WildJailBreak harmful/benign classification,domain_decision_suite,native_annotation,128,128,0.53125,53.125,53.12,True,True,0.5641286455142661,56.41286455142661,56.41,False,False
expanded-v3-w4a4-22source-20261007,all12,kev-0.8b,Kev,W4A4,expanded-20261007-v3,kev-0.8b,s1q,S1Q (current),yelp,Yelp,standard_dataset,upstream_dataset_gold,132,66,0.6439393939393939,64.39393939393939,64.39,False,False,0.5641286455142661,56.41286455142661,56.41,False,False
expanded-v3-w4a4-22source-20261007,all12,kev-4b,Kev,W4A4,expanded-20261007-v3,kev-4b,s1q-joint,S1Q-Joint,agnews,AG News,standard_dataset,upstream_dataset_gold,360,120,0.8388888888888889,83.88888888888889,83.89,False,False,0.6372664891323894,63.72664891323894,63.73,False,False
expanded-v3-w4a4-22source-20261007,all12,kev-4b,Kev,W4A4,expanded-20261007-v3,kev-4b,s1q-joint,S1Q-Joint,amazon,Amazon Reviews,standard_dataset,upstream_dataset_gold,128,128,0.5,50.0,50.0,True,True,0.6372664891323894,63.72664891323894,63.73,False,False
expanded-v3-w4a4-22source-20261007,all12,kev-4b,Kev,W4A4,expanded-20261007-v3,kev-4b,s1q-joint,S1Q-Joint,arc,ARC,standard_dataset,upstream_dataset_gold,128,128,0.5625,56.25,56.25,True,True,0.6372664891323894,63.72664891323894,63.73,False,False
expanded-v3-w4a4-22source-20261007,all12,kev-4b,Kev,W4A4,expanded-20261007-v3,kev-4b,s1q-joint,S1Q-Joint,boolq,BoolQ,standard_dataset,upstream_dataset_gold,120,120,0.625,62.5,62.5,False,False,0.6372664891323894,63.72664891323894,63.73,False,False
expanded-v3-w4a4-22source-20261007,all12,kev-4b,Kev,W4A4,expanded-20261007-v3,kev-4b,s1q-joint,S1Q-Joint,csqa,CommonsenseQA,standard_dataset,upstream_dataset_gold,128,128,0.390625,39.0625,39.06,False,False,0.6372664891323894,63.72664891323894,63.73,False,False
expanded-v3-w4a4-22source-20261007,all12,kev-4b,Kev,W4A4,expanded-20261007-v3,kev-4b,s1q-joint,S1Q-Joint,emotion,Emotion,standard_dataset,upstream_dataset_gold,120,120,0.525,52.5,52.5,False,False,0.6372664891323894,63.72664891323894,63.73,False,False
expanded-v3-w4a4-22source-20261007,all12,kev-4b,Kev,W4A4,expanded-20261007-v3,kev-4b,s1q-joint,S1Q-Joint,imdb,IMDb,standard_dataset,upstream_dataset_gold,53,53,0.8867924528301887,88.67924528301887,88.68,False,False,0.6372664891323894,63.72664891323894,63.73,False,False
expanded-v3-w4a4-22source-20261007,all12,kev-4b,Kev,W4A4,expanded-20261007-v3,kev-4b,s1q-joint,S1Q-Joint,jevbench,JevBench new eligible public tasks,authored_scenario_suite,authored_scenario_gold,48,48,0.9583333333333334,95.83333333333334,95.83,False,False,0.6372664891323894,63.72664891323894,63.73,False,False
expanded-v3-w4a4-22source-20261007,all12,kev-4b,Kev,W4A4,expanded-20261007-v3,kev-4b,s1q-joint,S1Q-Joint,mmlu,MMLU,standard_dataset,upstream_dataset_gold,99,99,0.3636363636363636,36.36363636363637,36.36,False,False,0.6372664891323894,63.72664891323894,63.73,False,False
expanded-v3-w4a4-22source-20261007,all12,kev-4b,Kev,W4A4,expanded-20261007-v3,kev-4b,s1q-joint,S1Q-Joint,mnli,MNLI,standard_dataset,upstream_dataset_gold,122,122,0.6967213114754098,69.67213114754098,69.67,True,True,0.6372664891323894,63.72664891323894,63.73,False,False
expanded-v3-w4a4-22source-20261007,all12,kev-4b,Kev,W4A4,expanded-20261007-v3,kev-4b,s1q-joint,S1Q-Joint,openbookqa,OpenBookQA,standard_dataset,upstream_dataset_gold,128,128,0.3359375,33.59375,33.59,False,False,0.6372664891323894,63.72664891323894,63.73,False,False
expanded-v3-w4a4-22source-20261007,all12,kev-4b,Kev,W4A4,expanded-20261007-v3,kev-4b,s1q-joint,S1Q-Joint,paws,PAWS,standard_dataset,upstream_dataset_gold,128,128,0.5546875,55.46875,55.47,False,False,0.6372664891323894,63.72664891323894,63.73,False,False
expanded-v3-w4a4-22source-20261007,all12,kev-4b,Kev,W4A4,expanded-20261007-v3,kev-4b,s1q-joint,S1Q-Joint,qnli,QNLI,standard_dataset,upstream_dataset_gold,128,128,0.640625,64.0625,64.06,False,False,0.6372664891323894,63.72664891323894,63.73,False,False
expanded-v3-w4a4-22source-20261007,all12,kev-4b,Kev,W4A4,expanded-20261007-v3,kev-4b,s1q-joint,S1Q-Joint,sciq,SciQ,standard_dataset,upstream_dataset_gold,92,92,0.8804347826086957,88.04347826086956,88.04,False,False,0.6372664891323894,63.72664891323894,63.73,False,False
expanded-v3-w4a4-22source-20261007,all12,kev-4b,Kev,W4A4,expanded-20261007-v3,kev-4b,s1q-joint,S1Q-Joint,semif,SemIf authored,authored_rule_suite,authored_scenario_gold,128,32,0.6328125,63.28125,63.28,True,True,0.6372664891323894,63.72664891323894,63.73,False,False
expanded-v3-w4a4-22source-20261007,all12,kev-4b,Kev,W4A4,expanded-20261007-v3,kev-4b,s1q-joint,S1Q-Joint,sst5,SST-5,standard_dataset,upstream_dataset_gold,128,128,0.34375,34.375,34.38,False,False,0.6372664891323894,63.72664891323894,63.73,False,False
expanded-v3-w4a4-22source-20261007,all12,kev-4b,Kev,W4A4,expanded-20261007-v3,kev-4b,s1q-joint,S1Q-Joint,toolace,ToolACE tool-choice classification,domain_decision_suite,native_annotation,68,68,0.8382352941176471,83.82352941176471,83.82,False,False,0.6372664891323894,63.72664891323894,63.73,False,False
expanded-v3-w4a4-22source-20261007,all12,kev-4b,Kev,W4A4,expanded-20261007-v3,kev-4b,s1q-joint,S1Q-Joint,trec,TREC,standard_dataset,upstream_dataset_gold,121,121,0.9173553719008264,91.73553719008264,91.74,True,True,0.6372664891323894,63.72664891323894,63.73,False,False
expanded-v3-w4a4-22source-20261007,all12,kev-4b,Kev,W4A4,expanded-20261007-v3,kev-4b,s1q-joint,S1Q-Joint,tweet-offensive,TweetEval Offensive,standard_dataset,upstream_dataset_gold,128,128,0.7734375,77.34375,77.34,True,True,0.6372664891323894,63.72664891323894,63.73,False,False
expanded-v3-w4a4-22source-20261007,all12,kev-4b,Kev,W4A4,expanded-20261007-v3,kev-4b,s1q-joint,S1Q-Joint,wanli,WANLI,standard_dataset,upstream_dataset_gold,256,256,0.44921875,44.921875,44.92,False,False,0.6372664891323894,63.72664891323894,63.73,False,False
expanded-v3-w4a4-22source-20261007,all12,kev-4b,Kev,W4A4,expanded-20261007-v3,kev-4b,s1q-joint,S1Q-Joint,wildjailbreak,WildJailBreak harmful/benign classification,domain_decision_suite,native_annotation,128,128,0.59375,59.375,59.38,False,False,0.6372664891323894,63.72664891323894,63.73,False,False
expanded-v3-w4a4-22source-20261007,all12,kev-4b,Kev,W4A4,expanded-20261007-v3,kev-4b,s1q-joint,S1Q-Joint,yelp,Yelp,standard_dataset,upstream_dataset_gold,132,66,0.7121212121212122,71.21212121212122,71.21,False,False,0.6372664891323894,63.72664891323894,63.73,False,False
expanded-v3-w4a4-22source-20261007,all12,kev-4b,Kev,W4A4,expanded-20261007-v3,kev-4b,s1q-ac,S1Q-AC,agnews,AG News,standard_dataset,upstream_dataset_gold,360,120,0.8361111111111111,83.61111111111111,83.61,False,False,0.6299246105874492,62.99246105874492,62.99,False,False
expanded-v3-w4a4-22source-20261007,all12,kev-4b,Kev,W4A4,expanded-20261007-v3,kev-4b,s1q-ac,S1Q-AC,amazon,Amazon Reviews,standard_dataset,upstream_dataset_gold,128,128,0.46875,46.875,46.88,False,False,0.6299246105874492,62.99246105874492,62.99,False,False
expanded-v3-w4a4-22source-20261007,all12,kev-4b,Kev,W4A4,expanded-20261007-v3,kev-4b,s1q-ac,S1Q-AC,arc,ARC,standard_dataset,upstream_dataset_gold,128,128,0.5234375,52.34375,52.34,False,False,0.6299246105874492,62.99246105874492,62.99,False,False
expanded-v3-w4a4-22source-20261007,all12,kev-4b,Kev,W4A4,expanded-20261007-v3,kev-4b,s1q-ac,S1Q-AC,boolq,BoolQ,standard_dataset,upstream_dataset_gold,120,120,0.6166666666666667,61.66666666666667,61.67,False,False,0.6299246105874492,62.99246105874492,62.99,False,False
expanded-v3-w4a4-22source-20261007,all12,kev-4b,Kev,W4A4,expanded-20261007-v3,kev-4b,s1q-ac,S1Q-AC,csqa,CommonsenseQA,standard_dataset,upstream_dataset_gold,128,128,0.421875,42.1875,42.19,False,False,0.6299246105874492,62.99246105874492,62.99,False,False
expanded-v3-w4a4-22source-20261007,all12,kev-4b,Kev,W4A4,expanded-20261007-v3,kev-4b,s1q-ac,S1Q-AC,emotion,Emotion,standard_dataset,upstream_dataset_gold,120,120,0.425,42.5,42.5,False,False,0.6299246105874492,62.99246105874492,62.99,False,False
expanded-v3-w4a4-22source-20261007,all12,kev-4b,Kev,W4A4,expanded-20261007-v3,kev-4b,s1q-ac,S1Q-AC,imdb,IMDb,standard_dataset,upstream_dataset_gold,53,53,0.9056603773584906,90.56603773584906,90.57,False,False,0.6299246105874492,62.99246105874492,62.99,False,False
expanded-v3-w4a4-22source-20261007,all12,kev-4b,Kev,W4A4,expanded-20261007-v3,kev-4b,s1q-ac,S1Q-AC,jevbench,JevBench new eligible public tasks,authored_scenario_suite,authored_scenario_gold,48,48,0.9791666666666666,97.91666666666666,97.92,False,False,0.6299246105874492,62.99246105874492,62.99,False,False
expanded-v3-w4a4-22source-20261007,all12,kev-4b,Kev,W4A4,expanded-20261007-v3,kev-4b,s1q-ac,S1Q-AC,mmlu,MMLU,standard_dataset,upstream_dataset_gold,99,99,0.303030303030303,30.303030303030305,30.3,False,False,0.6299246105874492,62.99246105874492,62.99,False,False
expanded-v3-w4a4-22source-20261007,all12,kev-4b,Kev,W4A4,expanded-20261007-v3,kev-4b,s1q-ac,S1Q-AC,mnli,MNLI,standard_dataset,upstream_dataset_gold,122,122,0.6475409836065574,64.75409836065575,64.75,False,False,0.6299246105874492,62.99246105874492,62.99,False,False
expanded-v3-w4a4-22source-20261007,all12,kev-4b,Kev,W4A4,expanded-20261007-v3,kev-4b,s1q-ac,S1Q-AC,openbookqa,OpenBookQA,standard_dataset,upstream_dataset_gold,128,128,0.359375,35.9375,35.94,False,False,0.6299246105874492,62.99246105874492,62.99,False,False
expanded-v3-w4a4-22source-20261007,all12,kev-4b,Kev,W4A4,expanded-20261007-v3,kev-4b,s1q-ac,S1Q-AC,paws,PAWS,standard_dataset,upstream_dataset_gold,128,128,0.5234375,52.34375,52.34,False,False,0.6299246105874492,62.99246105874492,62.99,False,False
expanded-v3-w4a4-22source-20261007,all12,kev-4b,Kev,W4A4,expanded-20261007-v3,kev-4b,s1q-ac,S1Q-AC,qnli,QNLI,standard_dataset,upstream_dataset_gold,128,128,0.6640625,66.40625,66.41,True,True,0.6299246105874492,62.99246105874492,62.99,False,False
expanded-v3-w4a4-22source-20261007,all12,kev-4b,Kev,W4A4,expanded-20261007-v3,kev-4b,s1q-ac,S1Q-AC,sciq,SciQ,standard_dataset,upstream_dataset_gold,92,92,0.9021739130434784,90.21739130434784,90.22,True,True,0.6299246105874492,62.99246105874492,62.99,False,False
expanded-v3-w4a4-22source-20261007,all12,kev-4b,Kev,W4A4,expanded-20261007-v3,kev-4b,s1q-ac,S1Q-AC,semif,SemIf authored,authored_rule_suite,authored_scenario_gold,128,32,0.609375,60.9375,60.94,False,False,0.6299246105874492,62.99246105874492,62.99,False,False
expanded-v3-w4a4-22source-20261007,all12,kev-4b,Kev,W4A4,expanded-20261007-v3,kev-4b,s1q-ac,S1Q-AC,sst5,SST-5,standard_dataset,upstream_dataset_gold,128,128,0.3984375,39.84375,39.84,False,False,0.6299246105874492,62.99246105874492,62.99,False,False
expanded-v3-w4a4-22source-20261007,all12,kev-4b,Kev,W4A4,expanded-20261007-v3,kev-4b,s1q-ac,S1Q-AC,toolace,ToolACE tool-choice classification,domain_decision_suite,native_annotation,68,68,0.8676470588235294,86.76470588235294,86.76,True,True,0.6299246105874492,62.99246105874492,62.99,False,False
expanded-v3-w4a4-22source-20261007,all12,kev-4b,Kev,W4A4,expanded-20261007-v3,kev-4b,s1q-ac,S1Q-AC,trec,TREC,standard_dataset,upstream_dataset_gold,121,121,0.8677685950413223,86.77685950413223,86.78,False,False,0.6299246105874492,62.99246105874492,62.99,False,False
expanded-v3-w4a4-22source-20261007,all12,kev-4b,Kev,W4A4,expanded-20261007-v3,kev-4b,s1q-ac,S1Q-AC,tweet-offensive,TweetEval Offensive,standard_dataset,upstream_dataset_gold,128,128,0.7578125,75.78125,75.78,False,False,0.6299246105874492,62.99246105874492,62.99,False,False
expanded-v3-w4a4-22source-20261007,all12,kev-4b,Kev,W4A4,expanded-20261007-v3,kev-4b,s1q-ac,S1Q-AC,wanli,WANLI,standard_dataset,upstream_dataset_gold,256,256,0.40625,40.625,40.62,False,False,0.6299246105874492,62.99246105874492,62.99,False,False
expanded-v3-w4a4-22source-20261007,all12,kev-4b,Kev,W4A4,expanded-20261007-v3,kev-4b,s1q-ac,S1Q-AC,wildjailbreak,WildJailBreak harmful/benign classification,domain_decision_suite,native_annotation,128,128,0.6171875,61.71875,61.72,True,True,0.6299246105874492,62.99246105874492,62.99,False,False
expanded-v3-w4a4-22source-20261007,all12,kev-4b,Kev,W4A4,expanded-20261007-v3,kev-4b,s1q-ac,S1Q-AC,yelp,Yelp,standard_dataset,upstream_dataset_gold,132,66,0.7575757575757576,75.75757575757575,75.76,True,True,0.6299246105874492,62.99246105874492,62.99,False,False
expanded-v3-w4a4-22source-20261007,all12,kev-4b,Kev,W4A4,expanded-20261007-v3,kev-4b,s1q-margin,S1Q-Margin,agnews,AG News,standard_dataset,upstream_dataset_gold,360,120,0.85,85.0,85.0,False,False,0.62528521869605,62.528521869605,62.53,False,False
expanded-v3-w4a4-22source-20261007,all12,kev-4b,Kev,W4A4,expanded-20261007-v3,kev-4b,s1q-margin,S1Q-Margin,amazon,Amazon Reviews,standard_dataset,upstream_dataset_gold,128,128,0.4375,43.75,43.75,False,False,0.62528521869605,62.528521869605,62.53,False,False
expanded-v3-w4a4-22source-20261007,all12,kev-4b,Kev,W4A4,expanded-20261007-v3,kev-4b,s1q-margin,S1Q-Margin,arc,ARC,standard_dataset,upstream_dataset_gold,128,128,0.484375,48.4375,48.44,False,False,0.62528521869605,62.528521869605,62.53,False,False
expanded-v3-w4a4-22source-20261007,all12,kev-4b,Kev,W4A4,expanded-20261007-v3,kev-4b,s1q-margin,S1Q-Margin,boolq,BoolQ,standard_dataset,upstream_dataset_gold,120,120,0.625,62.5,62.5,False,False,0.62528521869605,62.528521869605,62.53,False,False
expanded-v3-w4a4-22source-20261007,all12,kev-4b,Kev,W4A4,expanded-20261007-v3,kev-4b,s1q-margin,S1Q-Margin,csqa,CommonsenseQA,standard_dataset,upstream_dataset_gold,128,128,0.46875,46.875,46.88,True,True,0.62528521869605,62.528521869605,62.53,False,False
expanded-v3-w4a4-22source-20261007,all12,kev-4b,Kev,W4A4,expanded-20261007-v3,kev-4b,s1q-margin,S1Q-Margin,emotion,Emotion,standard_dataset,upstream_dataset_gold,120,120,0.4833333333333333,48.333333333333336,48.33,False,False,0.62528521869605,62.528521869605,62.53,False,False
expanded-v3-w4a4-22source-20261007,all12,kev-4b,Kev,W4A4,expanded-20261007-v3,kev-4b,s1q-margin,S1Q-Margin,imdb,IMDb,standard_dataset,upstream_dataset_gold,53,53,0.9245283018867924,92.45283018867924,92.45,True,True,0.62528521869605,62.528521869605,62.53,False,False
expanded-v3-w4a4-22source-20261007,all12,kev-4b,Kev,W4A4,expanded-20261007-v3,kev-4b,s1q-margin,S1Q-Margin,jevbench,JevBench new eligible public tasks,authored_scenario_suite,authored_scenario_gold,48,48,0.9375,93.75,93.75,False,False,0.62528521869605,62.528521869605,62.53,False,False
expanded-v3-w4a4-22source-20261007,all12,kev-4b,Kev,W4A4,expanded-20261007-v3,kev-4b,s1q-margin,S1Q-Margin,mmlu,MMLU,standard_dataset,upstream_dataset_gold,99,99,0.3434343434343434,34.34343434343434,34.34,False,False,0.62528521869605,62.528521869605,62.53,False,False
expanded-v3-w4a4-22source-20261007,all12,kev-4b,Kev,W4A4,expanded-20261007-v3,kev-4b,s1q-margin,S1Q-Margin,mnli,MNLI,standard_dataset,upstream_dataset_gold,122,122,0.6885245901639344,68.85245901639344,68.85,False,False,0.62528521869605,62.528521869605,62.53,False,False
expanded-v3-w4a4-22source-20261007,all12,kev-4b,Kev,W4A4,expanded-20261007-v3,kev-4b,s1q-margin,S1Q-Margin,openbookqa,OpenBookQA,standard_dataset,upstream_dataset_gold,128,128,0.359375,35.9375,35.94,False,False,0.62528521869605,62.528521869605,62.53,False,False
expanded-v3-w4a4-22source-20261007,all12,kev-4b,Kev,W4A4,expanded-20261007-v3,kev-4b,s1q-margin,S1Q-Margin,paws,PAWS,standard_dataset,upstream_dataset_gold,128,128,0.5,50.0,50.0,False,False,0.62528521869605,62.528521869605,62.53,False,False
expanded-v3-w4a4-22source-20261007,all12,kev-4b,Kev,W4A4,expanded-20261007-v3,kev-4b,s1q-margin,S1Q-Margin,qnli,QNLI,standard_dataset,upstream_dataset_gold,128,128,0.59375,59.375,59.38,False,False,0.62528521869605,62.528521869605,62.53,False,False
expanded-v3-w4a4-22source-20261007,all12,kev-4b,Kev,W4A4,expanded-20261007-v3,kev-4b,s1q-margin,S1Q-Margin,sciq,SciQ,standard_dataset,upstream_dataset_gold,92,92,0.8913043478260869,89.13043478260869,89.13,False,False,0.62528521869605,62.528521869605,62.53,False,False
expanded-v3-w4a4-22source-20261007,all12,kev-4b,Kev,W4A4,expanded-20261007-v3,kev-4b,s1q-margin,S1Q-Margin,semif,SemIf authored,authored_rule_suite,authored_scenario_gold,128,32,0.6171875,61.71875,61.72,False,False,0.62528521869605,62.528521869605,62.53,False,False
expanded-v3-w4a4-22source-20261007,all12,kev-4b,Kev,W4A4,expanded-20261007-v3,kev-4b,s1q-margin,S1Q-Margin,sst5,SST-5,standard_dataset,upstream_dataset_gold,128,128,0.3984375,39.84375,39.84,False,False,0.62528521869605,62.528521869605,62.53,False,False
expanded-v3-w4a4-22source-20261007,all12,kev-4b,Kev,W4A4,expanded-20261007-v3,kev-4b,s1q-margin,S1Q-Margin,toolace,ToolACE tool-choice classification,domain_decision_suite,native_annotation,68,68,0.8382352941176471,83.82352941176471,83.82,False,False,0.62528521869605,62.528521869605,62.53,False,False
expanded-v3-w4a4-22source-20261007,all12,kev-4b,Kev,W4A4,expanded-20261007-v3,kev-4b,s1q-margin,S1Q-Margin,trec,TREC,standard_dataset,upstream_dataset_gold,121,121,0.8429752066115702,84.29752066115702,84.3,False,False,0.62528521869605,62.528521869605,62.53,False,False
expanded-v3-w4a4-22source-20261007,all12,kev-4b,Kev,W4A4,expanded-20261007-v3,kev-4b,s1q-margin,S1Q-Margin,tweet-offensive,TweetEval Offensive,standard_dataset,upstream_dataset_gold,128,128,0.7734375,77.34375,77.34,True,True,0.62528521869605,62.528521869605,62.53,False,False
expanded-v3-w4a4-22source-20261007,all12,kev-4b,Kev,W4A4,expanded-20261007-v3,kev-4b,s1q-margin,S1Q-Margin,wanli,WANLI,standard_dataset,upstream_dataset_gold,256,256,0.4609375,46.09375,46.09,False,False,0.62528521869605,62.528521869605,62.53,False,False
expanded-v3-w4a4-22source-20261007,all12,kev-4b,Kev,W4A4,expanded-20261007-v3,kev-4b,s1q-margin,S1Q-Margin,wildjailbreak,WildJailBreak harmful/benign classification,domain_decision_suite,native_annotation,128,128,0.59375,59.375,59.38,False,False,0.62528521869605,62.528521869605,62.53,False,False
expanded-v3-w4a4-22source-20261007,all12,kev-4b,Kev,W4A4,expanded-20261007-v3,kev-4b,s1q-margin,S1Q-Margin,yelp,Yelp,standard_dataset,upstream_dataset_gold,132,66,0.6439393939393939,64.39393939393939,64.39,False,False,0.62528521869605,62.528521869605,62.53,False,False
expanded-v3-w4a4-22source-20261007,all12,kev-4b,Kev,W4A4,expanded-20261007-v3,kev-4b,s1q,S1Q (current),agnews,AG News,standard_dataset,upstream_dataset_gold,360,120,0.8666666666666667,86.66666666666667,86.67,True,True,0.6510175239655805,65.10175239655806,65.1,True,True
expanded-v3-w4a4-22source-20261007,all12,kev-4b,Kev,W4A4,expanded-20261007-v3,kev-4b,s1q,S1Q (current),amazon,Amazon Reviews,standard_dataset,upstream_dataset_gold,128,128,0.46875,46.875,46.88,False,False,0.6510175239655805,65.10175239655806,65.1,True,True
expanded-v3-w4a4-22source-20261007,all12,kev-4b,Kev,W4A4,expanded-20261007-v3,kev-4b,s1q,S1Q (current),arc,ARC,standard_dataset,upstream_dataset_gold,128,128,0.5625,56.25,56.25,True,True,0.6510175239655805,65.10175239655806,65.1,True,True
expanded-v3-w4a4-22source-20261007,all12,kev-4b,Kev,W4A4,expanded-20261007-v3,kev-4b,s1q,S1Q (current),boolq,BoolQ,standard_dataset,upstream_dataset_gold,120,120,0.6583333333333333,65.83333333333333,65.83,True,True,0.6510175239655805,65.10175239655806,65.1,True,True
expanded-v3-w4a4-22source-20261007,all12,kev-4b,Kev,W4A4,expanded-20261007-v3,kev-4b,s1q,S1Q (current),csqa,CommonsenseQA,standard_dataset,upstream_dataset_gold,128,128,0.4609375,46.09375,46.09,False,False,0.6510175239655805,65.10175239655806,65.1,True,True
expanded-v3-w4a4-22source-20261007,all12,kev-4b,Kev,W4A4,expanded-20261007-v3,kev-4b,s1q,S1Q (current),emotion,Emotion,standard_dataset,upstream_dataset_gold,120,120,0.5666666666666667,56.66666666666666,56.67,True,True,0.6510175239655805,65.10175239655806,65.1,True,True
expanded-v3-w4a4-22source-20261007,all12,kev-4b,Kev,W4A4,expanded-20261007-v3,kev-4b,s1q,S1Q (current),imdb,IMDb,standard_dataset,upstream_dataset_gold,53,53,0.8867924528301887,88.67924528301887,88.68,False,False,0.6510175239655805,65.10175239655806,65.1,True,True
expanded-v3-w4a4-22source-20261007,all12,kev-4b,Kev,W4A4,expanded-20261007-v3,kev-4b,s1q,S1Q (current),jevbench,JevBench new eligible public tasks,authored_scenario_suite,authored_scenario_gold,48,48,1.0,100.0,100.0,True,True,0.6510175239655805,65.10175239655806,65.1,True,True
expanded-v3-w4a4-22source-20261007,all12,kev-4b,Kev,W4A4,expanded-20261007-v3,kev-4b,s1q,S1Q (current),mmlu,MMLU,standard_dataset,upstream_dataset_gold,99,99,0.3434343434343434,34.34343434343434,34.34,False,False,0.6510175239655805,65.10175239655806,65.1,True,True
expanded-v3-w4a4-22source-20261007,all12,kev-4b,Kev,W4A4,expanded-20261007-v3,kev-4b,s1q,S1Q (current),mnli,MNLI,standard_dataset,upstream_dataset_gold,122,122,0.6721311475409836,67.21311475409836,67.21,False,False,0.6510175239655805,65.10175239655806,65.1,True,True
expanded-v3-w4a4-22source-20261007,all12,kev-4b,Kev,W4A4,expanded-20261007-v3,kev-4b,s1q,S1Q (current),openbookqa,OpenBookQA,standard_dataset,upstream_dataset_gold,128,128,0.3984375,39.84375,39.84,True,True,0.6510175239655805,65.10175239655806,65.1,True,True
expanded-v3-w4a4-22source-20261007,all12,kev-4b,Kev,W4A4,expanded-20261007-v3,kev-4b,s1q,S1Q (current),paws,PAWS,standard_dataset,upstream_dataset_gold,128,128,0.65625,65.625,65.62,True,True,0.6510175239655805,65.10175239655806,65.1,True,True
expanded-v3-w4a4-22source-20261007,all12,kev-4b,Kev,W4A4,expanded-20261007-v3,kev-4b,s1q,S1Q (current),qnli,QNLI,standard_dataset,upstream_dataset_gold,128,128,0.625,62.5,62.5,False,False,0.6510175239655805,65.10175239655806,65.1,True,True
expanded-v3-w4a4-22source-20261007,all12,kev-4b,Kev,W4A4,expanded-20261007-v3,kev-4b,s1q,S1Q (current),sciq,SciQ,standard_dataset,upstream_dataset_gold,92,92,0.9021739130434784,90.21739130434784,90.22,True,True,0.6510175239655805,65.10175239655806,65.1,True,True
expanded-v3-w4a4-22source-20261007,all12,kev-4b,Kev,W4A4,expanded-20261007-v3,kev-4b,s1q,S1Q (current),semif,SemIf authored,authored_rule_suite,authored_scenario_gold,128,32,0.6015625,60.15625,60.16,False,False,0.6510175239655805,65.10175239655806,65.1,True,True
expanded-v3-w4a4-22source-20261007,all12,kev-4b,Kev,W4A4,expanded-20261007-v3,kev-4b,s1q,S1Q (current),sst5,SST-5,standard_dataset,upstream_dataset_gold,128,128,0.4296875,42.96875,42.97,True,True,0.6510175239655805,65.10175239655806,65.1,True,True
expanded-v3-w4a4-22source-20261007,all12,kev-4b,Kev,W4A4,expanded-20261007-v3,kev-4b,s1q,S1Q (current),toolace,ToolACE tool-choice classification,domain_decision_suite,native_annotation,68,68,0.8676470588235294,86.76470588235294,86.76,True,True,0.6510175239655805,65.10175239655806,65.1,True,True
expanded-v3-w4a4-22source-20261007,all12,kev-4b,Kev,W4A4,expanded-20261007-v3,kev-4b,s1q,S1Q (current),trec,TREC,standard_dataset,upstream_dataset_gold,121,121,0.8842975206611571,88.42975206611571,88.43,False,False,0.6510175239655805,65.10175239655806,65.1,True,True
expanded-v3-w4a4-22source-20261007,all12,kev-4b,Kev,W4A4,expanded-20261007-v3,kev-4b,s1q,S1Q (current),tweet-offensive,TweetEval Offensive,standard_dataset,upstream_dataset_gold,128,128,0.7578125,75.78125,75.78,False,False,0.6510175239655805,65.10175239655806,65.1,True,True
expanded-v3-w4a4-22source-20261007,all12,kev-4b,Kev,W4A4,expanded-20261007-v3,kev-4b,s1q,S1Q (current),wanli,WANLI,standard_dataset,upstream_dataset_gold,256,256,0.4765625,47.65625,47.66,True,True,0.6510175239655805,65.10175239655806,65.1,True,True
expanded-v3-w4a4-22source-20261007,all12,kev-4b,Kev,W4A4,expanded-20261007-v3,kev-4b,s1q,S1Q (current),wildjailbreak,WildJailBreak harmful/benign classification,domain_decision_suite,native_annotation,128,128,0.5625,56.25,56.25,False,False,0.6510175239655805,65.10175239655806,65.1,True,True
expanded-v3-w4a4-22source-20261007,all12,kev-4b,Kev,W4A4,expanded-20261007-v3,kev-4b,s1q,S1Q (current),yelp,Yelp,standard_dataset,upstream_dataset_gold,132,66,0.6742424242424242,67.42424242424242,67.42,False,False,0.6510175239655805,65.10175239655806,65.1,True,True
expanded-v3-w4a4-22source-20261007,all12,kev-9b,Kev,W4A4,expanded-20261007-v3,kev-9b,s1q-joint,S1Q-Joint,agnews,AG News,standard_dataset,upstream_dataset_gold,360,120,0.8305555555555556,83.05555555555556,83.06,False,False,0.6205747695457614,62.05747695457614,62.06,False,False
expanded-v3-w4a4-22source-20261007,all12,kev-9b,Kev,W4A4,expanded-20261007-v3,kev-9b,s1q-joint,S1Q-Joint,amazon,Amazon Reviews,standard_dataset,upstream_dataset_gold,128,128,0.515625,51.5625,51.56,True,True,0.6205747695457614,62.05747695457614,62.06,False,False
expanded-v3-w4a4-22source-20261007,all12,kev-9b,Kev,W4A4,expanded-20261007-v3,kev-9b,s1q-joint,S1Q-Joint,arc,ARC,standard_dataset,upstream_dataset_gold,128,128,0.4453125,44.53125,44.53,False,False,0.6205747695457614,62.05747695457614,62.06,False,False
expanded-v3-w4a4-22source-20261007,all12,kev-9b,Kev,W4A4,expanded-20261007-v3,kev-9b,s1q-joint,S1Q-Joint,boolq,BoolQ,standard_dataset,upstream_dataset_gold,120,120,0.6416666666666667,64.16666666666667,64.17,False,False,0.6205747695457614,62.05747695457614,62.06,False,False
expanded-v3-w4a4-22source-20261007,all12,kev-9b,Kev,W4A4,expanded-20261007-v3,kev-9b,s1q-joint,S1Q-Joint,csqa,CommonsenseQA,standard_dataset,upstream_dataset_gold,128,128,0.4921875,49.21875,49.22,False,False,0.6205747695457614,62.05747695457614,62.06,False,False
expanded-v3-w4a4-22source-20261007,all12,kev-9b,Kev,W4A4,expanded-20261007-v3,kev-9b,s1q-joint,S1Q-Joint,emotion,Emotion,standard_dataset,upstream_dataset_gold,120,120,0.4916666666666666,49.16666666666666,49.17,False,False,0.6205747695457614,62.05747695457614,62.06,False,False
expanded-v3-w4a4-22source-20261007,all12,kev-9b,Kev,W4A4,expanded-20261007-v3,kev-9b,s1q-joint,S1Q-Joint,imdb,IMDb,standard_dataset,upstream_dataset_gold,53,53,0.8867924528301887,88.67924528301887,88.68,False,False,0.6205747695457614,62.05747695457614,62.06,False,False
expanded-v3-w4a4-22source-20261007,all12,kev-9b,Kev,W4A4,expanded-20261007-v3,kev-9b,s1q-joint,S1Q-Joint,jevbench,JevBench new eligible public tasks,authored_scenario_suite,authored_scenario_gold,48,48,0.9583333333333334,95.83333333333334,95.83,False,False,0.6205747695457614,62.05747695457614,62.06,False,False
expanded-v3-w4a4-22source-20261007,all12,kev-9b,Kev,W4A4,expanded-20261007-v3,kev-9b,s1q-joint,S1Q-Joint,mmlu,MMLU,standard_dataset,upstream_dataset_gold,99,99,0.3636363636363636,36.36363636363637,36.36,False,False,0.6205747695457614,62.05747695457614,62.06,False,False
expanded-v3-w4a4-22source-20261007,all12,kev-9b,Kev,W4A4,expanded-20261007-v3,kev-9b,s1q-joint,S1Q-Joint,mnli,MNLI,standard_dataset,upstream_dataset_gold,122,122,0.6721311475409836,67.21311475409836,67.21,False,False,0.6205747695457614,62.05747695457614,62.06,False,False
expanded-v3-w4a4-22source-20261007,all12,kev-9b,Kev,W4A4,expanded-20261007-v3,kev-9b,s1q-joint,S1Q-Joint,openbookqa,OpenBookQA,standard_dataset,upstream_dataset_gold,128,128,0.359375,35.9375,35.94,False,False,0.6205747695457614,62.05747695457614,62.06,False,False
expanded-v3-w4a4-22source-20261007,all12,kev-9b,Kev,W4A4,expanded-20261007-v3,kev-9b,s1q-joint,S1Q-Joint,paws,PAWS,standard_dataset,upstream_dataset_gold,128,128,0.578125,57.8125,57.81,False,False,0.6205747695457614,62.05747695457614,62.06,False,False
expanded-v3-w4a4-22source-20261007,all12,kev-9b,Kev,W4A4,expanded-20261007-v3,kev-9b,s1q-joint,S1Q-Joint,qnli,QNLI,standard_dataset,upstream_dataset_gold,128,128,0.703125,70.3125,70.31,False,False,0.6205747695457614,62.05747695457614,62.06,False,False
expanded-v3-w4a4-22source-20261007,all12,kev-9b,Kev,W4A4,expanded-20261007-v3,kev-9b,s1q-joint,S1Q-Joint,sciq,SciQ,standard_dataset,upstream_dataset_gold,92,92,0.9130434782608696,91.30434782608695,91.3,False,False,0.6205747695457614,62.05747695457614,62.06,False,False
expanded-v3-w4a4-22source-20261007,all12,kev-9b,Kev,W4A4,expanded-20261007-v3,kev-9b,s1q-joint,S1Q-Joint,semif,SemIf authored,authored_rule_suite,authored_scenario_gold,128,32,0.6484375,64.84375,64.84,False,False,0.6205747695457614,62.05747695457614,62.06,False,False
expanded-v3-w4a4-22source-20261007,all12,kev-9b,Kev,W4A4,expanded-20261007-v3,kev-9b,s1q-joint,S1Q-Joint,sst5,SST-5,standard_dataset,upstream_dataset_gold,128,128,0.3984375,39.84375,39.84,False,False,0.6205747695457614,62.05747695457614,62.06,False,False
expanded-v3-w4a4-22source-20261007,all12,kev-9b,Kev,W4A4,expanded-20261007-v3,kev-9b,s1q-joint,S1Q-Joint,toolace,ToolACE tool-choice classification,domain_decision_suite,native_annotation,68,68,0.7941176470588235,79.41176470588235,79.41,False,False,0.6205747695457614,62.05747695457614,62.06,False,False
expanded-v3-w4a4-22source-20261007,all12,kev-9b,Kev,W4A4,expanded-20261007-v3,kev-9b,s1q-joint,S1Q-Joint,trec,TREC,standard_dataset,upstream_dataset_gold,121,121,0.7851239669421488,78.51239669421489,78.51,False,False,0.6205747695457614,62.05747695457614,62.06,False,False
expanded-v3-w4a4-22source-20261007,all12,kev-9b,Kev,W4A4,expanded-20261007-v3,kev-9b,s1q-joint,S1Q-Joint,tweet-offensive,TweetEval Offensive,standard_dataset,upstream_dataset_gold,128,128,0.78125,78.125,78.12,True,True,0.6205747695457614,62.05747695457614,62.06,False,False
expanded-v3-w4a4-22source-20261007,all12,kev-9b,Kev,W4A4,expanded-20261007-v3,kev-9b,s1q-joint,S1Q-Joint,wanli,WANLI,standard_dataset,upstream_dataset_gold,256,256,0.5234375,52.34375,52.34,False,False,0.6205747695457614,62.05747695457614,62.06,False,False
expanded-v3-w4a4-22source-20261007,all12,kev-9b,Kev,W4A4,expanded-20261007-v3,kev-9b,s1q-joint,S1Q-Joint,wildjailbreak,WildJailBreak harmful/benign classification,domain_decision_suite,native_annotation,128,128,0.21875,21.875,21.88,False,False,0.6205747695457614,62.05747695457614,62.06,False,False
expanded-v3-w4a4-22source-20261007,all12,kev-9b,Kev,W4A4,expanded-20261007-v3,kev-9b,s1q-joint,S1Q-Joint,yelp,Yelp,standard_dataset,upstream_dataset_gold,132,66,0.6515151515151515,65.15151515151516,65.15,False,False,0.6205747695457614,62.05747695457614,62.06,False,False
expanded-v3-w4a4-22source-20261007,all12,kev-9b,Kev,W4A4,expanded-20261007-v3,kev-9b,s1q-ac,S1Q-AC,agnews,AG News,standard_dataset,upstream_dataset_gold,360,120,0.8444444444444444,84.44444444444444,84.44,False,False,0.6595051122676935,65.95051122676935,65.95,True,True
expanded-v3-w4a4-22source-20261007,all12,kev-9b,Kev,W4A4,expanded-20261007-v3,kev-9b,s1q-ac,S1Q-AC,amazon,Amazon Reviews,standard_dataset,upstream_dataset_gold,128,128,0.46875,46.875,46.88,False,False,0.6595051122676935,65.95051122676935,65.95,True,True
expanded-v3-w4a4-22source-20261007,all12,kev-9b,Kev,W4A4,expanded-20261007-v3,kev-9b,s1q-ac,S1Q-AC,arc,ARC,standard_dataset,upstream_dataset_gold,128,128,0.578125,57.8125,57.81,True,True,0.6595051122676935,65.95051122676935,65.95,True,True
expanded-v3-w4a4-22source-20261007,all12,kev-9b,Kev,W4A4,expanded-20261007-v3,kev-9b,s1q-ac,S1Q-AC,boolq,BoolQ,standard_dataset,upstream_dataset_gold,120,120,0.7083333333333334,70.83333333333334,70.83,True,True,0.6595051122676935,65.95051122676935,65.95,True,True
expanded-v3-w4a4-22source-20261007,all12,kev-9b,Kev,W4A4,expanded-20261007-v3,kev-9b,s1q-ac,S1Q-AC,csqa,CommonsenseQA,standard_dataset,upstream_dataset_gold,128,128,0.53125,53.125,53.12,False,False,0.6595051122676935,65.95051122676935,65.95,True,True
expanded-v3-w4a4-22source-20261007,all12,kev-9b,Kev,W4A4,expanded-20261007-v3,kev-9b,s1q-ac,S1Q-AC,emotion,Emotion,standard_dataset,upstream_dataset_gold,120,120,0.525,52.5,52.5,True,True,0.6595051122676935,65.95051122676935,65.95,True,True
expanded-v3-w4a4-22source-20261007,all12,kev-9b,Kev,W4A4,expanded-20261007-v3,kev-9b,s1q-ac,S1Q-AC,imdb,IMDb,standard_dataset,upstream_dataset_gold,53,53,0.981132075471698,98.1132075471698,98.11,True,True,0.6595051122676935,65.95051122676935,65.95,True,True
expanded-v3-w4a4-22source-20261007,all12,kev-9b,Kev,W4A4,expanded-20261007-v3,kev-9b,s1q-ac,S1Q-AC,jevbench,JevBench new eligible public tasks,authored_scenario_suite,authored_scenario_gold,48,48,0.9791666666666666,97.91666666666666,97.92,True,True,0.6595051122676935,65.95051122676935,65.95,True,True
expanded-v3-w4a4-22source-20261007,all12,kev-9b,Kev,W4A4,expanded-20261007-v3,kev-9b,s1q-ac,S1Q-AC,mmlu,MMLU,standard_dataset,upstream_dataset_gold,99,99,0.4141414141414141,41.41414141414141,41.41,True,True,0.6595051122676935,65.95051122676935,65.95,True,True
expanded-v3-w4a4-22source-20261007,all12,kev-9b,Kev,W4A4,expanded-20261007-v3,kev-9b,s1q-ac,S1Q-AC,mnli,MNLI,standard_dataset,upstream_dataset_gold,122,122,0.7540983606557377,75.40983606557377,75.41,True,True,0.6595051122676935,65.95051122676935,65.95,True,True
expanded-v3-w4a4-22source-20261007,all12,kev-9b,Kev,W4A4,expanded-20261007-v3,kev-9b,s1q-ac,S1Q-AC,openbookqa,OpenBookQA,standard_dataset,upstream_dataset_gold,128,128,0.390625,39.0625,39.06,True,True,0.6595051122676935,65.95051122676935,65.95,True,True
expanded-v3-w4a4-22source-20261007,all12,kev-9b,Kev,W4A4,expanded-20261007-v3,kev-9b,s1q-ac,S1Q-AC,paws,PAWS,standard_dataset,upstream_dataset_gold,128,128,0.578125,57.8125,57.81,False,False,0.6595051122676935,65.95051122676935,65.95,True,True
expanded-v3-w4a4-22source-20261007,all12,kev-9b,Kev,W4A4,expanded-20261007-v3,kev-9b,s1q-ac,S1Q-AC,qnli,QNLI,standard_dataset,upstream_dataset_gold,128,128,0.7421875,74.21875,74.22,True,True,0.6595051122676935,65.95051122676935,65.95,True,True
expanded-v3-w4a4-22source-20261007,all12,kev-9b,Kev,W4A4,expanded-20261007-v3,kev-9b,s1q-ac,S1Q-AC,sciq,SciQ,standard_dataset,upstream_dataset_gold,92,92,0.9347826086956522,93.47826086956522,93.48,False,False,0.6595051122676935,65.95051122676935,65.95,True,True
expanded-v3-w4a4-22source-20261007,all12,kev-9b,Kev,W4A4,expanded-20261007-v3,kev-9b,s1q-ac,S1Q-AC,semif,SemIf authored,authored_rule_suite,authored_scenario_gold,128,32,0.6953125,69.53125,69.53,True,True,0.6595051122676935,65.95051122676935,65.95,True,True
expanded-v3-w4a4-22source-20261007,all12,kev-9b,Kev,W4A4,expanded-20261007-v3,kev-9b,s1q-ac,S1Q-AC,sst5,SST-5,standard_dataset,upstream_dataset_gold,128,128,0.4609375,46.09375,46.09,False,False,0.6595051122676935,65.95051122676935,65.95,True,True
expanded-v3-w4a4-22source-20261007,all12,kev-9b,Kev,W4A4,expanded-20261007-v3,kev-9b,s1q-ac,S1Q-AC,toolace,ToolACE tool-choice classification,domain_decision_suite,native_annotation,68,68,0.7941176470588235,79.41176470588235,79.41,False,False,0.6595051122676935,65.95051122676935,65.95,True,True
expanded-v3-w4a4-22source-20261007,all12,kev-9b,Kev,W4A4,expanded-20261007-v3,kev-9b,s1q-ac,S1Q-AC,trec,TREC,standard_dataset,upstream_dataset_gold,121,121,0.8512396694214877,85.12396694214877,85.12,True,True,0.6595051122676935,65.95051122676935,65.95,True,True
expanded-v3-w4a4-22source-20261007,all12,kev-9b,Kev,W4A4,expanded-20261007-v3,kev-9b,s1q-ac,S1Q-AC,tweet-offensive,TweetEval Offensive,standard_dataset,upstream_dataset_gold,128,128,0.7578125,75.78125,75.78,False,False,0.6595051122676935,65.95051122676935,65.95,True,True
expanded-v3-w4a4-22source-20261007,all12,kev-9b,Kev,W4A4,expanded-20261007-v3,kev-9b,s1q-ac,S1Q-AC,wanli,WANLI,standard_dataset,upstream_dataset_gold,256,256,0.54296875,54.296875,54.3,False,False,0.6595051122676935,65.95051122676935,65.95,True,True
expanded-v3-w4a4-22source-20261007,all12,kev-9b,Kev,W4A4,expanded-20261007-v3,kev-9b,s1q-ac,S1Q-AC,wildjailbreak,WildJailBreak harmful/benign classification,domain_decision_suite,native_annotation,128,128,0.2265625,22.65625,22.66,False,False,0.6595051122676935,65.95051122676935,65.95,True,True
expanded-v3-w4a4-22source-20261007,all12,kev-9b,Kev,W4A4,expanded-20261007-v3,kev-9b,s1q-ac,S1Q-AC,yelp,Yelp,standard_dataset,upstream_dataset_gold,132,66,0.75,75.0,75.0,True,True,0.6595051122676935,65.95051122676935,65.95,True,True
expanded-v3-w4a4-22source-20261007,all12,kev-9b,Kev,W4A4,expanded-20261007-v3,kev-9b,s1q-margin,S1Q-Margin,agnews,AG News,standard_dataset,upstream_dataset_gold,360,120,0.8333333333333334,83.33333333333334,83.33,False,False,0.6000112717376365,60.00112717376365,60.0,False,False
expanded-v3-w4a4-22source-20261007,all12,kev-9b,Kev,W4A4,expanded-20261007-v3,kev-9b,s1q-margin,S1Q-Margin,amazon,Amazon Reviews,standard_dataset,upstream_dataset_gold,128,128,0.46875,46.875,46.88,False,False,0.6000112717376365,60.00112717376365,60.0,False,False
expanded-v3-w4a4-22source-20261007,all12,kev-9b,Kev,W4A4,expanded-20261007-v3,kev-9b,s1q-margin,S1Q-Margin,arc,ARC,standard_dataset,upstream_dataset_gold,128,128,0.40625,40.625,40.62,False,False,0.6000112717376365,60.00112717376365,60.0,False,False
expanded-v3-w4a4-22source-20261007,all12,kev-9b,Kev,W4A4,expanded-20261007-v3,kev-9b,s1q-margin,S1Q-Margin,boolq,BoolQ,standard_dataset,upstream_dataset_gold,120,120,0.6083333333333333,60.83333333333333,60.83,False,False,0.6000112717376365,60.00112717376365,60.0,False,False
expanded-v3-w4a4-22source-20261007,all12,kev-9b,Kev,W4A4,expanded-20261007-v3,kev-9b,s1q-margin,S1Q-Margin,csqa,CommonsenseQA,standard_dataset,upstream_dataset_gold,128,128,0.46875,46.875,46.88,False,False,0.6000112717376365,60.00112717376365,60.0,False,False
expanded-v3-w4a4-22source-20261007,all12,kev-9b,Kev,W4A4,expanded-20261007-v3,kev-9b,s1q-margin,S1Q-Margin,emotion,Emotion,standard_dataset,upstream_dataset_gold,120,120,0.5166666666666667,51.66666666666667,51.67,False,False,0.6000112717376365,60.00112717376365,60.0,False,False
expanded-v3-w4a4-22source-20261007,all12,kev-9b,Kev,W4A4,expanded-20261007-v3,kev-9b,s1q-margin,S1Q-Margin,imdb,IMDb,standard_dataset,upstream_dataset_gold,53,53,0.9433962264150944,94.33962264150944,94.34,False,False,0.6000112717376365,60.00112717376365,60.0,False,False
expanded-v3-w4a4-22source-20261007,all12,kev-9b,Kev,W4A4,expanded-20261007-v3,kev-9b,s1q-margin,S1Q-Margin,jevbench,JevBench new eligible public tasks,authored_scenario_suite,authored_scenario_gold,48,48,0.9583333333333334,95.83333333333334,95.83,False,False,0.6000112717376365,60.00112717376365,60.0,False,False
expanded-v3-w4a4-22source-20261007,all12,kev-9b,Kev,W4A4,expanded-20261007-v3,kev-9b,s1q-margin,S1Q-Margin,mmlu,MMLU,standard_dataset,upstream_dataset_gold,99,99,0.3636363636363636,36.36363636363637,36.36,False,False,0.6000112717376365,60.00112717376365,60.0,False,False
expanded-v3-w4a4-22source-20261007,all12,kev-9b,Kev,W4A4,expanded-20261007-v3,kev-9b,s1q-margin,S1Q-Margin,mnli,MNLI,standard_dataset,upstream_dataset_gold,122,122,0.5573770491803278,55.73770491803278,55.74,False,False,0.6000112717376365,60.00112717376365,60.0,False,False
expanded-v3-w4a4-22source-20261007,all12,kev-9b,Kev,W4A4,expanded-20261007-v3,kev-9b,s1q-margin,S1Q-Margin,openbookqa,OpenBookQA,standard_dataset,upstream_dataset_gold,128,128,0.3359375,33.59375,33.59,False,False,0.6000112717376365,60.00112717376365,60.0,False,False
expanded-v3-w4a4-22source-20261007,all12,kev-9b,Kev,W4A4,expanded-20261007-v3,kev-9b,s1q-margin,S1Q-Margin,paws,PAWS,standard_dataset,upstream_dataset_gold,128,128,0.5,50.0,50.0,False,False,0.6000112717376365,60.00112717376365,60.0,False,False
expanded-v3-w4a4-22source-20261007,all12,kev-9b,Kev,W4A4,expanded-20261007-v3,kev-9b,s1q-margin,S1Q-Margin,qnli,QNLI,standard_dataset,upstream_dataset_gold,128,128,0.7265625,72.65625,72.66,False,False,0.6000112717376365,60.00112717376365,60.0,False,False
expanded-v3-w4a4-22source-20261007,all12,kev-9b,Kev,W4A4,expanded-20261007-v3,kev-9b,s1q-margin,S1Q-Margin,sciq,SciQ,standard_dataset,upstream_dataset_gold,92,92,0.8260869565217391,82.6086956521739,82.61,False,False,0.6000112717376365,60.00112717376365,60.0,False,False
expanded-v3-w4a4-22source-20261007,all12,kev-9b,Kev,W4A4,expanded-20261007-v3,kev-9b,s1q-margin,S1Q-Margin,semif,SemIf authored,authored_rule_suite,authored_scenario_gold,128,32,0.6171875,61.71875,61.72,False,False,0.6000112717376365,60.00112717376365,60.0,False,False
expanded-v3-w4a4-22source-20261007,all12,kev-9b,Kev,W4A4,expanded-20261007-v3,kev-9b,s1q-margin,S1Q-Margin,sst5,SST-5,standard_dataset,upstream_dataset_gold,128,128,0.375,37.5,37.5,False,False,0.6000112717376365,60.00112717376365,60.0,False,False
expanded-v3-w4a4-22source-20261007,all12,kev-9b,Kev,W4A4,expanded-20261007-v3,kev-9b,s1q-margin,S1Q-Margin,toolace,ToolACE tool-choice classification,domain_decision_suite,native_annotation,68,68,0.7794117647058824,77.94117647058823,77.94,False,False,0.6000112717376365,60.00112717376365,60.0,False,False
expanded-v3-w4a4-22source-20261007,all12,kev-9b,Kev,W4A4,expanded-20261007-v3,kev-9b,s1q-margin,S1Q-Margin,trec,TREC,standard_dataset,upstream_dataset_gold,121,121,0.7768595041322314,77.68595041322314,77.69,False,False,0.6000112717376365,60.00112717376365,60.0,False,False
expanded-v3-w4a4-22source-20261007,all12,kev-9b,Kev,W4A4,expanded-20261007-v3,kev-9b,s1q-margin,S1Q-Margin,tweet-offensive,TweetEval Offensive,standard_dataset,upstream_dataset_gold,128,128,0.765625,76.5625,76.56,False,False,0.6000112717376365,60.00112717376365,60.0,False,False
expanded-v3-w4a4-22source-20261007,all12,kev-9b,Kev,W4A4,expanded-20261007-v3,kev-9b,s1q-margin,S1Q-Margin,wanli,WANLI,standard_dataset,upstream_dataset_gold,256,256,0.52734375,52.734375,52.73,False,False,0.6000112717376365,60.00112717376365,60.0,False,False
expanded-v3-w4a4-22source-20261007,all12,kev-9b,Kev,W4A4,expanded-20261007-v3,kev-9b,s1q-margin,S1Q-Margin,wildjailbreak,WildJailBreak harmful/benign classification,domain_decision_suite,native_annotation,128,128,0.1484375,14.84375,14.84,False,False,0.6000112717376365,60.00112717376365,60.0,False,False
expanded-v3-w4a4-22source-20261007,all12,kev-9b,Kev,W4A4,expanded-20261007-v3,kev-9b,s1q-margin,S1Q-Margin,yelp,Yelp,standard_dataset,upstream_dataset_gold,132,66,0.696969696969697,69.6969696969697,69.7,False,False,0.6000112717376365,60.00112717376365,60.0,False,False
expanded-v3-w4a4-22source-20261007,all12,kev-9b,Kev,W4A4,expanded-20261007-v3,kev-9b,s1q,S1Q (current),agnews,AG News,standard_dataset,upstream_dataset_gold,360,120,0.8611111111111112,86.11111111111111,86.11,True,True,0.6489682302257017,64.89682302257017,64.9,False,False
expanded-v3-w4a4-22source-20261007,all12,kev-9b,Kev,W4A4,expanded-20261007-v3,kev-9b,s1q,S1Q (current),amazon,Amazon Reviews,standard_dataset,upstream_dataset_gold,128,128,0.484375,48.4375,48.44,False,False,0.6489682302257017,64.89682302257017,64.9,False,False
expanded-v3-w4a4-22source-20261007,all12,kev-9b,Kev,W4A4,expanded-20261007-v3,kev-9b,s1q,S1Q (current),arc,ARC,standard_dataset,upstream_dataset_gold,128,128,0.5546875,55.46875,55.47,False,False,0.6489682302257017,64.89682302257017,64.9,False,False
expanded-v3-w4a4-22source-20261007,all12,kev-9b,Kev,W4A4,expanded-20261007-v3,kev-9b,s1q,S1Q (current),boolq,BoolQ,standard_dataset,upstream_dataset_gold,120,120,0.6916666666666667,69.16666666666667,69.17,False,False,0.6489682302257017,64.89682302257017,64.9,False,False
expanded-v3-w4a4-22source-20261007,all12,kev-9b,Kev,W4A4,expanded-20261007-v3,kev-9b,s1q,S1Q (current),csqa,CommonsenseQA,standard_dataset,upstream_dataset_gold,128,128,0.6015625,60.15625,60.16,True,True,0.6489682302257017,64.89682302257017,64.9,False,False
expanded-v3-w4a4-22source-20261007,all12,kev-9b,Kev,W4A4,expanded-20261007-v3,kev-9b,s1q,S1Q (current),emotion,Emotion,standard_dataset,upstream_dataset_gold,120,120,0.5,50.0,50.0,False,False,0.6489682302257017,64.89682302257017,64.9,False,False
expanded-v3-w4a4-22source-20261007,all12,kev-9b,Kev,W4A4,expanded-20261007-v3,kev-9b,s1q,S1Q (current),imdb,IMDb,standard_dataset,upstream_dataset_gold,53,53,0.9433962264150944,94.33962264150944,94.34,False,False,0.6489682302257017,64.89682302257017,64.9,False,False
expanded-v3-w4a4-22source-20261007,all12,kev-9b,Kev,W4A4,expanded-20261007-v3,kev-9b,s1q,S1Q (current),jevbench,JevBench new eligible public tasks,authored_scenario_suite,authored_scenario_gold,48,48,0.9791666666666666,97.91666666666666,97.92,True,True,0.6489682302257017,64.89682302257017,64.9,False,False
expanded-v3-w4a4-22source-20261007,all12,kev-9b,Kev,W4A4,expanded-20261007-v3,kev-9b,s1q,S1Q (current),mmlu,MMLU,standard_dataset,upstream_dataset_gold,99,99,0.2929292929292929,29.29292929292929,29.29,False,False,0.6489682302257017,64.89682302257017,64.9,False,False
expanded-v3-w4a4-22source-20261007,all12,kev-9b,Kev,W4A4,expanded-20261007-v3,kev-9b,s1q,S1Q (current),mnli,MNLI,standard_dataset,upstream_dataset_gold,122,122,0.7459016393442623,74.59016393442623,74.59,False,False,0.6489682302257017,64.89682302257017,64.9,False,False
expanded-v3-w4a4-22source-20261007,all12,kev-9b,Kev,W4A4,expanded-20261007-v3,kev-9b,s1q,S1Q (current),openbookqa,OpenBookQA,standard_dataset,upstream_dataset_gold,128,128,0.2890625,28.90625,28.91,False,False,0.6489682302257017,64.89682302257017,64.9,False,False
expanded-v3-w4a4-22source-20261007,all12,kev-9b,Kev,W4A4,expanded-20261007-v3,kev-9b,s1q,S1Q (current),paws,PAWS,standard_dataset,upstream_dataset_gold,128,128,0.5703125,57.03125,57.03,False,False,0.6489682302257017,64.89682302257017,64.9,False,False
expanded-v3-w4a4-22source-20261007,all12,kev-9b,Kev,W4A4,expanded-20261007-v3,kev-9b,s1q,S1Q (current),qnli,QNLI,standard_dataset,upstream_dataset_gold,128,128,0.703125,70.3125,70.31,False,False,0.6489682302257017,64.89682302257017,64.9,False,False
expanded-v3-w4a4-22source-20261007,all12,kev-9b,Kev,W4A4,expanded-20261007-v3,kev-9b,s1q,S1Q (current),sciq,SciQ,standard_dataset,upstream_dataset_gold,92,92,0.9456521739130436,94.56521739130434,94.57,True,True,0.6489682302257017,64.89682302257017,64.9,False,False
expanded-v3-w4a4-22source-20261007,all12,kev-9b,Kev,W4A4,expanded-20261007-v3,kev-9b,s1q,S1Q (current),semif,SemIf authored,authored_rule_suite,authored_scenario_gold,128,32,0.6484375,64.84375,64.84,False,False,0.6489682302257017,64.89682302257017,64.9,False,False
expanded-v3-w4a4-22source-20261007,all12,kev-9b,Kev,W4A4,expanded-20261007-v3,kev-9b,s1q,S1Q (current),sst5,SST-5,standard_dataset,upstream_dataset_gold,128,128,0.5,50.0,50.0,True,True,0.6489682302257017,64.89682302257017,64.9,False,False
expanded-v3-w4a4-22source-20261007,all12,kev-9b,Kev,W4A4,expanded-20261007-v3,kev-9b,s1q,S1Q (current),toolace,ToolACE tool-choice classification,domain_decision_suite,native_annotation,68,68,0.8382352941176471,83.82352941176471,83.82,True,True,0.6489682302257017,64.89682302257017,64.9,False,False
expanded-v3-w4a4-22source-20261007,all12,kev-9b,Kev,W4A4,expanded-20261007-v3,kev-9b,s1q,S1Q (current),trec,TREC,standard_dataset,upstream_dataset_gold,121,121,0.8347107438016529,83.47107438016529,83.47,False,False,0.6489682302257017,64.89682302257017,64.9,False,False
expanded-v3-w4a4-22source-20261007,all12,kev-9b,Kev,W4A4,expanded-20261007-v3,kev-9b,s1q,S1Q (current),tweet-offensive,TweetEval Offensive,standard_dataset,upstream_dataset_gold,128,128,0.78125,78.125,78.12,True,True,0.6489682302257017,64.89682302257017,64.9,False,False
expanded-v3-w4a4-22source-20261007,all12,kev-9b,Kev,W4A4,expanded-20261007-v3,kev-9b,s1q,S1Q (current),wanli,WANLI,standard_dataset,upstream_dataset_gold,256,256,0.55859375,55.859375,55.86,True,True,0.6489682302257017,64.89682302257017,64.9,False,False
expanded-v3-w4a4-22source-20261007,all12,kev-9b,Kev,W4A4,expanded-20261007-v3,kev-9b,s1q,S1Q (current),wildjailbreak,WildJailBreak harmful/benign classification,domain_decision_suite,native_annotation,128,128,0.203125,20.3125,20.31,False,False,0.6489682302257017,64.89682302257017,64.9,False,False
expanded-v3-w4a4-22source-20261007,all12,kev-9b,Kev,W4A4,expanded-20261007-v3,kev-9b,s1q,S1Q (current),yelp,Yelp,standard_dataset,upstream_dataset_gold,132,66,0.75,75.0,75.0,True,True,0.6489682302257017,64.89682302257017,64.9,False,False
expanded-v3-w4a4-22source-20261007,all12,laya,Laya,W4A4,expanded-20261007-v3,laya,s1q-joint,S1Q-Joint,agnews,AG News,standard_dataset,upstream_dataset_gold,360,120,0.8388888888888889,83.88888888888889,83.89,False,False,0.524967802220302,52.4967802220302,52.5,False,False
expanded-v3-w4a4-22source-20261007,all12,laya,Laya,W4A4,expanded-20261007-v3,laya,s1q-joint,S1Q-Joint,amazon,Amazon Reviews,standard_dataset,upstream_dataset_gold,128,128,0.265625,26.5625,26.56,False,False,0.524967802220302,52.4967802220302,52.5,False,False
expanded-v3-w4a4-22source-20261007,all12,laya,Laya,W4A4,expanded-20261007-v3,laya,s1q-joint,S1Q-Joint,arc,ARC,standard_dataset,upstream_dataset_gold,128,128,0.265625,26.5625,26.56,False,False,0.524967802220302,52.4967802220302,52.5,False,False
expanded-v3-w4a4-22source-20261007,all12,laya,Laya,W4A4,expanded-20261007-v3,laya,s1q-joint,S1Q-Joint,boolq,BoolQ,standard_dataset,upstream_dataset_gold,120,120,0.6416666666666667,64.16666666666667,64.17,False,False,0.524967802220302,52.4967802220302,52.5,False,False
expanded-v3-w4a4-22source-20261007,all12,laya,Laya,W4A4,expanded-20261007-v3,laya,s1q-joint,S1Q-Joint,csqa,CommonsenseQA,standard_dataset,upstream_dataset_gold,128,128,0.3828125,38.28125,38.28,False,False,0.524967802220302,52.4967802220302,52.5,False,False
expanded-v3-w4a4-22source-20261007,all12,laya,Laya,W4A4,expanded-20261007-v3,laya,s1q-joint,S1Q-Joint,emotion,Emotion,standard_dataset,upstream_dataset_gold,120,120,0.575,57.49999999999999,57.5,False,False,0.524967802220302,52.4967802220302,52.5,False,False
expanded-v3-w4a4-22source-20261007,all12,laya,Laya,W4A4,expanded-20261007-v3,laya,s1q-joint,S1Q-Joint,imdb,IMDb,standard_dataset,upstream_dataset_gold,53,53,0.5094339622641509,50.943396226415096,50.94,True,True,0.524967802220302,52.4967802220302,52.5,False,False
expanded-v3-w4a4-22source-20261007,all12,laya,Laya,W4A4,expanded-20261007-v3,laya,s1q-joint,S1Q-Joint,jevbench,JevBench new eligible public tasks,authored_scenario_suite,authored_scenario_gold,48,48,0.9375,93.75,93.75,False,False,0.524967802220302,52.4967802220302,52.5,False,False
expanded-v3-w4a4-22source-20261007,all12,laya,Laya,W4A4,expanded-20261007-v3,laya,s1q-joint,S1Q-Joint,mmlu,MMLU,standard_dataset,upstream_dataset_gold,99,99,0.2929292929292929,29.29292929292929,29.29,False,False,0.524967802220302,52.4967802220302,52.5,False,False
expanded-v3-w4a4-22source-20261007,all12,laya,Laya,W4A4,expanded-20261007-v3,laya,s1q-joint,S1Q-Joint,mnli,MNLI,standard_dataset,upstream_dataset_gold,122,122,0.5655737704918032,56.55737704918032,56.56,False,False,0.524967802220302,52.4967802220302,52.5,False,False
expanded-v3-w4a4-22source-20261007,all12,laya,Laya,W4A4,expanded-20261007-v3,laya,s1q-joint,S1Q-Joint,openbookqa,OpenBookQA,standard_dataset,upstream_dataset_gold,128,128,0.3359375,33.59375,33.59,False,False,0.524967802220302,52.4967802220302,52.5,False,False
expanded-v3-w4a4-22source-20261007,all12,laya,Laya,W4A4,expanded-20261007-v3,laya,s1q-joint,S1Q-Joint,paws,PAWS,standard_dataset,upstream_dataset_gold,128,128,0.7734375,77.34375,77.34,False,False,0.524967802220302,52.4967802220302,52.5,False,False
expanded-v3-w4a4-22source-20261007,all12,laya,Laya,W4A4,expanded-20261007-v3,laya,s1q-joint,S1Q-Joint,qnli,QNLI,standard_dataset,upstream_dataset_gold,128,128,0.625,62.5,62.5,False,False,0.524967802220302,52.4967802220302,52.5,False,False
expanded-v3-w4a4-22source-20261007,all12,laya,Laya,W4A4,expanded-20261007-v3,laya,s1q-joint,S1Q-Joint,sciq,SciQ,standard_dataset,upstream_dataset_gold,92,92,0.8260869565217391,82.6086956521739,82.61,False,False,0.524967802220302,52.4967802220302,52.5,False,False
expanded-v3-w4a4-22source-20261007,all12,laya,Laya,W4A4,expanded-20261007-v3,laya,s1q-joint,S1Q-Joint,semif,SemIf authored,authored_rule_suite,authored_scenario_gold,128,32,0.4765625,47.65625,47.66,False,False,0.524967802220302,52.4967802220302,52.5,False,False
expanded-v3-w4a4-22source-20261007,all12,laya,Laya,W4A4,expanded-20261007-v3,laya,s1q-joint,S1Q-Joint,sst5,SST-5,standard_dataset,upstream_dataset_gold,128,128,0.25,25.0,25.0,False,False,0.524967802220302,52.4967802220302,52.5,False,False
expanded-v3-w4a4-22source-20261007,all12,laya,Laya,W4A4,expanded-20261007-v3,laya,s1q-joint,S1Q-Joint,toolace,ToolACE tool-choice classification,domain_decision_suite,native_annotation,68,68,0.4411764705882353,44.11764705882353,44.12,False,False,0.524967802220302,52.4967802220302,52.5,False,False
expanded-v3-w4a4-22source-20261007,all12,laya,Laya,W4A4,expanded-20261007-v3,laya,s1q-joint,S1Q-Joint,trec,TREC,standard_dataset,upstream_dataset_gold,121,121,0.6859504132231405,68.59504132231406,68.6,False,False,0.524967802220302,52.4967802220302,52.5,False,False
expanded-v3-w4a4-22source-20261007,all12,laya,Laya,W4A4,expanded-20261007-v3,laya,s1q-joint,S1Q-Joint,tweet-offensive,TweetEval Offensive,standard_dataset,upstream_dataset_gold,128,128,0.7578125,75.78125,75.78,False,False,0.524967802220302,52.4967802220302,52.5,False,False
expanded-v3-w4a4-22source-20261007,all12,laya,Laya,W4A4,expanded-20261007-v3,laya,s1q-joint,S1Q-Joint,wanli,WANLI,standard_dataset,upstream_dataset_gold,256,256,0.484375,48.4375,48.44,False,False,0.524967802220302,52.4967802220302,52.5,False,False
expanded-v3-w4a4-22source-20261007,all12,laya,Laya,W4A4,expanded-20261007-v3,laya,s1q-joint,S1Q-Joint,wildjailbreak,WildJailBreak harmful/benign classification,domain_decision_suite,native_annotation,128,128,0.140625,14.0625,14.06,False,False,0.524967802220302,52.4967802220302,52.5,False,False
expanded-v3-w4a4-22source-20261007,all12,laya,Laya,W4A4,expanded-20261007-v3,laya,s1q-joint,S1Q-Joint,yelp,Yelp,standard_dataset,upstream_dataset_gold,132,66,0.4772727272727273,47.72727272727273,47.73,False,False,0.524967802220302,52.4967802220302,52.5,False,False
expanded-v3-w4a4-22source-20261007,all12,laya,Laya,W4A4,expanded-20261007-v3,laya,s1q-ac,S1Q-AC,agnews,AG News,standard_dataset,upstream_dataset_gold,360,120,0.8333333333333334,83.33333333333334,83.33,False,False,0.5216564933337581,52.16564933337581,52.17,False,False
expanded-v3-w4a4-22source-20261007,all12,laya,Laya,W4A4,expanded-20261007-v3,laya,s1q-ac,S1Q-AC,amazon,Amazon Reviews,standard_dataset,upstream_dataset_gold,128,128,0.265625,26.5625,26.56,False,False,0.5216564933337581,52.16564933337581,52.17,False,False
expanded-v3-w4a4-22source-20261007,all12,laya,Laya,W4A4,expanded-20261007-v3,laya,s1q-ac,S1Q-AC,arc,ARC,standard_dataset,upstream_dataset_gold,128,128,0.2734375,27.34375,27.34,False,False,0.5216564933337581,52.16564933337581,52.17,False,False
expanded-v3-w4a4-22source-20261007,all12,laya,Laya,W4A4,expanded-20261007-v3,laya,s1q-ac,S1Q-AC,boolq,BoolQ,standard_dataset,upstream_dataset_gold,120,120,0.6583333333333333,65.83333333333333,65.83,False,False,0.5216564933337581,52.16564933337581,52.17,False,False
expanded-v3-w4a4-22source-20261007,all12,laya,Laya,W4A4,expanded-20261007-v3,laya,s1q-ac,S1Q-AC,csqa,CommonsenseQA,standard_dataset,upstream_dataset_gold,128,128,0.3515625,35.15625,35.16,False,False,0.5216564933337581,52.16564933337581,52.17,False,False
expanded-v3-w4a4-22source-20261007,all12,laya,Laya,W4A4,expanded-20261007-v3,laya,s1q-ac,S1Q-AC,emotion,Emotion,standard_dataset,upstream_dataset_gold,120,120,0.525,52.5,52.5,False,False,0.5216564933337581,52.16564933337581,52.17,False,False
expanded-v3-w4a4-22source-20261007,all12,laya,Laya,W4A4,expanded-20261007-v3,laya,s1q-ac,S1Q-AC,imdb,IMDb,standard_dataset,upstream_dataset_gold,53,53,0.4528301886792453,45.28301886792453,45.28,False,False,0.5216564933337581,52.16564933337581,52.17,False,False
expanded-v3-w4a4-22source-20261007,all12,laya,Laya,W4A4,expanded-20261007-v3,laya,s1q-ac,S1Q-AC,jevbench,JevBench new eligible public tasks,authored_scenario_suite,authored_scenario_gold,48,48,0.9375,93.75,93.75,False,False,0.5216564933337581,52.16564933337581,52.17,False,False
expanded-v3-w4a4-22source-20261007,all12,laya,Laya,W4A4,expanded-20261007-v3,laya,s1q-ac,S1Q-AC,mmlu,MMLU,standard_dataset,upstream_dataset_gold,99,99,0.2525252525252525,25.252525252525253,25.25,False,False,0.5216564933337581,52.16564933337581,52.17,False,False
expanded-v3-w4a4-22source-20261007,all12,laya,Laya,W4A4,expanded-20261007-v3,laya,s1q-ac,S1Q-AC,mnli,MNLI,standard_dataset,upstream_dataset_gold,122,122,0.5409836065573771,54.09836065573771,54.1,False,False,0.5216564933337581,52.16564933337581,52.17,False,False
expanded-v3-w4a4-22source-20261007,all12,laya,Laya,W4A4,expanded-20261007-v3,laya,s1q-ac,S1Q-AC,openbookqa,OpenBookQA,standard_dataset,upstream_dataset_gold,128,128,0.2890625,28.90625,28.91,False,False,0.5216564933337581,52.16564933337581,52.17,False,False
expanded-v3-w4a4-22source-20261007,all12,laya,Laya,W4A4,expanded-20261007-v3,laya,s1q-ac,S1Q-AC,paws,PAWS,standard_dataset,upstream_dataset_gold,128,128,0.765625,76.5625,76.56,False,False,0.5216564933337581,52.16564933337581,52.17,False,False
expanded-v3-w4a4-22source-20261007,all12,laya,Laya,W4A4,expanded-20261007-v3,laya,s1q-ac,S1Q-AC,qnli,QNLI,standard_dataset,upstream_dataset_gold,128,128,0.609375,60.9375,60.94,False,False,0.5216564933337581,52.16564933337581,52.17,False,False
expanded-v3-w4a4-22source-20261007,all12,laya,Laya,W4A4,expanded-20261007-v3,laya,s1q-ac,S1Q-AC,sciq,SciQ,standard_dataset,upstream_dataset_gold,92,92,0.8152173913043478,81.52173913043478,81.52,False,False,0.5216564933337581,52.16564933337581,52.17,False,False
expanded-v3-w4a4-22source-20261007,all12,laya,Laya,W4A4,expanded-20261007-v3,laya,s1q-ac,S1Q-AC,semif,SemIf authored,authored_rule_suite,authored_scenario_gold,128,32,0.5234375,52.34375,52.34,False,False,0.5216564933337581,52.16564933337581,52.17,False,False
expanded-v3-w4a4-22source-20261007,all12,laya,Laya,W4A4,expanded-20261007-v3,laya,s1q-ac,S1Q-AC,sst5,SST-5,standard_dataset,upstream_dataset_gold,128,128,0.2734375,27.34375,27.34,False,False,0.5216564933337581,52.16564933337581,52.17,False,False
expanded-v3-w4a4-22source-20261007,all12,laya,Laya,W4A4,expanded-20261007-v3,laya,s1q-ac,S1Q-AC,toolace,ToolACE tool-choice classification,domain_decision_suite,native_annotation,68,68,0.5441176470588235,54.41176470588235,54.41,False,False,0.5216564933337581,52.16564933337581,52.17,False,False
expanded-v3-w4a4-22source-20261007,all12,laya,Laya,W4A4,expanded-20261007-v3,laya,s1q-ac,S1Q-AC,trec,TREC,standard_dataset,upstream_dataset_gold,121,121,0.6611570247933884,66.11570247933885,66.12,False,False,0.5216564933337581,52.16564933337581,52.17,False,False
expanded-v3-w4a4-22source-20261007,all12,laya,Laya,W4A4,expanded-20261007-v3,laya,s1q-ac,S1Q-AC,tweet-offensive,TweetEval Offensive,standard_dataset,upstream_dataset_gold,128,128,0.7578125,75.78125,75.78,False,False,0.5216564933337581,52.16564933337581,52.17,False,False
expanded-v3-w4a4-22source-20261007,all12,laya,Laya,W4A4,expanded-20261007-v3,laya,s1q-ac,S1Q-AC,wanli,WANLI,standard_dataset,upstream_dataset_gold,256,256,0.4609375,46.09375,46.09,False,False,0.5216564933337581,52.16564933337581,52.17,False,False
expanded-v3-w4a4-22source-20261007,all12,laya,Laya,W4A4,expanded-20261007-v3,laya,s1q-ac,S1Q-AC,wildjailbreak,WildJailBreak harmful/benign classification,domain_decision_suite,native_annotation,128,128,0.109375,10.9375,10.94,False,False,0.5216564933337581,52.16564933337581,52.17,False,False
expanded-v3-w4a4-22source-20261007,all12,laya,Laya,W4A4,expanded-20261007-v3,laya,s1q-ac,S1Q-AC,yelp,Yelp,standard_dataset,upstream_dataset_gold,132,66,0.5757575757575758,57.57575757575758,57.58,False,False,0.5216564933337581,52.16564933337581,52.17,False,False
expanded-v3-w4a4-22source-20261007,all12,laya,Laya,W4A4,expanded-20261007-v3,laya,s1q-margin,S1Q-Margin,agnews,AG News,standard_dataset,upstream_dataset_gold,360,120,0.8472222222222222,84.72222222222221,84.72,False,False,0.5394452296707837,53.94452296707837,53.94,False,False
expanded-v3-w4a4-22source-20261007,all12,laya,Laya,W4A4,expanded-20261007-v3,laya,s1q-margin,S1Q-Margin,amazon,Amazon Reviews,standard_dataset,upstream_dataset_gold,128,128,0.2890625,28.90625,28.91,False,False,0.5394452296707837,53.94452296707837,53.94,False,False
expanded-v3-w4a4-22source-20261007,all12,laya,Laya,W4A4,expanded-20261007-v3,laya,s1q-margin,S1Q-Margin,arc,ARC,standard_dataset,upstream_dataset_gold,128,128,0.3359375,33.59375,33.59,True,True,0.5394452296707837,53.94452296707837,53.94,False,False
expanded-v3-w4a4-22source-20261007,all12,laya,Laya,W4A4,expanded-20261007-v3,laya,s1q-margin,S1Q-Margin,boolq,BoolQ,standard_dataset,upstream_dataset_gold,120,120,0.7,70.0,70.0,True,True,0.5394452296707837,53.94452296707837,53.94,False,False
expanded-v3-w4a4-22source-20261007,all12,laya,Laya,W4A4,expanded-20261007-v3,laya,s1q-margin,S1Q-Margin,csqa,CommonsenseQA,standard_dataset,upstream_dataset_gold,128,128,0.390625,39.0625,39.06,True,True,0.5394452296707837,53.94452296707837,53.94,False,False
expanded-v3-w4a4-22source-20261007,all12,laya,Laya,W4A4,expanded-20261007-v3,laya,s1q-margin,S1Q-Margin,emotion,Emotion,standard_dataset,upstream_dataset_gold,120,120,0.5833333333333334,58.333333333333336,58.33,False,False,0.5394452296707837,53.94452296707837,53.94,False,False
expanded-v3-w4a4-22source-20261007,all12,laya,Laya,W4A4,expanded-20261007-v3,laya,s1q-margin,S1Q-Margin,imdb,IMDb,standard_dataset,upstream_dataset_gold,53,53,0.4716981132075472,47.16981132075472,47.17,False,False,0.5394452296707837,53.94452296707837,53.94,False,False
expanded-v3-w4a4-22source-20261007,all12,laya,Laya,W4A4,expanded-20261007-v3,laya,s1q-margin,S1Q-Margin,jevbench,JevBench new eligible public tasks,authored_scenario_suite,authored_scenario_gold,48,48,0.8958333333333334,89.58333333333334,89.58,False,False,0.5394452296707837,53.94452296707837,53.94,False,False
expanded-v3-w4a4-22source-20261007,all12,laya,Laya,W4A4,expanded-20261007-v3,laya,s1q-margin,S1Q-Margin,mmlu,MMLU,standard_dataset,upstream_dataset_gold,99,99,0.2626262626262626,26.262626262626267,26.26,False,False,0.5394452296707837,53.94452296707837,53.94,False,False
expanded-v3-w4a4-22source-20261007,all12,laya,Laya,W4A4,expanded-20261007-v3,laya,s1q-margin,S1Q-Margin,mnli,MNLI,standard_dataset,upstream_dataset_gold,122,122,0.5327868852459017,53.278688524590166,53.28,False,False,0.5394452296707837,53.94452296707837,53.94,False,False
expanded-v3-w4a4-22source-20261007,all12,laya,Laya,W4A4,expanded-20261007-v3,laya,s1q-margin,S1Q-Margin,openbookqa,OpenBookQA,standard_dataset,upstream_dataset_gold,128,128,0.3671875,36.71875,36.72,False,False,0.5394452296707837,53.94452296707837,53.94,False,False
expanded-v3-w4a4-22source-20261007,all12,laya,Laya,W4A4,expanded-20261007-v3,laya,s1q-margin,S1Q-Margin,paws,PAWS,standard_dataset,upstream_dataset_gold,128,128,0.734375,73.4375,73.44,False,False,0.5394452296707837,53.94452296707837,53.94,False,False
expanded-v3-w4a4-22source-20261007,all12,laya,Laya,W4A4,expanded-20261007-v3,laya,s1q-margin,S1Q-Margin,qnli,QNLI,standard_dataset,upstream_dataset_gold,128,128,0.6640625,66.40625,66.41,False,False,0.5394452296707837,53.94452296707837,53.94,False,False
expanded-v3-w4a4-22source-20261007,all12,laya,Laya,W4A4,expanded-20261007-v3,laya,s1q-margin,S1Q-Margin,sciq,SciQ,standard_dataset,upstream_dataset_gold,92,92,0.8478260869565217,84.78260869565217,84.78,False,False,0.5394452296707837,53.94452296707837,53.94,False,False
expanded-v3-w4a4-22source-20261007,all12,laya,Laya,W4A4,expanded-20261007-v3,laya,s1q-margin,S1Q-Margin,semif,SemIf authored,authored_rule_suite,authored_scenario_gold,128,32,0.4921875,49.21875,49.22,False,False,0.5394452296707837,53.94452296707837,53.94,False,False
expanded-v3-w4a4-22source-20261007,all12,laya,Laya,W4A4,expanded-20261007-v3,laya,s1q-margin,S1Q-Margin,sst5,SST-5,standard_dataset,upstream_dataset_gold,128,128,0.296875,29.6875,29.69,False,False,0.5394452296707837,53.94452296707837,53.94,False,False
expanded-v3-w4a4-22source-20261007,all12,laya,Laya,W4A4,expanded-20261007-v3,laya,s1q-margin,S1Q-Margin,toolace,ToolACE tool-choice classification,domain_decision_suite,native_annotation,68,68,0.6323529411764706,63.23529411764706,63.24,False,False,0.5394452296707837,53.94452296707837,53.94,False,False
expanded-v3-w4a4-22source-20261007,all12,laya,Laya,W4A4,expanded-20261007-v3,laya,s1q-margin,S1Q-Margin,trec,TREC,standard_dataset,upstream_dataset_gold,121,121,0.5867768595041323,58.67768595041323,58.68,False,False,0.5394452296707837,53.94452296707837,53.94,False,False
expanded-v3-w4a4-22source-20261007,all12,laya,Laya,W4A4,expanded-20261007-v3,laya,s1q-margin,S1Q-Margin,tweet-offensive,TweetEval Offensive,standard_dataset,upstream_dataset_gold,128,128,0.75,75.0,75.0,False,False,0.5394452296707837,53.94452296707837,53.94,False,False
expanded-v3-w4a4-22source-20261007,all12,laya,Laya,W4A4,expanded-20261007-v3,laya,s1q-margin,S1Q-Margin,wanli,WANLI,standard_dataset,upstream_dataset_gold,256,256,0.5,50.0,50.0,False,False,0.5394452296707837,53.94452296707837,53.94,False,False
expanded-v3-w4a4-22source-20261007,all12,laya,Laya,W4A4,expanded-20261007-v3,laya,s1q-margin,S1Q-Margin,wildjailbreak,WildJailBreak harmful/benign classification,domain_decision_suite,native_annotation,128,128,0.171875,17.1875,17.19,False,False,0.5394452296707837,53.94452296707837,53.94,False,False
expanded-v3-w4a4-22source-20261007,all12,laya,Laya,W4A4,expanded-20261007-v3,laya,s1q-margin,S1Q-Margin,yelp,Yelp,standard_dataset,upstream_dataset_gold,132,66,0.5151515151515151,51.51515151515152,51.52,False,False,0.5394452296707837,53.94452296707837,53.94,False,False
expanded-v3-w4a4-22source-20261007,all12,laya,Laya,W4A4,expanded-20261007-v3,laya,s1q,S1Q (current),agnews,AG News,standard_dataset,upstream_dataset_gold,360,120,0.8527777777777777,85.27777777777777,85.28,False,False,0.5251332827200424,52.51332827200424,52.51,False,False
expanded-v3-w4a4-22source-20261007,all12,laya,Laya,W4A4,expanded-20261007-v3,laya,s1q,S1Q (current),amazon,Amazon Reviews,standard_dataset,upstream_dataset_gold,128,128,0.2734375,27.34375,27.34,False,False,0.5251332827200424,52.51332827200424,52.51,False,False
expanded-v3-w4a4-22source-20261007,all12,laya,Laya,W4A4,expanded-20261007-v3,laya,s1q,S1Q (current),arc,ARC,standard_dataset,upstream_dataset_gold,128,128,0.2890625,28.90625,28.91,False,False,0.5251332827200424,52.51332827200424,52.51,False,False
expanded-v3-w4a4-22source-20261007,all12,laya,Laya,W4A4,expanded-20261007-v3,laya,s1q,S1Q (current),boolq,BoolQ,standard_dataset,upstream_dataset_gold,120,120,0.625,62.5,62.5,False,False,0.5251332827200424,52.51332827200424,52.51,False,False
expanded-v3-w4a4-22source-20261007,all12,laya,Laya,W4A4,expanded-20261007-v3,laya,s1q,S1Q (current),csqa,CommonsenseQA,standard_dataset,upstream_dataset_gold,128,128,0.3515625,35.15625,35.16,False,False,0.5251332827200424,52.51332827200424,52.51,False,False
expanded-v3-w4a4-22source-20261007,all12,laya,Laya,W4A4,expanded-20261007-v3,laya,s1q,S1Q (current),emotion,Emotion,standard_dataset,upstream_dataset_gold,120,120,0.5833333333333334,58.333333333333336,58.33,False,False,0.5251332827200424,52.51332827200424,52.51,False,False
expanded-v3-w4a4-22source-20261007,all12,laya,Laya,W4A4,expanded-20261007-v3,laya,s1q,S1Q (current),imdb,IMDb,standard_dataset,upstream_dataset_gold,53,53,0.4716981132075472,47.16981132075472,47.17,False,False,0.5251332827200424,52.51332827200424,52.51,False,False
expanded-v3-w4a4-22source-20261007,all12,laya,Laya,W4A4,expanded-20261007-v3,laya,s1q,S1Q (current),jevbench,JevBench new eligible public tasks,authored_scenario_suite,authored_scenario_gold,48,48,0.9583333333333334,95.83333333333334,95.83,True,True,0.5251332827200424,52.51332827200424,52.51,False,False
expanded-v3-w4a4-22source-20261007,all12,laya,Laya,W4A4,expanded-20261007-v3,laya,s1q,S1Q (current),mmlu,MMLU,standard_dataset,upstream_dataset_gold,99,99,0.2727272727272727,27.27272727272727,27.27,False,False,0.5251332827200424,52.51332827200424,52.51,False,False
expanded-v3-w4a4-22source-20261007,all12,laya,Laya,W4A4,expanded-20261007-v3,laya,s1q,S1Q (current),mnli,MNLI,standard_dataset,upstream_dataset_gold,122,122,0.5655737704918032,56.55737704918032,56.56,False,False,0.5251332827200424,52.51332827200424,52.51,False,False
expanded-v3-w4a4-22source-20261007,all12,laya,Laya,W4A4,expanded-20261007-v3,laya,s1q,S1Q (current),openbookqa,OpenBookQA,standard_dataset,upstream_dataset_gold,128,128,0.3125,31.25,31.25,False,False,0.5251332827200424,52.51332827200424,52.51,False,False
expanded-v3-w4a4-22source-20261007,all12,laya,Laya,W4A4,expanded-20261007-v3,laya,s1q,S1Q (current),paws,PAWS,standard_dataset,upstream_dataset_gold,128,128,0.7109375,71.09375,71.09,False,False,0.5251332827200424,52.51332827200424,52.51,False,False
expanded-v3-w4a4-22source-20261007,all12,laya,Laya,W4A4,expanded-20261007-v3,laya,s1q,S1Q (current),qnli,QNLI,standard_dataset,upstream_dataset_gold,128,128,0.5625,56.25,56.25,False,False,0.5251332827200424,52.51332827200424,52.51,False,False
expanded-v3-w4a4-22source-20261007,all12,laya,Laya,W4A4,expanded-20261007-v3,laya,s1q,S1Q (current),sciq,SciQ,standard_dataset,upstream_dataset_gold,92,92,0.7717391304347826,77.17391304347827,77.17,False,False,0.5251332827200424,52.51332827200424,52.51,False,False
expanded-v3-w4a4-22source-20261007,all12,laya,Laya,W4A4,expanded-20261007-v3,laya,s1q,S1Q (current),semif,SemIf authored,authored_rule_suite,authored_scenario_gold,128,32,0.53125,53.125,53.12,False,False,0.5251332827200424,52.51332827200424,52.51,False,False
expanded-v3-w4a4-22source-20261007,all12,laya,Laya,W4A4,expanded-20261007-v3,laya,s1q,S1Q (current),sst5,SST-5,standard_dataset,upstream_dataset_gold,128,128,0.28125,28.125,28.12,False,False,0.5251332827200424,52.51332827200424,52.51,False,False
expanded-v3-w4a4-22source-20261007,all12,laya,Laya,W4A4,expanded-20261007-v3,laya,s1q,S1Q (current),toolace,ToolACE tool-choice classification,domain_decision_suite,native_annotation,68,68,0.5294117647058824,52.94117647058824,52.94,False,False,0.5251332827200424,52.51332827200424,52.51,False,False
expanded-v3-w4a4-22source-20261007,all12,laya,Laya,W4A4,expanded-20261007-v3,laya,s1q,S1Q (current),trec,TREC,standard_dataset,upstream_dataset_gold,121,121,0.6859504132231405,68.59504132231406,68.6,False,False,0.5251332827200424,52.51332827200424,52.51,False,False
expanded-v3-w4a4-22source-20261007,all12,laya,Laya,W4A4,expanded-20261007-v3,laya,s1q,S1Q (current),tweet-offensive,TweetEval Offensive,standard_dataset,upstream_dataset_gold,128,128,0.7578125,75.78125,75.78,False,False,0.5251332827200424,52.51332827200424,52.51,False,False
expanded-v3-w4a4-22source-20261007,all12,laya,Laya,W4A4,expanded-20261007-v3,laya,s1q,S1Q (current),wanli,WANLI,standard_dataset,upstream_dataset_gold,256,256,0.49609375,49.609375,49.61,False,False,0.5251332827200424,52.51332827200424,52.51,False,False
expanded-v3-w4a4-22source-20261007,all12,laya,Laya,W4A4,expanded-20261007-v3,laya,s1q,S1Q (current),wildjailbreak,WildJailBreak harmful/benign classification,domain_decision_suite,native_annotation,128,128,0.109375,10.9375,10.94,False,False,0.5251332827200424,52.51332827200424,52.51,False,False
expanded-v3-w4a4-22source-20261007,all12,laya,Laya,W4A4,expanded-20261007-v3,laya,s1q,S1Q (current),yelp,Yelp,standard_dataset,upstream_dataset_gold,132,66,0.5606060606060606,56.060606060606055,56.06,False,False,0.5251332827200424,52.51332827200424,52.51,False,False
expanded-v3-w4a4-22source-20261007,all12,startlux-decision-0.8b,StartLux-Decision,W4A4,expanded-20261007-v3,startlux-decision-0.8b,s1q-joint,S1Q-Joint,agnews,AG News,standard_dataset,upstream_dataset_gold,360,120,0.7611111111111111,76.11111111111111,76.11,False,False,0.5227768331618547,52.277683316185474,52.28,False,False
expanded-v3-w4a4-22source-20261007,all12,startlux-decision-0.8b,StartLux-Decision,W4A4,expanded-20261007-v3,startlux-decision-0.8b,s1q-joint,S1Q-Joint,amazon,Amazon Reviews,standard_dataset,upstream_dataset_gold,128,128,0.3359375,33.59375,33.59,False,False,0.5227768331618547,52.277683316185474,52.28,False,False
expanded-v3-w4a4-22source-20261007,all12,startlux-decision-0.8b,StartLux-Decision,W4A4,expanded-20261007-v3,startlux-decision-0.8b,s1q-joint,S1Q-Joint,arc,ARC,standard_dataset,upstream_dataset_gold,128,128,0.2734375,27.34375,27.34,False,False,0.5227768331618547,52.277683316185474,52.28,False,False
expanded-v3-w4a4-22source-20261007,all12,startlux-decision-0.8b,StartLux-Decision,W4A4,expanded-20261007-v3,startlux-decision-0.8b,s1q-joint,S1Q-Joint,boolq,BoolQ,standard_dataset,upstream_dataset_gold,120,120,0.6583333333333333,65.83333333333333,65.83,True,True,0.5227768331618547,52.277683316185474,52.28,False,False
expanded-v3-w4a4-22source-20261007,all12,startlux-decision-0.8b,StartLux-Decision,W4A4,expanded-20261007-v3,startlux-decision-0.8b,s1q-joint,S1Q-Joint,csqa,CommonsenseQA,standard_dataset,upstream_dataset_gold,128,128,0.3515625,35.15625,35.16,False,False,0.5227768331618547,52.277683316185474,52.28,False,False
expanded-v3-w4a4-22source-20261007,all12,startlux-decision-0.8b,StartLux-Decision,W4A4,expanded-20261007-v3,startlux-decision-0.8b,s1q-joint,S1Q-Joint,emotion,Emotion,standard_dataset,upstream_dataset_gold,120,120,0.6916666666666667,69.16666666666667,69.17,True,True,0.5227768331618547,52.277683316185474,52.28,False,False
expanded-v3-w4a4-22source-20261007,all12,startlux-decision-0.8b,StartLux-Decision,W4A4,expanded-20261007-v3,startlux-decision-0.8b,s1q-joint,S1Q-Joint,imdb,IMDb,standard_dataset,upstream_dataset_gold,53,53,0.8679245283018868,86.79245283018868,86.79,True,True,0.5227768331618547,52.277683316185474,52.28,False,False
expanded-v3-w4a4-22source-20261007,all12,startlux-decision-0.8b,StartLux-Decision,W4A4,expanded-20261007-v3,startlux-decision-0.8b,s1q-joint,S1Q-Joint,jevbench,JevBench new eligible public tasks,authored_scenario_suite,authored_scenario_gold,48,48,0.8958333333333334,89.58333333333334,89.58,False,False,0.5227768331618547,52.277683316185474,52.28,False,False
expanded-v3-w4a4-22source-20261007,all12,startlux-decision-0.8b,StartLux-Decision,W4A4,expanded-20261007-v3,startlux-decision-0.8b,s1q-joint,S1Q-Joint,mmlu,MMLU,standard_dataset,upstream_dataset_gold,99,99,0.3131313131313131,31.313131313131315,31.31,False,False,0.5227768331618547,52.277683316185474,52.28,False,False
expanded-v3-w4a4-22source-20261007,all12,startlux-decision-0.8b,StartLux-Decision,W4A4,expanded-20261007-v3,startlux-decision-0.8b,s1q-joint,S1Q-Joint,mnli,MNLI,standard_dataset,upstream_dataset_gold,122,122,0.4098360655737705,40.98360655737705,40.98,False,False,0.5227768331618547,52.277683316185474,52.28,False,False
expanded-v3-w4a4-22source-20261007,all12,startlux-decision-0.8b,StartLux-Decision,W4A4,expanded-20261007-v3,startlux-decision-0.8b,s1q-joint,S1Q-Joint,openbookqa,OpenBookQA,standard_dataset,upstream_dataset_gold,128,128,0.328125,32.8125,32.81,False,False,0.5227768331618547,52.277683316185474,52.28,False,False
expanded-v3-w4a4-22source-20261007,all12,startlux-decision-0.8b,StartLux-Decision,W4A4,expanded-20261007-v3,startlux-decision-0.8b,s1q-joint,S1Q-Joint,paws,PAWS,standard_dataset,upstream_dataset_gold,128,128,0.5,50.0,50.0,False,False,0.5227768331618547,52.277683316185474,52.28,False,False
expanded-v3-w4a4-22source-20261007,all12,startlux-decision-0.8b,StartLux-Decision,W4A4,expanded-20261007-v3,startlux-decision-0.8b,s1q-joint,S1Q-Joint,qnli,QNLI,standard_dataset,upstream_dataset_gold,128,128,0.6171875,61.71875,61.72,False,False,0.5227768331618547,52.277683316185474,52.28,False,False
expanded-v3-w4a4-22source-20261007,all12,startlux-decision-0.8b,StartLux-Decision,W4A4,expanded-20261007-v3,startlux-decision-0.8b,s1q-joint,S1Q-Joint,sciq,SciQ,standard_dataset,upstream_dataset_gold,92,92,0.7717391304347826,77.17391304347827,77.17,False,False,0.5227768331618547,52.277683316185474,52.28,False,False
expanded-v3-w4a4-22source-20261007,all12,startlux-decision-0.8b,StartLux-Decision,W4A4,expanded-20261007-v3,startlux-decision-0.8b,s1q-joint,S1Q-Joint,semif,SemIf authored,authored_rule_suite,authored_scenario_gold,128,32,0.453125,45.3125,45.31,False,False,0.5227768331618547,52.277683316185474,52.28,False,False
expanded-v3-w4a4-22source-20261007,all12,startlux-decision-0.8b,StartLux-Decision,W4A4,expanded-20261007-v3,startlux-decision-0.8b,s1q-joint,S1Q-Joint,sst5,SST-5,standard_dataset,upstream_dataset_gold,128,128,0.265625,26.5625,26.56,False,False,0.5227768331618547,52.277683316185474,52.28,False,False
expanded-v3-w4a4-22source-20261007,all12,startlux-decision-0.8b,StartLux-Decision,W4A4,expanded-20261007-v3,startlux-decision-0.8b,s1q-joint,S1Q-Joint,toolace,ToolACE tool-choice classification,domain_decision_suite,native_annotation,68,68,0.7352941176470589,73.52941176470588,73.53,False,False,0.5227768331618547,52.277683316185474,52.28,False,False
expanded-v3-w4a4-22source-20261007,all12,startlux-decision-0.8b,StartLux-Decision,W4A4,expanded-20261007-v3,startlux-decision-0.8b,s1q-joint,S1Q-Joint,trec,TREC,standard_dataset,upstream_dataset_gold,121,121,0.3057851239669421,30.57851239669421,30.58,False,False,0.5227768331618547,52.277683316185474,52.28,False,False
expanded-v3-w4a4-22source-20261007,all12,startlux-decision-0.8b,StartLux-Decision,W4A4,expanded-20261007-v3,startlux-decision-0.8b,s1q-joint,S1Q-Joint,tweet-offensive,TweetEval Offensive,standard_dataset,upstream_dataset_gold,128,128,0.7578125,75.78125,75.78,False,False,0.5227768331618547,52.277683316185474,52.28,False,False
expanded-v3-w4a4-22source-20261007,all12,startlux-decision-0.8b,StartLux-Decision,W4A4,expanded-20261007-v3,startlux-decision-0.8b,s1q-joint,S1Q-Joint,wanli,WANLI,standard_dataset,upstream_dataset_gold,256,256,0.453125,45.3125,45.31,False,False,0.5227768331618547,52.277683316185474,52.28,False,False
expanded-v3-w4a4-22source-20261007,all12,startlux-decision-0.8b,StartLux-Decision,W4A4,expanded-20261007-v3,startlux-decision-0.8b,s1q-joint,S1Q-Joint,wildjailbreak,WildJailBreak harmful/benign classification,domain_decision_suite,native_annotation,128,128,0.1484375,14.84375,14.84,False,False,0.5227768331618547,52.277683316185474,52.28,False,False
expanded-v3-w4a4-22source-20261007,all12,startlux-decision-0.8b,StartLux-Decision,W4A4,expanded-20261007-v3,startlux-decision-0.8b,s1q-joint,S1Q-Joint,yelp,Yelp,standard_dataset,upstream_dataset_gold,132,66,0.6060606060606061,60.60606060606061,60.61,True,True,0.5227768331618547,52.277683316185474,52.28,False,False
expanded-v3-w4a4-22source-20261007,all12,startlux-decision-0.8b,StartLux-Decision,W4A4,expanded-20261007-v3,startlux-decision-0.8b,s1q-ac,S1Q-AC,agnews,AG News,standard_dataset,upstream_dataset_gold,360,120,0.775,77.5,77.5,True,True,0.5318513421870121,53.185134218701215,53.19,True,True
expanded-v3-w4a4-22source-20261007,all12,startlux-decision-0.8b,StartLux-Decision,W4A4,expanded-20261007-v3,startlux-decision-0.8b,s1q-ac,S1Q-AC,amazon,Amazon Reviews,standard_dataset,upstream_dataset_gold,128,128,0.3203125,32.03125,32.03,False,False,0.5318513421870121,53.185134218701215,53.19,True,True
expanded-v3-w4a4-22source-20261007,all12,startlux-decision-0.8b,StartLux-Decision,W4A4,expanded-20261007-v3,startlux-decision-0.8b,s1q-ac,S1Q-AC,arc,ARC,standard_dataset,upstream_dataset_gold,128,128,0.328125,32.8125,32.81,False,False,0.5318513421870121,53.185134218701215,53.19,True,True
expanded-v3-w4a4-22source-20261007,all12,startlux-decision-0.8b,StartLux-Decision,W4A4,expanded-20261007-v3,startlux-decision-0.8b,s1q-ac,S1Q-AC,boolq,BoolQ,standard_dataset,upstream_dataset_gold,120,120,0.5416666666666666,54.16666666666666,54.17,False,False,0.5318513421870121,53.185134218701215,53.19,True,True
expanded-v3-w4a4-22source-20261007,all12,startlux-decision-0.8b,StartLux-Decision,W4A4,expanded-20261007-v3,startlux-decision-0.8b,s1q-ac,S1Q-AC,csqa,CommonsenseQA,standard_dataset,upstream_dataset_gold,128,128,0.34375,34.375,34.38,False,False,0.5318513421870121,53.185134218701215,53.19,True,True
expanded-v3-w4a4-22source-20261007,all12,startlux-decision-0.8b,StartLux-Decision,W4A4,expanded-20261007-v3,startlux-decision-0.8b,s1q-ac,S1Q-AC,emotion,Emotion,standard_dataset,upstream_dataset_gold,120,120,0.6916666666666667,69.16666666666667,69.17,True,True,0.5318513421870121,53.185134218701215,53.19,True,True
expanded-v3-w4a4-22source-20261007,all12,startlux-decision-0.8b,StartLux-Decision,W4A4,expanded-20261007-v3,startlux-decision-0.8b,s1q-ac,S1Q-AC,imdb,IMDb,standard_dataset,upstream_dataset_gold,53,53,0.8113207547169812,81.13207547169812,81.13,False,False,0.5318513421870121,53.185134218701215,53.19,True,True
expanded-v3-w4a4-22source-20261007,all12,startlux-decision-0.8b,StartLux-Decision,W4A4,expanded-20261007-v3,startlux-decision-0.8b,s1q-ac,S1Q-AC,jevbench,JevBench new eligible public tasks,authored_scenario_suite,authored_scenario_gold,48,48,0.9166666666666666,91.66666666666666,91.67,True,True,0.5318513421870121,53.185134218701215,53.19,True,True
expanded-v3-w4a4-22source-20261007,all12,startlux-decision-0.8b,StartLux-Decision,W4A4,expanded-20261007-v3,startlux-decision-0.8b,s1q-ac,S1Q-AC,mmlu,MMLU,standard_dataset,upstream_dataset_gold,99,99,0.2828282828282828,28.28282828282828,28.28,False,False,0.5318513421870121,53.185134218701215,53.19,True,True
expanded-v3-w4a4-22source-20261007,all12,startlux-decision-0.8b,StartLux-Decision,W4A4,expanded-20261007-v3,startlux-decision-0.8b,s1q-ac,S1Q-AC,mnli,MNLI,standard_dataset,upstream_dataset_gold,122,122,0.4016393442622951,40.16393442622951,40.16,False,False,0.5318513421870121,53.185134218701215,53.19,True,True
expanded-v3-w4a4-22source-20261007,all12,startlux-decision-0.8b,StartLux-Decision,W4A4,expanded-20261007-v3,startlux-decision-0.8b,s1q-ac,S1Q-AC,openbookqa,OpenBookQA,standard_dataset,upstream_dataset_gold,128,128,0.375,37.5,37.5,True,True,0.5318513421870121,53.185134218701215,53.19,True,True
expanded-v3-w4a4-22source-20261007,all12,startlux-decision-0.8b,StartLux-Decision,W4A4,expanded-20261007-v3,startlux-decision-0.8b,s1q-ac,S1Q-AC,paws,PAWS,standard_dataset,upstream_dataset_gold,128,128,0.5625,56.25,56.25,False,False,0.5318513421870121,53.185134218701215,53.19,True,True
expanded-v3-w4a4-22source-20261007,all12,startlux-decision-0.8b,StartLux-Decision,W4A4,expanded-20261007-v3,startlux-decision-0.8b,s1q-ac,S1Q-AC,qnli,QNLI,standard_dataset,upstream_dataset_gold,128,128,0.65625,65.625,65.62,True,True,0.5318513421870121,53.185134218701215,53.19,True,True
expanded-v3-w4a4-22source-20261007,all12,startlux-decision-0.8b,StartLux-Decision,W4A4,expanded-20261007-v3,startlux-decision-0.8b,s1q-ac,S1Q-AC,sciq,SciQ,standard_dataset,upstream_dataset_gold,92,92,0.8478260869565217,84.78260869565217,84.78,True,True,0.5318513421870121,53.185134218701215,53.19,True,True
expanded-v3-w4a4-22source-20261007,all12,startlux-decision-0.8b,StartLux-Decision,W4A4,expanded-20261007-v3,startlux-decision-0.8b,s1q-ac,S1Q-AC,semif,SemIf authored,authored_rule_suite,authored_scenario_gold,128,32,0.5859375,58.59375,58.59,True,True,0.5318513421870121,53.185134218701215,53.19,True,True
expanded-v3-w4a4-22source-20261007,all12,startlux-decision-0.8b,StartLux-Decision,W4A4,expanded-20261007-v3,startlux-decision-0.8b,s1q-ac,S1Q-AC,sst5,SST-5,standard_dataset,upstream_dataset_gold,128,128,0.2734375,27.34375,27.34,False,False,0.5318513421870121,53.185134218701215,53.19,True,True
expanded-v3-w4a4-22source-20261007,all12,startlux-decision-0.8b,StartLux-Decision,W4A4,expanded-20261007-v3,startlux-decision-0.8b,s1q-ac,S1Q-AC,toolace,ToolACE tool-choice classification,domain_decision_suite,native_annotation,68,68,0.7647058823529411,76.47058823529412,76.47,True,True,0.5318513421870121,53.185134218701215,53.19,True,True
expanded-v3-w4a4-22source-20261007,all12,startlux-decision-0.8b,StartLux-Decision,W4A4,expanded-20261007-v3,startlux-decision-0.8b,s1q-ac,S1Q-AC,trec,TREC,standard_dataset,upstream_dataset_gold,121,121,0.3057851239669421,30.57851239669421,30.58,False,False,0.5318513421870121,53.185134218701215,53.19,True,True
expanded-v3-w4a4-22source-20261007,all12,startlux-decision-0.8b,StartLux-Decision,W4A4,expanded-20261007-v3,startlux-decision-0.8b,s1q-ac,S1Q-AC,tweet-offensive,TweetEval Offensive,standard_dataset,upstream_dataset_gold,128,128,0.7578125,75.78125,75.78,False,False,0.5318513421870121,53.185134218701215,53.19,True,True
expanded-v3-w4a4-22source-20261007,all12,startlux-decision-0.8b,StartLux-Decision,W4A4,expanded-20261007-v3,startlux-decision-0.8b,s1q-ac,S1Q-AC,wanli,WANLI,standard_dataset,upstream_dataset_gold,256,256,0.44921875,44.921875,44.92,False,False,0.5318513421870121,53.185134218701215,53.19,True,True
expanded-v3-w4a4-22source-20261007,all12,startlux-decision-0.8b,StartLux-Decision,W4A4,expanded-20261007-v3,startlux-decision-0.8b,s1q-ac,S1Q-AC,wildjailbreak,WildJailBreak harmful/benign classification,domain_decision_suite,native_annotation,128,128,0.15625,15.625,15.62,False,False,0.5318513421870121,53.185134218701215,53.19,True,True
expanded-v3-w4a4-22source-20261007,all12,startlux-decision-0.8b,StartLux-Decision,W4A4,expanded-20261007-v3,startlux-decision-0.8b,s1q-ac,S1Q-AC,yelp,Yelp,standard_dataset,upstream_dataset_gold,132,66,0.553030303030303,55.3030303030303,55.3,False,False,0.5318513421870121,53.185134218701215,53.19,True,True
expanded-v3-w4a4-22source-20261007,all12,startlux-decision-0.8b,StartLux-Decision,W4A4,expanded-20261007-v3,startlux-decision-0.8b,s1q-margin,S1Q-Margin,agnews,AG News,standard_dataset,upstream_dataset_gold,360,120,0.7694444444444445,76.94444444444444,76.94,False,False,0.5137719219505044,51.377192195050434,51.38,False,False
expanded-v3-w4a4-22source-20261007,all12,startlux-decision-0.8b,StartLux-Decision,W4A4,expanded-20261007-v3,startlux-decision-0.8b,s1q-margin,S1Q-Margin,amazon,Amazon Reviews,standard_dataset,upstream_dataset_gold,128,128,0.3515625,35.15625,35.16,True,True,0.5137719219505044,51.377192195050434,51.38,False,False
expanded-v3-w4a4-22source-20261007,all12,startlux-decision-0.8b,StartLux-Decision,W4A4,expanded-20261007-v3,startlux-decision-0.8b,s1q-margin,S1Q-Margin,arc,ARC,standard_dataset,upstream_dataset_gold,128,128,0.3203125,32.03125,32.03,False,False,0.5137719219505044,51.377192195050434,51.38,False,False
expanded-v3-w4a4-22source-20261007,all12,startlux-decision-0.8b,StartLux-Decision,W4A4,expanded-20261007-v3,startlux-decision-0.8b,s1q-margin,S1Q-Margin,boolq,BoolQ,standard_dataset,upstream_dataset_gold,120,120,0.6166666666666667,61.66666666666667,61.67,False,False,0.5137719219505044,51.377192195050434,51.38,False,False
expanded-v3-w4a4-22source-20261007,all12,startlux-decision-0.8b,StartLux-Decision,W4A4,expanded-20261007-v3,startlux-decision-0.8b,s1q-margin,S1Q-Margin,csqa,CommonsenseQA,standard_dataset,upstream_dataset_gold,128,128,0.3671875,36.71875,36.72,False,False,0.5137719219505044,51.377192195050434,51.38,False,False
expanded-v3-w4a4-22source-20261007,all12,startlux-decision-0.8b,StartLux-Decision,W4A4,expanded-20261007-v3,startlux-decision-0.8b,s1q-margin,S1Q-Margin,emotion,Emotion,standard_dataset,upstream_dataset_gold,120,120,0.65,65.0,65.0,False,False,0.5137719219505044,51.377192195050434,51.38,False,False
expanded-v3-w4a4-22source-20261007,all12,startlux-decision-0.8b,StartLux-Decision,W4A4,expanded-20261007-v3,startlux-decision-0.8b,s1q-margin,S1Q-Margin,imdb,IMDb,standard_dataset,upstream_dataset_gold,53,53,0.6792452830188679,67.9245283018868,67.92,False,False,0.5137719219505044,51.377192195050434,51.38,False,False
expanded-v3-w4a4-22source-20261007,all12,startlux-decision-0.8b,StartLux-Decision,W4A4,expanded-20261007-v3,startlux-decision-0.8b,s1q-margin,S1Q-Margin,jevbench,JevBench new eligible public tasks,authored_scenario_suite,authored_scenario_gold,48,48,0.875,87.5,87.5,False,False,0.5137719219505044,51.377192195050434,51.38,False,False
expanded-v3-w4a4-22source-20261007,all12,startlux-decision-0.8b,StartLux-Decision,W4A4,expanded-20261007-v3,startlux-decision-0.8b,s1q-margin,S1Q-Margin,mmlu,MMLU,standard_dataset,upstream_dataset_gold,99,99,0.2626262626262626,26.262626262626267,26.26,False,False,0.5137719219505044,51.377192195050434,51.38,False,False
expanded-v3-w4a4-22source-20261007,all12,startlux-decision-0.8b,StartLux-Decision,W4A4,expanded-20261007-v3,startlux-decision-0.8b,s1q-margin,S1Q-Margin,mnli,MNLI,standard_dataset,upstream_dataset_gold,122,122,0.4344262295081967,43.44262295081967,43.44,False,False,0.5137719219505044,51.377192195050434,51.38,False,False
expanded-v3-w4a4-22source-20261007,all12,startlux-decision-0.8b,StartLux-Decision,W4A4,expanded-20261007-v3,startlux-decision-0.8b,s1q-margin,S1Q-Margin,openbookqa,OpenBookQA,standard_dataset,upstream_dataset_gold,128,128,0.3125,31.25,31.25,False,False,0.5137719219505044,51.377192195050434,51.38,False,False
expanded-v3-w4a4-22source-20261007,all12,startlux-decision-0.8b,StartLux-Decision,W4A4,expanded-20261007-v3,startlux-decision-0.8b,s1q-margin,S1Q-Margin,paws,PAWS,standard_dataset,upstream_dataset_gold,128,128,0.5625,56.25,56.25,False,False,0.5137719219505044,51.377192195050434,51.38,False,False
expanded-v3-w4a4-22source-20261007,all12,startlux-decision-0.8b,StartLux-Decision,W4A4,expanded-20261007-v3,startlux-decision-0.8b,s1q-margin,S1Q-Margin,qnli,QNLI,standard_dataset,upstream_dataset_gold,128,128,0.6328125,63.28125,63.28,False,False,0.5137719219505044,51.377192195050434,51.38,False,False
expanded-v3-w4a4-22source-20261007,all12,startlux-decision-0.8b,StartLux-Decision,W4A4,expanded-20261007-v3,startlux-decision-0.8b,s1q-margin,S1Q-Margin,sciq,SciQ,standard_dataset,upstream_dataset_gold,92,92,0.7608695652173914,76.08695652173914,76.09,False,False,0.5137719219505044,51.377192195050434,51.38,False,False
expanded-v3-w4a4-22source-20261007,all12,startlux-decision-0.8b,StartLux-Decision,W4A4,expanded-20261007-v3,startlux-decision-0.8b,s1q-margin,S1Q-Margin,semif,SemIf authored,authored_rule_suite,authored_scenario_gold,128,32,0.4765625,47.65625,47.66,False,False,0.5137719219505044,51.377192195050434,51.38,False,False
expanded-v3-w4a4-22source-20261007,all12,startlux-decision-0.8b,StartLux-Decision,W4A4,expanded-20261007-v3,startlux-decision-0.8b,s1q-margin,S1Q-Margin,sst5,SST-5,standard_dataset,upstream_dataset_gold,128,128,0.2890625,28.90625,28.91,False,False,0.5137719219505044,51.377192195050434,51.38,False,False
expanded-v3-w4a4-22source-20261007,all12,startlux-decision-0.8b,StartLux-Decision,W4A4,expanded-20261007-v3,startlux-decision-0.8b,s1q-margin,S1Q-Margin,toolace,ToolACE tool-choice classification,domain_decision_suite,native_annotation,68,68,0.6029411764705882,60.29411764705882,60.29,False,False,0.5137719219505044,51.377192195050434,51.38,False,False
expanded-v3-w4a4-22source-20261007,all12,startlux-decision-0.8b,StartLux-Decision,W4A4,expanded-20261007-v3,startlux-decision-0.8b,s1q-margin,S1Q-Margin,trec,TREC,standard_dataset,upstream_dataset_gold,121,121,0.3140495867768595,31.40495867768595,31.4,False,False,0.5137719219505044,51.377192195050434,51.38,False,False
expanded-v3-w4a4-22source-20261007,all12,startlux-decision-0.8b,StartLux-Decision,W4A4,expanded-20261007-v3,startlux-decision-0.8b,s1q-margin,S1Q-Margin,tweet-offensive,TweetEval Offensive,standard_dataset,upstream_dataset_gold,128,128,0.78125,78.125,78.12,True,True,0.5137719219505044,51.377192195050434,51.38,False,False
expanded-v3-w4a4-22source-20261007,all12,startlux-decision-0.8b,StartLux-Decision,W4A4,expanded-20261007-v3,startlux-decision-0.8b,s1q-margin,S1Q-Margin,wanli,WANLI,standard_dataset,upstream_dataset_gold,256,256,0.45703125,45.703125,45.7,True,True,0.5137719219505044,51.377192195050434,51.38,False,False
expanded-v3-w4a4-22source-20261007,all12,startlux-decision-0.8b,StartLux-Decision,W4A4,expanded-20261007-v3,startlux-decision-0.8b,s1q-margin,S1Q-Margin,wildjailbreak,WildJailBreak harmful/benign classification,domain_decision_suite,native_annotation,128,128,0.21875,21.875,21.88,False,False,0.5137719219505044,51.377192195050434,51.38,False,False
expanded-v3-w4a4-22source-20261007,all12,startlux-decision-0.8b,StartLux-Decision,W4A4,expanded-20261007-v3,startlux-decision-0.8b,s1q-margin,S1Q-Margin,yelp,Yelp,standard_dataset,upstream_dataset_gold,132,66,0.5681818181818182,56.81818181818182,56.82,False,False,0.5137719219505044,51.377192195050434,51.38,False,False
expanded-v3-w4a4-22source-20261007,all12,startlux-decision-0.8b,StartLux-Decision,W4A4,expanded-20261007-v3,startlux-decision-0.8b,s1q,S1Q (current),agnews,AG News,standard_dataset,upstream_dataset_gold,360,120,0.7638888888888888,76.38888888888889,76.39,False,False,0.5176338132067364,51.76338132067364,51.76,False,False
expanded-v3-w4a4-22source-20261007,all12,startlux-decision-0.8b,StartLux-Decision,W4A4,expanded-20261007-v3,startlux-decision-0.8b,s1q,S1Q (current),amazon,Amazon Reviews,standard_dataset,upstream_dataset_gold,128,128,0.34375,34.375,34.38,False,False,0.5176338132067364,51.76338132067364,51.76,False,False
expanded-v3-w4a4-22source-20261007,all12,startlux-decision-0.8b,StartLux-Decision,W4A4,expanded-20261007-v3,startlux-decision-0.8b,s1q,S1Q (current),arc,ARC,standard_dataset,upstream_dataset_gold,128,128,0.3984375,39.84375,39.84,False,False,0.5176338132067364,51.76338132067364,51.76,False,False
expanded-v3-w4a4-22source-20261007,all12,startlux-decision-0.8b,StartLux-Decision,W4A4,expanded-20261007-v3,startlux-decision-0.8b,s1q,S1Q (current),boolq,BoolQ,standard_dataset,upstream_dataset_gold,120,120,0.5833333333333334,58.333333333333336,58.33,False,False,0.5176338132067364,51.76338132067364,51.76,False,False
expanded-v3-w4a4-22source-20261007,all12,startlux-decision-0.8b,StartLux-Decision,W4A4,expanded-20261007-v3,startlux-decision-0.8b,s1q,S1Q (current),csqa,CommonsenseQA,standard_dataset,upstream_dataset_gold,128,128,0.34375,34.375,34.38,False,False,0.5176338132067364,51.76338132067364,51.76,False,False
expanded-v3-w4a4-22source-20261007,all12,startlux-decision-0.8b,StartLux-Decision,W4A4,expanded-20261007-v3,startlux-decision-0.8b,s1q,S1Q (current),emotion,Emotion,standard_dataset,upstream_dataset_gold,120,120,0.6666666666666666,66.66666666666666,66.67,False,False,0.5176338132067364,51.76338132067364,51.76,False,False
expanded-v3-w4a4-22source-20261007,all12,startlux-decision-0.8b,StartLux-Decision,W4A4,expanded-20261007-v3,startlux-decision-0.8b,s1q,S1Q (current),imdb,IMDb,standard_dataset,upstream_dataset_gold,53,53,0.7735849056603774,77.35849056603774,77.36,False,False,0.5176338132067364,51.76338132067364,51.76,False,False
expanded-v3-w4a4-22source-20261007,all12,startlux-decision-0.8b,StartLux-Decision,W4A4,expanded-20261007-v3,startlux-decision-0.8b,s1q,S1Q (current),jevbench,JevBench new eligible public tasks,authored_scenario_suite,authored_scenario_gold,48,48,0.8333333333333334,83.33333333333334,83.33,False,False,0.5176338132067364,51.76338132067364,51.76,False,False
expanded-v3-w4a4-22source-20261007,all12,startlux-decision-0.8b,StartLux-Decision,W4A4,expanded-20261007-v3,startlux-decision-0.8b,s1q,S1Q (current),mmlu,MMLU,standard_dataset,upstream_dataset_gold,99,99,0.2828282828282828,28.28282828282828,28.28,False,False,0.5176338132067364,51.76338132067364,51.76,False,False
expanded-v3-w4a4-22source-20261007,all12,startlux-decision-0.8b,StartLux-Decision,W4A4,expanded-20261007-v3,startlux-decision-0.8b,s1q,S1Q (current),mnli,MNLI,standard_dataset,upstream_dataset_gold,122,122,0.5,50.0,50.0,True,True,0.5176338132067364,51.76338132067364,51.76,False,False
expanded-v3-w4a4-22source-20261007,all12,startlux-decision-0.8b,StartLux-Decision,W4A4,expanded-20261007-v3,startlux-decision-0.8b,s1q,S1Q (current),openbookqa,OpenBookQA,standard_dataset,upstream_dataset_gold,128,128,0.34375,34.375,34.38,False,False,0.5176338132067364,51.76338132067364,51.76,False,False
expanded-v3-w4a4-22source-20261007,all12,startlux-decision-0.8b,StartLux-Decision,W4A4,expanded-20261007-v3,startlux-decision-0.8b,s1q,S1Q (current),paws,PAWS,standard_dataset,upstream_dataset_gold,128,128,0.5703125,57.03125,57.03,False,False,0.5176338132067364,51.76338132067364,51.76,False,False
expanded-v3-w4a4-22source-20261007,all12,startlux-decision-0.8b,StartLux-Decision,W4A4,expanded-20261007-v3,startlux-decision-0.8b,s1q,S1Q (current),qnli,QNLI,standard_dataset,upstream_dataset_gold,128,128,0.59375,59.375,59.38,False,False,0.5176338132067364,51.76338132067364,51.76,False,False
expanded-v3-w4a4-22source-20261007,all12,startlux-decision-0.8b,StartLux-Decision,W4A4,expanded-20261007-v3,startlux-decision-0.8b,s1q,S1Q (current),sciq,SciQ,standard_dataset,upstream_dataset_gold,92,92,0.7934782608695652,79.34782608695652,79.35,False,False,0.5176338132067364,51.76338132067364,51.76,False,False
expanded-v3-w4a4-22source-20261007,all12,startlux-decision-0.8b,StartLux-Decision,W4A4,expanded-20261007-v3,startlux-decision-0.8b,s1q,S1Q (current),semif,SemIf authored,authored_rule_suite,authored_scenario_gold,128,32,0.3984375,39.84375,39.84,False,False,0.5176338132067364,51.76338132067364,51.76,False,False
expanded-v3-w4a4-22source-20261007,all12,startlux-decision-0.8b,StartLux-Decision,W4A4,expanded-20261007-v3,startlux-decision-0.8b,s1q,S1Q (current),sst5,SST-5,standard_dataset,upstream_dataset_gold,128,128,0.3046875,30.46875,30.47,True,True,0.5176338132067364,51.76338132067364,51.76,False,False
expanded-v3-w4a4-22source-20261007,all12,startlux-decision-0.8b,StartLux-Decision,W4A4,expanded-20261007-v3,startlux-decision-0.8b,s1q,S1Q (current),toolace,ToolACE tool-choice classification,domain_decision_suite,native_annotation,68,68,0.6617647058823529,66.17647058823529,66.18,False,False,0.5176338132067364,51.76338132067364,51.76,False,False
expanded-v3-w4a4-22source-20261007,all12,startlux-decision-0.8b,StartLux-Decision,W4A4,expanded-20261007-v3,startlux-decision-0.8b,s1q,S1Q (current),trec,TREC,standard_dataset,upstream_dataset_gold,121,121,0.3388429752066115,33.88429752066116,33.88,True,True,0.5176338132067364,51.76338132067364,51.76,False,False
expanded-v3-w4a4-22source-20261007,all12,startlux-decision-0.8b,StartLux-Decision,W4A4,expanded-20261007-v3,startlux-decision-0.8b,s1q,S1Q (current),tweet-offensive,TweetEval Offensive,standard_dataset,upstream_dataset_gold,128,128,0.7734375,77.34375,77.34,False,False,0.5176338132067364,51.76338132067364,51.76,False,False
expanded-v3-w4a4-22source-20261007,all12,startlux-decision-0.8b,StartLux-Decision,W4A4,expanded-20261007-v3,startlux-decision-0.8b,s1q,S1Q (current),wanli,WANLI,standard_dataset,upstream_dataset_gold,256,256,0.40234375,40.234375,40.23,False,False,0.5176338132067364,51.76338132067364,51.76,False,False
expanded-v3-w4a4-22source-20261007,all12,startlux-decision-0.8b,StartLux-Decision,W4A4,expanded-20261007-v3,startlux-decision-0.8b,s1q,S1Q (current),wildjailbreak,WildJailBreak harmful/benign classification,domain_decision_suite,native_annotation,128,128,0.1796875,17.96875,17.97,False,False,0.5176338132067364,51.76338132067364,51.76,False,False
expanded-v3-w4a4-22source-20261007,all12,startlux-decision-0.8b,StartLux-Decision,W4A4,expanded-20261007-v3,startlux-decision-0.8b,s1q,S1Q (current),yelp,Yelp,standard_dataset,upstream_dataset_gold,132,66,0.5378787878787878,53.78787878787878,53.79,False,False,0.5176338132067364,51.76338132067364,51.76,False,False
expanded-v3-w4a4-22source-20261007,all12,startlux-decision-2b,StartLux-Decision,W4A4,expanded-20261007-v3,startlux-decision-2b,s1q-joint,S1Q-Joint,agnews,AG News,standard_dataset,upstream_dataset_gold,360,120,0.7583333333333333,75.83333333333333,75.83,True,True,0.5340693382570096,53.40693382570096,53.41,True,True
expanded-v3-w4a4-22source-20261007,all12,startlux-decision-2b,StartLux-Decision,W4A4,expanded-20261007-v3,startlux-decision-2b,s1q-joint,S1Q-Joint,amazon,Amazon Reviews,standard_dataset,upstream_dataset_gold,128,128,0.359375,35.9375,35.94,False,False,0.5340693382570096,53.40693382570096,53.41,True,True
expanded-v3-w4a4-22source-20261007,all12,startlux-decision-2b,StartLux-Decision,W4A4,expanded-20261007-v3,startlux-decision-2b,s1q-joint,S1Q-Joint,arc,ARC,standard_dataset,upstream_dataset_gold,128,128,0.4140625,41.40625,41.41,True,True,0.5340693382570096,53.40693382570096,53.41,True,True
expanded-v3-w4a4-22source-20261007,all12,startlux-decision-2b,StartLux-Decision,W4A4,expanded-20261007-v3,startlux-decision-2b,s1q-joint,S1Q-Joint,boolq,BoolQ,standard_dataset,upstream_dataset_gold,120,120,0.5666666666666667,56.66666666666666,56.67,False,False,0.5340693382570096,53.40693382570096,53.41,True,True
expanded-v3-w4a4-22source-20261007,all12,startlux-decision-2b,StartLux-Decision,W4A4,expanded-20261007-v3,startlux-decision-2b,s1q-joint,S1Q-Joint,csqa,CommonsenseQA,standard_dataset,upstream_dataset_gold,128,128,0.3046875,30.46875,30.47,False,False,0.5340693382570096,53.40693382570096,53.41,True,True
expanded-v3-w4a4-22source-20261007,all12,startlux-decision-2b,StartLux-Decision,W4A4,expanded-20261007-v3,startlux-decision-2b,s1q-joint,S1Q-Joint,emotion,Emotion,standard_dataset,upstream_dataset_gold,120,120,0.4666666666666667,46.66666666666666,46.67,False,False,0.5340693382570096,53.40693382570096,53.41,True,True
expanded-v3-w4a4-22source-20261007,all12,startlux-decision-2b,StartLux-Decision,W4A4,expanded-20261007-v3,startlux-decision-2b,s1q-joint,S1Q-Joint,imdb,IMDb,standard_dataset,upstream_dataset_gold,53,53,0.7547169811320755,75.47169811320755,75.47,False,False,0.5340693382570096,53.40693382570096,53.41,True,True
expanded-v3-w4a4-22source-20261007,all12,startlux-decision-2b,StartLux-Decision,W4A4,expanded-20261007-v3,startlux-decision-2b,s1q-joint,S1Q-Joint,jevbench,JevBench new eligible public tasks,authored_scenario_suite,authored_scenario_gold,48,48,0.8125,81.25,81.25,False,False,0.5340693382570096,53.40693382570096,53.41,True,True
expanded-v3-w4a4-22source-20261007,all12,startlux-decision-2b,StartLux-Decision,W4A4,expanded-20261007-v3,startlux-decision-2b,s1q-joint,S1Q-Joint,mmlu,MMLU,standard_dataset,upstream_dataset_gold,99,99,0.3535353535353535,35.35353535353536,35.35,False,False,0.5340693382570096,53.40693382570096,53.41,True,True
expanded-v3-w4a4-22source-20261007,all12,startlux-decision-2b,StartLux-Decision,W4A4,expanded-20261007-v3,startlux-decision-2b,s1q-joint,S1Q-Joint,mnli,MNLI,standard_dataset,upstream_dataset_gold,122,122,0.5245901639344263,52.459016393442624,52.46,True,True,0.5340693382570096,53.40693382570096,53.41,True,True
expanded-v3-w4a4-22source-20261007,all12,startlux-decision-2b,StartLux-Decision,W4A4,expanded-20261007-v3,startlux-decision-2b,s1q-joint,S1Q-Joint,openbookqa,OpenBookQA,standard_dataset,upstream_dataset_gold,128,128,0.3125,31.25,31.25,False,False,0.5340693382570096,53.40693382570096,53.41,True,True
expanded-v3-w4a4-22source-20261007,all12,startlux-decision-2b,StartLux-Decision,W4A4,expanded-20261007-v3,startlux-decision-2b,s1q-joint,S1Q-Joint,paws,PAWS,standard_dataset,upstream_dataset_gold,128,128,0.5078125,50.78125,50.78,False,False,0.5340693382570096,53.40693382570096,53.41,True,True
expanded-v3-w4a4-22source-20261007,all12,startlux-decision-2b,StartLux-Decision,W4A4,expanded-20261007-v3,startlux-decision-2b,s1q-joint,S1Q-Joint,qnli,QNLI,standard_dataset,upstream_dataset_gold,128,128,0.6171875,61.71875,61.72,False,False,0.5340693382570096,53.40693382570096,53.41,True,True
expanded-v3-w4a4-22source-20261007,all12,startlux-decision-2b,StartLux-Decision,W4A4,expanded-20261007-v3,startlux-decision-2b,s1q-joint,S1Q-Joint,sciq,SciQ,standard_dataset,upstream_dataset_gold,92,92,0.7934782608695652,79.34782608695652,79.35,True,True,0.5340693382570096,53.40693382570096,53.41,True,True
expanded-v3-w4a4-22source-20261007,all12,startlux-decision-2b,StartLux-Decision,W4A4,expanded-20261007-v3,startlux-decision-2b,s1q-joint,S1Q-Joint,semif,SemIf authored,authored_rule_suite,authored_scenario_gold,128,32,0.53125,53.125,53.12,False,False,0.5340693382570096,53.40693382570096,53.41,True,True
expanded-v3-w4a4-22source-20261007,all12,startlux-decision-2b,StartLux-Decision,W4A4,expanded-20261007-v3,startlux-decision-2b,s1q-joint,S1Q-Joint,sst5,SST-5,standard_dataset,upstream_dataset_gold,128,128,0.3359375,33.59375,33.59,False,False,0.5340693382570096,53.40693382570096,53.41,True,True
expanded-v3-w4a4-22source-20261007,all12,startlux-decision-2b,StartLux-Decision,W4A4,expanded-20261007-v3,startlux-decision-2b,s1q-joint,S1Q-Joint,toolace,ToolACE tool-choice classification,domain_decision_suite,native_annotation,68,68,0.7941176470588235,79.41176470588235,79.41,True,True,0.5340693382570096,53.40693382570096,53.41,True,True
expanded-v3-w4a4-22source-20261007,all12,startlux-decision-2b,StartLux-Decision,W4A4,expanded-20261007-v3,startlux-decision-2b,s1q-joint,S1Q-Joint,trec,TREC,standard_dataset,upstream_dataset_gold,121,121,0.4214876033057851,42.14876033057851,42.15,True,True,0.5340693382570096,53.40693382570096,53.41,True,True
expanded-v3-w4a4-22source-20261007,all12,startlux-decision-2b,StartLux-Decision,W4A4,expanded-20261007-v3,startlux-decision-2b,s1q-joint,S1Q-Joint,tweet-offensive,TweetEval Offensive,standard_dataset,upstream_dataset_gold,128,128,0.671875,67.1875,67.19,False,False,0.5340693382570096,53.40693382570096,53.41,True,True
expanded-v3-w4a4-22source-20261007,all12,startlux-decision-2b,StartLux-Decision,W4A4,expanded-20261007-v3,startlux-decision-2b,s1q-joint,S1Q-Joint,wanli,WANLI,standard_dataset,upstream_dataset_gold,256,256,0.45703125,45.703125,45.7,False,False,0.5340693382570096,53.40693382570096,53.41,True,True
expanded-v3-w4a4-22source-20261007,all12,startlux-decision-2b,StartLux-Decision,W4A4,expanded-20261007-v3,startlux-decision-2b,s1q-joint,S1Q-Joint,wildjailbreak,WildJailBreak harmful/benign classification,domain_decision_suite,native_annotation,128,128,0.4765625,47.65625,47.66,False,False,0.5340693382570096,53.40693382570096,53.41,True,True
expanded-v3-w4a4-22source-20261007,all12,startlux-decision-2b,StartLux-Decision,W4A4,expanded-20261007-v3,startlux-decision-2b,s1q-joint,S1Q-Joint,yelp,Yelp,standard_dataset,upstream_dataset_gold,132,66,0.5151515151515151,51.51515151515152,51.52,False,False,0.5340693382570096,53.40693382570096,53.41,True,True
expanded-v3-w4a4-22source-20261007,all12,startlux-decision-2b,StartLux-Decision,W4A4,expanded-20261007-v3,startlux-decision-2b,s1q-ac,S1Q-AC,agnews,AG News,standard_dataset,upstream_dataset_gold,360,120,0.7388888888888889,73.88888888888889,73.89,False,False,0.5275076851493972,52.75076851493972,52.75,False,False
expanded-v3-w4a4-22source-20261007,all12,startlux-decision-2b,StartLux-Decision,W4A4,expanded-20261007-v3,startlux-decision-2b,s1q-ac,S1Q-AC,amazon,Amazon Reviews,standard_dataset,upstream_dataset_gold,128,128,0.3671875,36.71875,36.72,True,True,0.5275076851493972,52.75076851493972,52.75,False,False
expanded-v3-w4a4-22source-20261007,all12,startlux-decision-2b,StartLux-Decision,W4A4,expanded-20261007-v3,startlux-decision-2b,s1q-ac,S1Q-AC,arc,ARC,standard_dataset,upstream_dataset_gold,128,128,0.4140625,41.40625,41.41,True,True,0.5275076851493972,52.75076851493972,52.75,False,False
expanded-v3-w4a4-22source-20261007,all12,startlux-decision-2b,StartLux-Decision,W4A4,expanded-20261007-v3,startlux-decision-2b,s1q-ac,S1Q-AC,boolq,BoolQ,standard_dataset,upstream_dataset_gold,120,120,0.5916666666666667,59.16666666666666,59.17,False,False,0.5275076851493972,52.75076851493972,52.75,False,False
expanded-v3-w4a4-22source-20261007,all12,startlux-decision-2b,StartLux-Decision,W4A4,expanded-20261007-v3,startlux-decision-2b,s1q-ac,S1Q-AC,csqa,CommonsenseQA,standard_dataset,upstream_dataset_gold,128,128,0.390625,39.0625,39.06,True,True,0.5275076851493972,52.75076851493972,52.75,False,False
expanded-v3-w4a4-22source-20261007,all12,startlux-decision-2b,StartLux-Decision,W4A4,expanded-20261007-v3,startlux-decision-2b,s1q-ac,S1Q-AC,emotion,Emotion,standard_dataset,upstream_dataset_gold,120,120,0.4166666666666667,41.66666666666667,41.67,False,False,0.5275076851493972,52.75076851493972,52.75,False,False
expanded-v3-w4a4-22source-20261007,all12,startlux-decision-2b,StartLux-Decision,W4A4,expanded-20261007-v3,startlux-decision-2b,s1q-ac,S1Q-AC,imdb,IMDb,standard_dataset,upstream_dataset_gold,53,53,0.7169811320754716,71.69811320754717,71.7,False,False,0.5275076851493972,52.75076851493972,52.75,False,False
expanded-v3-w4a4-22source-20261007,all12,startlux-decision-2b,StartLux-Decision,W4A4,expanded-20261007-v3,startlux-decision-2b,s1q-ac,S1Q-AC,jevbench,JevBench new eligible public tasks,authored_scenario_suite,authored_scenario_gold,48,48,0.9166666666666666,91.66666666666666,91.67,True,True,0.5275076851493972,52.75076851493972,52.75,False,False
expanded-v3-w4a4-22source-20261007,all12,startlux-decision-2b,StartLux-Decision,W4A4,expanded-20261007-v3,startlux-decision-2b,s1q-ac,S1Q-AC,mmlu,MMLU,standard_dataset,upstream_dataset_gold,99,99,0.4141414141414141,41.41414141414141,41.41,True,True,0.5275076851493972,52.75076851493972,52.75,False,False
expanded-v3-w4a4-22source-20261007,all12,startlux-decision-2b,StartLux-Decision,W4A4,expanded-20261007-v3,startlux-decision-2b,s1q-ac,S1Q-AC,mnli,MNLI,standard_dataset,upstream_dataset_gold,122,122,0.4426229508196721,44.26229508196721,44.26,False,False,0.5275076851493972,52.75076851493972,52.75,False,False
expanded-v3-w4a4-22source-20261007,all12,startlux-decision-2b,StartLux-Decision,W4A4,expanded-20261007-v3,startlux-decision-2b,s1q-ac,S1Q-AC,openbookqa,OpenBookQA,standard_dataset,upstream_dataset_gold,128,128,0.2734375,27.34375,27.34,False,False,0.5275076851493972,52.75076851493972,52.75,False,False
expanded-v3-w4a4-22source-20261007,all12,startlux-decision-2b,StartLux-Decision,W4A4,expanded-20261007-v3,startlux-decision-2b,s1q-ac,S1Q-AC,paws,PAWS,standard_dataset,upstream_dataset_gold,128,128,0.6328125,63.28125,63.28,True,True,0.5275076851493972,52.75076851493972,52.75,False,False
expanded-v3-w4a4-22source-20261007,all12,startlux-decision-2b,StartLux-Decision,W4A4,expanded-20261007-v3,startlux-decision-2b,s1q-ac,S1Q-AC,qnli,QNLI,standard_dataset,upstream_dataset_gold,128,128,0.5390625,53.90625,53.91,False,False,0.5275076851493972,52.75076851493972,52.75,False,False
expanded-v3-w4a4-22source-20261007,all12,startlux-decision-2b,StartLux-Decision,W4A4,expanded-20261007-v3,startlux-decision-2b,s1q-ac,S1Q-AC,sciq,SciQ,standard_dataset,upstream_dataset_gold,92,92,0.7608695652173914,76.08695652173914,76.09,False,False,0.5275076851493972,52.75076851493972,52.75,False,False
expanded-v3-w4a4-22source-20261007,all12,startlux-decision-2b,StartLux-Decision,W4A4,expanded-20261007-v3,startlux-decision-2b,s1q-ac,S1Q-AC,semif,SemIf authored,authored_rule_suite,authored_scenario_gold,128,32,0.5859375,58.59375,58.59,True,True,0.5275076851493972,52.75076851493972,52.75,False,False
expanded-v3-w4a4-22source-20261007,all12,startlux-decision-2b,StartLux-Decision,W4A4,expanded-20261007-v3,startlux-decision-2b,s1q-ac,S1Q-AC,sst5,SST-5,standard_dataset,upstream_dataset_gold,128,128,0.2578125,25.78125,25.78,False,False,0.5275076851493972,52.75076851493972,52.75,False,False
expanded-v3-w4a4-22source-20261007,all12,startlux-decision-2b,StartLux-Decision,W4A4,expanded-20261007-v3,startlux-decision-2b,s1q-ac,S1Q-AC,toolace,ToolACE tool-choice classification,domain_decision_suite,native_annotation,68,68,0.7794117647058824,77.94117647058823,77.94,False,False,0.5275076851493972,52.75076851493972,52.75,False,False
expanded-v3-w4a4-22source-20261007,all12,startlux-decision-2b,StartLux-Decision,W4A4,expanded-20261007-v3,startlux-decision-2b,s1q-ac,S1Q-AC,trec,TREC,standard_dataset,upstream_dataset_gold,121,121,0.3801652892561983,38.01652892561984,38.02,False,False,0.5275076851493972,52.75076851493972,52.75,False,False
expanded-v3-w4a4-22source-20261007,all12,startlux-decision-2b,StartLux-Decision,W4A4,expanded-20261007-v3,startlux-decision-2b,s1q-ac,S1Q-AC,tweet-offensive,TweetEval Offensive,standard_dataset,upstream_dataset_gold,128,128,0.71875,71.875,71.88,False,False,0.5275076851493972,52.75076851493972,52.75,False,False
expanded-v3-w4a4-22source-20261007,all12,startlux-decision-2b,StartLux-Decision,W4A4,expanded-20261007-v3,startlux-decision-2b,s1q-ac,S1Q-AC,wanli,WANLI,standard_dataset,upstream_dataset_gold,256,256,0.44140625,44.140625,44.14,False,False,0.5275076851493972,52.75076851493972,52.75,False,False
expanded-v3-w4a4-22source-20261007,all12,startlux-decision-2b,StartLux-Decision,W4A4,expanded-20261007-v3,startlux-decision-2b,s1q-ac,S1Q-AC,wildjailbreak,WildJailBreak harmful/benign classification,domain_decision_suite,native_annotation,128,128,0.2578125,25.78125,25.78,False,False,0.5275076851493972,52.75076851493972,52.75,False,False
expanded-v3-w4a4-22source-20261007,all12,startlux-decision-2b,StartLux-Decision,W4A4,expanded-20261007-v3,startlux-decision-2b,s1q-ac,S1Q-AC,yelp,Yelp,standard_dataset,upstream_dataset_gold,132,66,0.5681818181818182,56.81818181818182,56.82,False,False,0.5275076851493972,52.75076851493972,52.75,False,False
expanded-v3-w4a4-22source-20261007,all12,startlux-decision-2b,StartLux-Decision,W4A4,expanded-20261007-v3,startlux-decision-2b,s1q-margin,S1Q-Margin,agnews,AG News,standard_dataset,upstream_dataset_gold,360,120,0.7444444444444445,74.44444444444444,74.44,False,False,0.5322527959489665,53.22527959489665,53.23,False,False
expanded-v3-w4a4-22source-20261007,all12,startlux-decision-2b,StartLux-Decision,W4A4,expanded-20261007-v3,startlux-decision-2b,s1q-margin,S1Q-Margin,amazon,Amazon Reviews,standard_dataset,upstream_dataset_gold,128,128,0.3046875,30.46875,30.47,False,False,0.5322527959489665,53.22527959489665,53.23,False,False
expanded-v3-w4a4-22source-20261007,all12,startlux-decision-2b,StartLux-Decision,W4A4,expanded-20261007-v3,startlux-decision-2b,s1q-margin,S1Q-Margin,arc,ARC,standard_dataset,upstream_dataset_gold,128,128,0.390625,39.0625,39.06,False,False,0.5322527959489665,53.22527959489665,53.23,False,False
expanded-v3-w4a4-22source-20261007,all12,startlux-decision-2b,StartLux-Decision,W4A4,expanded-20261007-v3,startlux-decision-2b,s1q-margin,S1Q-Margin,boolq,BoolQ,standard_dataset,upstream_dataset_gold,120,120,0.65,65.0,65.0,True,True,0.5322527959489665,53.22527959489665,53.23,False,False
expanded-v3-w4a4-22source-20261007,all12,startlux-decision-2b,StartLux-Decision,W4A4,expanded-20261007-v3,startlux-decision-2b,s1q-margin,S1Q-Margin,csqa,CommonsenseQA,standard_dataset,upstream_dataset_gold,128,128,0.3671875,36.71875,36.72,False,False,0.5322527959489665,53.22527959489665,53.23,False,False
expanded-v3-w4a4-22source-20261007,all12,startlux-decision-2b,StartLux-Decision,W4A4,expanded-20261007-v3,startlux-decision-2b,s1q-margin,S1Q-Margin,emotion,Emotion,standard_dataset,upstream_dataset_gold,120,120,0.575,57.49999999999999,57.5,True,True,0.5322527959489665,53.22527959489665,53.23,False,False
expanded-v3-w4a4-22source-20261007,all12,startlux-decision-2b,StartLux-Decision,W4A4,expanded-20261007-v3,startlux-decision-2b,s1q-margin,S1Q-Margin,imdb,IMDb,standard_dataset,upstream_dataset_gold,53,53,0.8301886792452831,83.01886792452831,83.02,True,True,0.5322527959489665,53.22527959489665,53.23,False,False
expanded-v3-w4a4-22source-20261007,all12,startlux-decision-2b,StartLux-Decision,W4A4,expanded-20261007-v3,startlux-decision-2b,s1q-margin,S1Q-Margin,jevbench,JevBench new eligible public tasks,authored_scenario_suite,authored_scenario_gold,48,48,0.8958333333333334,89.58333333333334,89.58,False,False,0.5322527959489665,53.22527959489665,53.23,False,False
expanded-v3-w4a4-22source-20261007,all12,startlux-decision-2b,StartLux-Decision,W4A4,expanded-20261007-v3,startlux-decision-2b,s1q-margin,S1Q-Margin,mmlu,MMLU,standard_dataset,upstream_dataset_gold,99,99,0.3333333333333333,33.33333333333333,33.33,False,False,0.5322527959489665,53.22527959489665,53.23,False,False
expanded-v3-w4a4-22source-20261007,all12,startlux-decision-2b,StartLux-Decision,W4A4,expanded-20261007-v3,startlux-decision-2b,s1q-margin,S1Q-Margin,mnli,MNLI,standard_dataset,upstream_dataset_gold,122,122,0.4426229508196721,44.26229508196721,44.26,False,False,0.5322527959489665,53.22527959489665,53.23,False,False
expanded-v3-w4a4-22source-20261007,all12,startlux-decision-2b,StartLux-Decision,W4A4,expanded-20261007-v3,startlux-decision-2b,s1q-margin,S1Q-Margin,openbookqa,OpenBookQA,standard_dataset,upstream_dataset_gold,128,128,0.2734375,27.34375,27.34,False,False,0.5322527959489665,53.22527959489665,53.23,False,False
expanded-v3-w4a4-22source-20261007,all12,startlux-decision-2b,StartLux-Decision,W4A4,expanded-20261007-v3,startlux-decision-2b,s1q-margin,S1Q-Margin,paws,PAWS,standard_dataset,upstream_dataset_gold,128,128,0.5234375,52.34375,52.34,False,False,0.5322527959489665,53.22527959489665,53.23,False,False
expanded-v3-w4a4-22source-20261007,all12,startlux-decision-2b,StartLux-Decision,W4A4,expanded-20261007-v3,startlux-decision-2b,s1q-margin,S1Q-Margin,qnli,QNLI,standard_dataset,upstream_dataset_gold,128,128,0.6484375,64.84375,64.84,False,False,0.5322527959489665,53.22527959489665,53.23,False,False
expanded-v3-w4a4-22source-20261007,all12,startlux-decision-2b,StartLux-Decision,W4A4,expanded-20261007-v3,startlux-decision-2b,s1q-margin,S1Q-Margin,sciq,SciQ,standard_dataset,upstream_dataset_gold,92,92,0.7934782608695652,79.34782608695652,79.35,True,True,0.5322527959489665,53.22527959489665,53.23,False,False
expanded-v3-w4a4-22source-20261007,all12,startlux-decision-2b,StartLux-Decision,W4A4,expanded-20261007-v3,startlux-decision-2b,s1q-margin,S1Q-Margin,semif,SemIf authored,authored_rule_suite,authored_scenario_gold,128,32,0.46875,46.875,46.88,False,False,0.5322527959489665,53.22527959489665,53.23,False,False
expanded-v3-w4a4-22source-20261007,all12,startlux-decision-2b,StartLux-Decision,W4A4,expanded-20261007-v3,startlux-decision-2b,s1q-margin,S1Q-Margin,sst5,SST-5,standard_dataset,upstream_dataset_gold,128,128,0.296875,29.6875,29.69,False,False,0.5322527959489665,53.22527959489665,53.23,False,False
expanded-v3-w4a4-22source-20261007,all12,startlux-decision-2b,StartLux-Decision,W4A4,expanded-20261007-v3,startlux-decision-2b,s1q-margin,S1Q-Margin,toolace,ToolACE tool-choice classification,domain_decision_suite,native_annotation,68,68,0.7352941176470589,73.52941176470588,73.53,False,False,0.5322527959489665,53.22527959489665,53.23,False,False
expanded-v3-w4a4-22source-20261007,all12,startlux-decision-2b,StartLux-Decision,W4A4,expanded-20261007-v3,startlux-decision-2b,s1q-margin,S1Q-Margin,trec,TREC,standard_dataset,upstream_dataset_gold,121,121,0.4214876033057851,42.14876033057851,42.15,True,True,0.5322527959489665,53.22527959489665,53.23,False,False
expanded-v3-w4a4-22source-20261007,all12,startlux-decision-2b,StartLux-Decision,W4A4,expanded-20261007-v3,startlux-decision-2b,s1q-margin,S1Q-Margin,tweet-offensive,TweetEval Offensive,standard_dataset,upstream_dataset_gold,128,128,0.7421875,74.21875,74.22,False,False,0.5322527959489665,53.22527959489665,53.23,False,False
expanded-v3-w4a4-22source-20261007,all12,startlux-decision-2b,StartLux-Decision,W4A4,expanded-20261007-v3,startlux-decision-2b,s1q-margin,S1Q-Margin,wanli,WANLI,standard_dataset,upstream_dataset_gold,256,256,0.390625,39.0625,39.06,False,False,0.5322527959489665,53.22527959489665,53.23,False,False
expanded-v3-w4a4-22source-20261007,all12,startlux-decision-2b,StartLux-Decision,W4A4,expanded-20261007-v3,startlux-decision-2b,s1q-margin,S1Q-Margin,wildjailbreak,WildJailBreak harmful/benign classification,domain_decision_suite,native_annotation,128,128,0.34375,34.375,34.38,False,False,0.5322527959489665,53.22527959489665,53.23,False,False
expanded-v3-w4a4-22source-20261007,all12,startlux-decision-2b,StartLux-Decision,W4A4,expanded-20261007-v3,startlux-decision-2b,s1q-margin,S1Q-Margin,yelp,Yelp,standard_dataset,upstream_dataset_gold,132,66,0.5378787878787878,53.78787878787878,53.79,False,False,0.5322527959489665,53.22527959489665,53.23,False,False
expanded-v3-w4a4-22source-20261007,all12,startlux-decision-2b,StartLux-Decision,W4A4,expanded-20261007-v3,startlux-decision-2b,s1q,S1Q (current),agnews,AG News,standard_dataset,upstream_dataset_gold,360,120,0.725,72.5,72.5,False,False,0.5195153545102499,51.95153545102499,51.95,False,False
expanded-v3-w4a4-22source-20261007,all12,startlux-decision-2b,StartLux-Decision,W4A4,expanded-20261007-v3,startlux-decision-2b,s1q,S1Q (current),amazon,Amazon Reviews,standard_dataset,upstream_dataset_gold,128,128,0.328125,32.8125,32.81,False,False,0.5195153545102499,51.95153545102499,51.95,False,False
expanded-v3-w4a4-22source-20261007,all12,startlux-decision-2b,StartLux-Decision,W4A4,expanded-20261007-v3,startlux-decision-2b,s1q,S1Q (current),arc,ARC,standard_dataset,upstream_dataset_gold,128,128,0.328125,32.8125,32.81,False,False,0.5195153545102499,51.95153545102499,51.95,False,False
expanded-v3-w4a4-22source-20261007,all12,startlux-decision-2b,StartLux-Decision,W4A4,expanded-20261007-v3,startlux-decision-2b,s1q,S1Q (current),boolq,BoolQ,standard_dataset,upstream_dataset_gold,120,120,0.5833333333333334,58.333333333333336,58.33,False,False,0.5195153545102499,51.95153545102499,51.95,False,False
expanded-v3-w4a4-22source-20261007,all12,startlux-decision-2b,StartLux-Decision,W4A4,expanded-20261007-v3,startlux-decision-2b,s1q,S1Q (current),csqa,CommonsenseQA,standard_dataset,upstream_dataset_gold,128,128,0.34375,34.375,34.38,False,False,0.5195153545102499,51.95153545102499,51.95,False,False
expanded-v3-w4a4-22source-20261007,all12,startlux-decision-2b,StartLux-Decision,W4A4,expanded-20261007-v3,startlux-decision-2b,s1q,S1Q (current),emotion,Emotion,standard_dataset,upstream_dataset_gold,120,120,0.55,55.00000000000001,55.0,False,False,0.5195153545102499,51.95153545102499,51.95,False,False
expanded-v3-w4a4-22source-20261007,all12,startlux-decision-2b,StartLux-Decision,W4A4,expanded-20261007-v3,startlux-decision-2b,s1q,S1Q (current),imdb,IMDb,standard_dataset,upstream_dataset_gold,53,53,0.7547169811320755,75.47169811320755,75.47,False,False,0.5195153545102499,51.95153545102499,51.95,False,False
expanded-v3-w4a4-22source-20261007,all12,startlux-decision-2b,StartLux-Decision,W4A4,expanded-20261007-v3,startlux-decision-2b,s1q,S1Q (current),jevbench,JevBench new eligible public tasks,authored_scenario_suite,authored_scenario_gold,48,48,0.8333333333333334,83.33333333333334,83.33,False,False,0.5195153545102499,51.95153545102499,51.95,False,False
expanded-v3-w4a4-22source-20261007,all12,startlux-decision-2b,StartLux-Decision,W4A4,expanded-20261007-v3,startlux-decision-2b,s1q,S1Q (current),mmlu,MMLU,standard_dataset,upstream_dataset_gold,99,99,0.2525252525252525,25.252525252525253,25.25,False,False,0.5195153545102499,51.95153545102499,51.95,False,False
expanded-v3-w4a4-22source-20261007,all12,startlux-decision-2b,StartLux-Decision,W4A4,expanded-20261007-v3,startlux-decision-2b,s1q,S1Q (current),mnli,MNLI,standard_dataset,upstream_dataset_gold,122,122,0.4344262295081967,43.44262295081967,43.44,False,False,0.5195153545102499,51.95153545102499,51.95,False,False
expanded-v3-w4a4-22source-20261007,all12,startlux-decision-2b,StartLux-Decision,W4A4,expanded-20261007-v3,startlux-decision-2b,s1q,S1Q (current),openbookqa,OpenBookQA,standard_dataset,upstream_dataset_gold,128,128,0.2890625,28.90625,28.91,False,False,0.5195153545102499,51.95153545102499,51.95,False,False
expanded-v3-w4a4-22source-20261007,all12,startlux-decision-2b,StartLux-Decision,W4A4,expanded-20261007-v3,startlux-decision-2b,s1q,S1Q (current),paws,PAWS,standard_dataset,upstream_dataset_gold,128,128,0.5,50.0,50.0,False,False,0.5195153545102499,51.95153545102499,51.95,False,False
expanded-v3-w4a4-22source-20261007,all12,startlux-decision-2b,StartLux-Decision,W4A4,expanded-20261007-v3,startlux-decision-2b,s1q,S1Q (current),qnli,QNLI,standard_dataset,upstream_dataset_gold,128,128,0.65625,65.625,65.62,True,True,0.5195153545102499,51.95153545102499,51.95,False,False
expanded-v3-w4a4-22source-20261007,all12,startlux-decision-2b,StartLux-Decision,W4A4,expanded-20261007-v3,startlux-decision-2b,s1q,S1Q (current),sciq,SciQ,standard_dataset,upstream_dataset_gold,92,92,0.7934782608695652,79.34782608695652,79.35,True,True,0.5195153545102499,51.95153545102499,51.95,False,False
expanded-v3-w4a4-22source-20261007,all12,startlux-decision-2b,StartLux-Decision,W4A4,expanded-20261007-v3,startlux-decision-2b,s1q,S1Q (current),semif,SemIf authored,authored_rule_suite,authored_scenario_gold,128,32,0.5,50.0,50.0,False,False,0.5195153545102499,51.95153545102499,51.95,False,False
expanded-v3-w4a4-22source-20261007,all12,startlux-decision-2b,StartLux-Decision,W4A4,expanded-20261007-v3,startlux-decision-2b,s1q,S1Q (current),sst5,SST-5,standard_dataset,upstream_dataset_gold,128,128,0.3828125,38.28125,38.28,True,True,0.5195153545102499,51.95153545102499,51.95,False,False
expanded-v3-w4a4-22source-20261007,all12,startlux-decision-2b,StartLux-Decision,W4A4,expanded-20261007-v3,startlux-decision-2b,s1q,S1Q (current),toolace,ToolACE tool-choice classification,domain_decision_suite,native_annotation,68,68,0.7647058823529411,76.47058823529412,76.47,False,False,0.5195153545102499,51.95153545102499,51.95,False,False
expanded-v3-w4a4-22source-20261007,all12,startlux-decision-2b,StartLux-Decision,W4A4,expanded-20261007-v3,startlux-decision-2b,s1q,S1Q (current),trec,TREC,standard_dataset,upstream_dataset_gold,121,121,0.4049586776859504,40.49586776859504,40.5,False,False,0.5195153545102499,51.95153545102499,51.95,False,False
expanded-v3-w4a4-22source-20261007,all12,startlux-decision-2b,StartLux-Decision,W4A4,expanded-20261007-v3,startlux-decision-2b,s1q,S1Q (current),tweet-offensive,TweetEval Offensive,standard_dataset,upstream_dataset_gold,128,128,0.6015625,60.15625,60.16,False,False,0.5195153545102499,51.95153545102499,51.95,False,False
expanded-v3-w4a4-22source-20261007,all12,startlux-decision-2b,StartLux-Decision,W4A4,expanded-20261007-v3,startlux-decision-2b,s1q,S1Q (current),wanli,WANLI,standard_dataset,upstream_dataset_gold,256,256,0.4296875,42.96875,42.97,False,False,0.5195153545102499,51.95153545102499,51.95,False,False
expanded-v3-w4a4-22source-20261007,all12,startlux-decision-2b,StartLux-Decision,W4A4,expanded-20261007-v3,startlux-decision-2b,s1q,S1Q (current),wildjailbreak,WildJailBreak harmful/benign classification,domain_decision_suite,native_annotation,128,128,0.375,37.5,37.5,False,False,0.5195153545102499,51.95153545102499,51.95,False,False
expanded-v3-w4a4-22source-20261007,all12,startlux-decision-2b,StartLux-Decision,W4A4,expanded-20261007-v3,startlux-decision-2b,s1q,S1Q (current),yelp,Yelp,standard_dataset,upstream_dataset_gold,132,66,0.5984848484848485,59.84848484848485,59.85,True,True,0.5195153545102499,51.95153545102499,51.95,False,False
expanded-v3-w4a4-22source-20261007,all12,startlux-decision-4b,StartLux-Decision,W4A4,expanded-20261007-v3,startlux-decision-4b,s1q-joint,S1Q-Joint,agnews,AG News,standard_dataset,upstream_dataset_gold,360,120,0.7888888888888889,78.88888888888889,78.89,False,False,0.568034334028095,56.8034334028095,56.8,False,False
expanded-v3-w4a4-22source-20261007,all12,startlux-decision-4b,StartLux-Decision,W4A4,expanded-20261007-v3,startlux-decision-4b,s1q-joint,S1Q-Joint,amazon,Amazon Reviews,standard_dataset,upstream_dataset_gold,128,128,0.3125,31.25,31.25,False,False,0.568034334028095,56.8034334028095,56.8,False,False
expanded-v3-w4a4-22source-20261007,all12,startlux-decision-4b,StartLux-Decision,W4A4,expanded-20261007-v3,startlux-decision-4b,s1q-joint,S1Q-Joint,arc,ARC,standard_dataset,upstream_dataset_gold,128,128,0.453125,45.3125,45.31,False,False,0.568034334028095,56.8034334028095,56.8,False,False
expanded-v3-w4a4-22source-20261007,all12,startlux-decision-4b,StartLux-Decision,W4A4,expanded-20261007-v3,startlux-decision-4b,s1q-joint,S1Q-Joint,boolq,BoolQ,standard_dataset,upstream_dataset_gold,120,120,0.5916666666666667,59.16666666666666,59.17,False,False,0.568034334028095,56.8034334028095,56.8,False,False
expanded-v3-w4a4-22source-20261007,all12,startlux-decision-4b,StartLux-Decision,W4A4,expanded-20261007-v3,startlux-decision-4b,s1q-joint,S1Q-Joint,csqa,CommonsenseQA,standard_dataset,upstream_dataset_gold,128,128,0.421875,42.1875,42.19,False,False,0.568034334028095,56.8034334028095,56.8,False,False
expanded-v3-w4a4-22source-20261007,all12,startlux-decision-4b,StartLux-Decision,W4A4,expanded-20261007-v3,startlux-decision-4b,s1q-joint,S1Q-Joint,emotion,Emotion,standard_dataset,upstream_dataset_gold,120,120,0.6,60.0,60.0,False,False,0.568034334028095,56.8034334028095,56.8,False,False
expanded-v3-w4a4-22source-20261007,all12,startlux-decision-4b,StartLux-Decision,W4A4,expanded-20261007-v3,startlux-decision-4b,s1q-joint,S1Q-Joint,imdb,IMDb,standard_dataset,upstream_dataset_gold,53,53,0.8490566037735849,84.90566037735849,84.91,False,False,0.568034334028095,56.8034334028095,56.8,False,False
expanded-v3-w4a4-22source-20261007,all12,startlux-decision-4b,StartLux-Decision,W4A4,expanded-20261007-v3,startlux-decision-4b,s1q-joint,S1Q-Joint,jevbench,JevBench new eligible public tasks,authored_scenario_suite,authored_scenario_gold,48,48,0.9166666666666666,91.66666666666666,91.67,False,False,0.568034334028095,56.8034334028095,56.8,False,False
expanded-v3-w4a4-22source-20261007,all12,startlux-decision-4b,StartLux-Decision,W4A4,expanded-20261007-v3,startlux-decision-4b,s1q-joint,S1Q-Joint,mmlu,MMLU,standard_dataset,upstream_dataset_gold,99,99,0.3636363636363636,36.36363636363637,36.36,False,False,0.568034334028095,56.8034334028095,56.8,False,False
expanded-v3-w4a4-22source-20261007,all12,startlux-decision-4b,StartLux-Decision,W4A4,expanded-20261007-v3,startlux-decision-4b,s1q-joint,S1Q-Joint,mnli,MNLI,standard_dataset,upstream_dataset_gold,122,122,0.4918032786885246,49.18032786885246,49.18,False,False,0.568034334028095,56.8034334028095,56.8,False,False
expanded-v3-w4a4-22source-20261007,all12,startlux-decision-4b,StartLux-Decision,W4A4,expanded-20261007-v3,startlux-decision-4b,s1q-joint,S1Q-Joint,openbookqa,OpenBookQA,standard_dataset,upstream_dataset_gold,128,128,0.4140625,41.40625,41.41,False,False,0.568034334028095,56.8034334028095,56.8,False,False
expanded-v3-w4a4-22source-20261007,all12,startlux-decision-4b,StartLux-Decision,W4A4,expanded-20261007-v3,startlux-decision-4b,s1q-joint,S1Q-Joint,paws,PAWS,standard_dataset,upstream_dataset_gold,128,128,0.5,50.0,50.0,False,False,0.568034334028095,56.8034334028095,56.8,False,False
expanded-v3-w4a4-22source-20261007,all12,startlux-decision-4b,StartLux-Decision,W4A4,expanded-20261007-v3,startlux-decision-4b,s1q-joint,S1Q-Joint,qnli,QNLI,standard_dataset,upstream_dataset_gold,128,128,0.5390625,53.90625,53.91,False,False,0.568034334028095,56.8034334028095,56.8,False,False
expanded-v3-w4a4-22source-20261007,all12,startlux-decision-4b,StartLux-Decision,W4A4,expanded-20261007-v3,startlux-decision-4b,s1q-joint,S1Q-Joint,sciq,SciQ,standard_dataset,upstream_dataset_gold,92,92,0.8586956521739131,85.86956521739131,85.87,False,False,0.568034334028095,56.8034334028095,56.8,False,False
expanded-v3-w4a4-22source-20261007,all12,startlux-decision-4b,StartLux-Decision,W4A4,expanded-20261007-v3,startlux-decision-4b,s1q-joint,S1Q-Joint,semif,SemIf authored,authored_rule_suite,authored_scenario_gold,128,32,0.6328125,63.28125,63.28,False,False,0.568034334028095,56.8034334028095,56.8,False,False
expanded-v3-w4a4-22source-20261007,all12,startlux-decision-4b,StartLux-Decision,W4A4,expanded-20261007-v3,startlux-decision-4b,s1q-joint,S1Q-Joint,sst5,SST-5,standard_dataset,upstream_dataset_gold,128,128,0.390625,39.0625,39.06,False,False,0.568034334028095,56.8034334028095,56.8,False,False
expanded-v3-w4a4-22source-20261007,all12,startlux-decision-4b,StartLux-Decision,W4A4,expanded-20261007-v3,startlux-decision-4b,s1q-joint,S1Q-Joint,toolace,ToolACE tool-choice classification,domain_decision_suite,native_annotation,68,68,0.8529411764705882,85.29411764705883,85.29,False,False,0.568034334028095,56.8034334028095,56.8,False,False
expanded-v3-w4a4-22source-20261007,all12,startlux-decision-4b,StartLux-Decision,W4A4,expanded-20261007-v3,startlux-decision-4b,s1q-joint,S1Q-Joint,trec,TREC,standard_dataset,upstream_dataset_gold,121,121,0.4380165289256198,43.80165289256198,43.8,False,False,0.568034334028095,56.8034334028095,56.8,False,False
expanded-v3-w4a4-22source-20261007,all12,startlux-decision-4b,StartLux-Decision,W4A4,expanded-20261007-v3,startlux-decision-4b,s1q-joint,S1Q-Joint,tweet-offensive,TweetEval Offensive,standard_dataset,upstream_dataset_gold,128,128,0.796875,79.6875,79.69,False,False,0.568034334028095,56.8034334028095,56.8,False,False
expanded-v3-w4a4-22source-20261007,all12,startlux-decision-4b,StartLux-Decision,W4A4,expanded-20261007-v3,startlux-decision-4b,s1q-joint,S1Q-Joint,wanli,WANLI,standard_dataset,upstream_dataset_gold,256,256,0.51171875,51.171875,51.17,False,False,0.568034334028095,56.8034334028095,56.8,False,False
expanded-v3-w4a4-22source-20261007,all12,startlux-decision-4b,StartLux-Decision,W4A4,expanded-20261007-v3,startlux-decision-4b,s1q-joint,S1Q-Joint,wildjailbreak,WildJailBreak harmful/benign classification,domain_decision_suite,native_annotation,128,128,0.25,25.0,25.0,False,False,0.568034334028095,56.8034334028095,56.8,False,False
expanded-v3-w4a4-22source-20261007,all12,startlux-decision-4b,StartLux-Decision,W4A4,expanded-20261007-v3,startlux-decision-4b,s1q-joint,S1Q-Joint,yelp,Yelp,standard_dataset,upstream_dataset_gold,132,66,0.5227272727272727,52.27272727272727,52.27,False,False,0.568034334028095,56.8034334028095,56.8,False,False
expanded-v3-w4a4-22source-20261007,all12,startlux-decision-4b,StartLux-Decision,W4A4,expanded-20261007-v3,startlux-decision-4b,s1q-ac,S1Q-AC,agnews,AG News,standard_dataset,upstream_dataset_gold,360,120,0.7916666666666666,79.16666666666666,79.17,False,False,0.6085822516843885,60.85822516843885,60.86,False,False
expanded-v3-w4a4-22source-20261007,all12,startlux-decision-4b,StartLux-Decision,W4A4,expanded-20261007-v3,startlux-decision-4b,s1q-ac,S1Q-AC,amazon,Amazon Reviews,standard_dataset,upstream_dataset_gold,128,128,0.3203125,32.03125,32.03,False,False,0.6085822516843885,60.85822516843885,60.86,False,False
expanded-v3-w4a4-22source-20261007,all12,startlux-decision-4b,StartLux-Decision,W4A4,expanded-20261007-v3,startlux-decision-4b,s1q-ac,S1Q-AC,arc,ARC,standard_dataset,upstream_dataset_gold,128,128,0.6015625,60.15625,60.16,True,True,0.6085822516843885,60.85822516843885,60.86,False,False
expanded-v3-w4a4-22source-20261007,all12,startlux-decision-4b,StartLux-Decision,W4A4,expanded-20261007-v3,startlux-decision-4b,s1q-ac,S1Q-AC,boolq,BoolQ,standard_dataset,upstream_dataset_gold,120,120,0.5666666666666667,56.66666666666666,56.67,False,False,0.6085822516843885,60.85822516843885,60.86,False,False
expanded-v3-w4a4-22source-20261007,all12,startlux-decision-4b,StartLux-Decision,W4A4,expanded-20261007-v3,startlux-decision-4b,s1q-ac,S1Q-AC,csqa,CommonsenseQA,standard_dataset,upstream_dataset_gold,128,128,0.46875,46.875,46.88,False,False,0.6085822516843885,60.85822516843885,60.86,False,False
expanded-v3-w4a4-22source-20261007,all12,startlux-decision-4b,StartLux-Decision,W4A4,expanded-20261007-v3,startlux-decision-4b,s1q-ac,S1Q-AC,emotion,Emotion,standard_dataset,upstream_dataset_gold,120,120,0.6083333333333333,60.83333333333333,60.83,False,False,0.6085822516843885,60.85822516843885,60.86,False,False
expanded-v3-w4a4-22source-20261007,all12,startlux-decision-4b,StartLux-Decision,W4A4,expanded-20261007-v3,startlux-decision-4b,s1q-ac,S1Q-AC,imdb,IMDb,standard_dataset,upstream_dataset_gold,53,53,0.8679245283018868,86.79245283018868,86.79,False,False,0.6085822516843885,60.85822516843885,60.86,False,False
expanded-v3-w4a4-22source-20261007,all12,startlux-decision-4b,StartLux-Decision,W4A4,expanded-20261007-v3,startlux-decision-4b,s1q-ac,S1Q-AC,jevbench,JevBench new eligible public tasks,authored_scenario_suite,authored_scenario_gold,48,48,0.9583333333333334,95.83333333333334,95.83,False,False,0.6085822516843885,60.85822516843885,60.86,False,False
expanded-v3-w4a4-22source-20261007,all12,startlux-decision-4b,StartLux-Decision,W4A4,expanded-20261007-v3,startlux-decision-4b,s1q-ac,S1Q-AC,mmlu,MMLU,standard_dataset,upstream_dataset_gold,99,99,0.3232323232323232,32.323232323232325,32.32,False,False,0.6085822516843885,60.85822516843885,60.86,False,False
expanded-v3-w4a4-22source-20261007,all12,startlux-decision-4b,StartLux-Decision,W4A4,expanded-20261007-v3,startlux-decision-4b,s1q-ac,S1Q-AC,mnli,MNLI,standard_dataset,upstream_dataset_gold,122,122,0.4590163934426229,45.90163934426229,45.9,False,False,0.6085822516843885,60.85822516843885,60.86,False,False
expanded-v3-w4a4-22source-20261007,all12,startlux-decision-4b,StartLux-Decision,W4A4,expanded-20261007-v3,startlux-decision-4b,s1q-ac,S1Q-AC,openbookqa,OpenBookQA,standard_dataset,upstream_dataset_gold,128,128,0.5078125,50.78125,50.78,True,True,0.6085822516843885,60.85822516843885,60.86,False,False
expanded-v3-w4a4-22source-20261007,all12,startlux-decision-4b,StartLux-Decision,W4A4,expanded-20261007-v3,startlux-decision-4b,s1q-ac,S1Q-AC,paws,PAWS,standard_dataset,upstream_dataset_gold,128,128,0.5078125,50.78125,50.78,False,False,0.6085822516843885,60.85822516843885,60.86,False,False
expanded-v3-w4a4-22source-20261007,all12,startlux-decision-4b,StartLux-Decision,W4A4,expanded-20261007-v3,startlux-decision-4b,s1q-ac,S1Q-AC,qnli,QNLI,standard_dataset,upstream_dataset_gold,128,128,0.5703125,57.03125,57.03,False,False,0.6085822516843885,60.85822516843885,60.86,False,False
expanded-v3-w4a4-22source-20261007,all12,startlux-decision-4b,StartLux-Decision,W4A4,expanded-20261007-v3,startlux-decision-4b,s1q-ac,S1Q-AC,sciq,SciQ,standard_dataset,upstream_dataset_gold,92,92,0.9565217391304348,95.65217391304348,95.65,True,True,0.6085822516843885,60.85822516843885,60.86,False,False
expanded-v3-w4a4-22source-20261007,all12,startlux-decision-4b,StartLux-Decision,W4A4,expanded-20261007-v3,startlux-decision-4b,s1q-ac,S1Q-AC,semif,SemIf authored,authored_rule_suite,authored_scenario_gold,128,32,0.7109375,71.09375,71.09,False,False,0.6085822516843885,60.85822516843885,60.86,False,False
expanded-v3-w4a4-22source-20261007,all12,startlux-decision-4b,StartLux-Decision,W4A4,expanded-20261007-v3,startlux-decision-4b,s1q-ac,S1Q-AC,sst5,SST-5,standard_dataset,upstream_dataset_gold,128,128,0.421875,42.1875,42.19,False,False,0.6085822516843885,60.85822516843885,60.86,False,False
expanded-v3-w4a4-22source-20261007,all12,startlux-decision-4b,StartLux-Decision,W4A4,expanded-20261007-v3,startlux-decision-4b,s1q-ac,S1Q-AC,toolace,ToolACE tool-choice classification,domain_decision_suite,native_annotation,68,68,0.8235294117647058,82.35294117647058,82.35,False,False,0.6085822516843885,60.85822516843885,60.86,False,False
expanded-v3-w4a4-22source-20261007,all12,startlux-decision-4b,StartLux-Decision,W4A4,expanded-20261007-v3,startlux-decision-4b,s1q-ac,S1Q-AC,trec,TREC,standard_dataset,upstream_dataset_gold,121,121,0.6033057851239669,60.33057851239669,60.33,False,False,0.6085822516843885,60.85822516843885,60.86,False,False
expanded-v3-w4a4-22source-20261007,all12,startlux-decision-4b,StartLux-Decision,W4A4,expanded-20261007-v3,startlux-decision-4b,s1q-ac,S1Q-AC,tweet-offensive,TweetEval Offensive,standard_dataset,upstream_dataset_gold,128,128,0.796875,79.6875,79.69,False,False,0.6085822516843885,60.85822516843885,60.86,False,False
expanded-v3-w4a4-22source-20261007,all12,startlux-decision-4b,StartLux-Decision,W4A4,expanded-20261007-v3,startlux-decision-4b,s1q-ac,S1Q-AC,wanli,WANLI,standard_dataset,upstream_dataset_gold,256,256,0.50390625,50.390625,50.39,False,False,0.6085822516843885,60.85822516843885,60.86,False,False
expanded-v3-w4a4-22source-20261007,all12,startlux-decision-4b,StartLux-Decision,W4A4,expanded-20261007-v3,startlux-decision-4b,s1q-ac,S1Q-AC,wildjailbreak,WildJailBreak harmful/benign classification,domain_decision_suite,native_annotation,128,128,0.4140625,41.40625,41.41,False,False,0.6085822516843885,60.85822516843885,60.86,False,False
expanded-v3-w4a4-22source-20261007,all12,startlux-decision-4b,StartLux-Decision,W4A4,expanded-20261007-v3,startlux-decision-4b,s1q-ac,S1Q-AC,yelp,Yelp,standard_dataset,upstream_dataset_gold,132,66,0.6060606060606061,60.60606060606061,60.61,False,False,0.6085822516843885,60.85822516843885,60.86,False,False
expanded-v3-w4a4-22source-20261007,all12,startlux-decision-4b,StartLux-Decision,W4A4,expanded-20261007-v3,startlux-decision-4b,s1q-margin,S1Q-Margin,agnews,AG News,standard_dataset,upstream_dataset_gold,360,120,0.8277777777777777,82.77777777777777,82.78,True,True,0.6080269700199221,60.802697001992215,60.8,False,False
expanded-v3-w4a4-22source-20261007,all12,startlux-decision-4b,StartLux-Decision,W4A4,expanded-20261007-v3,startlux-decision-4b,s1q-margin,S1Q-Margin,amazon,Amazon Reviews,standard_dataset,upstream_dataset_gold,128,128,0.234375,23.4375,23.44,False,False,0.6080269700199221,60.802697001992215,60.8,False,False
expanded-v3-w4a4-22source-20261007,all12,startlux-decision-4b,StartLux-Decision,W4A4,expanded-20261007-v3,startlux-decision-4b,s1q-margin,S1Q-Margin,arc,ARC,standard_dataset,upstream_dataset_gold,128,128,0.484375,48.4375,48.44,False,False,0.6080269700199221,60.802697001992215,60.8,False,False
expanded-v3-w4a4-22source-20261007,all12,startlux-decision-4b,StartLux-Decision,W4A4,expanded-20261007-v3,startlux-decision-4b,s1q-margin,S1Q-Margin,boolq,BoolQ,standard_dataset,upstream_dataset_gold,120,120,0.6333333333333333,63.33333333333333,63.33,False,False,0.6080269700199221,60.802697001992215,60.8,False,False
expanded-v3-w4a4-22source-20261007,all12,startlux-decision-4b,StartLux-Decision,W4A4,expanded-20261007-v3,startlux-decision-4b,s1q-margin,S1Q-Margin,csqa,CommonsenseQA,standard_dataset,upstream_dataset_gold,128,128,0.4296875,42.96875,42.97,False,False,0.6080269700199221,60.802697001992215,60.8,False,False
expanded-v3-w4a4-22source-20261007,all12,startlux-decision-4b,StartLux-Decision,W4A4,expanded-20261007-v3,startlux-decision-4b,s1q-margin,S1Q-Margin,emotion,Emotion,standard_dataset,upstream_dataset_gold,120,120,0.55,55.00000000000001,55.0,False,False,0.6080269700199221,60.802697001992215,60.8,False,False
expanded-v3-w4a4-22source-20261007,all12,startlux-decision-4b,StartLux-Decision,W4A4,expanded-20261007-v3,startlux-decision-4b,s1q-margin,S1Q-Margin,imdb,IMDb,standard_dataset,upstream_dataset_gold,53,53,0.9056603773584906,90.56603773584906,90.57,False,False,0.6080269700199221,60.802697001992215,60.8,False,False
expanded-v3-w4a4-22source-20261007,all12,startlux-decision-4b,StartLux-Decision,W4A4,expanded-20261007-v3,startlux-decision-4b,s1q-margin,S1Q-Margin,jevbench,JevBench new eligible public tasks,authored_scenario_suite,authored_scenario_gold,48,48,0.9375,93.75,93.75,False,False,0.6080269700199221,60.802697001992215,60.8,False,False
expanded-v3-w4a4-22source-20261007,all12,startlux-decision-4b,StartLux-Decision,W4A4,expanded-20261007-v3,startlux-decision-4b,s1q-margin,S1Q-Margin,mmlu,MMLU,standard_dataset,upstream_dataset_gold,99,99,0.3636363636363636,36.36363636363637,36.36,False,False,0.6080269700199221,60.802697001992215,60.8,False,False
expanded-v3-w4a4-22source-20261007,all12,startlux-decision-4b,StartLux-Decision,W4A4,expanded-20261007-v3,startlux-decision-4b,s1q-margin,S1Q-Margin,mnli,MNLI,standard_dataset,upstream_dataset_gold,122,122,0.6065573770491803,60.65573770491803,60.66,False,False,0.6080269700199221,60.802697001992215,60.8,False,False
expanded-v3-w4a4-22source-20261007,all12,startlux-decision-4b,StartLux-Decision,W4A4,expanded-20261007-v3,startlux-decision-4b,s1q-margin,S1Q-Margin,openbookqa,OpenBookQA,standard_dataset,upstream_dataset_gold,128,128,0.4296875,42.96875,42.97,False,False,0.6080269700199221,60.802697001992215,60.8,False,False
expanded-v3-w4a4-22source-20261007,all12,startlux-decision-4b,StartLux-Decision,W4A4,expanded-20261007-v3,startlux-decision-4b,s1q-margin,S1Q-Margin,paws,PAWS,standard_dataset,upstream_dataset_gold,128,128,0.5546875,55.46875,55.47,False,False,0.6080269700199221,60.802697001992215,60.8,False,False
expanded-v3-w4a4-22source-20261007,all12,startlux-decision-4b,StartLux-Decision,W4A4,expanded-20261007-v3,startlux-decision-4b,s1q-margin,S1Q-Margin,qnli,QNLI,standard_dataset,upstream_dataset_gold,128,128,0.6484375,64.84375,64.84,False,False,0.6080269700199221,60.802697001992215,60.8,False,False
expanded-v3-w4a4-22source-20261007,all12,startlux-decision-4b,StartLux-Decision,W4A4,expanded-20261007-v3,startlux-decision-4b,s1q-margin,S1Q-Margin,sciq,SciQ,standard_dataset,upstream_dataset_gold,92,92,0.8804347826086957,88.04347826086956,88.04,False,False,0.6080269700199221,60.802697001992215,60.8,False,False
expanded-v3-w4a4-22source-20261007,all12,startlux-decision-4b,StartLux-Decision,W4A4,expanded-20261007-v3,startlux-decision-4b,s1q-margin,S1Q-Margin,semif,SemIf authored,authored_rule_suite,authored_scenario_gold,128,32,0.71875,71.875,71.88,False,False,0.6080269700199221,60.802697001992215,60.8,False,False
expanded-v3-w4a4-22source-20261007,all12,startlux-decision-4b,StartLux-Decision,W4A4,expanded-20261007-v3,startlux-decision-4b,s1q-margin,S1Q-Margin,sst5,SST-5,standard_dataset,upstream_dataset_gold,128,128,0.375,37.5,37.5,False,False,0.6080269700199221,60.802697001992215,60.8,False,False
expanded-v3-w4a4-22source-20261007,all12,startlux-decision-4b,StartLux-Decision,W4A4,expanded-20261007-v3,startlux-decision-4b,s1q-margin,S1Q-Margin,toolace,ToolACE tool-choice classification,domain_decision_suite,native_annotation,68,68,0.8529411764705882,85.29411764705883,85.29,False,False,0.6080269700199221,60.802697001992215,60.8,False,False
expanded-v3-w4a4-22source-20261007,all12,startlux-decision-4b,StartLux-Decision,W4A4,expanded-20261007-v3,startlux-decision-4b,s1q-margin,S1Q-Margin,trec,TREC,standard_dataset,upstream_dataset_gold,121,121,0.6446280991735537,64.46280991735537,64.46,True,True,0.6080269700199221,60.802697001992215,60.8,False,False
expanded-v3-w4a4-22source-20261007,all12,startlux-decision-4b,StartLux-Decision,W4A4,expanded-20261007-v3,startlux-decision-4b,s1q-margin,S1Q-Margin,tweet-offensive,TweetEval Offensive,standard_dataset,upstream_dataset_gold,128,128,0.7890625,78.90625,78.91,False,False,0.6080269700199221,60.802697001992215,60.8,False,False
expanded-v3-w4a4-22source-20261007,all12,startlux-decision-4b,StartLux-Decision,W4A4,expanded-20261007-v3,startlux-decision-4b,s1q-margin,S1Q-Margin,wanli,WANLI,standard_dataset,upstream_dataset_gold,256,256,0.55078125,55.078125,55.08,True,True,0.6080269700199221,60.802697001992215,60.8,False,False
expanded-v3-w4a4-22source-20261007,all12,startlux-decision-4b,StartLux-Decision,W4A4,expanded-20261007-v3,startlux-decision-4b,s1q-margin,S1Q-Margin,wildjailbreak,WildJailBreak harmful/benign classification,domain_decision_suite,native_annotation,128,128,0.40625,40.625,40.62,False,False,0.6080269700199221,60.802697001992215,60.8,False,False
expanded-v3-w4a4-22source-20261007,all12,startlux-decision-4b,StartLux-Decision,W4A4,expanded-20261007-v3,startlux-decision-4b,s1q-margin,S1Q-Margin,yelp,Yelp,standard_dataset,upstream_dataset_gold,132,66,0.553030303030303,55.3030303030303,55.3,False,False,0.6080269700199221,60.802697001992215,60.8,False,False
expanded-v3-w4a4-22source-20261007,all12,startlux-decision-4b,StartLux-Decision,W4A4,expanded-20261007-v3,startlux-decision-4b,s1q,S1Q (current),agnews,AG News,standard_dataset,upstream_dataset_gold,360,120,0.8194444444444444,81.94444444444444,81.94,False,False,0.6509675653046831,65.09675653046831,65.1,True,True
expanded-v3-w4a4-22source-20261007,all12,startlux-decision-4b,StartLux-Decision,W4A4,expanded-20261007-v3,startlux-decision-4b,s1q,S1Q (current),amazon,Amazon Reviews,standard_dataset,upstream_dataset_gold,128,128,0.34375,34.375,34.38,True,True,0.6509675653046831,65.09675653046831,65.1,True,True
expanded-v3-w4a4-22source-20261007,all12,startlux-decision-4b,StartLux-Decision,W4A4,expanded-20261007-v3,startlux-decision-4b,s1q,S1Q (current),arc,ARC,standard_dataset,upstream_dataset_gold,128,128,0.546875,54.6875,54.69,False,False,0.6509675653046831,65.09675653046831,65.1,True,True
expanded-v3-w4a4-22source-20261007,all12,startlux-decision-4b,StartLux-Decision,W4A4,expanded-20261007-v3,startlux-decision-4b,s1q,S1Q (current),boolq,BoolQ,standard_dataset,upstream_dataset_gold,120,120,0.6666666666666666,66.66666666666666,66.67,True,True,0.6509675653046831,65.09675653046831,65.1,True,True
expanded-v3-w4a4-22source-20261007,all12,startlux-decision-4b,StartLux-Decision,W4A4,expanded-20261007-v3,startlux-decision-4b,s1q,S1Q (current),csqa,CommonsenseQA,standard_dataset,upstream_dataset_gold,128,128,0.6015625,60.15625,60.16,True,True,0.6509675653046831,65.09675653046831,65.1,True,True
expanded-v3-w4a4-22source-20261007,all12,startlux-decision-4b,StartLux-Decision,W4A4,expanded-20261007-v3,startlux-decision-4b,s1q,S1Q (current),emotion,Emotion,standard_dataset,upstream_dataset_gold,120,120,0.6833333333333333,68.33333333333333,68.33,True,True,0.6509675653046831,65.09675653046831,65.1,True,True
expanded-v3-w4a4-22source-20261007,all12,startlux-decision-4b,StartLux-Decision,W4A4,expanded-20261007-v3,startlux-decision-4b,s1q,S1Q (current),imdb,IMDb,standard_dataset,upstream_dataset_gold,53,53,0.9245283018867924,92.45283018867924,92.45,True,True,0.6509675653046831,65.09675653046831,65.1,True,True
expanded-v3-w4a4-22source-20261007,all12,startlux-decision-4b,StartLux-Decision,W4A4,expanded-20261007-v3,startlux-decision-4b,s1q,S1Q (current),jevbench,JevBench new eligible public tasks,authored_scenario_suite,authored_scenario_gold,48,48,1.0,100.0,100.0,True,True,0.6509675653046831,65.09675653046831,65.1,True,True
expanded-v3-w4a4-22source-20261007,all12,startlux-decision-4b,StartLux-Decision,W4A4,expanded-20261007-v3,startlux-decision-4b,s1q,S1Q (current),mmlu,MMLU,standard_dataset,upstream_dataset_gold,99,99,0.3737373737373737,37.37373737373738,37.37,True,True,0.6509675653046831,65.09675653046831,65.1,True,True
expanded-v3-w4a4-22source-20261007,all12,startlux-decision-4b,StartLux-Decision,W4A4,expanded-20261007-v3,startlux-decision-4b,s1q,S1Q (current),mnli,MNLI,standard_dataset,upstream_dataset_gold,122,122,0.6147540983606558,61.47540983606557,61.48,True,True,0.6509675653046831,65.09675653046831,65.1,True,True
expanded-v3-w4a4-22source-20261007,all12,startlux-decision-4b,StartLux-Decision,W4A4,expanded-20261007-v3,startlux-decision-4b,s1q,S1Q (current),openbookqa,OpenBookQA,standard_dataset,upstream_dataset_gold,128,128,0.4609375,46.09375,46.09,False,False,0.6509675653046831,65.09675653046831,65.1,True,True
expanded-v3-w4a4-22source-20261007,all12,startlux-decision-4b,StartLux-Decision,W4A4,expanded-20261007-v3,startlux-decision-4b,s1q,S1Q (current),paws,PAWS,standard_dataset,upstream_dataset_gold,128,128,0.578125,57.8125,57.81,True,True,0.6509675653046831,65.09675653046831,65.1,True,True
expanded-v3-w4a4-22source-20261007,all12,startlux-decision-4b,StartLux-Decision,W4A4,expanded-20261007-v3,startlux-decision-4b,s1q,S1Q (current),qnli,QNLI,standard_dataset,upstream_dataset_gold,128,128,0.6875,68.75,68.75,True,True,0.6509675653046831,65.09675653046831,65.1,True,True
expanded-v3-w4a4-22source-20261007,all12,startlux-decision-4b,StartLux-Decision,W4A4,expanded-20261007-v3,startlux-decision-4b,s1q,S1Q (current),sciq,SciQ,standard_dataset,upstream_dataset_gold,92,92,0.9456521739130436,94.56521739130434,94.57,False,False,0.6509675653046831,65.09675653046831,65.1,True,True
expanded-v3-w4a4-22source-20261007,all12,startlux-decision-4b,StartLux-Decision,W4A4,expanded-20261007-v3,startlux-decision-4b,s1q,S1Q (current),semif,SemIf authored,authored_rule_suite,authored_scenario_gold,128,32,0.7265625,72.65625,72.66,True,True,0.6509675653046831,65.09675653046831,65.1,True,True
expanded-v3-w4a4-22source-20261007,all12,startlux-decision-4b,StartLux-Decision,W4A4,expanded-20261007-v3,startlux-decision-4b,s1q,S1Q (current),sst5,SST-5,standard_dataset,upstream_dataset_gold,128,128,0.46875,46.875,46.88,True,True,0.6509675653046831,65.09675653046831,65.1,True,True
expanded-v3-w4a4-22source-20261007,all12,startlux-decision-4b,StartLux-Decision,W4A4,expanded-20261007-v3,startlux-decision-4b,s1q,S1Q (current),toolace,ToolACE tool-choice classification,domain_decision_suite,native_annotation,68,68,0.8676470588235294,86.76470588235294,86.76,True,True,0.6509675653046831,65.09675653046831,65.1,True,True
expanded-v3-w4a4-22source-20261007,all12,startlux-decision-4b,StartLux-Decision,W4A4,expanded-20261007-v3,startlux-decision-4b,s1q,S1Q (current),trec,TREC,standard_dataset,upstream_dataset_gold,121,121,0.6446280991735537,64.46280991735537,64.46,True,True,0.6509675653046831,65.09675653046831,65.1,True,True
expanded-v3-w4a4-22source-20261007,all12,startlux-decision-4b,StartLux-Decision,W4A4,expanded-20261007-v3,startlux-decision-4b,s1q,S1Q (current),tweet-offensive,TweetEval Offensive,standard_dataset,upstream_dataset_gold,128,128,0.8125,81.25,81.25,True,True,0.6509675653046831,65.09675653046831,65.1,True,True
expanded-v3-w4a4-22source-20261007,all12,startlux-decision-4b,StartLux-Decision,W4A4,expanded-20261007-v3,startlux-decision-4b,s1q,S1Q (current),wanli,WANLI,standard_dataset,upstream_dataset_gold,256,256,0.55078125,55.078125,55.08,True,True,0.6509675653046831,65.09675653046831,65.1,True,True
expanded-v3-w4a4-22source-20261007,all12,startlux-decision-4b,StartLux-Decision,W4A4,expanded-20261007-v3,startlux-decision-4b,s1q,S1Q (current),wildjailbreak,WildJailBreak harmful/benign classification,domain_decision_suite,native_annotation,128,128,0.3671875,36.71875,36.72,False,False,0.6509675653046831,65.09675653046831,65.1,True,True
expanded-v3-w4a4-22source-20261007,all12,startlux-decision-4b,StartLux-Decision,W4A4,expanded-20261007-v3,startlux-decision-4b,s1q,S1Q (current),yelp,Yelp,standard_dataset,upstream_dataset_gold,132,66,0.6363636363636364,63.63636363636363,63.64,True,True,0.6509675653046831,65.09675653046831,65.1,True,True
