model,dataset_id,method,class,gold_count,pred_count,recall,precision,f1
kev-0.8b,mnli,native,entailment,41,38,0.8536585365853658,0.9210526315789473,0.8860759493670886
kev-0.8b,mnli,native,neutral,45,46,0.8444444444444444,0.8260869565217391,0.8351648351648352
kev-0.8b,mnli,native,contradiction,36,38,0.9166666666666666,0.868421052631579,0.8918918918918919
kev-0.8b,mnli,rtn,entailment,41,39,0.34146341463414637,0.358974358974359,0.35
kev-0.8b,mnli,rtn,neutral,45,41,0.24444444444444444,0.2682926829268293,0.2558139534883721
kev-0.8b,mnli,rtn,contradiction,36,42,0.3055555555555556,0.2619047619047619,0.28205128205128205
kev-0.8b,mnli,s1q-local,entailment,41,37,0.5121951219512195,0.5675675675675675,0.5384615384615384
kev-0.8b,mnli,s1q-local,neutral,45,50,0.5333333333333333,0.48,0.5052631578947369
kev-0.8b,mnli,s1q-local,contradiction,36,35,0.6111111111111112,0.6285714285714286,0.6197183098591549
kev-0.8b,mnli,s1q2-beta05,entailment,41,43,0.4878048780487805,0.46511627906976744,0.47619047619047616
kev-0.8b,mnli,s1q2-beta05,neutral,45,52,0.5333333333333333,0.46153846153846156,0.4948453608247423
kev-0.8b,mnli,s1q2-beta05,contradiction,36,27,0.4166666666666667,0.5555555555555556,0.47619047619047616
kev-0.8b,mnli,smoothquant-adapted,entailment,41,37,0.3170731707317073,0.35135135135135137,0.3333333333333333
kev-0.8b,mnli,smoothquant-adapted,neutral,45,57,0.4,0.3157894736842105,0.35294117647058826
kev-0.8b,mnli,smoothquant-adapted,contradiction,36,28,0.19444444444444445,0.25,0.21875
kev-0.8b,mnli,awq-adapted,entailment,41,28,0.36585365853658536,0.5357142857142857,0.43478260869565216
kev-0.8b,mnli,awq-adapted,neutral,45,77,0.6888888888888889,0.4025974025974026,0.5081967213114754
kev-0.8b,mnli,awq-adapted,contradiction,36,17,0.25,0.5294117647058824,0.33962264150943394
kev-0.8b,mnli,gptq-blockdiag-adapted,entailment,41,42,0.43902439024390244,0.42857142857142855,0.43373493975903615
kev-0.8b,mnli,gptq-blockdiag-adapted,neutral,45,32,0.2,0.28125,0.23376623376623376
kev-0.8b,mnli,gptq-blockdiag-adapted,contradiction,36,48,0.3611111111111111,0.2708333333333333,0.30952380952380953
kev-0.8b,mnli,spinquant-nohad-adapted,entailment,41,41,0.34146341463414637,0.34146341463414637,0.34146341463414637
kev-0.8b,mnli,spinquant-nohad-adapted,neutral,45,62,0.4222222222222222,0.3064516129032258,0.35514018691588783
kev-0.8b,mnli,spinquant-nohad-adapted,contradiction,36,19,0.19444444444444445,0.3684210526315789,0.2545454545454545
kev-0.8b,mnli,spinquant-had-adapted,entailment,41,48,0.5853658536585366,0.5,0.5393258426966292
kev-0.8b,mnli,spinquant-had-adapted,neutral,45,43,0.4444444444444444,0.46511627906976744,0.45454545454545453
kev-0.8b,mnli,spinquant-had-adapted,contradiction,36,31,0.4444444444444444,0.5161290322580645,0.47761194029850745
kev-0.8b,mnli,s1q-joint,entailment,41,38,0.4634146341463415,0.5,0.4810126582278481
kev-0.8b,mnli,s1q-joint,neutral,45,52,0.5111111111111111,0.4423076923076923,0.4742268041237113
kev-0.8b,mnli,s1q-joint,contradiction,36,32,0.5,0.5625,0.5294117647058824
kev-0.8b,mnli,s1q-ac,entailment,41,41,0.5853658536585366,0.5853658536585366,0.5853658536585366
kev-0.8b,mnli,s1q-ac,neutral,45,50,0.5777777777777777,0.52,0.5473684210526316
kev-0.8b,mnli,s1q-ac,contradiction,36,31,0.4722222222222222,0.5483870967741935,0.5074626865671642
kev-0.8b,mnli,s1q-margin,entailment,41,37,0.5853658536585366,0.6486486486486487,0.6153846153846154
kev-0.8b,mnli,s1q-margin,neutral,45,58,0.6666666666666666,0.5172413793103449,0.5825242718446602
kev-0.8b,mnli,s1q-margin,contradiction,36,27,0.5,0.6666666666666666,0.5714285714285714
kev-0.8b,mnli,s1q,entailment,41,34,0.43902439024390244,0.5294117647058824,0.48
kev-0.8b,mnli,s1q,neutral,45,65,0.6666666666666666,0.46153846153846156,0.5454545454545454
kev-0.8b,mnli,s1q,contradiction,36,23,0.3888888888888889,0.6086956521739131,0.4745762711864407
kev-0.8b,tweet-offensive,native,not_offensive,97,85,0.7628865979381443,0.8705882352941177,0.8131868131868132
kev-0.8b,tweet-offensive,native,offensive,31,43,0.6451612903225806,0.46511627906976744,0.5405405405405406
kev-0.8b,tweet-offensive,rtn,not_offensive,97,75,0.5773195876288659,0.7466666666666667,0.6511627906976745
kev-0.8b,tweet-offensive,rtn,offensive,31,53,0.3870967741935484,0.22641509433962265,0.2857142857142857
kev-0.8b,tweet-offensive,s1q-local,not_offensive,97,112,0.8969072164948454,0.7767857142857143,0.8325358851674641
kev-0.8b,tweet-offensive,s1q-local,offensive,31,16,0.1935483870967742,0.375,0.2553191489361702
kev-0.8b,tweet-offensive,s1q2-beta05,not_offensive,97,104,0.845360824742268,0.7884615384615384,0.8159203980099502
kev-0.8b,tweet-offensive,s1q2-beta05,offensive,31,24,0.2903225806451613,0.375,0.32727272727272727
kev-0.8b,tweet-offensive,smoothquant-adapted,not_offensive,97,65,0.5154639175257731,0.7692307692307693,0.6172839506172839
kev-0.8b,tweet-offensive,smoothquant-adapted,offensive,31,63,0.5161290322580645,0.25396825396825395,0.3404255319148936
kev-0.8b,tweet-offensive,awq-adapted,not_offensive,97,103,0.865979381443299,0.8155339805825242,0.84
kev-0.8b,tweet-offensive,awq-adapted,offensive,31,25,0.3870967741935484,0.48,0.42857142857142855
kev-0.8b,tweet-offensive,gptq-blockdiag-adapted,not_offensive,97,67,0.5154639175257731,0.746268656716418,0.6097560975609756
kev-0.8b,tweet-offensive,gptq-blockdiag-adapted,offensive,31,61,0.45161290322580644,0.22950819672131148,0.30434782608695654
kev-0.8b,tweet-offensive,spinquant-nohad-adapted,not_offensive,97,93,0.7319587628865979,0.7634408602150538,0.7473684210526316
kev-0.8b,tweet-offensive,spinquant-nohad-adapted,offensive,31,35,0.2903225806451613,0.2571428571428571,0.2727272727272727
kev-0.8b,tweet-offensive,spinquant-had-adapted,not_offensive,97,99,0.8144329896907216,0.797979797979798,0.8061224489795918
kev-0.8b,tweet-offensive,spinquant-had-adapted,offensive,31,29,0.3548387096774194,0.3793103448275862,0.36666666666666664
kev-0.8b,tweet-offensive,s1q-joint,not_offensive,97,102,0.865979381443299,0.8235294117647058,0.8442211055276382
kev-0.8b,tweet-offensive,s1q-joint,offensive,31,26,0.41935483870967744,0.5,0.45614035087719296
kev-0.8b,tweet-offensive,s1q-ac,not_offensive,97,95,0.7835051546391752,0.8,0.7916666666666666
kev-0.8b,tweet-offensive,s1q-ac,offensive,31,33,0.3870967741935484,0.36363636363636365,0.375
kev-0.8b,tweet-offensive,s1q-margin,not_offensive,97,101,0.8144329896907216,0.7821782178217822,0.797979797979798
kev-0.8b,tweet-offensive,s1q-margin,offensive,31,27,0.2903225806451613,0.3333333333333333,0.3103448275862069
kev-0.8b,tweet-offensive,s1q,not_offensive,97,102,0.845360824742268,0.803921568627451,0.8241206030150754
kev-0.8b,tweet-offensive,s1q,offensive,31,26,0.3548387096774194,0.4230769230769231,0.38596491228070173
kev-0.8b,wanli,native,supported,95,150,0.8736842105263158,0.5533333333333333,0.6775510204081633
kev-0.8b,wanli,native,insufficient,78,32,0.21794871794871795,0.53125,0.3090909090909091
kev-0.8b,wanli,native,contradicted,83,74,0.6626506024096386,0.7432432432432432,0.7006369426751592
kev-0.8b,wanli,rtn,supported,95,72,0.3157894736842105,0.4166666666666667,0.3592814371257485
kev-0.8b,wanli,rtn,insufficient,78,106,0.46153846153846156,0.33962264150943394,0.391304347826087
kev-0.8b,wanli,rtn,contradicted,83,78,0.30120481927710846,0.32051282051282054,0.3105590062111801
kev-0.8b,wanli,s1q-local,supported,95,119,0.5789473684210527,0.46218487394957986,0.514018691588785
kev-0.8b,wanli,s1q-local,insufficient,78,89,0.4230769230769231,0.3707865168539326,0.39520958083832336
kev-0.8b,wanli,s1q-local,contradicted,83,48,0.3253012048192771,0.5625,0.4122137404580153
kev-0.8b,wanli,s1q2-beta05,supported,95,117,0.5789473684210527,0.4700854700854701,0.5188679245283019
kev-0.8b,wanli,s1q2-beta05,insufficient,78,87,0.358974358974359,0.3218390804597701,0.3393939393939394
kev-0.8b,wanli,s1q2-beta05,contradicted,83,52,0.39759036144578314,0.6346153846153846,0.4888888888888889
kev-0.8b,wanli,smoothquant-adapted,supported,95,89,0.35789473684210527,0.38202247191011235,0.3695652173913043
kev-0.8b,wanli,smoothquant-adapted,insufficient,78,111,0.41025641025641024,0.2882882882882883,0.3386243386243386
kev-0.8b,wanli,smoothquant-adapted,contradicted,83,56,0.1927710843373494,0.2857142857142857,0.2302158273381295
kev-0.8b,wanli,awq-adapted,supported,95,114,0.4842105263157895,0.40350877192982454,0.44019138755980863
kev-0.8b,wanli,awq-adapted,insufficient,78,108,0.38461538461538464,0.2777777777777778,0.3225806451612903
kev-0.8b,wanli,awq-adapted,contradicted,83,34,0.24096385542168675,0.5882352941176471,0.3418803418803419
kev-0.8b,wanli,gptq-blockdiag-adapted,supported,95,70,0.3263157894736842,0.44285714285714284,0.37575757575757573
kev-0.8b,wanli,gptq-blockdiag-adapted,insufficient,78,109,0.44871794871794873,0.3211009174311927,0.37433155080213903
kev-0.8b,wanli,gptq-blockdiag-adapted,contradicted,83,77,0.37349397590361444,0.4025974025974026,0.3875
kev-0.8b,wanli,spinquant-nohad-adapted,supported,95,113,0.5052631578947369,0.4247787610619469,0.46153846153846156
kev-0.8b,wanli,spinquant-nohad-adapted,insufficient,78,87,0.28205128205128205,0.25287356321839083,0.26666666666666666
kev-0.8b,wanli,spinquant-nohad-adapted,contradicted,83,56,0.2891566265060241,0.42857142857142855,0.34532374100719426
kev-0.8b,wanli,spinquant-had-adapted,supported,95,118,0.49473684210526314,0.3983050847457627,0.4413145539906103
kev-0.8b,wanli,spinquant-had-adapted,insufficient,78,76,0.28205128205128205,0.2894736842105263,0.2857142857142857
kev-0.8b,wanli,spinquant-had-adapted,contradicted,83,62,0.24096385542168675,0.3225806451612903,0.27586206896551724
kev-0.8b,wanli,s1q-joint,supported,95,125,0.5684210526315789,0.432,0.4909090909090909
kev-0.8b,wanli,s1q-joint,insufficient,78,75,0.3333333333333333,0.3466666666666667,0.33986928104575165
kev-0.8b,wanli,s1q-joint,contradicted,83,56,0.40963855421686746,0.6071428571428571,0.4892086330935252
kev-0.8b,wanli,s1q-ac,supported,95,132,0.631578947368421,0.45454545454545453,0.5286343612334802
kev-0.8b,wanli,s1q-ac,insufficient,78,73,0.34615384615384615,0.3698630136986301,0.3576158940397351
kev-0.8b,wanli,s1q-ac,contradicted,83,51,0.3614457831325301,0.5882352941176471,0.44776119402985076
kev-0.8b,wanli,s1q-margin,supported,95,154,0.6631578947368421,0.4090909090909091,0.5060240963855421
kev-0.8b,wanli,s1q-margin,insufficient,78,54,0.20512820512820512,0.2962962962962963,0.24242424242424243
kev-0.8b,wanli,s1q-margin,contradicted,83,48,0.3373493975903614,0.5833333333333334,0.42748091603053434
kev-0.8b,wanli,s1q,supported,95,138,0.5789473684210527,0.39855072463768115,0.4721030042918455
kev-0.8b,wanli,s1q,insufficient,78,69,0.2692307692307692,0.30434782608695654,0.2857142857142857
kev-0.8b,wanli,s1q,contradicted,83,49,0.30120481927710846,0.5102040816326531,0.3787878787878788
kev-0.8b,wildjailbreak,native,harmful,119,28,0.23529411764705882,1.0,0.38095238095238093
kev-0.8b,wildjailbreak,native,benign,9,100,1.0,0.09,0.1651376146788991
kev-0.8b,wildjailbreak,rtn,harmful,119,60,0.47058823529411764,0.9333333333333333,0.6256983240223464
kev-0.8b,wildjailbreak,rtn,benign,9,68,0.5555555555555556,0.07352941176470588,0.12987012987012986
kev-0.8b,wildjailbreak,s1q-local,harmful,119,37,0.29411764705882354,0.9459459459459459,0.44871794871794873
kev-0.8b,wildjailbreak,s1q-local,benign,9,91,0.7777777777777778,0.07692307692307693,0.14
kev-0.8b,wildjailbreak,s1q2-beta05,harmful,119,38,0.31092436974789917,0.9736842105263158,0.4713375796178344
kev-0.8b,wildjailbreak,s1q2-beta05,benign,9,90,0.8888888888888888,0.08888888888888889,0.16161616161616163
kev-0.8b,wildjailbreak,smoothquant-adapted,harmful,119,20,0.15126050420168066,0.9,0.2589928057553957
kev-0.8b,wildjailbreak,smoothquant-adapted,benign,9,108,0.7777777777777778,0.06481481481481481,0.11965811965811966
kev-0.8b,wildjailbreak,awq-adapted,harmful,119,40,0.31932773109243695,0.95,0.4779874213836478
kev-0.8b,wildjailbreak,awq-adapted,benign,9,88,0.7777777777777778,0.07954545454545454,0.14432989690721648
kev-0.8b,wildjailbreak,gptq-blockdiag-adapted,harmful,119,60,0.46218487394957986,0.9166666666666666,0.6145251396648045
kev-0.8b,wildjailbreak,gptq-blockdiag-adapted,benign,9,68,0.4444444444444444,0.058823529411764705,0.1038961038961039
kev-0.8b,wildjailbreak,spinquant-nohad-adapted,harmful,119,41,0.31932773109243695,0.926829268292683,0.475
kev-0.8b,wildjailbreak,spinquant-nohad-adapted,benign,9,87,0.6666666666666666,0.06896551724137931,0.125
kev-0.8b,wildjailbreak,spinquant-had-adapted,harmful,119,33,0.2605042016806723,0.9393939393939394,0.40789473684210525
kev-0.8b,wildjailbreak,spinquant-had-adapted,benign,9,95,0.7777777777777778,0.07368421052631578,0.1346153846153846
kev-0.8b,wildjailbreak,s1q-joint,harmful,119,24,0.19327731092436976,0.9583333333333334,0.32167832167832167
kev-0.8b,wildjailbreak,s1q-joint,benign,9,104,0.8888888888888888,0.07692307692307693,0.1415929203539823
kev-0.8b,wildjailbreak,s1q-ac,harmful,119,21,0.17647058823529413,1.0,0.3
kev-0.8b,wildjailbreak,s1q-ac,benign,9,107,1.0,0.08411214953271028,0.15517241379310345
kev-0.8b,wildjailbreak,s1q-margin,harmful,119,50,0.4117647058823529,0.98,0.5798816568047337
kev-0.8b,wildjailbreak,s1q-margin,benign,9,78,0.8888888888888888,0.10256410256410256,0.1839080459770115
kev-0.8b,wildjailbreak,s1q,harmful,119,61,0.5042016806722689,0.9836065573770492,0.6666666666666666
kev-0.8b,wildjailbreak,s1q,benign,9,67,0.8888888888888888,0.11940298507462686,0.21052631578947367
kev-4b,mnli,native,entailment,41,41,0.926829268292683,0.926829268292683,0.926829268292683
kev-4b,mnli,native,neutral,45,43,0.8888888888888888,0.9302325581395349,0.9090909090909091
kev-4b,mnli,native,contradiction,36,38,0.9722222222222222,0.9210526315789473,0.9459459459459459
kev-4b,mnli,rtn,entailment,41,40,0.2682926829268293,0.275,0.2716049382716049
kev-4b,mnli,rtn,neutral,45,42,0.4444444444444444,0.47619047619047616,0.45977011494252873
kev-4b,mnli,rtn,contradiction,36,40,0.4166666666666667,0.375,0.39473684210526316
kev-4b,mnli,s1q-local,entailment,41,38,0.3902439024390244,0.42105263157894735,0.4050632911392405
kev-4b,mnli,s1q-local,neutral,45,65,0.4888888888888889,0.3384615384615385,0.4
kev-4b,mnli,s1q-local,contradiction,36,19,0.25,0.47368421052631576,0.32727272727272727
kev-4b,mnli,s1q2-beta05,entailment,41,22,0.2682926829268293,0.5,0.3492063492063492
kev-4b,mnli,s1q2-beta05,neutral,45,75,0.6444444444444445,0.38666666666666666,0.48333333333333334
kev-4b,mnli,s1q2-beta05,contradiction,36,25,0.4166666666666667,0.6,0.4918032786885246
kev-4b,mnli,smoothquant-adapted,entailment,41,47,0.4634146341463415,0.40425531914893614,0.4318181818181818
kev-4b,mnli,smoothquant-adapted,neutral,45,50,0.5111111111111111,0.46,0.4842105263157895
kev-4b,mnli,smoothquant-adapted,contradiction,36,25,0.2777777777777778,0.4,0.32786885245901637
kev-4b,mnli,awq-adapted,entailment,41,13,0.17073170731707318,0.5384615384615384,0.25925925925925924
kev-4b,mnli,awq-adapted,neutral,45,88,0.7555555555555555,0.38636363636363635,0.5112781954887218
kev-4b,mnli,awq-adapted,contradiction,36,21,0.3611111111111111,0.6190476190476191,0.45614035087719296
kev-4b,mnli,gptq-blockdiag-adapted,entailment,41,41,0.34146341463414637,0.34146341463414637,0.34146341463414637
kev-4b,mnli,gptq-blockdiag-adapted,neutral,45,39,0.28888888888888886,0.3333333333333333,0.30952380952380953
kev-4b,mnli,gptq-blockdiag-adapted,contradiction,36,42,0.3611111111111111,0.30952380952380953,0.3333333333333333
kev-4b,mnli,spinquant-nohad-adapted,entailment,41,34,0.2682926829268293,0.3235294117647059,0.29333333333333333
kev-4b,mnli,spinquant-nohad-adapted,neutral,45,44,0.28888888888888886,0.29545454545454547,0.29213483146067415
kev-4b,mnli,spinquant-nohad-adapted,contradiction,36,44,0.2777777777777778,0.22727272727272727,0.25
kev-4b,mnli,spinquant-had-adapted,entailment,41,40,0.34146341463414637,0.35,0.345679012345679
kev-4b,mnli,spinquant-had-adapted,neutral,45,57,0.5555555555555556,0.43859649122807015,0.49019607843137253
kev-4b,mnli,spinquant-had-adapted,contradiction,36,25,0.3055555555555556,0.44,0.36065573770491804
kev-4b,mnli,s1q-joint,entailment,41,28,0.5609756097560976,0.8214285714285714,0.6666666666666666
kev-4b,mnli,s1q-joint,neutral,45,64,0.8222222222222222,0.578125,0.6788990825688074
kev-4b,mnli,s1q-joint,contradiction,36,30,0.6944444444444444,0.8333333333333334,0.7575757575757576
kev-4b,mnli,s1q-ac,entailment,41,28,0.5365853658536586,0.7857142857142857,0.6376811594202898
kev-4b,mnli,s1q-ac,neutral,45,70,0.8444444444444444,0.5428571428571428,0.6608695652173913
kev-4b,mnli,s1q-ac,contradiction,36,24,0.5277777777777778,0.7916666666666666,0.6333333333333333
kev-4b,mnli,s1q-margin,entailment,41,33,0.6585365853658537,0.8181818181818182,0.7297297297297297
kev-4b,mnli,s1q-margin,neutral,45,55,0.7111111111111111,0.5818181818181818,0.64
kev-4b,mnli,s1q-margin,contradiction,36,34,0.6944444444444444,0.7352941176470589,0.7142857142857143
kev-4b,mnli,s1q,entailment,41,26,0.5121951219512195,0.8076923076923077,0.6268656716417911
kev-4b,mnli,s1q,neutral,45,60,0.7555555555555555,0.5666666666666667,0.6476190476190476
kev-4b,mnli,s1q,contradiction,36,36,0.75,0.75,0.75
kev-4b,tweet-offensive,native,not_offensive,97,107,0.9072164948453608,0.822429906542056,0.8627450980392157
kev-4b,tweet-offensive,native,offensive,31,21,0.3870967741935484,0.5714285714285714,0.46153846153846156
kev-4b,tweet-offensive,rtn,not_offensive,97,50,0.4020618556701031,0.78,0.5306122448979592
kev-4b,tweet-offensive,rtn,offensive,31,78,0.6451612903225806,0.2564102564102564,0.3669724770642202
kev-4b,tweet-offensive,s1q-local,not_offensive,97,114,0.8865979381443299,0.7543859649122807,0.8151658767772512
kev-4b,tweet-offensive,s1q-local,offensive,31,14,0.0967741935483871,0.21428571428571427,0.13333333333333333
kev-4b,tweet-offensive,s1q2-beta05,not_offensive,97,122,0.979381443298969,0.7786885245901639,0.867579908675799
kev-4b,tweet-offensive,s1q2-beta05,offensive,31,6,0.12903225806451613,0.6666666666666666,0.21621621621621623
kev-4b,tweet-offensive,smoothquant-adapted,not_offensive,97,60,0.4329896907216495,0.7,0.535031847133758
kev-4b,tweet-offensive,smoothquant-adapted,offensive,31,68,0.41935483870967744,0.19117647058823528,0.26262626262626265
kev-4b,tweet-offensive,awq-adapted,not_offensive,97,123,0.9587628865979382,0.7560975609756098,0.8454545454545455
kev-4b,tweet-offensive,awq-adapted,offensive,31,5,0.03225806451612903,0.2,0.05555555555555555
kev-4b,tweet-offensive,gptq-blockdiag-adapted,not_offensive,97,57,0.4742268041237113,0.8070175438596491,0.5974025974025974
kev-4b,tweet-offensive,gptq-blockdiag-adapted,offensive,31,71,0.6451612903225806,0.28169014084507044,0.39215686274509803
kev-4b,tweet-offensive,spinquant-nohad-adapted,not_offensive,97,56,0.4329896907216495,0.75,0.5490196078431373
kev-4b,tweet-offensive,spinquant-nohad-adapted,offensive,31,72,0.5483870967741935,0.2361111111111111,0.3300970873786408
kev-4b,tweet-offensive,spinquant-had-adapted,not_offensive,97,98,0.7938144329896907,0.7857142857142857,0.7897435897435897
kev-4b,tweet-offensive,spinquant-had-adapted,offensive,31,30,0.3225806451612903,0.3333333333333333,0.32786885245901637
kev-4b,tweet-offensive,s1q-joint,not_offensive,97,120,0.9690721649484536,0.7833333333333333,0.8663594470046083
kev-4b,tweet-offensive,s1q-joint,offensive,31,8,0.16129032258064516,0.625,0.2564102564102564
kev-4b,tweet-offensive,s1q-ac,not_offensive,97,120,0.9587628865979382,0.775,0.8571428571428571
kev-4b,tweet-offensive,s1q-ac,offensive,31,8,0.12903225806451613,0.5,0.20512820512820512
kev-4b,tweet-offensive,s1q-margin,not_offensive,97,118,0.9587628865979382,0.788135593220339,0.8651162790697674
kev-4b,tweet-offensive,s1q-margin,offensive,31,10,0.1935483870967742,0.6,0.2926829268292683
kev-4b,tweet-offensive,s1q,not_offensive,97,116,0.9381443298969072,0.7844827586206896,0.8544600938967136
kev-4b,tweet-offensive,s1q,offensive,31,12,0.1935483870967742,0.5,0.27906976744186046
kev-4b,wanli,native,supported,95,99,0.7894736842105263,0.7575757575757576,0.7731958762886598
kev-4b,wanli,native,insufficient,78,100,0.6410256410256411,0.5,0.5617977528089888
kev-4b,wanli,native,contradicted,83,57,0.5542168674698795,0.8070175438596491,0.6571428571428571
kev-4b,wanli,rtn,supported,95,96,0.37894736842105264,0.375,0.3769633507853403
kev-4b,wanli,rtn,insufficient,78,77,0.3076923076923077,0.3116883116883117,0.3096774193548387
kev-4b,wanli,rtn,contradicted,83,83,0.26506024096385544,0.26506024096385544,0.26506024096385544
kev-4b,wanli,s1q-local,supported,95,55,0.24210526315789474,0.41818181818181815,0.30666666666666664
kev-4b,wanli,s1q-local,insufficient,78,171,0.7307692307692307,0.3333333333333333,0.4578313253012048
kev-4b,wanli,s1q-local,contradicted,83,30,0.1927710843373494,0.5333333333333333,0.2831858407079646
kev-4b,wanli,s1q2-beta05,supported,95,24,0.12631578947368421,0.5,0.20168067226890757
kev-4b,wanli,s1q2-beta05,insufficient,78,194,0.782051282051282,0.31443298969072164,0.4485294117647059
kev-4b,wanli,s1q2-beta05,contradicted,83,38,0.13253012048192772,0.2894736842105263,0.18181818181818182
kev-4b,wanli,smoothquant-adapted,supported,95,88,0.3684210526315789,0.3977272727272727,0.3825136612021858
kev-4b,wanli,smoothquant-adapted,insufficient,78,104,0.358974358974359,0.2692307692307692,0.3076923076923077
kev-4b,wanli,smoothquant-adapted,contradicted,83,64,0.25301204819277107,0.328125,0.2857142857142857
kev-4b,wanli,awq-adapted,supported,95,28,0.2,0.6785714285714286,0.3089430894308943
kev-4b,wanli,awq-adapted,insufficient,78,200,0.8333333333333334,0.325,0.4676258992805755
kev-4b,wanli,awq-adapted,contradicted,83,28,0.13253012048192772,0.39285714285714285,0.1981981981981982
kev-4b,wanli,gptq-blockdiag-adapted,supported,95,74,0.30526315789473685,0.3918918918918919,0.3431952662721893
kev-4b,wanli,gptq-blockdiag-adapted,insufficient,78,94,0.2948717948717949,0.24468085106382978,0.26744186046511625
kev-4b,wanli,gptq-blockdiag-adapted,contradicted,83,88,0.3493975903614458,0.32954545454545453,0.3391812865497076
kev-4b,wanli,spinquant-nohad-adapted,supported,95,86,0.3368421052631579,0.37209302325581395,0.35359116022099446
kev-4b,wanli,spinquant-nohad-adapted,insufficient,78,77,0.28205128205128205,0.2857142857142857,0.2838709677419355
kev-4b,wanli,spinquant-nohad-adapted,contradicted,83,93,0.3253012048192771,0.2903225806451613,0.3068181818181818
kev-4b,wanli,spinquant-had-adapted,supported,95,76,0.3157894736842105,0.39473684210526316,0.3508771929824561
kev-4b,wanli,spinquant-had-adapted,insufficient,78,117,0.5384615384615384,0.358974358974359,0.4307692307692308
kev-4b,wanli,spinquant-had-adapted,contradicted,83,63,0.27710843373493976,0.36507936507936506,0.3150684931506849
kev-4b,wanli,s1q-joint,supported,95,38,0.28421052631578947,0.7105263157894737,0.40601503759398494
kev-4b,wanli,s1q-joint,insufficient,78,185,0.8333333333333334,0.35135135135135137,0.49429657794676807
kev-4b,wanli,s1q-joint,contradicted,83,33,0.27710843373493976,0.696969696969697,0.39655172413793105
kev-4b,wanli,s1q-ac,supported,95,41,0.2736842105263158,0.6341463414634146,0.38235294117647056
kev-4b,wanli,s1q-ac,insufficient,78,189,0.8076923076923077,0.3333333333333333,0.47191011235955055
kev-4b,wanli,s1q-ac,contradicted,83,26,0.18072289156626506,0.5769230769230769,0.27522935779816515
kev-4b,wanli,s1q-margin,supported,95,43,0.3684210526315789,0.813953488372093,0.5072463768115942
kev-4b,wanli,s1q-margin,insufficient,78,187,0.8333333333333334,0.34759358288770054,0.49056603773584906
kev-4b,wanli,s1q-margin,contradicted,83,26,0.21686746987951808,0.6923076923076923,0.3302752293577982
kev-4b,wanli,s1q,supported,95,46,0.3157894736842105,0.6521739130434783,0.425531914893617
kev-4b,wanli,s1q,insufficient,78,179,0.8717948717948718,0.37988826815642457,0.5291828793774319
kev-4b,wanli,s1q,contradicted,83,31,0.2891566265060241,0.7741935483870968,0.42105263157894735
kev-4b,wildjailbreak,native,harmful,119,111,0.9243697478991597,0.990990990990991,0.9565217391304348
kev-4b,wildjailbreak,native,benign,9,17,0.8888888888888888,0.47058823529411764,0.6153846153846154
kev-4b,wildjailbreak,rtn,harmful,119,61,0.47058823529411764,0.9180327868852459,0.6222222222222222
kev-4b,wildjailbreak,rtn,benign,9,67,0.4444444444444444,0.05970149253731343,0.10526315789473684
kev-4b,wildjailbreak,s1q-local,harmful,119,46,0.37815126050420167,0.9782608695652174,0.5454545454545454
kev-4b,wildjailbreak,s1q-local,benign,9,82,0.8888888888888888,0.0975609756097561,0.17582417582417584
kev-4b,wildjailbreak,s1q2-beta05,harmful,119,36,0.3025210084033613,1.0,0.4645161290322581
kev-4b,wildjailbreak,s1q2-beta05,benign,9,92,1.0,0.09782608695652174,0.1782178217821782
kev-4b,wildjailbreak,smoothquant-adapted,harmful,119,71,0.5378151260504201,0.9014084507042254,0.6736842105263158
kev-4b,wildjailbreak,smoothquant-adapted,benign,9,57,0.2222222222222222,0.03508771929824561,0.06060606060606061
kev-4b,wildjailbreak,awq-adapted,harmful,119,38,0.31092436974789917,0.9736842105263158,0.4713375796178344
kev-4b,wildjailbreak,awq-adapted,benign,9,90,0.8888888888888888,0.08888888888888889,0.16161616161616163
kev-4b,wildjailbreak,gptq-blockdiag-adapted,harmful,119,66,0.4957983193277311,0.8939393939393939,0.6378378378378379
kev-4b,wildjailbreak,gptq-blockdiag-adapted,benign,9,62,0.2222222222222222,0.03225806451612903,0.056338028169014086
kev-4b,wildjailbreak,spinquant-nohad-adapted,harmful,119,53,0.3949579831932773,0.8867924528301887,0.5465116279069767
kev-4b,wildjailbreak,spinquant-nohad-adapted,benign,9,75,0.3333333333333333,0.04,0.07142857142857142
kev-4b,wildjailbreak,spinquant-had-adapted,harmful,119,54,0.42016806722689076,0.9259259259259259,0.5780346820809249
kev-4b,wildjailbreak,spinquant-had-adapted,benign,9,74,0.5555555555555556,0.06756756756756757,0.12048192771084337
kev-4b,wildjailbreak,s1q-joint,harmful,119,69,0.5714285714285714,0.9855072463768116,0.723404255319149
kev-4b,wildjailbreak,s1q-joint,benign,9,59,0.8888888888888888,0.13559322033898305,0.23529411764705882
kev-4b,wildjailbreak,s1q-ac,harmful,119,72,0.5966386554621849,0.9861111111111112,0.743455497382199
kev-4b,wildjailbreak,s1q-ac,benign,9,56,0.8888888888888888,0.14285714285714285,0.24615384615384617
kev-4b,wildjailbreak,s1q-margin,harmful,119,71,0.5798319327731093,0.971830985915493,0.7263157894736842
kev-4b,wildjailbreak,s1q-margin,benign,9,57,0.7777777777777778,0.12280701754385964,0.21212121212121213
kev-4b,wildjailbreak,s1q,harmful,119,65,0.5378151260504201,0.9846153846153847,0.6956521739130435
kev-4b,wildjailbreak,s1q,benign,9,63,0.8888888888888888,0.12698412698412698,0.2222222222222222
kev-9b,mnli,native,entailment,41,42,0.926829268292683,0.9047619047619048,0.9156626506024096
kev-9b,mnli,native,neutral,45,40,0.8222222222222222,0.925,0.8705882352941177
kev-9b,mnli,native,contradiction,36,40,0.9722222222222222,0.875,0.9210526315789473
kev-9b,mnli,rtn,entailment,41,40,0.3170731707317073,0.325,0.32098765432098764
kev-9b,mnli,rtn,neutral,45,41,0.28888888888888886,0.3170731707317073,0.3023255813953488
kev-9b,mnli,rtn,contradiction,36,41,0.2777777777777778,0.24390243902439024,0.2597402597402597
kev-9b,mnli,s1q-local,entailment,41,34,0.21951219512195122,0.2647058823529412,0.24
kev-9b,mnli,s1q-local,neutral,45,48,0.4666666666666667,0.4375,0.45161290322580644
kev-9b,mnli,s1q-local,contradiction,36,40,0.2777777777777778,0.25,0.2631578947368421
kev-9b,mnli,s1q2-beta05,entailment,41,50,0.2926829268292683,0.24,0.26373626373626374
kev-9b,mnli,s1q2-beta05,neutral,45,44,0.26666666666666666,0.2727272727272727,0.2696629213483146
kev-9b,mnli,s1q2-beta05,contradiction,36,28,0.25,0.32142857142857145,0.28125
kev-9b,mnli,smoothquant-adapted,entailment,41,44,0.3170731707317073,0.29545454545454547,0.3058823529411765
kev-9b,mnli,smoothquant-adapted,neutral,45,41,0.35555555555555557,0.3902439024390244,0.37209302325581395
kev-9b,mnli,smoothquant-adapted,contradiction,36,37,0.2777777777777778,0.2702702702702703,0.273972602739726
kev-9b,mnli,awq-adapted,entailment,41,47,0.4878048780487805,0.425531914893617,0.45454545454545453
kev-9b,mnli,awq-adapted,neutral,45,49,0.4444444444444444,0.40816326530612246,0.425531914893617
kev-9b,mnli,awq-adapted,contradiction,36,26,0.2222222222222222,0.3076923076923077,0.25806451612903225
kev-9b,mnli,gptq-blockdiag-adapted,entailment,41,36,0.34146341463414637,0.3888888888888889,0.36363636363636365
kev-9b,mnli,gptq-blockdiag-adapted,neutral,45,50,0.4,0.36,0.37894736842105264
kev-9b,mnli,gptq-blockdiag-adapted,contradiction,36,36,0.3611111111111111,0.3611111111111111,0.3611111111111111
kev-9b,mnli,spinquant-nohad-adapted,entailment,41,35,0.34146341463414637,0.4,0.3684210526315789
kev-9b,mnli,spinquant-nohad-adapted,neutral,45,37,0.3111111111111111,0.3783783783783784,0.34146341463414637
kev-9b,mnli,spinquant-nohad-adapted,contradiction,36,50,0.3888888888888889,0.28,0.32558139534883723
kev-9b,mnli,spinquant-had-adapted,entailment,41,52,0.5609756097560976,0.4423076923076923,0.4946236559139785
kev-9b,mnli,spinquant-had-adapted,neutral,45,42,0.4444444444444444,0.47619047619047616,0.45977011494252873
kev-9b,mnli,spinquant-had-adapted,contradiction,36,28,0.19444444444444445,0.25,0.21875
kev-9b,mnli,s1q-joint,entailment,41,52,0.8292682926829268,0.6538461538461539,0.7311827956989247
kev-9b,mnli,s1q-joint,neutral,45,38,0.5333333333333333,0.631578947368421,0.5783132530120482
kev-9b,mnli,s1q-joint,contradiction,36,32,0.6666666666666666,0.75,0.7058823529411765
kev-9b,mnli,s1q-ac,entailment,41,45,0.8292682926829268,0.7555555555555555,0.7906976744186046
kev-9b,mnli,s1q-ac,neutral,45,42,0.6666666666666666,0.7142857142857143,0.6896551724137931
kev-9b,mnli,s1q-ac,contradiction,36,35,0.7777777777777778,0.8,0.7887323943661971
kev-9b,mnli,s1q-margin,entailment,41,40,0.5853658536585366,0.6,0.5925925925925926
kev-9b,mnli,s1q-margin,neutral,45,57,0.6,0.47368421052631576,0.5294117647058824
kev-9b,mnli,s1q-margin,contradiction,36,25,0.4722222222222222,0.68,0.5573770491803278
kev-9b,mnli,s1q,entailment,41,38,0.7317073170731707,0.7894736842105263,0.759493670886076
kev-9b,mnli,s1q,neutral,45,57,0.8222222222222222,0.6491228070175439,0.7254901960784313
kev-9b,mnli,s1q,contradiction,36,27,0.6666666666666666,0.8888888888888888,0.7619047619047619
kev-9b,tweet-offensive,native,not_offensive,97,110,0.9484536082474226,0.8363636363636363,0.8888888888888888
kev-9b,tweet-offensive,native,offensive,31,18,0.41935483870967744,0.7222222222222222,0.5306122448979592
kev-9b,tweet-offensive,rtn,not_offensive,97,51,0.38144329896907214,0.7254901960784313,0.5
kev-9b,tweet-offensive,rtn,offensive,31,77,0.5483870967741935,0.22077922077922077,0.3148148148148148
kev-9b,tweet-offensive,s1q-local,not_offensive,97,87,0.6597938144329897,0.735632183908046,0.6956521739130435
kev-9b,tweet-offensive,s1q-local,offensive,31,41,0.25806451612903225,0.1951219512195122,0.2222222222222222
kev-9b,tweet-offensive,s1q2-beta05,not_offensive,97,85,0.6907216494845361,0.788235294117647,0.7362637362637363
kev-9b,tweet-offensive,s1q2-beta05,offensive,31,43,0.41935483870967744,0.3023255813953488,0.35135135135135137
kev-9b,tweet-offensive,smoothquant-adapted,not_offensive,97,74,0.5773195876288659,0.7567567567567568,0.6549707602339181
kev-9b,tweet-offensive,smoothquant-adapted,offensive,31,54,0.41935483870967744,0.24074074074074073,0.3058823529411765
kev-9b,tweet-offensive,awq-adapted,not_offensive,97,104,0.8247422680412371,0.7692307692307693,0.7960199004975125
kev-9b,tweet-offensive,awq-adapted,offensive,31,24,0.22580645161290322,0.2916666666666667,0.2545454545454545
kev-9b,tweet-offensive,gptq-blockdiag-adapted,not_offensive,97,65,0.4845360824742268,0.7230769230769231,0.5802469135802469
kev-9b,tweet-offensive,gptq-blockdiag-adapted,offensive,31,63,0.41935483870967744,0.20634920634920634,0.2765957446808511
kev-9b,tweet-offensive,spinquant-nohad-adapted,not_offensive,97,69,0.5360824742268041,0.7536231884057971,0.6265060240963856
kev-9b,tweet-offensive,spinquant-nohad-adapted,offensive,31,59,0.45161290322580644,0.23728813559322035,0.3111111111111111
kev-9b,tweet-offensive,spinquant-had-adapted,not_offensive,97,78,0.5876288659793815,0.7307692307692307,0.6514285714285715
kev-9b,tweet-offensive,spinquant-had-adapted,offensive,31,50,0.3225806451612903,0.2,0.24691358024691357
kev-9b,tweet-offensive,s1q-joint,not_offensive,97,117,0.9587628865979382,0.7948717948717948,0.8691588785046729
kev-9b,tweet-offensive,s1q-joint,offensive,31,11,0.22580645161290322,0.6363636363636364,0.3333333333333333
kev-9b,tweet-offensive,s1q-ac,not_offensive,97,122,0.9690721649484536,0.7704918032786885,0.8584474885844748
kev-9b,tweet-offensive,s1q-ac,offensive,31,6,0.0967741935483871,0.5,0.16216216216216217
kev-9b,tweet-offensive,s1q-margin,not_offensive,97,127,1.0,0.7637795275590551,0.8660714285714286
kev-9b,tweet-offensive,s1q-margin,offensive,31,1,0.03225806451612903,1.0,0.0625
kev-9b,tweet-offensive,s1q,not_offensive,97,121,0.979381443298969,0.7851239669421488,0.8715596330275229
kev-9b,tweet-offensive,s1q,offensive,31,7,0.16129032258064516,0.7142857142857143,0.2631578947368421
kev-9b,wanli,native,supported,95,119,0.9157894736842105,0.7310924369747899,0.8130841121495327
kev-9b,wanli,native,insufficient,78,68,0.6025641025641025,0.6911764705882353,0.6438356164383562
kev-9b,wanli,native,contradicted,83,69,0.7469879518072289,0.8985507246376812,0.8157894736842105
kev-9b,wanli,rtn,supported,95,89,0.37894736842105264,0.4044943820224719,0.391304347826087
kev-9b,wanli,rtn,insufficient,78,81,0.3333333333333333,0.32098765432098764,0.3270440251572327
kev-9b,wanli,rtn,contradicted,83,86,0.3614457831325301,0.3488372093023256,0.35502958579881655
kev-9b,wanli,s1q-local,supported,95,68,0.25263157894736843,0.35294117647058826,0.294478527607362
kev-9b,wanli,s1q-local,insufficient,78,104,0.41025641025641024,0.3076923076923077,0.3516483516483517
kev-9b,wanli,s1q-local,contradicted,83,84,0.37349397590361444,0.36904761904761907,0.3712574850299401
kev-9b,wanli,s1q2-beta05,supported,95,82,0.3263157894736842,0.3780487804878049,0.3502824858757062
kev-9b,wanli,s1q2-beta05,insufficient,78,88,0.38461538461538464,0.3409090909090909,0.3614457831325301
kev-9b,wanli,s1q2-beta05,contradicted,83,86,0.3493975903614458,0.3372093023255814,0.3431952662721893
kev-9b,wanli,smoothquant-adapted,supported,95,82,0.37894736842105264,0.43902439024390244,0.4067796610169492
kev-9b,wanli,smoothquant-adapted,insufficient,78,75,0.2948717948717949,0.30666666666666664,0.3006535947712418
kev-9b,wanli,smoothquant-adapted,contradicted,83,99,0.39759036144578314,0.3333333333333333,0.3626373626373626
kev-9b,wanli,awq-adapted,supported,95,85,0.3368421052631579,0.3764705882352941,0.35555555555555557
kev-9b,wanli,awq-adapted,insufficient,78,103,0.44871794871794873,0.33980582524271846,0.3867403314917127
kev-9b,wanli,awq-adapted,contradicted,83,68,0.3132530120481928,0.38235294117647056,0.3443708609271523
kev-9b,wanli,gptq-blockdiag-adapted,supported,95,99,0.3263157894736842,0.31313131313131315,0.31958762886597936
kev-9b,wanli,gptq-blockdiag-adapted,insufficient,78,66,0.19230769230769232,0.22727272727272727,0.20833333333333334
kev-9b,wanli,gptq-blockdiag-adapted,contradicted,83,91,0.3614457831325301,0.32967032967032966,0.3448275862068966
kev-9b,wanli,spinquant-nohad-adapted,supported,95,71,0.28421052631578947,0.38028169014084506,0.3253012048192771
kev-9b,wanli,spinquant-nohad-adapted,insufficient,78,94,0.44871794871794873,0.3723404255319149,0.4069767441860465
kev-9b,wanli,spinquant-nohad-adapted,contradicted,83,91,0.3132530120481928,0.2857142857142857,0.2988505747126437
kev-9b,wanli,spinquant-had-adapted,supported,95,77,0.2631578947368421,0.3246753246753247,0.29069767441860467
kev-9b,wanli,spinquant-had-adapted,insufficient,78,103,0.3717948717948718,0.2815533980582524,0.32044198895027626
kev-9b,wanli,spinquant-had-adapted,contradicted,83,76,0.18072289156626506,0.19736842105263158,0.18867924528301888
kev-9b,wanli,s1q-joint,supported,95,126,0.7052631578947368,0.5317460317460317,0.6063348416289592
kev-9b,wanli,s1q-joint,insufficient,78,91,0.5,0.42857142857142855,0.46153846153846156
kev-9b,wanli,s1q-joint,contradicted,83,39,0.3373493975903614,0.717948717948718,0.45901639344262296
kev-9b,wanli,s1q-ac,supported,95,131,0.7789473684210526,0.5648854961832062,0.6548672566371682
kev-9b,wanli,s1q-ac,insufficient,78,93,0.5128205128205128,0.43010752688172044,0.4678362573099415
kev-9b,wanli,s1q-ac,contradicted,83,32,0.30120481927710846,0.78125,0.43478260869565216
kev-9b,wanli,s1q-margin,supported,95,130,0.7578947368421053,0.5538461538461539,0.64
kev-9b,wanli,s1q-margin,insufficient,78,93,0.5128205128205128,0.43010752688172044,0.4678362573099415
kev-9b,wanli,s1q-margin,contradicted,83,33,0.27710843373493976,0.696969696969697,0.39655172413793105
kev-9b,wanli,s1q,supported,95,121,0.7789473684210526,0.6115702479338843,0.6851851851851852
kev-9b,wanli,s1q,insufficient,78,99,0.5384615384615384,0.42424242424242425,0.4745762711864407
kev-9b,wanli,s1q,contradicted,83,36,0.3253012048192771,0.75,0.453781512605042
kev-9b,wildjailbreak,native,harmful,119,62,0.5126050420168067,0.9838709677419355,0.6740331491712708
kev-9b,wildjailbreak,native,benign,9,66,0.8888888888888888,0.12121212121212122,0.21333333333333335
kev-9b,wildjailbreak,rtn,harmful,119,56,0.4369747899159664,0.9285714285714286,0.5942857142857143
kev-9b,wildjailbreak,rtn,benign,9,72,0.5555555555555556,0.06944444444444445,0.12345679012345678
kev-9b,wildjailbreak,s1q-local,harmful,119,73,0.5798319327731093,0.9452054794520548,0.71875
kev-9b,wildjailbreak,s1q-local,benign,9,55,0.5555555555555556,0.09090909090909091,0.15625
kev-9b,wildjailbreak,s1q2-beta05,harmful,119,58,0.4369747899159664,0.896551724137931,0.5875706214689266
kev-9b,wildjailbreak,s1q2-beta05,benign,9,70,0.3333333333333333,0.04285714285714286,0.0759493670886076
kev-9b,wildjailbreak,smoothquant-adapted,harmful,119,69,0.5378151260504201,0.927536231884058,0.6808510638297872
kev-9b,wildjailbreak,smoothquant-adapted,benign,9,59,0.4444444444444444,0.06779661016949153,0.11764705882352941
kev-9b,wildjailbreak,awq-adapted,harmful,119,67,0.5378151260504201,0.9552238805970149,0.6881720430107527
kev-9b,wildjailbreak,awq-adapted,benign,9,61,0.6666666666666666,0.09836065573770492,0.17142857142857143
kev-9b,wildjailbreak,gptq-blockdiag-adapted,harmful,119,63,0.48739495798319327,0.9206349206349206,0.6373626373626373
kev-9b,wildjailbreak,gptq-blockdiag-adapted,benign,9,65,0.4444444444444444,0.06153846153846154,0.10810810810810811
kev-9b,wildjailbreak,spinquant-nohad-adapted,harmful,119,66,0.5042016806722689,0.9090909090909091,0.6486486486486487
kev-9b,wildjailbreak,spinquant-nohad-adapted,benign,9,62,0.3333333333333333,0.04838709677419355,0.08450704225352113
kev-9b,wildjailbreak,spinquant-had-adapted,harmful,119,64,0.4957983193277311,0.921875,0.644808743169399
kev-9b,wildjailbreak,spinquant-had-adapted,benign,9,64,0.4444444444444444,0.0625,0.1095890410958904
kev-9b,wildjailbreak,s1q-joint,harmful,119,19,0.15966386554621848,1.0,0.2753623188405797
kev-9b,wildjailbreak,s1q-joint,benign,9,109,1.0,0.08256880733944955,0.15254237288135594
kev-9b,wildjailbreak,s1q-ac,harmful,119,20,0.16806722689075632,1.0,0.28776978417266186
kev-9b,wildjailbreak,s1q-ac,benign,9,108,1.0,0.08333333333333333,0.15384615384615385
kev-9b,wildjailbreak,s1q-margin,harmful,119,10,0.08403361344537816,1.0,0.15503875968992248
kev-9b,wildjailbreak,s1q-margin,benign,9,118,1.0,0.07627118644067797,0.14173228346456693
kev-9b,wildjailbreak,s1q,harmful,119,17,0.14285714285714285,1.0,0.25
kev-9b,wildjailbreak,s1q,benign,9,111,1.0,0.08108108108108109,0.15
laya,mnli,native,entailment,41,24,0.3902439024390244,0.6666666666666666,0.49230769230769234
laya,mnli,native,neutral,45,64,0.7555555555555555,0.53125,0.6238532110091743
laya,mnli,native,contradiction,36,34,0.7777777777777778,0.8235294117647058,0.8
laya,mnli,rtn,entailment,41,3,0.07317073170731707,1.0,0.13636363636363635
laya,mnli,rtn,neutral,45,66,0.6444444444444445,0.4393939393939394,0.5225225225225225
laya,mnli,rtn,contradiction,36,53,0.6111111111111112,0.41509433962264153,0.4943820224719101
laya,mnli,s1q-local,entailment,41,12,0.24390243902439024,0.8333333333333334,0.37735849056603776
laya,mnli,s1q-local,neutral,45,67,0.7555555555555555,0.5074626865671642,0.6071428571428571
laya,mnli,s1q-local,contradiction,36,43,0.7222222222222222,0.6046511627906976,0.6582278481012658
laya,mnli,s1q2-beta05,entailment,41,12,0.17073170731707318,0.5833333333333334,0.2641509433962264
laya,mnli,s1q2-beta05,neutral,45,78,0.7777777777777778,0.44871794871794873,0.5691056910569106
laya,mnli,s1q2-beta05,contradiction,36,32,0.6388888888888888,0.71875,0.6764705882352942
laya,mnli,smoothquant-adapted,entailment,41,8,0.12195121951219512,0.625,0.20408163265306123
laya,mnli,smoothquant-adapted,neutral,45,73,0.7555555555555555,0.4657534246575342,0.576271186440678
laya,mnli,smoothquant-adapted,contradiction,36,41,0.6944444444444444,0.6097560975609756,0.6493506493506493
laya,mnli,awq-adapted,entailment,41,9,0.17073170731707318,0.7777777777777778,0.28
laya,mnli,awq-adapted,neutral,45,66,0.6888888888888889,0.4696969696969697,0.5585585585585585
laya,mnli,awq-adapted,contradiction,36,47,0.6944444444444444,0.5319148936170213,0.6024096385542169
laya,mnli,gptq-blockdiag-adapted,entailment,41,4,0.07317073170731707,0.75,0.13333333333333333
laya,mnli,gptq-blockdiag-adapted,neutral,45,59,0.4666666666666667,0.3559322033898305,0.40384615384615385
laya,mnli,gptq-blockdiag-adapted,contradiction,36,59,0.4722222222222222,0.288135593220339,0.35789473684210527
laya,mnli,spinquant-nohad-adapted,entailment,41,23,0.34146341463414637,0.6086956521739131,0.4375
laya,mnli,spinquant-nohad-adapted,neutral,45,67,0.7111111111111111,0.47761194029850745,0.5714285714285714
laya,mnli,spinquant-nohad-adapted,contradiction,36,32,0.7222222222222222,0.8125,0.7647058823529411
laya,mnli,spinquant-had-adapted,entailment,41,16,0.2682926829268293,0.6875,0.38596491228070173
laya,mnli,spinquant-had-adapted,neutral,45,76,0.8444444444444444,0.5,0.628099173553719
laya,mnli,spinquant-had-adapted,contradiction,36,30,0.75,0.9,0.8181818181818182
laya,mnli,s1q-joint,entailment,41,18,0.2926829268292683,0.6666666666666666,0.4067796610169492
laya,mnli,s1q-joint,neutral,45,71,0.7555555555555555,0.4788732394366197,0.5862068965517241
laya,mnli,s1q-joint,contradiction,36,33,0.6388888888888888,0.696969696969697,0.6666666666666666
laya,mnli,s1q-ac,entailment,41,17,0.24390243902439024,0.5882352941176471,0.3448275862068966
laya,mnli,s1q-ac,neutral,45,78,0.7777777777777778,0.44871794871794873,0.5691056910569106
laya,mnli,s1q-ac,contradiction,36,27,0.5833333333333334,0.7777777777777778,0.6666666666666666
laya,mnli,s1q-margin,entailment,41,13,0.24390243902439024,0.7692307692307693,0.37037037037037035
laya,mnli,s1q-margin,neutral,45,77,0.7555555555555555,0.44155844155844154,0.5573770491803278
laya,mnli,s1q-margin,contradiction,36,32,0.5833333333333334,0.65625,0.6176470588235294
laya,mnli,s1q,entailment,41,13,0.2682926829268293,0.8461538461538461,0.4074074074074074
laya,mnli,s1q,neutral,45,78,0.8,0.46153846153846156,0.5853658536585366
laya,mnli,s1q,contradiction,36,31,0.6111111111111112,0.7096774193548387,0.6567164179104478
laya,tweet-offensive,native,not_offensive,97,122,0.979381443298969,0.7786885245901639,0.867579908675799
laya,tweet-offensive,native,offensive,31,6,0.12903225806451613,0.6666666666666666,0.21621621621621623
laya,tweet-offensive,rtn,not_offensive,97,127,1.0,0.7637795275590551,0.8660714285714286
laya,tweet-offensive,rtn,offensive,31,1,0.03225806451612903,1.0,0.0625
laya,tweet-offensive,s1q-local,not_offensive,97,126,1.0,0.7698412698412699,0.8699551569506726
laya,tweet-offensive,s1q-local,offensive,31,2,0.06451612903225806,1.0,0.12121212121212122
laya,tweet-offensive,s1q2-beta05,not_offensive,97,124,0.9896907216494846,0.7741935483870968,0.8687782805429864
laya,tweet-offensive,s1q2-beta05,offensive,31,4,0.0967741935483871,0.75,0.17142857142857143
laya,tweet-offensive,smoothquant-adapted,not_offensive,97,128,1.0,0.7578125,0.8622222222222222
laya,tweet-offensive,smoothquant-adapted,offensive,31,0,0.0,,0.0
laya,tweet-offensive,awq-adapted,not_offensive,97,128,1.0,0.7578125,0.8622222222222222
laya,tweet-offensive,awq-adapted,offensive,31,0,0.0,,0.0
laya,tweet-offensive,gptq-blockdiag-adapted,not_offensive,97,126,1.0,0.7698412698412699,0.8699551569506726
laya,tweet-offensive,gptq-blockdiag-adapted,offensive,31,2,0.06451612903225806,1.0,0.12121212121212122
laya,tweet-offensive,spinquant-nohad-adapted,not_offensive,97,124,0.9896907216494846,0.7741935483870968,0.8687782805429864
laya,tweet-offensive,spinquant-nohad-adapted,offensive,31,4,0.0967741935483871,0.75,0.17142857142857143
laya,tweet-offensive,spinquant-had-adapted,not_offensive,97,126,1.0,0.7698412698412699,0.8699551569506726
laya,tweet-offensive,spinquant-had-adapted,offensive,31,2,0.06451612903225806,1.0,0.12121212121212122
laya,tweet-offensive,s1q-joint,not_offensive,97,128,1.0,0.7578125,0.8622222222222222
laya,tweet-offensive,s1q-joint,offensive,31,0,0.0,,0.0
laya,tweet-offensive,s1q-ac,not_offensive,97,128,1.0,0.7578125,0.8622222222222222
laya,tweet-offensive,s1q-ac,offensive,31,0,0.0,,0.0
laya,tweet-offensive,s1q-margin,not_offensive,97,127,0.9896907216494846,0.7559055118110236,0.8571428571428571
laya,tweet-offensive,s1q-margin,offensive,31,1,0.0,0.0,0.0
laya,tweet-offensive,s1q,not_offensive,97,128,1.0,0.7578125,0.8622222222222222
laya,tweet-offensive,s1q,offensive,31,0,0.0,,0.0
laya,wanli,native,supported,95,125,0.7368421052631579,0.56,0.6363636363636364
laya,wanli,native,insufficient,78,74,0.41025641025641024,0.43243243243243246,0.42105263157894735
laya,wanli,native,contradicted,83,57,0.5301204819277109,0.7719298245614035,0.6285714285714286
laya,wanli,rtn,supported,95,29,0.1368421052631579,0.4482758620689655,0.20967741935483872
laya,wanli,rtn,insufficient,78,115,0.48717948717948717,0.33043478260869563,0.39378238341968913
laya,wanli,rtn,contradicted,83,112,0.5301204819277109,0.39285714285714285,0.4512820512820513
laya,wanli,s1q-local,supported,95,81,0.37894736842105264,0.4444444444444444,0.4090909090909091
laya,wanli,s1q-local,insufficient,78,93,0.38461538461538464,0.3225806451612903,0.3508771929824561
laya,wanli,s1q-local,contradicted,83,82,0.5060240963855421,0.5121951219512195,0.509090909090909
laya,wanli,s1q2-beta05,supported,95,88,0.45263157894736844,0.48863636363636365,0.46994535519125685
laya,wanli,s1q2-beta05,insufficient,78,115,0.5641025641025641,0.3826086956521739,0.45595854922279794
laya,wanli,s1q2-beta05,contradicted,83,53,0.37349397590361444,0.5849056603773585,0.45588235294117646
laya,wanli,smoothquant-adapted,supported,95,61,0.3263157894736842,0.5081967213114754,0.3974358974358974
laya,wanli,smoothquant-adapted,insufficient,78,93,0.3717948717948718,0.3118279569892473,0.3391812865497076
laya,wanli,smoothquant-adapted,contradicted,83,102,0.5180722891566265,0.4215686274509804,0.4648648648648649
laya,wanli,awq-adapted,supported,95,62,0.3473684210526316,0.532258064516129,0.42038216560509556
laya,wanli,awq-adapted,insufficient,78,100,0.5256410256410257,0.41,0.4606741573033708
laya,wanli,awq-adapted,contradicted,83,94,0.6144578313253012,0.5425531914893617,0.576271186440678
laya,wanli,gptq-blockdiag-adapted,supported,95,40,0.17894736842105263,0.425,0.2518518518518518
laya,wanli,gptq-blockdiag-adapted,insufficient,78,72,0.24358974358974358,0.2638888888888889,0.25333333333333335
laya,wanli,gptq-blockdiag-adapted,contradicted,83,144,0.6265060240963856,0.3611111111111111,0.4581497797356828
laya,wanli,spinquant-nohad-adapted,supported,95,125,0.6736842105263158,0.512,0.5818181818181818
laya,wanli,spinquant-nohad-adapted,insufficient,78,78,0.41025641025641024,0.41025641025641024,0.41025641025641024
laya,wanli,spinquant-nohad-adapted,contradicted,83,53,0.42168674698795183,0.660377358490566,0.5147058823529411
laya,wanli,spinquant-had-adapted,supported,95,125,0.7052631578947368,0.536,0.6090909090909091
laya,wanli,spinquant-had-adapted,insufficient,78,79,0.44871794871794873,0.4430379746835443,0.445859872611465
laya,wanli,spinquant-had-adapted,contradicted,83,52,0.4578313253012048,0.7307692307692307,0.562962962962963
laya,wanli,s1q-joint,supported,95,104,0.5684210526315789,0.5192307692307693,0.542713567839196
laya,wanli,s1q-joint,insufficient,78,89,0.4358974358974359,0.38202247191011235,0.40718562874251496
laya,wanli,s1q-joint,contradicted,83,63,0.43373493975903615,0.5714285714285714,0.4931506849315068
laya,wanli,s1q-ac,supported,95,111,0.5684210526315789,0.4864864864864865,0.5242718446601942
laya,wanli,s1q-ac,insufficient,78,92,0.41025641025641024,0.34782608695652173,0.3764705882352941
laya,wanli,s1q-ac,contradicted,83,53,0.3855421686746988,0.6037735849056604,0.47058823529411764
laya,wanli,s1q-margin,supported,95,130,0.6736842105263158,0.49230769230769234,0.5688888888888889
laya,wanli,s1q-margin,insufficient,78,71,0.34615384615384615,0.38028169014084506,0.3624161073825503
laya,wanli,s1q-margin,contradicted,83,55,0.4457831325301205,0.6727272727272727,0.5362318840579711
laya,wanli,s1q,supported,95,116,0.6210526315789474,0.5086206896551724,0.5592417061611374
laya,wanli,s1q,insufficient,78,89,0.47435897435897434,0.4157303370786517,0.4431137724550898
laya,wanli,s1q,contradicted,83,51,0.37349397590361444,0.6078431372549019,0.4626865671641791
laya,wildjailbreak,native,harmful,119,5,0.04201680672268908,1.0,0.08064516129032258
laya,wildjailbreak,native,benign,9,123,1.0,0.07317073170731707,0.13636363636363635
laya,wildjailbreak,rtn,harmful,119,35,0.2773109243697479,0.9428571428571428,0.42857142857142855
laya,wildjailbreak,rtn,benign,9,93,0.7777777777777778,0.07526881720430108,0.13725490196078433
laya,wildjailbreak,s1q-local,harmful,119,16,0.12605042016806722,0.9375,0.2222222222222222
laya,wildjailbreak,s1q-local,benign,9,112,0.8888888888888888,0.07142857142857142,0.1322314049586777
laya,wildjailbreak,s1q2-beta05,harmful,119,12,0.09243697478991597,0.9166666666666666,0.16793893129770993
laya,wildjailbreak,s1q2-beta05,benign,9,116,0.8888888888888888,0.06896551724137931,0.128
laya,wildjailbreak,smoothquant-adapted,harmful,119,17,0.14285714285714285,1.0,0.25
laya,wildjailbreak,smoothquant-adapted,benign,9,111,1.0,0.08108108108108109,0.15
laya,wildjailbreak,awq-adapted,harmful,119,7,0.04201680672268908,0.7142857142857143,0.07936507936507936
laya,wildjailbreak,awq-adapted,benign,9,121,0.7777777777777778,0.05785123966942149,0.1076923076923077
laya,wildjailbreak,gptq-blockdiag-adapted,harmful,119,27,0.2184873949579832,0.9629629629629629,0.3561643835616438
laya,wildjailbreak,gptq-blockdiag-adapted,benign,9,101,0.8888888888888888,0.07920792079207921,0.14545454545454545
laya,wildjailbreak,spinquant-nohad-adapted,harmful,119,35,0.2857142857142857,0.9714285714285714,0.44155844155844154
laya,wildjailbreak,spinquant-nohad-adapted,benign,9,93,0.8888888888888888,0.08602150537634409,0.1568627450980392
laya,wildjailbreak,spinquant-had-adapted,harmful,119,5,0.04201680672268908,1.0,0.08064516129032258
laya,wildjailbreak,spinquant-had-adapted,benign,9,123,1.0,0.07317073170731707,0.13636363636363635
laya,wildjailbreak,s1q-joint,harmful,119,11,0.08403361344537816,0.9090909090909091,0.15384615384615385
laya,wildjailbreak,s1q-joint,benign,9,117,0.8888888888888888,0.06837606837606838,0.12698412698412698
laya,wildjailbreak,s1q-ac,harmful,119,7,0.05042016806722689,0.8571428571428571,0.09523809523809523
laya,wildjailbreak,s1q-ac,benign,9,121,0.8888888888888888,0.06611570247933884,0.12307692307692308
laya,wildjailbreak,s1q-margin,harmful,119,13,0.1092436974789916,1.0,0.19696969696969696
laya,wildjailbreak,s1q-margin,benign,9,115,1.0,0.0782608695652174,0.14516129032258066
laya,wildjailbreak,s1q,harmful,119,5,0.04201680672268908,1.0,0.08064516129032258
laya,wildjailbreak,s1q,benign,9,123,1.0,0.07317073170731707,0.13636363636363635
intern-decision-0.8b,mnli,native,entailment,41,58,0.6097560975609756,0.43103448275862066,0.5050505050505051
intern-decision-0.8b,mnli,native,neutral,45,51,0.4888888888888889,0.43137254901960786,0.4583333333333333
intern-decision-0.8b,mnli,native,contradiction,36,13,0.3055555555555556,0.8461538461538461,0.4489795918367347
intern-decision-0.8b,mnli,rtn,entailment,41,68,0.5365853658536586,0.3235294117647059,0.4036697247706422
intern-decision-0.8b,mnli,rtn,neutral,45,18,0.2222222222222222,0.5555555555555556,0.31746031746031744
intern-decision-0.8b,mnli,rtn,contradiction,36,36,0.25,0.25,0.25
intern-decision-0.8b,mnli,s1q-local,entailment,41,78,0.6829268292682927,0.358974358974359,0.47058823529411764
intern-decision-0.8b,mnli,s1q-local,neutral,45,33,0.3111111111111111,0.42424242424242425,0.358974358974359
intern-decision-0.8b,mnli,s1q-local,contradiction,36,11,0.1111111111111111,0.36363636363636365,0.1702127659574468
intern-decision-0.8b,mnli,s1q2-beta05,entailment,41,87,0.7560975609756098,0.3563218390804598,0.484375
intern-decision-0.8b,mnli,s1q2-beta05,neutral,45,26,0.17777777777777778,0.3076923076923077,0.22535211267605634
intern-decision-0.8b,mnli,s1q2-beta05,contradiction,36,9,0.05555555555555555,0.2222222222222222,0.08888888888888889
intern-decision-0.8b,mnli,smoothquant-adapted,entailment,41,99,0.8536585365853658,0.35353535353535354,0.5
intern-decision-0.8b,mnli,smoothquant-adapted,neutral,45,19,0.06666666666666667,0.15789473684210525,0.09375
intern-decision-0.8b,mnli,smoothquant-adapted,contradiction,36,4,0.0,0.0,0.0
intern-decision-0.8b,mnli,awq-adapted,entailment,41,83,0.6829268292682927,0.3373493975903614,0.45161290322580644
intern-decision-0.8b,mnli,awq-adapted,neutral,45,22,0.2,0.4090909090909091,0.26865671641791045
intern-decision-0.8b,mnli,awq-adapted,contradiction,36,17,0.1111111111111111,0.23529411764705882,0.1509433962264151
intern-decision-0.8b,mnli,gptq-blockdiag-adapted,entailment,41,82,0.6341463414634146,0.3170731707317073,0.42276422764227645
intern-decision-0.8b,mnli,gptq-blockdiag-adapted,neutral,45,17,0.1111111111111111,0.29411764705882354,0.16129032258064516
intern-decision-0.8b,mnli,gptq-blockdiag-adapted,contradiction,36,23,0.16666666666666666,0.2608695652173913,0.2033898305084746
intern-decision-0.8b,mnli,spinquant-nohad-adapted,entailment,41,67,0.5365853658536586,0.3283582089552239,0.4074074074074074
intern-decision-0.8b,mnli,spinquant-nohad-adapted,neutral,45,40,0.26666666666666666,0.3,0.2823529411764706
intern-decision-0.8b,mnli,spinquant-nohad-adapted,contradiction,36,15,0.25,0.6,0.35294117647058826
intern-decision-0.8b,mnli,spinquant-had-adapted,entailment,41,75,0.6585365853658537,0.36,0.46551724137931033
intern-decision-0.8b,mnli,spinquant-had-adapted,neutral,45,41,0.4,0.43902439024390244,0.4186046511627907
intern-decision-0.8b,mnli,spinquant-had-adapted,contradiction,36,6,0.05555555555555555,0.3333333333333333,0.09523809523809523
intern-decision-0.8b,mnli,s1q-joint,entailment,41,57,0.4634146341463415,0.3333333333333333,0.3877551020408163
intern-decision-0.8b,mnli,s1q-joint,neutral,45,49,0.4444444444444444,0.40816326530612246,0.425531914893617
intern-decision-0.8b,mnli,s1q-joint,contradiction,36,16,0.1388888888888889,0.3125,0.19230769230769232
intern-decision-0.8b,mnli,s1q-ac,entailment,41,78,0.5853658536585366,0.3076923076923077,0.40336134453781514
intern-decision-0.8b,mnli,s1q-ac,neutral,45,31,0.26666666666666666,0.3870967741935484,0.3157894736842105
intern-decision-0.8b,mnli,s1q-ac,contradiction,36,13,0.1111111111111111,0.3076923076923077,0.16326530612244897
intern-decision-0.8b,mnli,s1q-margin,entailment,41,58,0.4878048780487805,0.3448275862068966,0.40404040404040403
intern-decision-0.8b,mnli,s1q-margin,neutral,45,49,0.4,0.3673469387755102,0.3829787234042553
intern-decision-0.8b,mnli,s1q-margin,contradiction,36,15,0.1111111111111111,0.26666666666666666,0.1568627450980392
intern-decision-0.8b,mnli,s1q,entailment,41,67,0.5365853658536586,0.3283582089552239,0.4074074074074074
intern-decision-0.8b,mnli,s1q,neutral,45,39,0.26666666666666666,0.3076923076923077,0.2857142857142857
intern-decision-0.8b,mnli,s1q,contradiction,36,16,0.1388888888888889,0.3125,0.19230769230769232
intern-decision-0.8b,tweet-offensive,native,not_offensive,97,105,0.8865979381443299,0.819047619047619,0.8514851485148515
intern-decision-0.8b,tweet-offensive,native,offensive,31,23,0.3870967741935484,0.5217391304347826,0.4444444444444444
intern-decision-0.8b,tweet-offensive,rtn,not_offensive,97,111,0.865979381443299,0.7567567567567568,0.8076923076923077
intern-decision-0.8b,tweet-offensive,rtn,offensive,31,17,0.12903225806451613,0.23529411764705882,0.16666666666666666
intern-decision-0.8b,tweet-offensive,s1q-local,not_offensive,97,99,0.7835051546391752,0.7676767676767676,0.7755102040816326
intern-decision-0.8b,tweet-offensive,s1q-local,offensive,31,29,0.25806451612903225,0.27586206896551724,0.26666666666666666
intern-decision-0.8b,tweet-offensive,s1q2-beta05,not_offensive,97,114,0.9381443298969072,0.7982456140350878,0.8625592417061612
intern-decision-0.8b,tweet-offensive,s1q2-beta05,offensive,31,14,0.25806451612903225,0.5714285714285714,0.35555555555555557
intern-decision-0.8b,tweet-offensive,smoothquant-adapted,not_offensive,97,99,0.7525773195876289,0.7373737373737373,0.7448979591836735
intern-decision-0.8b,tweet-offensive,smoothquant-adapted,offensive,31,29,0.16129032258064516,0.1724137931034483,0.16666666666666666
intern-decision-0.8b,tweet-offensive,awq-adapted,not_offensive,97,107,0.8556701030927835,0.7757009345794392,0.8137254901960784
intern-decision-0.8b,tweet-offensive,awq-adapted,offensive,31,21,0.22580645161290322,0.3333333333333333,0.2692307692307692
intern-decision-0.8b,tweet-offensive,gptq-blockdiag-adapted,not_offensive,97,99,0.8041237113402062,0.7878787878787878,0.7959183673469388
intern-decision-0.8b,tweet-offensive,gptq-blockdiag-adapted,offensive,31,29,0.3225806451612903,0.3448275862068966,0.3333333333333333
intern-decision-0.8b,tweet-offensive,spinquant-nohad-adapted,not_offensive,97,94,0.7319587628865979,0.7553191489361702,0.743455497382199
intern-decision-0.8b,tweet-offensive,spinquant-nohad-adapted,offensive,31,34,0.25806451612903225,0.23529411764705882,0.24615384615384617
intern-decision-0.8b,tweet-offensive,spinquant-had-adapted,not_offensive,97,84,0.6494845360824743,0.75,0.6961325966850829
intern-decision-0.8b,tweet-offensive,spinquant-had-adapted,offensive,31,44,0.3225806451612903,0.22727272727272727,0.26666666666666666
intern-decision-0.8b,tweet-offensive,s1q-joint,not_offensive,97,89,0.6701030927835051,0.7303370786516854,0.6989247311827957
intern-decision-0.8b,tweet-offensive,s1q-joint,offensive,31,39,0.22580645161290322,0.1794871794871795,0.2
intern-decision-0.8b,tweet-offensive,s1q-ac,not_offensive,97,106,0.8350515463917526,0.7641509433962265,0.7980295566502463
intern-decision-0.8b,tweet-offensive,s1q-ac,offensive,31,22,0.1935483870967742,0.2727272727272727,0.22641509433962265
intern-decision-0.8b,tweet-offensive,s1q-margin,not_offensive,97,81,0.6185567010309279,0.7407407407407407,0.6741573033707865
intern-decision-0.8b,tweet-offensive,s1q-margin,offensive,31,47,0.3225806451612903,0.2127659574468085,0.2564102564102564
intern-decision-0.8b,tweet-offensive,s1q,not_offensive,97,89,0.7216494845360825,0.7865168539325843,0.7526881720430108
intern-decision-0.8b,tweet-offensive,s1q,offensive,31,39,0.3870967741935484,0.3076923076923077,0.34285714285714286
intern-decision-0.8b,wanli,native,supported,95,129,0.6842105263157895,0.5038759689922481,0.5803571428571429
intern-decision-0.8b,wanli,native,insufficient,78,85,0.34615384615384615,0.3176470588235294,0.3312883435582822
intern-decision-0.8b,wanli,native,contradicted,83,42,0.25301204819277107,0.5,0.336
intern-decision-0.8b,wanli,rtn,supported,95,98,0.4421052631578947,0.42857142857142855,0.43523316062176165
intern-decision-0.8b,wanli,rtn,insufficient,78,82,0.3333333333333333,0.3170731707317073,0.325
intern-decision-0.8b,wanli,rtn,contradicted,83,76,0.27710843373493976,0.3026315789473684,0.2893081761006289
intern-decision-0.8b,wanli,s1q-local,supported,95,80,0.30526315789473685,0.3625,0.3314285714285714
intern-decision-0.8b,wanli,s1q-local,insufficient,78,86,0.3333333333333333,0.3023255813953488,0.3170731707317073
intern-decision-0.8b,wanli,s1q-local,contradicted,83,90,0.3132530120481928,0.28888888888888886,0.30057803468208094
intern-decision-0.8b,wanli,s1q2-beta05,supported,95,88,0.28421052631578947,0.3068181818181818,0.29508196721311475
intern-decision-0.8b,wanli,s1q2-beta05,insufficient,78,85,0.32051282051282054,0.29411764705882354,0.3067484662576687
intern-decision-0.8b,wanli,s1q2-beta05,contradicted,83,83,0.26506024096385544,0.26506024096385544,0.26506024096385544
intern-decision-0.8b,wanli,smoothquant-adapted,supported,95,77,0.2631578947368421,0.3246753246753247,0.29069767441860467
intern-decision-0.8b,wanli,smoothquant-adapted,insufficient,78,100,0.38461538461538464,0.3,0.33707865168539325
intern-decision-0.8b,wanli,smoothquant-adapted,contradicted,83,79,0.2289156626506024,0.24050632911392406,0.2345679012345679
intern-decision-0.8b,wanli,awq-adapted,supported,95,94,0.37894736842105264,0.3829787234042553,0.38095238095238093
intern-decision-0.8b,wanli,awq-adapted,insufficient,78,80,0.2692307692307692,0.2625,0.26582278481012656
intern-decision-0.8b,wanli,awq-adapted,contradicted,83,82,0.3132530120481928,0.3170731707317073,0.3151515151515151
intern-decision-0.8b,wanli,gptq-blockdiag-adapted,supported,95,88,0.3157894736842105,0.3409090909090909,0.32786885245901637
intern-decision-0.8b,wanli,gptq-blockdiag-adapted,insufficient,78,86,0.44871794871794873,0.4069767441860465,0.4268292682926829
intern-decision-0.8b,wanli,gptq-blockdiag-adapted,contradicted,83,82,0.3253012048192771,0.32926829268292684,0.32727272727272727
intern-decision-0.8b,wanli,spinquant-nohad-adapted,supported,95,87,0.3263157894736842,0.3563218390804598,0.34065934065934067
intern-decision-0.8b,wanli,spinquant-nohad-adapted,insufficient,78,89,0.3717948717948718,0.3258426966292135,0.3473053892215569
intern-decision-0.8b,wanli,spinquant-nohad-adapted,contradicted,83,80,0.26506024096385544,0.275,0.26993865030674846
intern-decision-0.8b,wanli,spinquant-had-adapted,supported,95,82,0.29473684210526313,0.34146341463414637,0.3163841807909605
intern-decision-0.8b,wanli,spinquant-had-adapted,insufficient,78,93,0.5,0.41935483870967744,0.45614035087719296
intern-decision-0.8b,wanli,spinquant-had-adapted,contradicted,83,81,0.3493975903614458,0.35802469135802467,0.35365853658536583
intern-decision-0.8b,wanli,s1q-joint,supported,95,139,0.631578947368421,0.4316546762589928,0.5128205128205128
intern-decision-0.8b,wanli,s1q-joint,insufficient,78,51,0.24358974358974358,0.37254901960784315,0.29457364341085274
intern-decision-0.8b,wanli,s1q-joint,contradicted,83,66,0.27710843373493976,0.3484848484848485,0.3087248322147651
intern-decision-0.8b,wanli,s1q-ac,supported,95,93,0.3684210526315789,0.3763440860215054,0.3723404255319149
intern-decision-0.8b,wanli,s1q-ac,insufficient,78,80,0.2692307692307692,0.2625,0.26582278481012656
intern-decision-0.8b,wanli,s1q-ac,contradicted,83,83,0.3373493975903614,0.3373493975903614,0.3373493975903614
intern-decision-0.8b,wanli,s1q-margin,supported,95,102,0.3894736842105263,0.3627450980392157,0.3756345177664975
intern-decision-0.8b,wanli,s1q-margin,insufficient,78,68,0.3076923076923077,0.35294117647058826,0.3287671232876712
intern-decision-0.8b,wanli,s1q-margin,contradicted,83,86,0.3493975903614458,0.3372093023255814,0.3431952662721893
intern-decision-0.8b,wanli,s1q,supported,95,105,0.3684210526315789,0.3333333333333333,0.35
intern-decision-0.8b,wanli,s1q,insufficient,78,72,0.2948717948717949,0.3194444444444444,0.30666666666666664
intern-decision-0.8b,wanli,s1q,contradicted,83,79,0.3132530120481928,0.3291139240506329,0.32098765432098764
intern-decision-0.8b,wildjailbreak,native,harmful,119,70,0.5714285714285714,0.9714285714285714,0.7195767195767195
intern-decision-0.8b,wildjailbreak,native,benign,9,58,0.7777777777777778,0.1206896551724138,0.208955223880597
intern-decision-0.8b,wildjailbreak,rtn,harmful,119,105,0.8151260504201681,0.9238095238095239,0.8660714285714286
intern-decision-0.8b,wildjailbreak,rtn,benign,9,23,0.1111111111111111,0.043478260869565216,0.0625
intern-decision-0.8b,wildjailbreak,s1q-local,harmful,119,59,0.44537815126050423,0.8983050847457628,0.5955056179775281
intern-decision-0.8b,wildjailbreak,s1q-local,benign,9,69,0.3333333333333333,0.043478260869565216,0.07692307692307693
intern-decision-0.8b,wildjailbreak,s1q2-beta05,harmful,119,63,0.4957983193277311,0.9365079365079365,0.6483516483516484
intern-decision-0.8b,wildjailbreak,s1q2-beta05,benign,9,65,0.5555555555555556,0.07692307692307693,0.13513513513513514
intern-decision-0.8b,wildjailbreak,smoothquant-adapted,harmful,119,88,0.6974789915966386,0.9431818181818182,0.8019323671497585
intern-decision-0.8b,wildjailbreak,smoothquant-adapted,benign,9,40,0.4444444444444444,0.1,0.16326530612244897
intern-decision-0.8b,wildjailbreak,awq-adapted,harmful,119,69,0.5378151260504201,0.927536231884058,0.6808510638297872
intern-decision-0.8b,wildjailbreak,awq-adapted,benign,9,59,0.4444444444444444,0.06779661016949153,0.11764705882352941
intern-decision-0.8b,wildjailbreak,gptq-blockdiag-adapted,harmful,119,104,0.8487394957983193,0.9711538461538461,0.905829596412556
intern-decision-0.8b,wildjailbreak,gptq-blockdiag-adapted,benign,9,24,0.6666666666666666,0.25,0.36363636363636365
intern-decision-0.8b,wildjailbreak,spinquant-nohad-adapted,harmful,119,89,0.6974789915966386,0.9325842696629213,0.7980769230769231
intern-decision-0.8b,wildjailbreak,spinquant-nohad-adapted,benign,9,39,0.3333333333333333,0.07692307692307693,0.125
intern-decision-0.8b,wildjailbreak,spinquant-had-adapted,harmful,119,64,0.4957983193277311,0.921875,0.644808743169399
intern-decision-0.8b,wildjailbreak,spinquant-had-adapted,benign,9,64,0.4444444444444444,0.0625,0.1095890410958904
intern-decision-0.8b,wildjailbreak,s1q-joint,harmful,119,51,0.4117647058823529,0.9607843137254902,0.5764705882352941
intern-decision-0.8b,wildjailbreak,s1q-joint,benign,9,77,0.7777777777777778,0.09090909090909091,0.16279069767441862
intern-decision-0.8b,wildjailbreak,s1q-ac,harmful,119,72,0.5630252100840336,0.9305555555555556,0.7015706806282722
intern-decision-0.8b,wildjailbreak,s1q-ac,benign,9,56,0.4444444444444444,0.07142857142857142,0.12307692307692308
intern-decision-0.8b,wildjailbreak,s1q-margin,harmful,119,51,0.37815126050420167,0.8823529411764706,0.5294117647058824
intern-decision-0.8b,wildjailbreak,s1q-margin,benign,9,77,0.3333333333333333,0.03896103896103896,0.06976744186046512
intern-decision-0.8b,wildjailbreak,s1q,harmful,119,67,0.5126050420168067,0.9104477611940298,0.6559139784946236
intern-decision-0.8b,wildjailbreak,s1q,benign,9,61,0.3333333333333333,0.04918032786885246,0.08571428571428572
intern-decision-2b,mnli,native,entailment,41,41,0.5365853658536586,0.5365853658536586,0.5365853658536586
intern-decision-2b,mnli,native,neutral,45,54,0.6666666666666666,0.5555555555555556,0.6060606060606061
intern-decision-2b,mnli,native,contradiction,36,27,0.5277777777777778,0.7037037037037037,0.6031746031746031
intern-decision-2b,mnli,rtn,entailment,41,67,0.5365853658536586,0.3283582089552239,0.4074074074074074
intern-decision-2b,mnli,rtn,neutral,45,25,0.17777777777777778,0.32,0.22857142857142856
intern-decision-2b,mnli,rtn,contradiction,36,30,0.2777777777777778,0.3333333333333333,0.30303030303030304
intern-decision-2b,mnli,s1q-local,entailment,41,88,0.8292682926829268,0.38636363636363635,0.5271317829457365
intern-decision-2b,mnli,s1q-local,neutral,45,21,0.2,0.42857142857142855,0.2727272727272727
intern-decision-2b,mnli,s1q-local,contradiction,36,13,0.08333333333333333,0.23076923076923078,0.12244897959183673
intern-decision-2b,mnli,s1q2-beta05,entailment,41,74,0.6585365853658537,0.36486486486486486,0.46956521739130436
intern-decision-2b,mnli,s1q2-beta05,neutral,45,30,0.2222222222222222,0.3333333333333333,0.26666666666666666
intern-decision-2b,mnli,s1q2-beta05,contradiction,36,18,0.19444444444444445,0.3888888888888889,0.25925925925925924
intern-decision-2b,mnli,smoothquant-adapted,entailment,41,62,0.36585365853658536,0.24193548387096775,0.2912621359223301
intern-decision-2b,mnli,smoothquant-adapted,neutral,45,12,0.1111111111111111,0.4166666666666667,0.17543859649122806
intern-decision-2b,mnli,smoothquant-adapted,contradiction,36,48,0.3333333333333333,0.25,0.2857142857142857
intern-decision-2b,mnli,awq-adapted,entailment,41,76,0.6097560975609756,0.32894736842105265,0.42735042735042733
intern-decision-2b,mnli,awq-adapted,neutral,45,25,0.08888888888888889,0.16,0.11428571428571428
intern-decision-2b,mnli,awq-adapted,contradiction,36,21,0.16666666666666666,0.2857142857142857,0.21052631578947367
intern-decision-2b,mnli,gptq-blockdiag-adapted,entailment,41,65,0.6097560975609756,0.38461538461538464,0.4716981132075472
intern-decision-2b,mnli,gptq-blockdiag-adapted,neutral,45,23,0.2222222222222222,0.43478260869565216,0.29411764705882354
intern-decision-2b,mnli,gptq-blockdiag-adapted,contradiction,36,34,0.3055555555555556,0.3235294117647059,0.3142857142857143
intern-decision-2b,mnli,spinquant-nohad-adapted,entailment,41,42,0.2682926829268293,0.2619047619047619,0.26506024096385544
intern-decision-2b,mnli,spinquant-nohad-adapted,neutral,45,63,0.5333333333333333,0.38095238095238093,0.4444444444444444
intern-decision-2b,mnli,spinquant-nohad-adapted,contradiction,36,17,0.1388888888888889,0.29411764705882354,0.18867924528301888
intern-decision-2b,mnli,spinquant-had-adapted,entailment,41,58,0.4878048780487805,0.3448275862068966,0.40404040404040403
intern-decision-2b,mnli,spinquant-had-adapted,neutral,45,42,0.3111111111111111,0.3333333333333333,0.3218390804597701
intern-decision-2b,mnli,spinquant-had-adapted,contradiction,36,22,0.2222222222222222,0.36363636363636365,0.27586206896551724
intern-decision-2b,mnli,s1q-joint,entailment,41,36,0.24390243902439024,0.2777777777777778,0.2597402597402597
intern-decision-2b,mnli,s1q-joint,neutral,45,62,0.5333333333333333,0.3870967741935484,0.4485981308411215
intern-decision-2b,mnli,s1q-joint,contradiction,36,24,0.19444444444444445,0.2916666666666667,0.23333333333333334
intern-decision-2b,mnli,s1q-ac,entailment,41,39,0.43902439024390244,0.46153846153846156,0.45
intern-decision-2b,mnli,s1q-ac,neutral,45,49,0.4,0.3673469387755102,0.3829787234042553
intern-decision-2b,mnli,s1q-ac,contradiction,36,34,0.2777777777777778,0.29411764705882354,0.2857142857142857
intern-decision-2b,mnli,s1q-margin,entailment,41,89,0.6829268292682927,0.3146067415730337,0.4307692307692308
intern-decision-2b,mnli,s1q-margin,neutral,45,15,0.1111111111111111,0.3333333333333333,0.16666666666666666
intern-decision-2b,mnli,s1q-margin,contradiction,36,18,0.16666666666666666,0.3333333333333333,0.2222222222222222
intern-decision-2b,mnli,s1q,entailment,41,74,0.5609756097560976,0.3108108108108108,0.4
intern-decision-2b,mnli,s1q,neutral,45,18,0.1111111111111111,0.2777777777777778,0.15873015873015872
intern-decision-2b,mnli,s1q,contradiction,36,30,0.3055555555555556,0.36666666666666664,0.3333333333333333
intern-decision-2b,tweet-offensive,native,not_offensive,97,83,0.7835051546391752,0.9156626506024096,0.8444444444444444
intern-decision-2b,tweet-offensive,native,offensive,31,45,0.7741935483870968,0.5333333333333333,0.631578947368421
intern-decision-2b,tweet-offensive,rtn,not_offensive,97,77,0.6185567010309279,0.7792207792207793,0.6896551724137931
intern-decision-2b,tweet-offensive,rtn,offensive,31,51,0.45161290322580644,0.27450980392156865,0.34146341463414637
intern-decision-2b,tweet-offensive,s1q-local,not_offensive,97,85,0.6391752577319587,0.7294117647058823,0.6813186813186813
intern-decision-2b,tweet-offensive,s1q-local,offensive,31,43,0.25806451612903225,0.18604651162790697,0.21621621621621623
intern-decision-2b,tweet-offensive,s1q2-beta05,not_offensive,97,83,0.6494845360824743,0.7590361445783133,0.7
intern-decision-2b,tweet-offensive,s1q2-beta05,offensive,31,45,0.3548387096774194,0.24444444444444444,0.2894736842105263
intern-decision-2b,tweet-offensive,smoothquant-adapted,not_offensive,97,99,0.7525773195876289,0.7373737373737373,0.7448979591836735
intern-decision-2b,tweet-offensive,smoothquant-adapted,offensive,31,29,0.16129032258064516,0.1724137931034483,0.16666666666666666
intern-decision-2b,tweet-offensive,awq-adapted,not_offensive,97,83,0.6494845360824743,0.7590361445783133,0.7
intern-decision-2b,tweet-offensive,awq-adapted,offensive,31,45,0.3548387096774194,0.24444444444444444,0.2894736842105263
intern-decision-2b,tweet-offensive,gptq-blockdiag-adapted,not_offensive,97,91,0.7010309278350515,0.7472527472527473,0.723404255319149
intern-decision-2b,tweet-offensive,gptq-blockdiag-adapted,offensive,31,37,0.25806451612903225,0.21621621621621623,0.23529411764705882
intern-decision-2b,tweet-offensive,spinquant-nohad-adapted,not_offensive,97,61,0.5257731958762887,0.8360655737704918,0.6455696202531646
intern-decision-2b,tweet-offensive,spinquant-nohad-adapted,offensive,31,67,0.6774193548387096,0.31343283582089554,0.42857142857142855
intern-decision-2b,tweet-offensive,spinquant-had-adapted,not_offensive,97,70,0.5567010309278351,0.7714285714285715,0.6467065868263473
intern-decision-2b,tweet-offensive,spinquant-had-adapted,offensive,31,58,0.4838709677419355,0.25862068965517243,0.33707865168539325
intern-decision-2b,tweet-offensive,s1q-joint,not_offensive,97,44,0.3917525773195876,0.8636363636363636,0.5390070921985816
intern-decision-2b,tweet-offensive,s1q-joint,offensive,31,84,0.8064516129032258,0.2976190476190476,0.43478260869565216
intern-decision-2b,tweet-offensive,s1q-ac,not_offensive,97,74,0.6391752577319587,0.8378378378378378,0.7251461988304093
intern-decision-2b,tweet-offensive,s1q-ac,offensive,31,54,0.6129032258064516,0.35185185185185186,0.4470588235294118
intern-decision-2b,tweet-offensive,s1q-margin,not_offensive,97,86,0.6907216494845361,0.7790697674418605,0.73224043715847
intern-decision-2b,tweet-offensive,s1q-margin,offensive,31,42,0.3870967741935484,0.2857142857142857,0.3287671232876712
intern-decision-2b,tweet-offensive,s1q,not_offensive,97,77,0.6494845360824743,0.8181818181818182,0.7241379310344828
intern-decision-2b,tweet-offensive,s1q,offensive,31,51,0.5483870967741935,0.3333333333333333,0.4146341463414634
intern-decision-2b,wanli,native,supported,95,149,0.8210526315789474,0.5234899328859061,0.639344262295082
intern-decision-2b,wanli,native,insufficient,78,71,0.4358974358974359,0.4788732394366197,0.4563758389261745
intern-decision-2b,wanli,native,contradicted,83,36,0.3253012048192771,0.75,0.453781512605042
intern-decision-2b,wanli,rtn,supported,95,84,0.3368421052631579,0.38095238095238093,0.3575418994413408
intern-decision-2b,wanli,rtn,insufficient,78,84,0.38461538461538464,0.35714285714285715,0.37037037037037035
intern-decision-2b,wanli,rtn,contradicted,83,88,0.27710843373493976,0.26136363636363635,0.26900584795321636
intern-decision-2b,wanli,s1q-local,supported,95,86,0.30526315789473685,0.3372093023255814,0.32044198895027626
intern-decision-2b,wanli,s1q-local,insufficient,78,81,0.2692307692307692,0.25925925925925924,0.2641509433962264
intern-decision-2b,wanli,s1q-local,contradicted,83,89,0.3132530120481928,0.29213483146067415,0.3023255813953488
intern-decision-2b,wanli,s1q2-beta05,supported,95,88,0.35789473684210527,0.38636363636363635,0.37158469945355194
intern-decision-2b,wanli,s1q2-beta05,insufficient,78,88,0.358974358974359,0.3181818181818182,0.3373493975903614
intern-decision-2b,wanli,s1q2-beta05,contradicted,83,80,0.3373493975903614,0.35,0.34355828220858897
intern-decision-2b,wanli,smoothquant-adapted,supported,95,76,0.25263157894736843,0.3157894736842105,0.2807017543859649
intern-decision-2b,wanli,smoothquant-adapted,insufficient,78,90,0.34615384615384615,0.3,0.32142857142857145
intern-decision-2b,wanli,smoothquant-adapted,contradicted,83,90,0.3132530120481928,0.28888888888888886,0.30057803468208094
intern-decision-2b,wanli,awq-adapted,supported,95,81,0.3684210526315789,0.43209876543209874,0.3977272727272727
intern-decision-2b,wanli,awq-adapted,insufficient,78,85,0.4358974358974359,0.4,0.4171779141104294
intern-decision-2b,wanli,awq-adapted,contradicted,83,90,0.39759036144578314,0.36666666666666664,0.3815028901734104
intern-decision-2b,wanli,gptq-blockdiag-adapted,supported,95,81,0.3473684210526316,0.4074074074074074,0.375
intern-decision-2b,wanli,gptq-blockdiag-adapted,insufficient,78,92,0.4358974358974359,0.3695652173913043,0.4
intern-decision-2b,wanli,gptq-blockdiag-adapted,contradicted,83,83,0.3493975903614458,0.3493975903614458,0.3493975903614458
intern-decision-2b,wanli,spinquant-nohad-adapted,supported,95,75,0.3263157894736842,0.41333333333333333,0.36470588235294116
intern-decision-2b,wanli,spinquant-nohad-adapted,insufficient,78,88,0.358974358974359,0.3181818181818182,0.3373493975903614
intern-decision-2b,wanli,spinquant-nohad-adapted,contradicted,83,93,0.30120481927710846,0.26881720430107525,0.2840909090909091
intern-decision-2b,wanli,spinquant-had-adapted,supported,95,105,0.43157894736842106,0.3904761904761905,0.41
intern-decision-2b,wanli,spinquant-had-adapted,insufficient,78,70,0.24358974358974358,0.2714285714285714,0.25675675675675674
intern-decision-2b,wanli,spinquant-had-adapted,contradicted,83,81,0.3373493975903614,0.345679012345679,0.34146341463414637
intern-decision-2b,wanli,s1q-joint,supported,95,110,0.47368421052631576,0.4090909090909091,0.43902439024390244
intern-decision-2b,wanli,s1q-joint,insufficient,78,90,0.34615384615384615,0.3,0.32142857142857145
intern-decision-2b,wanli,s1q-joint,contradicted,83,56,0.25301204819277107,0.375,0.302158273381295
intern-decision-2b,wanli,s1q-ac,supported,95,90,0.35789473684210527,0.37777777777777777,0.3675675675675676
intern-decision-2b,wanli,s1q-ac,insufficient,78,94,0.3076923076923077,0.2553191489361702,0.27906976744186046
intern-decision-2b,wanli,s1q-ac,contradicted,83,72,0.27710843373493976,0.3194444444444444,0.2967741935483871
intern-decision-2b,wanli,s1q-margin,supported,95,131,0.5578947368421052,0.40458015267175573,0.4690265486725664
intern-decision-2b,wanli,s1q-margin,insufficient,78,76,0.3333333333333333,0.34210526315789475,0.33766233766233766
intern-decision-2b,wanli,s1q-margin,contradicted,83,49,0.1927710843373494,0.32653061224489793,0.24242424242424243
intern-decision-2b,wanli,s1q,supported,95,114,0.4842105263157895,0.40350877192982454,0.44019138755980863
intern-decision-2b,wanli,s1q,insufficient,78,79,0.34615384615384615,0.34177215189873417,0.34394904458598724
intern-decision-2b,wanli,s1q,contradicted,83,63,0.2289156626506024,0.30158730158730157,0.2602739726027397
intern-decision-2b,wildjailbreak,native,harmful,119,88,0.7226890756302521,0.9772727272727273,0.8309178743961353
intern-decision-2b,wildjailbreak,native,benign,9,40,0.7777777777777778,0.175,0.2857142857142857
intern-decision-2b,wildjailbreak,rtn,harmful,119,79,0.6302521008403361,0.9493670886075949,0.7575757575757576
intern-decision-2b,wildjailbreak,rtn,benign,9,49,0.5555555555555556,0.10204081632653061,0.1724137931034483
intern-decision-2b,wildjailbreak,s1q-local,harmful,119,71,0.5798319327731093,0.971830985915493,0.7263157894736842
intern-decision-2b,wildjailbreak,s1q-local,benign,9,57,0.7777777777777778,0.12280701754385964,0.21212121212121213
intern-decision-2b,wildjailbreak,s1q2-beta05,harmful,119,61,0.48739495798319327,0.9508196721311475,0.6444444444444445
intern-decision-2b,wildjailbreak,s1q2-beta05,benign,9,67,0.6666666666666666,0.08955223880597014,0.15789473684210525
intern-decision-2b,wildjailbreak,smoothquant-adapted,harmful,119,109,0.8487394957983193,0.926605504587156,0.8859649122807017
intern-decision-2b,wildjailbreak,smoothquant-adapted,benign,9,19,0.1111111111111111,0.05263157894736842,0.07142857142857142
intern-decision-2b,wildjailbreak,awq-adapted,harmful,119,73,0.5630252100840336,0.9178082191780822,0.6979166666666666
intern-decision-2b,wildjailbreak,awq-adapted,benign,9,55,0.3333333333333333,0.05454545454545454,0.09375
intern-decision-2b,wildjailbreak,gptq-blockdiag-adapted,harmful,119,81,0.6386554621848739,0.9382716049382716,0.76
intern-decision-2b,wildjailbreak,gptq-blockdiag-adapted,benign,9,47,0.4444444444444444,0.0851063829787234,0.14285714285714285
intern-decision-2b,wildjailbreak,spinquant-nohad-adapted,harmful,119,81,0.6134453781512605,0.9012345679012346,0.73
intern-decision-2b,wildjailbreak,spinquant-nohad-adapted,benign,9,47,0.1111111111111111,0.02127659574468085,0.03571428571428571
intern-decision-2b,wildjailbreak,spinquant-had-adapted,harmful,119,42,0.3277310924369748,0.9285714285714286,0.484472049689441
intern-decision-2b,wildjailbreak,spinquant-had-adapted,benign,9,86,0.6666666666666666,0.06976744186046512,0.12631578947368421
intern-decision-2b,wildjailbreak,s1q-joint,harmful,119,19,0.15966386554621848,1.0,0.2753623188405797
intern-decision-2b,wildjailbreak,s1q-joint,benign,9,109,1.0,0.08256880733944955,0.15254237288135594
intern-decision-2b,wildjailbreak,s1q-ac,harmful,119,16,0.12605042016806722,0.9375,0.2222222222222222
intern-decision-2b,wildjailbreak,s1q-ac,benign,9,112,0.8888888888888888,0.07142857142857142,0.1322314049586777
intern-decision-2b,wildjailbreak,s1q-margin,harmful,119,37,0.29411764705882354,0.9459459459459459,0.44871794871794873
intern-decision-2b,wildjailbreak,s1q-margin,benign,9,91,0.7777777777777778,0.07692307692307693,0.14
intern-decision-2b,wildjailbreak,s1q,harmful,119,52,0.42016806722689076,0.9615384615384616,0.5847953216374269
intern-decision-2b,wildjailbreak,s1q,benign,9,76,0.7777777777777778,0.09210526315789473,0.16470588235294117
intern-decision-4b,mnli,native,entailment,41,36,0.6829268292682927,0.7777777777777778,0.7272727272727273
intern-decision-4b,mnli,native,neutral,45,48,0.8,0.75,0.7741935483870968
intern-decision-4b,mnli,native,contradiction,36,38,0.8888888888888888,0.8421052631578947,0.8648648648648649
intern-decision-4b,mnli,rtn,entailment,41,48,0.34146341463414637,0.2916666666666667,0.3146067415730337
intern-decision-4b,mnli,rtn,neutral,45,28,0.2,0.32142857142857145,0.2465753424657534
intern-decision-4b,mnli,rtn,contradiction,36,46,0.3888888888888889,0.30434782608695654,0.34146341463414637
intern-decision-4b,mnli,s1q-local,entailment,41,69,0.6341463414634146,0.37681159420289856,0.4727272727272727
intern-decision-4b,mnli,s1q-local,neutral,45,44,0.4222222222222222,0.4318181818181818,0.42696629213483145
intern-decision-4b,mnli,s1q-local,contradiction,36,9,0.0,0.0,0.0
intern-decision-4b,mnli,s1q2-beta05,entailment,41,69,0.6585365853658537,0.391304347826087,0.4909090909090909
intern-decision-4b,mnli,s1q2-beta05,neutral,45,32,0.28888888888888886,0.40625,0.33766233766233766
intern-decision-4b,mnli,s1q2-beta05,contradiction,36,21,0.16666666666666666,0.2857142857142857,0.21052631578947367
intern-decision-4b,mnli,smoothquant-adapted,entailment,41,58,0.4146341463414634,0.29310344827586204,0.3434343434343434
intern-decision-4b,mnli,smoothquant-adapted,neutral,45,30,0.24444444444444444,0.36666666666666664,0.29333333333333333
intern-decision-4b,mnli,smoothquant-adapted,contradiction,36,34,0.19444444444444445,0.20588235294117646,0.2
intern-decision-4b,mnli,awq-adapted,entailment,41,54,0.36585365853658536,0.2777777777777778,0.3157894736842105
intern-decision-4b,mnli,awq-adapted,neutral,45,47,0.4,0.3829787234042553,0.391304347826087
intern-decision-4b,mnli,awq-adapted,contradiction,36,21,0.08333333333333333,0.14285714285714285,0.10526315789473684
intern-decision-4b,mnli,gptq-blockdiag-adapted,entailment,41,75,0.6097560975609756,0.3333333333333333,0.43103448275862066
intern-decision-4b,mnli,gptq-blockdiag-adapted,neutral,45,29,0.2,0.3103448275862069,0.24324324324324326
intern-decision-4b,mnli,gptq-blockdiag-adapted,contradiction,36,18,0.16666666666666666,0.3333333333333333,0.2222222222222222
intern-decision-4b,mnli,spinquant-nohad-adapted,entailment,41,55,0.5121951219512195,0.38181818181818183,0.4375
intern-decision-4b,mnli,spinquant-nohad-adapted,neutral,45,50,0.5333333333333333,0.48,0.5052631578947369
intern-decision-4b,mnli,spinquant-nohad-adapted,contradiction,36,17,0.1111111111111111,0.23529411764705882,0.1509433962264151
intern-decision-4b,mnli,spinquant-had-adapted,entailment,41,74,0.6341463414634146,0.35135135135135137,0.45217391304347826
intern-decision-4b,mnli,spinquant-had-adapted,neutral,45,34,0.3333333333333333,0.4411764705882353,0.379746835443038
intern-decision-4b,mnli,spinquant-had-adapted,contradiction,36,14,0.16666666666666666,0.42857142857142855,0.24
intern-decision-4b,mnli,s1q-joint,entailment,41,40,0.4634146341463415,0.475,0.4691358024691358
intern-decision-4b,mnli,s1q-joint,neutral,45,58,0.4222222222222222,0.3275862068965517,0.36893203883495146
intern-decision-4b,mnli,s1q-joint,contradiction,36,24,0.19444444444444445,0.2916666666666667,0.23333333333333334
intern-decision-4b,mnli,s1q-ac,entailment,41,50,0.6341463414634146,0.52,0.5714285714285714
intern-decision-4b,mnli,s1q-ac,neutral,45,51,0.4666666666666667,0.4117647058823529,0.4375
intern-decision-4b,mnli,s1q-ac,contradiction,36,21,0.3333333333333333,0.5714285714285714,0.42105263157894735
intern-decision-4b,mnli,s1q-margin,entailment,41,29,0.1951219512195122,0.27586206896551724,0.22857142857142856
intern-decision-4b,mnli,s1q-margin,neutral,45,58,0.4444444444444444,0.3448275862068966,0.3883495145631068
intern-decision-4b,mnli,s1q-margin,contradiction,36,35,0.2777777777777778,0.2857142857142857,0.28169014084507044
intern-decision-4b,mnli,s1q,entailment,41,44,0.4146341463414634,0.38636363636363635,0.4
intern-decision-4b,mnli,s1q,neutral,45,52,0.4444444444444444,0.38461538461538464,0.41237113402061853
intern-decision-4b,mnli,s1q,contradiction,36,26,0.3611111111111111,0.5,0.41935483870967744
intern-decision-4b,tweet-offensive,native,not_offensive,97,95,0.865979381443299,0.8842105263157894,0.875
intern-decision-4b,tweet-offensive,native,offensive,31,33,0.6451612903225806,0.6060606060606061,0.625
intern-decision-4b,tweet-offensive,rtn,not_offensive,97,79,0.6288659793814433,0.7721518987341772,0.6931818181818182
intern-decision-4b,tweet-offensive,rtn,offensive,31,49,0.41935483870967744,0.2653061224489796,0.325
intern-decision-4b,tweet-offensive,s1q-local,not_offensive,97,79,0.6185567010309279,0.759493670886076,0.6818181818181818
intern-decision-4b,tweet-offensive,s1q-local,offensive,31,49,0.3870967741935484,0.24489795918367346,0.3
intern-decision-4b,tweet-offensive,s1q2-beta05,not_offensive,97,71,0.5463917525773195,0.7464788732394366,0.6309523809523809
intern-decision-4b,tweet-offensive,s1q2-beta05,offensive,31,57,0.41935483870967744,0.22807017543859648,0.29545454545454547
intern-decision-4b,tweet-offensive,smoothquant-adapted,not_offensive,97,91,0.7319587628865979,0.7802197802197802,0.7553191489361702
intern-decision-4b,tweet-offensive,smoothquant-adapted,offensive,31,37,0.3548387096774194,0.2972972972972973,0.3235294117647059
intern-decision-4b,tweet-offensive,awq-adapted,not_offensive,97,61,0.4639175257731959,0.7377049180327869,0.569620253164557
intern-decision-4b,tweet-offensive,awq-adapted,offensive,31,67,0.4838709677419355,0.22388059701492538,0.30612244897959184
intern-decision-4b,tweet-offensive,gptq-blockdiag-adapted,not_offensive,97,85,0.6701030927835051,0.7647058823529411,0.7142857142857143
intern-decision-4b,tweet-offensive,gptq-blockdiag-adapted,offensive,31,43,0.3548387096774194,0.2558139534883721,0.2972972972972973
intern-decision-4b,tweet-offensive,spinquant-nohad-adapted,not_offensive,97,63,0.4948453608247423,0.7619047619047619,0.6
intern-decision-4b,tweet-offensive,spinquant-nohad-adapted,offensive,31,65,0.5161290322580645,0.24615384615384617,0.3333333333333333
intern-decision-4b,tweet-offensive,spinquant-had-adapted,not_offensive,97,78,0.6082474226804123,0.7564102564102564,0.6742857142857143
intern-decision-4b,tweet-offensive,spinquant-had-adapted,offensive,31,50,0.3870967741935484,0.24,0.2962962962962963
intern-decision-4b,tweet-offensive,s1q-joint,not_offensive,97,25,0.23711340206185566,0.92,0.3770491803278688
intern-decision-4b,tweet-offensive,s1q-joint,offensive,31,103,0.9354838709677419,0.2815533980582524,0.43283582089552236
intern-decision-4b,tweet-offensive,s1q-ac,not_offensive,97,54,0.4948453608247423,0.8888888888888888,0.6357615894039735
intern-decision-4b,tweet-offensive,s1q-ac,offensive,31,74,0.8064516129032258,0.33783783783783783,0.47619047619047616
intern-decision-4b,tweet-offensive,s1q-margin,not_offensive,97,46,0.44329896907216493,0.9347826086956522,0.6013986013986014
intern-decision-4b,tweet-offensive,s1q-margin,offensive,31,82,0.9032258064516129,0.34146341463414637,0.49557522123893805
intern-decision-4b,tweet-offensive,s1q,not_offensive,97,82,0.711340206185567,0.8414634146341463,0.770949720670391
intern-decision-4b,tweet-offensive,s1q,offensive,31,46,0.5806451612903226,0.391304347826087,0.4675324675324675
intern-decision-4b,wanli,native,supported,95,110,0.7894736842105263,0.6818181818181818,0.7317073170731707
intern-decision-4b,wanli,native,insufficient,78,75,0.5128205128205128,0.5333333333333333,0.5228758169934641
intern-decision-4b,wanli,native,contradicted,83,71,0.6867469879518072,0.8028169014084507,0.7402597402597403
intern-decision-4b,wanli,rtn,supported,95,97,0.3894736842105263,0.38144329896907214,0.3854166666666667
intern-decision-4b,wanli,rtn,insufficient,78,79,0.28205128205128205,0.27848101265822783,0.2802547770700637
intern-decision-4b,wanli,rtn,contradicted,83,80,0.3373493975903614,0.35,0.34355828220858897
intern-decision-4b,wanli,s1q-local,supported,95,103,0.42105263157894735,0.3883495145631068,0.40404040404040403
intern-decision-4b,wanli,s1q-local,insufficient,78,70,0.2948717948717949,0.32857142857142857,0.3108108108108108
intern-decision-4b,wanli,s1q-local,contradicted,83,83,0.3132530120481928,0.3132530120481928,0.3132530120481928
intern-decision-4b,wanli,s1q2-beta05,supported,95,101,0.3157894736842105,0.297029702970297,0.30612244897959184
intern-decision-4b,wanli,s1q2-beta05,insufficient,78,80,0.3076923076923077,0.3,0.3037974683544304
intern-decision-4b,wanli,s1q2-beta05,contradicted,83,75,0.3132530120481928,0.3466666666666667,0.3291139240506329
intern-decision-4b,wanli,smoothquant-adapted,supported,95,80,0.2631578947368421,0.3125,0.2857142857142857
intern-decision-4b,wanli,smoothquant-adapted,insufficient,78,93,0.41025641025641024,0.34408602150537637,0.3742690058479532
intern-decision-4b,wanli,smoothquant-adapted,contradicted,83,83,0.26506024096385544,0.26506024096385544,0.26506024096385544
intern-decision-4b,wanli,awq-adapted,supported,95,100,0.3157894736842105,0.3,0.3076923076923077
intern-decision-4b,wanli,awq-adapted,insufficient,78,87,0.3717948717948718,0.3333333333333333,0.3515151515151515
intern-decision-4b,wanli,awq-adapted,contradicted,83,69,0.21686746987951808,0.2608695652173913,0.23684210526315788
intern-decision-4b,wanli,gptq-blockdiag-adapted,supported,95,82,0.35789473684210527,0.4146341463414634,0.384180790960452
intern-decision-4b,wanli,gptq-blockdiag-adapted,insufficient,78,89,0.46153846153846156,0.4044943820224719,0.4311377245508982
intern-decision-4b,wanli,gptq-blockdiag-adapted,contradicted,83,85,0.3493975903614458,0.3411764705882353,0.34523809523809523
intern-decision-4b,wanli,spinquant-nohad-adapted,supported,95,88,0.3684210526315789,0.3977272727272727,0.3825136612021858
intern-decision-4b,wanli,spinquant-nohad-adapted,insufficient,78,83,0.358974358974359,0.3373493975903614,0.34782608695652173
intern-decision-4b,wanli,spinquant-nohad-adapted,contradicted,83,85,0.3132530120481928,0.3058823529411765,0.30952380952380953
intern-decision-4b,wanli,spinquant-had-adapted,supported,95,89,0.28421052631578947,0.30337078651685395,0.29347826086956524
intern-decision-4b,wanli,spinquant-had-adapted,insufficient,78,88,0.38461538461538464,0.3409090909090909,0.3614457831325301
intern-decision-4b,wanli,spinquant-had-adapted,contradicted,83,79,0.24096385542168675,0.25316455696202533,0.24691358024691357
intern-decision-4b,wanli,s1q-joint,supported,95,152,0.6631578947368421,0.4144736842105263,0.5101214574898786
intern-decision-4b,wanli,s1q-joint,insufficient,78,46,0.20512820512820512,0.34782608695652173,0.25806451612903225
intern-decision-4b,wanli,s1q-joint,contradicted,83,58,0.26506024096385544,0.3793103448275862,0.3120567375886525
intern-decision-4b,wanli,s1q-ac,supported,95,130,0.5894736842105263,0.4307692307692308,0.49777777777777776
intern-decision-4b,wanli,s1q-ac,insufficient,78,50,0.24358974358974358,0.38,0.296875
intern-decision-4b,wanli,s1q-ac,contradicted,83,76,0.37349397590361444,0.40789473684210525,0.389937106918239
intern-decision-4b,wanli,s1q-margin,supported,95,121,0.5473684210526316,0.4297520661157025,0.48148148148148145
intern-decision-4b,wanli,s1q-margin,insufficient,78,81,0.4230769230769231,0.4074074074074074,0.41509433962264153
intern-decision-4b,wanli,s1q-margin,contradicted,83,54,0.3132530120481928,0.48148148148148145,0.3795620437956204
intern-decision-4b,wanli,s1q,supported,95,109,0.5157894736842106,0.44954128440366975,0.4803921568627451
intern-decision-4b,wanli,s1q,insufficient,78,87,0.358974358974359,0.3218390804597701,0.3393939393939394
intern-decision-4b,wanli,s1q,contradicted,83,60,0.3614457831325301,0.5,0.4195804195804196
intern-decision-4b,wildjailbreak,native,harmful,119,104,0.865546218487395,0.9903846153846154,0.9237668161434978
intern-decision-4b,wildjailbreak,native,benign,9,24,0.8888888888888888,0.3333333333333333,0.48484848484848486
intern-decision-4b,wildjailbreak,rtn,harmful,119,79,0.6218487394957983,0.9367088607594937,0.7474747474747475
intern-decision-4b,wildjailbreak,rtn,benign,9,49,0.4444444444444444,0.08163265306122448,0.13793103448275862
intern-decision-4b,wildjailbreak,s1q-local,harmful,119,67,0.5462184873949579,0.9701492537313433,0.6989247311827957
intern-decision-4b,wildjailbreak,s1q-local,benign,9,61,0.7777777777777778,0.11475409836065574,0.2
intern-decision-4b,wildjailbreak,s1q2-beta05,harmful,119,70,0.5210084033613446,0.8857142857142857,0.656084656084656
intern-decision-4b,wildjailbreak,s1q2-beta05,benign,9,58,0.1111111111111111,0.017241379310344827,0.029850746268656716
intern-decision-4b,wildjailbreak,smoothquant-adapted,harmful,119,78,0.6218487394957983,0.9487179487179487,0.751269035532995
intern-decision-4b,wildjailbreak,smoothquant-adapted,benign,9,50,0.5555555555555556,0.1,0.1694915254237288
intern-decision-4b,wildjailbreak,awq-adapted,harmful,119,38,0.29411764705882354,0.9210526315789473,0.445859872611465
intern-decision-4b,wildjailbreak,awq-adapted,benign,9,90,0.6666666666666666,0.06666666666666667,0.12121212121212122
intern-decision-4b,wildjailbreak,gptq-blockdiag-adapted,harmful,119,85,0.6554621848739496,0.9176470588235294,0.7647058823529411
intern-decision-4b,wildjailbreak,gptq-blockdiag-adapted,benign,9,43,0.2222222222222222,0.046511627906976744,0.07692307692307693
intern-decision-4b,wildjailbreak,spinquant-nohad-adapted,harmful,119,59,0.44537815126050423,0.8983050847457628,0.5955056179775281
intern-decision-4b,wildjailbreak,spinquant-nohad-adapted,benign,9,69,0.3333333333333333,0.043478260869565216,0.07692307692307693
intern-decision-4b,wildjailbreak,spinquant-had-adapted,harmful,119,74,0.5630252100840336,0.9054054054054054,0.694300518134715
intern-decision-4b,wildjailbreak,spinquant-had-adapted,benign,9,54,0.2222222222222222,0.037037037037037035,0.06349206349206349
intern-decision-4b,wildjailbreak,s1q-joint,harmful,119,29,0.24369747899159663,1.0,0.3918918918918919
intern-decision-4b,wildjailbreak,s1q-joint,benign,9,99,1.0,0.09090909090909091,0.16666666666666666
intern-decision-4b,wildjailbreak,s1q-ac,harmful,119,53,0.4369747899159664,0.9811320754716981,0.6046511627906976
intern-decision-4b,wildjailbreak,s1q-ac,benign,9,75,0.8888888888888888,0.10666666666666667,0.19047619047619047
intern-decision-4b,wildjailbreak,s1q-margin,harmful,119,22,0.17647058823529413,0.9545454545454546,0.2978723404255319
intern-decision-4b,wildjailbreak,s1q-margin,benign,9,106,0.8888888888888888,0.07547169811320754,0.1391304347826087
intern-decision-4b,wildjailbreak,s1q,harmful,119,40,0.31932773109243695,0.95,0.4779874213836478
intern-decision-4b,wildjailbreak,s1q,benign,9,88,0.7777777777777778,0.07954545454545454,0.14432989690721648
startlux-decision-0.8b,mnli,native,entailment,41,41,0.8780487804878049,0.8780487804878049,0.8780487804878049
startlux-decision-0.8b,mnli,native,neutral,45,41,0.8222222222222222,0.9024390243902439,0.8604651162790697
startlux-decision-0.8b,mnli,native,contradiction,36,40,0.9722222222222222,0.875,0.9210526315789473
startlux-decision-0.8b,mnli,rtn,entailment,41,59,0.4634146341463415,0.3220338983050847,0.38
startlux-decision-0.8b,mnli,rtn,neutral,45,32,0.26666666666666666,0.375,0.3116883116883117
startlux-decision-0.8b,mnli,rtn,contradiction,36,31,0.25,0.2903225806451613,0.26865671641791045
startlux-decision-0.8b,mnli,s1q-local,entailment,41,21,0.3170731707317073,0.6190476190476191,0.41935483870967744
startlux-decision-0.8b,mnli,s1q-local,neutral,45,12,0.1111111111111111,0.4166666666666667,0.17543859649122806
startlux-decision-0.8b,mnli,s1q-local,contradiction,36,89,0.9444444444444444,0.38202247191011235,0.544
startlux-decision-0.8b,mnli,s1q2-beta05,entailment,41,22,0.36585365853658536,0.6818181818181818,0.47619047619047616
startlux-decision-0.8b,mnli,s1q2-beta05,neutral,45,16,0.2222222222222222,0.625,0.32786885245901637
startlux-decision-0.8b,mnli,s1q2-beta05,contradiction,36,84,0.8611111111111112,0.36904761904761907,0.5166666666666667
startlux-decision-0.8b,mnli,smoothquant-adapted,entailment,41,51,0.3902439024390244,0.3137254901960784,0.34782608695652173
startlux-decision-0.8b,mnli,smoothquant-adapted,neutral,45,54,0.4222222222222222,0.35185185185185186,0.3838383838383838
startlux-decision-0.8b,mnli,smoothquant-adapted,contradiction,36,17,0.19444444444444445,0.4117647058823529,0.2641509433962264
startlux-decision-0.8b,mnli,awq-adapted,entailment,41,15,0.1951219512195122,0.5333333333333333,0.2857142857142857
startlux-decision-0.8b,mnli,awq-adapted,neutral,45,28,0.24444444444444444,0.39285714285714285,0.3013698630136986
startlux-decision-0.8b,mnli,awq-adapted,contradiction,36,79,0.7777777777777778,0.35443037974683544,0.48695652173913045
startlux-decision-0.8b,mnli,gptq-blockdiag-adapted,entailment,41,30,0.24390243902439024,0.3333333333333333,0.28169014084507044
startlux-decision-0.8b,mnli,gptq-blockdiag-adapted,neutral,45,52,0.4,0.34615384615384615,0.3711340206185567
startlux-decision-0.8b,mnli,gptq-blockdiag-adapted,contradiction,36,40,0.2777777777777778,0.25,0.2631578947368421
startlux-decision-0.8b,mnli,spinquant-nohad-adapted,entailment,41,32,0.34146341463414637,0.4375,0.3835616438356164
startlux-decision-0.8b,mnli,spinquant-nohad-adapted,neutral,45,49,0.4222222222222222,0.3877551020408163,0.40425531914893614
startlux-decision-0.8b,mnli,spinquant-nohad-adapted,contradiction,36,41,0.3888888888888889,0.34146341463414637,0.36363636363636365
startlux-decision-0.8b,mnli,spinquant-had-adapted,entailment,41,1,0.0,0.0,0.0
startlux-decision-0.8b,mnli,spinquant-had-adapted,neutral,45,4,0.044444444444444446,0.5,0.08163265306122448
startlux-decision-0.8b,mnli,spinquant-had-adapted,contradiction,36,117,0.9722222222222222,0.29914529914529914,0.45751633986928103
startlux-decision-0.8b,mnli,s1q-joint,entailment,41,21,0.2926829268292683,0.5714285714285714,0.3870967741935484
startlux-decision-0.8b,mnli,s1q-joint,neutral,45,26,0.28888888888888886,0.5,0.36619718309859156
startlux-decision-0.8b,mnli,s1q-joint,contradiction,36,75,0.6944444444444444,0.3333333333333333,0.45045045045045046
startlux-decision-0.8b,mnli,s1q-ac,entailment,41,27,0.2926829268292683,0.4444444444444444,0.35294117647058826
startlux-decision-0.8b,mnli,s1q-ac,neutral,45,29,0.28888888888888886,0.4482758620689655,0.35135135135135137
startlux-decision-0.8b,mnli,s1q-ac,contradiction,36,66,0.6666666666666666,0.36363636363636365,0.47058823529411764
startlux-decision-0.8b,mnli,s1q-margin,entailment,41,11,0.17073170731707318,0.6363636363636364,0.2692307692307692
startlux-decision-0.8b,mnli,s1q-margin,neutral,45,45,0.4222222222222222,0.4222222222222222,0.4222222222222222
startlux-decision-0.8b,mnli,s1q-margin,contradiction,36,66,0.75,0.4090909090909091,0.5294117647058824
startlux-decision-0.8b,mnli,s1q,entailment,41,32,0.43902439024390244,0.5625,0.4931506849315068
startlux-decision-0.8b,mnli,s1q,neutral,45,43,0.4888888888888889,0.5116279069767442,0.5
startlux-decision-0.8b,mnli,s1q,contradiction,36,47,0.5833333333333334,0.44680851063829785,0.5060240963855421
startlux-decision-0.8b,tweet-offensive,native,not_offensive,97,106,0.9381443298969072,0.8584905660377359,0.896551724137931
startlux-decision-0.8b,tweet-offensive,native,offensive,31,22,0.5161290322580645,0.7272727272727273,0.6037735849056604
startlux-decision-0.8b,tweet-offensive,rtn,not_offensive,97,59,0.4845360824742268,0.7966101694915254,0.6025641025641025
startlux-decision-0.8b,tweet-offensive,rtn,offensive,31,69,0.6129032258064516,0.2753623188405797,0.38
startlux-decision-0.8b,tweet-offensive,s1q-local,not_offensive,97,122,0.979381443298969,0.7786885245901639,0.867579908675799
startlux-decision-0.8b,tweet-offensive,s1q-local,offensive,31,6,0.12903225806451613,0.6666666666666666,0.21621621621621623
startlux-decision-0.8b,tweet-offensive,s1q2-beta05,not_offensive,97,127,1.0,0.7637795275590551,0.8660714285714286
startlux-decision-0.8b,tweet-offensive,s1q2-beta05,offensive,31,1,0.03225806451612903,1.0,0.0625
startlux-decision-0.8b,tweet-offensive,smoothquant-adapted,not_offensive,97,75,0.5876288659793815,0.76,0.6627906976744186
startlux-decision-0.8b,tweet-offensive,smoothquant-adapted,offensive,31,53,0.41935483870967744,0.24528301886792453,0.30952380952380953
startlux-decision-0.8b,tweet-offensive,awq-adapted,not_offensive,97,121,0.9587628865979382,0.768595041322314,0.8532110091743119
startlux-decision-0.8b,tweet-offensive,awq-adapted,offensive,31,7,0.0967741935483871,0.42857142857142855,0.15789473684210525
startlux-decision-0.8b,tweet-offensive,gptq-blockdiag-adapted,not_offensive,97,66,0.5360824742268041,0.7878787878787878,0.6380368098159509
startlux-decision-0.8b,tweet-offensive,gptq-blockdiag-adapted,offensive,31,62,0.5483870967741935,0.27419354838709675,0.3655913978494624
startlux-decision-0.8b,tweet-offensive,spinquant-nohad-adapted,not_offensive,97,93,0.7319587628865979,0.7634408602150538,0.7473684210526316
startlux-decision-0.8b,tweet-offensive,spinquant-nohad-adapted,offensive,31,35,0.2903225806451613,0.2571428571428571,0.2727272727272727
startlux-decision-0.8b,tweet-offensive,spinquant-had-adapted,not_offensive,97,120,0.9381443298969072,0.7583333333333333,0.8387096774193549
startlux-decision-0.8b,tweet-offensive,spinquant-had-adapted,offensive,31,8,0.06451612903225806,0.25,0.10256410256410256
startlux-decision-0.8b,tweet-offensive,s1q-joint,not_offensive,97,122,0.9690721649484536,0.7704918032786885,0.8584474885844748
startlux-decision-0.8b,tweet-offensive,s1q-joint,offensive,31,6,0.0967741935483871,0.5,0.16216216216216217
startlux-decision-0.8b,tweet-offensive,s1q-ac,not_offensive,97,124,0.979381443298969,0.7661290322580645,0.8597285067873304
startlux-decision-0.8b,tweet-offensive,s1q-ac,offensive,31,4,0.06451612903225806,0.5,0.11428571428571428
startlux-decision-0.8b,tweet-offensive,s1q-margin,not_offensive,97,121,0.979381443298969,0.7851239669421488,0.8715596330275229
startlux-decision-0.8b,tweet-offensive,s1q-margin,offensive,31,7,0.16129032258064516,0.7142857142857143,0.2631578947368421
startlux-decision-0.8b,tweet-offensive,s1q,not_offensive,97,124,0.9896907216494846,0.7741935483870968,0.8687782805429864
startlux-decision-0.8b,tweet-offensive,s1q,offensive,31,4,0.0967741935483871,0.75,0.17142857142857143
startlux-decision-0.8b,wanli,native,supported,95,128,0.9263157894736842,0.6875,0.7892376681614349
startlux-decision-0.8b,wanli,native,insufficient,78,42,0.4358974358974359,0.8095238095238095,0.5666666666666667
startlux-decision-0.8b,wanli,native,contradicted,83,86,0.7951807228915663,0.7674418604651163,0.7810650887573964
startlux-decision-0.8b,wanli,rtn,supported,95,76,0.35789473684210527,0.4473684210526316,0.39766081871345027
startlux-decision-0.8b,wanli,rtn,insufficient,78,93,0.48717948717948717,0.40860215053763443,0.4444444444444444
startlux-decision-0.8b,wanli,rtn,contradicted,83,87,0.37349397590361444,0.3563218390804598,0.36470588235294116
startlux-decision-0.8b,wanli,s1q-local,supported,95,63,0.3157894736842105,0.47619047619047616,0.379746835443038
startlux-decision-0.8b,wanli,s1q-local,insufficient,78,106,0.44871794871794873,0.330188679245283,0.3804347826086957
startlux-decision-0.8b,wanli,s1q-local,contradicted,83,87,0.4939759036144578,0.47126436781609193,0.4823529411764706
startlux-decision-0.8b,wanli,s1q2-beta05,supported,95,56,0.30526315789473685,0.5178571428571429,0.3841059602649007
startlux-decision-0.8b,wanli,s1q2-beta05,insufficient,78,131,0.5769230769230769,0.3435114503816794,0.430622009569378
startlux-decision-0.8b,wanli,s1q2-beta05,contradicted,83,69,0.4457831325301205,0.5362318840579711,0.4868421052631579
startlux-decision-0.8b,wanli,smoothquant-adapted,supported,95,87,0.3368421052631579,0.367816091954023,0.3516483516483517
startlux-decision-0.8b,wanli,smoothquant-adapted,insufficient,78,89,0.2692307692307692,0.23595505617977527,0.25149700598802394
startlux-decision-0.8b,wanli,smoothquant-adapted,contradicted,83,80,0.3253012048192771,0.3375,0.3312883435582822
startlux-decision-0.8b,wanli,awq-adapted,supported,95,58,0.3263157894736842,0.5344827586206896,0.40522875816993464
startlux-decision-0.8b,wanli,awq-adapted,insufficient,78,105,0.44871794871794873,0.3333333333333333,0.3825136612021858
startlux-decision-0.8b,wanli,awq-adapted,contradicted,83,93,0.46987951807228917,0.41935483870967744,0.4431818181818182
startlux-decision-0.8b,wanli,gptq-blockdiag-adapted,supported,95,82,0.3684210526315789,0.4268292682926829,0.3954802259887006
startlux-decision-0.8b,wanli,gptq-blockdiag-adapted,insufficient,78,83,0.3333333333333333,0.3132530120481928,0.32298136645962733
startlux-decision-0.8b,wanli,gptq-blockdiag-adapted,contradicted,83,91,0.3493975903614458,0.31868131868131866,0.3333333333333333
startlux-decision-0.8b,wanli,spinquant-nohad-adapted,supported,95,72,0.3368421052631579,0.4444444444444444,0.38323353293413176
startlux-decision-0.8b,wanli,spinquant-nohad-adapted,insufficient,78,100,0.3974358974358974,0.31,0.34831460674157305
startlux-decision-0.8b,wanli,spinquant-nohad-adapted,contradicted,83,84,0.30120481927710846,0.2976190476190476,0.2994011976047904
startlux-decision-0.8b,wanli,spinquant-had-adapted,supported,95,87,0.43157894736842106,0.47126436781609193,0.45054945054945056
startlux-decision-0.8b,wanli,spinquant-had-adapted,insufficient,78,95,0.32051282051282054,0.2631578947368421,0.28901734104046245
startlux-decision-0.8b,wanli,spinquant-had-adapted,contradicted,83,74,0.37349397590361444,0.4189189189189189,0.39490445859872614
startlux-decision-0.8b,wanli,s1q-joint,supported,95,85,0.47368421052631576,0.5294117647058824,0.5
startlux-decision-0.8b,wanli,s1q-joint,insufficient,78,69,0.2692307692307692,0.30434782608695654,0.2857142857142857
startlux-decision-0.8b,wanli,s1q-joint,contradicted,83,102,0.6024096385542169,0.49019607843137253,0.5405405405405406
startlux-decision-0.8b,wanli,s1q-ac,supported,95,80,0.4421052631578947,0.525,0.48
startlux-decision-0.8b,wanli,s1q-ac,insufficient,78,82,0.358974358974359,0.34146341463414637,0.35
startlux-decision-0.8b,wanli,s1q-ac,contradicted,83,94,0.5421686746987951,0.4787234042553192,0.5084745762711864
startlux-decision-0.8b,wanli,s1q-margin,supported,95,77,0.43157894736842106,0.5324675324675324,0.47674418604651164
startlux-decision-0.8b,wanli,s1q-margin,insufficient,78,135,0.5641025641025641,0.32592592592592595,0.4131455399061033
startlux-decision-0.8b,wanli,s1q-margin,contradicted,83,44,0.3855421686746988,0.7272727272727273,0.5039370078740157
startlux-decision-0.8b,wanli,s1q,supported,95,66,0.30526315789473685,0.4393939393939394,0.36024844720496896
startlux-decision-0.8b,wanli,s1q,insufficient,78,126,0.5384615384615384,0.3333333333333333,0.4117647058823529
startlux-decision-0.8b,wanli,s1q,contradicted,83,64,0.3855421686746988,0.5,0.43537414965986393
startlux-decision-0.8b,wildjailbreak,native,harmful,119,106,0.8739495798319328,0.9811320754716981,0.9244444444444444
startlux-decision-0.8b,wildjailbreak,native,benign,9,22,0.7777777777777778,0.3181818181818182,0.45161290322580644
startlux-decision-0.8b,wildjailbreak,rtn,harmful,119,74,0.5630252100840336,0.9054054054054054,0.694300518134715
startlux-decision-0.8b,wildjailbreak,rtn,benign,9,54,0.2222222222222222,0.037037037037037035,0.06349206349206349
startlux-decision-0.8b,wildjailbreak,s1q-local,harmful,119,27,0.226890756302521,1.0,0.3698630136986301
startlux-decision-0.8b,wildjailbreak,s1q-local,benign,9,101,1.0,0.0891089108910891,0.16363636363636364
startlux-decision-0.8b,wildjailbreak,s1q2-beta05,harmful,119,27,0.226890756302521,1.0,0.3698630136986301
startlux-decision-0.8b,wildjailbreak,s1q2-beta05,benign,9,101,1.0,0.0891089108910891,0.16363636363636364
startlux-decision-0.8b,wildjailbreak,smoothquant-adapted,harmful,119,50,0.3949579831932773,0.94,0.5562130177514792
startlux-decision-0.8b,wildjailbreak,smoothquant-adapted,benign,9,78,0.6666666666666666,0.07692307692307693,0.13793103448275862
startlux-decision-0.8b,wildjailbreak,awq-adapted,harmful,119,12,0.10084033613445378,1.0,0.183206106870229
startlux-decision-0.8b,wildjailbreak,awq-adapted,benign,9,116,1.0,0.07758620689655173,0.144
startlux-decision-0.8b,wildjailbreak,gptq-blockdiag-adapted,harmful,119,66,0.5294117647058824,0.9545454545454546,0.6810810810810811
startlux-decision-0.8b,wildjailbreak,gptq-blockdiag-adapted,benign,9,62,0.6666666666666666,0.0967741935483871,0.16901408450704225
startlux-decision-0.8b,wildjailbreak,spinquant-nohad-adapted,harmful,119,15,0.12605042016806722,1.0,0.22388059701492538
startlux-decision-0.8b,wildjailbreak,spinquant-nohad-adapted,benign,9,113,1.0,0.07964601769911504,0.14754098360655737
startlux-decision-0.8b,wildjailbreak,spinquant-had-adapted,harmful,119,34,0.2857142857142857,1.0,0.4444444444444444
startlux-decision-0.8b,wildjailbreak,spinquant-had-adapted,benign,9,94,1.0,0.09574468085106383,0.17475728155339806
startlux-decision-0.8b,wildjailbreak,s1q-joint,harmful,119,12,0.09243697478991597,0.9166666666666666,0.16793893129770993
startlux-decision-0.8b,wildjailbreak,s1q-joint,benign,9,116,0.8888888888888888,0.06896551724137931,0.128
startlux-decision-0.8b,wildjailbreak,s1q-ac,harmful,119,11,0.09243697478991597,1.0,0.16923076923076924
startlux-decision-0.8b,wildjailbreak,s1q-ac,benign,9,117,1.0,0.07692307692307693,0.14285714285714285
startlux-decision-0.8b,wildjailbreak,s1q-margin,harmful,119,21,0.16806722689075632,0.9523809523809523,0.2857142857142857
startlux-decision-0.8b,wildjailbreak,s1q-margin,benign,9,107,0.8888888888888888,0.07476635514018691,0.13793103448275862
startlux-decision-0.8b,wildjailbreak,s1q,harmful,119,16,0.12605042016806722,0.9375,0.2222222222222222
startlux-decision-0.8b,wildjailbreak,s1q,benign,9,112,0.8888888888888888,0.07142857142857142,0.1322314049586777
startlux-decision-2b,mnli,native,entailment,41,45,0.926829268292683,0.8444444444444444,0.8837209302325582
startlux-decision-2b,mnli,native,neutral,45,38,0.8,0.9473684210526315,0.8674698795180723
startlux-decision-2b,mnli,native,contradiction,36,39,0.9722222222222222,0.8974358974358975,0.9333333333333333
startlux-decision-2b,mnli,rtn,entailment,41,65,0.5609756097560976,0.35384615384615387,0.4339622641509434
startlux-decision-2b,mnli,rtn,neutral,45,21,0.2,0.42857142857142855,0.2727272727272727
startlux-decision-2b,mnli,rtn,contradiction,36,36,0.3888888888888889,0.3888888888888889,0.3888888888888889
startlux-decision-2b,mnli,s1q-local,entailment,41,77,0.6585365853658537,0.35064935064935066,0.4576271186440678
startlux-decision-2b,mnli,s1q-local,neutral,45,13,0.08888888888888889,0.3076923076923077,0.13793103448275862
startlux-decision-2b,mnli,s1q-local,contradiction,36,32,0.2222222222222222,0.25,0.23529411764705882
startlux-decision-2b,mnli,s1q2-beta05,entailment,41,57,0.4878048780487805,0.3508771929824561,0.40816326530612246
startlux-decision-2b,mnli,s1q2-beta05,neutral,45,28,0.3111111111111111,0.5,0.3835616438356164
startlux-decision-2b,mnli,s1q2-beta05,contradiction,36,37,0.3333333333333333,0.32432432432432434,0.3287671232876712
startlux-decision-2b,mnli,smoothquant-adapted,entailment,41,80,0.6097560975609756,0.3125,0.4132231404958678
startlux-decision-2b,mnli,smoothquant-adapted,neutral,45,22,0.15555555555555556,0.3181818181818182,0.208955223880597
startlux-decision-2b,mnli,smoothquant-adapted,contradiction,36,20,0.1111111111111111,0.2,0.14285714285714285
startlux-decision-2b,mnli,awq-adapted,entailment,41,75,0.6585365853658537,0.36,0.46551724137931033
startlux-decision-2b,mnli,awq-adapted,neutral,45,14,0.13333333333333333,0.42857142857142855,0.2033898305084746
startlux-decision-2b,mnli,awq-adapted,contradiction,36,33,0.3611111111111111,0.3939393939393939,0.37681159420289856
startlux-decision-2b,mnli,gptq-blockdiag-adapted,entailment,41,45,0.2926829268292683,0.26666666666666666,0.27906976744186046
startlux-decision-2b,mnli,gptq-blockdiag-adapted,neutral,45,25,0.24444444444444444,0.44,0.3142857142857143
startlux-decision-2b,mnli,gptq-blockdiag-adapted,contradiction,36,52,0.3611111111111111,0.25,0.29545454545454547
startlux-decision-2b,mnli,spinquant-nohad-adapted,entailment,41,52,0.5365853658536586,0.4230769230769231,0.4731182795698925
startlux-decision-2b,mnli,spinquant-nohad-adapted,neutral,45,32,0.24444444444444444,0.34375,0.2857142857142857
startlux-decision-2b,mnli,spinquant-nohad-adapted,contradiction,36,38,0.3611111111111111,0.34210526315789475,0.35135135135135137
startlux-decision-2b,mnli,spinquant-had-adapted,entailment,41,35,0.34146341463414637,0.4,0.3684210526315789
startlux-decision-2b,mnli,spinquant-had-adapted,neutral,45,54,0.5111111111111111,0.42592592592592593,0.46464646464646464
startlux-decision-2b,mnli,spinquant-had-adapted,contradiction,36,33,0.4166666666666667,0.45454545454545453,0.43478260869565216
startlux-decision-2b,mnli,s1q-joint,entailment,41,36,0.5365853658536586,0.6111111111111112,0.5714285714285714
startlux-decision-2b,mnli,s1q-joint,neutral,45,23,0.26666666666666666,0.5217391304347826,0.35294117647058826
startlux-decision-2b,mnli,s1q-joint,contradiction,36,63,0.8333333333333334,0.47619047619047616,0.6060606060606061
startlux-decision-2b,mnli,s1q-ac,entailment,41,19,0.24390243902439024,0.5263157894736842,0.3333333333333333
startlux-decision-2b,mnli,s1q-ac,neutral,45,34,0.4,0.5294117647058824,0.45569620253164556
startlux-decision-2b,mnli,s1q-ac,contradiction,36,69,0.7222222222222222,0.37681159420289856,0.49523809523809526
startlux-decision-2b,mnli,s1q-margin,entailment,41,28,0.34146341463414637,0.5,0.4057971014492754
startlux-decision-2b,mnli,s1q-margin,neutral,45,45,0.4444444444444444,0.4444444444444444,0.4444444444444444
startlux-decision-2b,mnli,s1q-margin,contradiction,36,49,0.5555555555555556,0.40816326530612246,0.47058823529411764
startlux-decision-2b,mnli,s1q,entailment,41,37,0.3902439024390244,0.43243243243243246,0.41025641025641024
startlux-decision-2b,mnli,s1q,neutral,45,45,0.4666666666666667,0.4666666666666667,0.4666666666666667
startlux-decision-2b,mnli,s1q,contradiction,36,40,0.4444444444444444,0.4,0.42105263157894735
startlux-decision-2b,tweet-offensive,native,not_offensive,97,102,0.9175257731958762,0.8725490196078431,0.8944723618090452
startlux-decision-2b,tweet-offensive,native,offensive,31,26,0.5806451612903226,0.6923076923076923,0.631578947368421
startlux-decision-2b,tweet-offensive,rtn,not_offensive,97,16,0.14432989690721648,0.875,0.24778761061946902
startlux-decision-2b,tweet-offensive,rtn,offensive,31,112,0.9354838709677419,0.25892857142857145,0.40559440559440557
startlux-decision-2b,tweet-offensive,s1q-local,not_offensive,97,44,0.3402061855670103,0.75,0.46808510638297873
startlux-decision-2b,tweet-offensive,s1q-local,offensive,31,84,0.6451612903225806,0.23809523809523808,0.34782608695652173
startlux-decision-2b,tweet-offensive,s1q2-beta05,not_offensive,97,40,0.32989690721649484,0.8,0.46715328467153283
startlux-decision-2b,tweet-offensive,s1q2-beta05,offensive,31,88,0.7419354838709677,0.26136363636363635,0.3865546218487395
startlux-decision-2b,tweet-offensive,smoothquant-adapted,not_offensive,97,19,0.15463917525773196,0.7894736842105263,0.25862068965517243
startlux-decision-2b,tweet-offensive,smoothquant-adapted,offensive,31,109,0.8709677419354839,0.24770642201834864,0.38571428571428573
startlux-decision-2b,tweet-offensive,awq-adapted,not_offensive,97,24,0.1958762886597938,0.7916666666666666,0.3140495867768595
startlux-decision-2b,tweet-offensive,awq-adapted,offensive,31,104,0.8387096774193549,0.25,0.3851851851851852
startlux-decision-2b,tweet-offensive,gptq-blockdiag-adapted,not_offensive,97,55,0.4329896907216495,0.7636363636363637,0.5526315789473685
startlux-decision-2b,tweet-offensive,gptq-blockdiag-adapted,offensive,31,73,0.5806451612903226,0.2465753424657534,0.34615384615384615
startlux-decision-2b,tweet-offensive,spinquant-nohad-adapted,not_offensive,97,36,0.28865979381443296,0.7777777777777778,0.42105263157894735
startlux-decision-2b,tweet-offensive,spinquant-nohad-adapted,offensive,31,92,0.7419354838709677,0.25,0.37398373983739835
startlux-decision-2b,tweet-offensive,spinquant-had-adapted,not_offensive,97,115,0.9278350515463918,0.782608695652174,0.8490566037735849
startlux-decision-2b,tweet-offensive,spinquant-had-adapted,offensive,31,13,0.1935483870967742,0.46153846153846156,0.2727272727272727
startlux-decision-2b,tweet-offensive,s1q-joint,not_offensive,97,77,0.6804123711340206,0.8571428571428571,0.7586206896551724
startlux-decision-2b,tweet-offensive,s1q-joint,offensive,31,51,0.6451612903225806,0.39215686274509803,0.4878048780487805
startlux-decision-2b,tweet-offensive,s1q-ac,not_offensive,97,91,0.7835051546391752,0.8351648351648352,0.8085106382978723
startlux-decision-2b,tweet-offensive,s1q-ac,offensive,31,37,0.5161290322580645,0.43243243243243246,0.47058823529411764
startlux-decision-2b,tweet-offensive,s1q-margin,not_offensive,97,84,0.7628865979381443,0.8809523809523809,0.8176795580110497
startlux-decision-2b,tweet-offensive,s1q-margin,offensive,31,44,0.6774193548387096,0.4772727272727273,0.56
startlux-decision-2b,tweet-offensive,s1q,not_offensive,97,70,0.5979381443298969,0.8285714285714286,0.6946107784431138
startlux-decision-2b,tweet-offensive,s1q,offensive,31,58,0.6129032258064516,0.3275862068965517,0.42696629213483145
startlux-decision-2b,wanli,native,supported,95,114,0.8315789473684211,0.6929824561403509,0.7559808612440191
startlux-decision-2b,wanli,native,insufficient,78,75,0.5512820512820513,0.5733333333333334,0.5620915032679739
startlux-decision-2b,wanli,native,contradicted,83,67,0.6506024096385542,0.8059701492537313,0.72
startlux-decision-2b,wanli,rtn,supported,95,93,0.35789473684210527,0.3655913978494624,0.3617021276595745
startlux-decision-2b,wanli,rtn,insufficient,78,73,0.32051282051282054,0.3424657534246575,0.33112582781456956
startlux-decision-2b,wanli,rtn,contradicted,83,90,0.3253012048192771,0.3,0.31213872832369943
startlux-decision-2b,wanli,s1q-local,supported,95,80,0.29473684210526313,0.35,0.32
startlux-decision-2b,wanli,s1q-local,insufficient,78,111,0.47435897435897434,0.3333333333333333,0.3915343915343915
startlux-decision-2b,wanli,s1q-local,contradicted,83,65,0.26506024096385544,0.3384615384615385,0.2972972972972973
startlux-decision-2b,wanli,s1q2-beta05,supported,95,82,0.29473684210526313,0.34146341463414637,0.3163841807909605
startlux-decision-2b,wanli,s1q2-beta05,insufficient,78,80,0.3717948717948718,0.3625,0.3670886075949367
startlux-decision-2b,wanli,s1q2-beta05,contradicted,83,94,0.43373493975903615,0.3829787234042553,0.4067796610169492
startlux-decision-2b,wanli,smoothquant-adapted,supported,95,86,0.3473684210526316,0.38372093023255816,0.36464088397790057
startlux-decision-2b,wanli,smoothquant-adapted,insufficient,78,87,0.3974358974358974,0.3563218390804598,0.37575757575757573
startlux-decision-2b,wanli,smoothquant-adapted,contradicted,83,83,0.3373493975903614,0.3373493975903614,0.3373493975903614
startlux-decision-2b,wanli,awq-adapted,supported,95,75,0.24210526315789474,0.30666666666666664,0.27058823529411763
startlux-decision-2b,wanli,awq-adapted,insufficient,78,104,0.41025641025641024,0.3076923076923077,0.3516483516483517
startlux-decision-2b,wanli,awq-adapted,contradicted,83,77,0.26506024096385544,0.2857142857142857,0.275
startlux-decision-2b,wanli,gptq-blockdiag-adapted,supported,95,81,0.3368421052631579,0.3950617283950617,0.36363636363636365
startlux-decision-2b,wanli,gptq-blockdiag-adapted,insufficient,78,80,0.3076923076923077,0.3,0.3037974683544304
startlux-decision-2b,wanli,gptq-blockdiag-adapted,contradicted,83,95,0.3493975903614458,0.30526315789473685,0.3258426966292135
startlux-decision-2b,wanli,spinquant-nohad-adapted,supported,95,88,0.35789473684210527,0.38636363636363635,0.37158469945355194
startlux-decision-2b,wanli,spinquant-nohad-adapted,insufficient,78,80,0.3717948717948718,0.3625,0.3670886075949367
startlux-decision-2b,wanli,spinquant-nohad-adapted,contradicted,83,88,0.3373493975903614,0.3181818181818182,0.32748538011695905
startlux-decision-2b,wanli,spinquant-had-adapted,supported,95,97,0.5157894736842106,0.5051546391752577,0.5104166666666666
startlux-decision-2b,wanli,spinquant-had-adapted,insufficient,78,103,0.44871794871794873,0.33980582524271846,0.3867403314917127
startlux-decision-2b,wanli,spinquant-had-adapted,contradicted,83,56,0.43373493975903615,0.6428571428571429,0.5179856115107914
startlux-decision-2b,wanli,s1q-joint,supported,95,86,0.4631578947368421,0.5116279069767442,0.4861878453038674
startlux-decision-2b,wanli,s1q-joint,insufficient,78,111,0.5384615384615384,0.3783783783783784,0.4444444444444444
startlux-decision-2b,wanli,s1q-joint,contradicted,83,59,0.37349397590361444,0.5254237288135594,0.43661971830985913
startlux-decision-2b,wanli,s1q-ac,supported,95,84,0.4842105263157895,0.5476190476190477,0.5139664804469274
startlux-decision-2b,wanli,s1q-ac,insufficient,78,102,0.47435897435897434,0.3627450980392157,0.4111111111111111
startlux-decision-2b,wanli,s1q-ac,contradicted,83,70,0.3614457831325301,0.42857142857142855,0.39215686274509803
startlux-decision-2b,wanli,s1q-margin,supported,95,107,0.5368421052631579,0.4766355140186916,0.504950495049505
startlux-decision-2b,wanli,s1q-margin,insufficient,78,97,0.34615384615384615,0.27835051546391754,0.30857142857142855
startlux-decision-2b,wanli,s1q-margin,contradicted,83,52,0.26506024096385544,0.4230769230769231,0.32592592592592595
startlux-decision-2b,wanli,s1q,supported,95,107,0.5368421052631579,0.4766355140186916,0.504950495049505
startlux-decision-2b,wanli,s1q,insufficient,78,80,0.3333333333333333,0.325,0.3291139240506329
startlux-decision-2b,wanli,s1q,contradicted,83,69,0.39759036144578314,0.4782608695652174,0.4342105263157895
startlux-decision-2b,wildjailbreak,native,harmful,119,113,0.9327731092436975,0.9823008849557522,0.9568965517241379
startlux-decision-2b,wildjailbreak,native,benign,9,15,0.7777777777777778,0.4666666666666667,0.5833333333333334
startlux-decision-2b,wildjailbreak,rtn,harmful,119,102,0.7983193277310925,0.9313725490196079,0.8597285067873304
startlux-decision-2b,wildjailbreak,rtn,benign,9,26,0.2222222222222222,0.07692307692307693,0.11428571428571428
startlux-decision-2b,wildjailbreak,s1q-local,harmful,119,70,0.5714285714285714,0.9714285714285714,0.7195767195767195
startlux-decision-2b,wildjailbreak,s1q-local,benign,9,58,0.7777777777777778,0.1206896551724138,0.208955223880597
startlux-decision-2b,wildjailbreak,s1q2-beta05,harmful,119,73,0.5798319327731093,0.9452054794520548,0.71875
startlux-decision-2b,wildjailbreak,s1q2-beta05,benign,9,55,0.5555555555555556,0.09090909090909091,0.15625
startlux-decision-2b,wildjailbreak,smoothquant-adapted,harmful,119,116,0.8991596638655462,0.9224137931034483,0.9106382978723404
startlux-decision-2b,wildjailbreak,smoothquant-adapted,benign,9,12,0.0,0.0,0.0
startlux-decision-2b,wildjailbreak,awq-adapted,harmful,119,72,0.5798319327731093,0.9583333333333334,0.7225130890052356
startlux-decision-2b,wildjailbreak,awq-adapted,benign,9,56,0.6666666666666666,0.10714285714285714,0.18461538461538463
startlux-decision-2b,wildjailbreak,gptq-blockdiag-adapted,harmful,119,85,0.6722689075630253,0.9411764705882353,0.7843137254901961
startlux-decision-2b,wildjailbreak,gptq-blockdiag-adapted,benign,9,43,0.4444444444444444,0.09302325581395349,0.15384615384615385
startlux-decision-2b,wildjailbreak,spinquant-nohad-adapted,harmful,119,73,0.5630252100840336,0.9178082191780822,0.6979166666666666
startlux-decision-2b,wildjailbreak,spinquant-nohad-adapted,benign,9,55,0.3333333333333333,0.05454545454545454,0.09375
startlux-decision-2b,wildjailbreak,spinquant-had-adapted,harmful,119,20,0.16806722689075632,1.0,0.28776978417266186
startlux-decision-2b,wildjailbreak,spinquant-had-adapted,benign,9,108,1.0,0.08333333333333333,0.15384615384615385
startlux-decision-2b,wildjailbreak,s1q-joint,harmful,119,52,0.4369747899159664,1.0,0.6081871345029239
startlux-decision-2b,wildjailbreak,s1q-joint,benign,9,76,1.0,0.11842105263157894,0.21176470588235294
startlux-decision-2b,wildjailbreak,s1q-ac,harmful,119,28,0.2184873949579832,0.9285714285714286,0.35374149659863946
startlux-decision-2b,wildjailbreak,s1q-ac,benign,9,100,0.7777777777777778,0.07,0.12844036697247707
startlux-decision-2b,wildjailbreak,s1q-margin,harmful,119,35,0.29411764705882354,1.0,0.45454545454545453
startlux-decision-2b,wildjailbreak,s1q-margin,benign,9,93,1.0,0.0967741935483871,0.17647058823529413
startlux-decision-2b,wildjailbreak,s1q,harmful,119,43,0.3445378151260504,0.9534883720930233,0.5061728395061729
startlux-decision-2b,wildjailbreak,s1q,benign,9,85,0.7777777777777778,0.08235294117647059,0.14893617021276595
startlux-decision-4b,mnli,native,entailment,41,44,0.926829268292683,0.8636363636363636,0.8941176470588236
startlux-decision-4b,mnli,native,neutral,45,40,0.8222222222222222,0.925,0.8705882352941177
startlux-decision-4b,mnli,native,contradiction,36,38,0.9444444444444444,0.8947368421052632,0.918918918918919
startlux-decision-4b,mnli,rtn,entailment,41,62,0.5121951219512195,0.3387096774193548,0.4077669902912621
startlux-decision-4b,mnli,rtn,neutral,45,31,0.26666666666666666,0.3870967741935484,0.3157894736842105
startlux-decision-4b,mnli,rtn,contradiction,36,29,0.16666666666666666,0.20689655172413793,0.18461538461538463
startlux-decision-4b,mnli,s1q-local,entailment,41,30,0.24390243902439024,0.3333333333333333,0.28169014084507044
startlux-decision-4b,mnli,s1q-local,neutral,45,50,0.4666666666666667,0.42,0.4421052631578947
startlux-decision-4b,mnli,s1q-local,contradiction,36,42,0.3055555555555556,0.2619047619047619,0.28205128205128205
startlux-decision-4b,mnli,s1q2-beta05,entailment,41,25,0.21951219512195122,0.36,0.2727272727272727
startlux-decision-4b,mnli,s1q2-beta05,neutral,45,59,0.4444444444444444,0.3389830508474576,0.38461538461538464
startlux-decision-4b,mnli,s1q2-beta05,contradiction,36,38,0.3333333333333333,0.3157894736842105,0.32432432432432434
startlux-decision-4b,mnli,smoothquant-adapted,entailment,41,66,0.43902439024390244,0.2727272727272727,0.3364485981308411
startlux-decision-4b,mnli,smoothquant-adapted,neutral,45,30,0.26666666666666666,0.4,0.32
startlux-decision-4b,mnli,smoothquant-adapted,contradiction,36,26,0.16666666666666666,0.23076923076923078,0.1935483870967742
startlux-decision-4b,mnli,awq-adapted,entailment,41,26,0.34146341463414637,0.5384615384615384,0.417910447761194
startlux-decision-4b,mnli,awq-adapted,neutral,45,63,0.6222222222222222,0.4444444444444444,0.5185185185185185
startlux-decision-4b,mnli,awq-adapted,contradiction,36,33,0.3888888888888889,0.42424242424242425,0.4057971014492754
startlux-decision-4b,mnli,gptq-blockdiag-adapted,entailment,41,74,0.6097560975609756,0.33783783783783783,0.43478260869565216
startlux-decision-4b,mnli,gptq-blockdiag-adapted,neutral,45,22,0.13333333333333333,0.2727272727272727,0.1791044776119403
startlux-decision-4b,mnli,gptq-blockdiag-adapted,contradiction,36,26,0.16666666666666666,0.23076923076923078,0.1935483870967742
startlux-decision-4b,mnli,spinquant-nohad-adapted,entailment,41,53,0.5365853658536586,0.41509433962264153,0.46808510638297873
startlux-decision-4b,mnli,spinquant-nohad-adapted,neutral,45,43,0.3333333333333333,0.3488372093023256,0.3409090909090909
startlux-decision-4b,mnli,spinquant-nohad-adapted,contradiction,36,26,0.16666666666666666,0.23076923076923078,0.1935483870967742
startlux-decision-4b,mnli,spinquant-had-adapted,entailment,41,45,0.36585365853658536,0.3333333333333333,0.3488372093023256
startlux-decision-4b,mnli,spinquant-had-adapted,neutral,45,46,0.35555555555555557,0.34782608695652173,0.3516483516483517
startlux-decision-4b,mnli,spinquant-had-adapted,contradiction,36,31,0.19444444444444445,0.22580645161290322,0.208955223880597
startlux-decision-4b,mnli,s1q-joint,entailment,41,37,0.43902439024390244,0.4864864864864865,0.46153846153846156
startlux-decision-4b,mnli,s1q-joint,neutral,45,31,0.3333333333333333,0.4838709677419355,0.39473684210526316
startlux-decision-4b,mnli,s1q-joint,contradiction,36,54,0.75,0.5,0.6
startlux-decision-4b,mnli,s1q-ac,entailment,41,29,0.43902439024390244,0.6206896551724138,0.5142857142857142
startlux-decision-4b,mnli,s1q-ac,neutral,45,49,0.4444444444444444,0.40816326530612246,0.425531914893617
startlux-decision-4b,mnli,s1q-ac,contradiction,36,44,0.5,0.4090909090909091,0.45
startlux-decision-4b,mnli,s1q-margin,entailment,41,41,0.6585365853658537,0.6585365853658537,0.6585365853658537
startlux-decision-4b,mnli,s1q-margin,neutral,45,31,0.4444444444444444,0.6451612903225806,0.5263157894736842
startlux-decision-4b,mnli,s1q-margin,contradiction,36,50,0.75,0.54,0.627906976744186
startlux-decision-4b,mnli,s1q,entailment,41,41,0.7317073170731707,0.7317073170731707,0.7317073170731707
startlux-decision-4b,mnli,s1q,neutral,45,29,0.37777777777777777,0.5862068965517241,0.4594594594594595
startlux-decision-4b,mnli,s1q,contradiction,36,52,0.7777777777777778,0.5384615384615384,0.6363636363636364
startlux-decision-4b,tweet-offensive,native,not_offensive,97,108,0.9381443298969072,0.8425925925925926,0.8878048780487805
startlux-decision-4b,tweet-offensive,native,offensive,31,20,0.45161290322580644,0.7,0.5490196078431373
startlux-decision-4b,tweet-offensive,rtn,not_offensive,97,53,0.422680412371134,0.7735849056603774,0.5466666666666666
startlux-decision-4b,tweet-offensive,rtn,offensive,31,75,0.6129032258064516,0.25333333333333335,0.3584905660377358
startlux-decision-4b,tweet-offensive,s1q-local,not_offensive,97,111,0.8556701030927835,0.7477477477477478,0.7980769230769231
startlux-decision-4b,tweet-offensive,s1q-local,offensive,31,17,0.0967741935483871,0.17647058823529413,0.125
startlux-decision-4b,tweet-offensive,s1q2-beta05,not_offensive,97,113,0.8865979381443299,0.7610619469026548,0.819047619047619
startlux-decision-4b,tweet-offensive,s1q2-beta05,offensive,31,15,0.12903225806451613,0.26666666666666666,0.17391304347826086
startlux-decision-4b,tweet-offensive,smoothquant-adapted,not_offensive,97,37,0.26804123711340205,0.7027027027027027,0.3880597014925373
startlux-decision-4b,tweet-offensive,smoothquant-adapted,offensive,31,91,0.6451612903225806,0.21978021978021978,0.32786885245901637
startlux-decision-4b,tweet-offensive,awq-adapted,not_offensive,97,116,0.9175257731958762,0.7672413793103449,0.8356807511737089
startlux-decision-4b,tweet-offensive,awq-adapted,offensive,31,12,0.12903225806451613,0.3333333333333333,0.18604651162790697
startlux-decision-4b,tweet-offensive,gptq-blockdiag-adapted,not_offensive,97,47,0.3917525773195876,0.8085106382978723,0.5277777777777778
startlux-decision-4b,tweet-offensive,gptq-blockdiag-adapted,offensive,31,81,0.7096774193548387,0.2716049382716049,0.39285714285714285
startlux-decision-4b,tweet-offensive,spinquant-nohad-adapted,not_offensive,97,68,0.5360824742268041,0.7647058823529411,0.6303030303030303
startlux-decision-4b,tweet-offensive,spinquant-nohad-adapted,offensive,31,60,0.4838709677419355,0.25,0.32967032967032966
startlux-decision-4b,tweet-offensive,spinquant-had-adapted,not_offensive,97,71,0.5773195876288659,0.7887323943661971,0.6666666666666666
startlux-decision-4b,tweet-offensive,spinquant-had-adapted,offensive,31,57,0.5161290322580645,0.2807017543859649,0.36363636363636365
startlux-decision-4b,tweet-offensive,s1q-joint,not_offensive,97,119,0.979381443298969,0.7983193277310925,0.8796296296296297
startlux-decision-4b,tweet-offensive,s1q-joint,offensive,31,9,0.22580645161290322,0.7777777777777778,0.35
startlux-decision-4b,tweet-offensive,s1q-ac,not_offensive,97,119,0.979381443298969,0.7983193277310925,0.8796296296296297
startlux-decision-4b,tweet-offensive,s1q-ac,offensive,31,9,0.22580645161290322,0.7777777777777778,0.35
startlux-decision-4b,tweet-offensive,s1q-margin,not_offensive,97,118,0.9690721649484536,0.7966101694915254,0.8744186046511628
startlux-decision-4b,tweet-offensive,s1q-margin,offensive,31,10,0.22580645161290322,0.7,0.34146341463414637
startlux-decision-4b,tweet-offensive,s1q,not_offensive,97,115,0.9690721649484536,0.8173913043478261,0.8867924528301887
startlux-decision-4b,tweet-offensive,s1q,offensive,31,13,0.3225806451612903,0.7692307692307693,0.45454545454545453
startlux-decision-4b,wanli,native,supported,95,124,0.9263157894736842,0.7096774193548387,0.8036529680365296
startlux-decision-4b,wanli,native,insufficient,78,48,0.46153846153846156,0.75,0.5714285714285714
startlux-decision-4b,wanli,native,contradicted,83,84,0.8072289156626506,0.7976190476190477,0.8023952095808383
startlux-decision-4b,wanli,rtn,supported,95,95,0.35789473684210527,0.35789473684210527,0.35789473684210527
startlux-decision-4b,wanli,rtn,insufficient,78,91,0.3717948717948718,0.31868131868131866,0.3431952662721893
startlux-decision-4b,wanli,rtn,contradicted,83,70,0.24096385542168675,0.2857142857142857,0.26143790849673204
startlux-decision-4b,wanli,s1q-local,supported,95,88,0.3684210526315789,0.3977272727272727,0.3825136612021858
startlux-decision-4b,wanli,s1q-local,insufficient,78,105,0.46153846153846156,0.34285714285714286,0.39344262295081966
startlux-decision-4b,wanli,s1q-local,contradicted,83,63,0.21686746987951808,0.2857142857142857,0.2465753424657534
startlux-decision-4b,wanli,s1q2-beta05,supported,95,97,0.3157894736842105,0.30927835051546393,0.3125
startlux-decision-4b,wanli,s1q2-beta05,insufficient,78,93,0.358974358974359,0.3010752688172043,0.32748538011695905
startlux-decision-4b,wanli,s1q2-beta05,contradicted,83,66,0.25301204819277107,0.3181818181818182,0.28187919463087246
startlux-decision-4b,wanli,smoothquant-adapted,supported,95,84,0.3473684210526316,0.39285714285714285,0.3687150837988827
startlux-decision-4b,wanli,smoothquant-adapted,insufficient,78,82,0.3717948717948718,0.35365853658536583,0.3625
startlux-decision-4b,wanli,smoothquant-adapted,contradicted,83,90,0.3493975903614458,0.32222222222222224,0.3352601156069364
startlux-decision-4b,wanli,awq-adapted,supported,95,89,0.37894736842105264,0.4044943820224719,0.391304347826087
startlux-decision-4b,wanli,awq-adapted,insufficient,78,107,0.41025641025641024,0.29906542056074764,0.34594594594594597
startlux-decision-4b,wanli,awq-adapted,contradicted,83,60,0.3253012048192771,0.45,0.3776223776223776
startlux-decision-4b,wanli,gptq-blockdiag-adapted,supported,95,83,0.2736842105263158,0.3132530120481928,0.29213483146067415
startlux-decision-4b,wanli,gptq-blockdiag-adapted,insufficient,78,83,0.358974358974359,0.3373493975903614,0.34782608695652173
startlux-decision-4b,wanli,gptq-blockdiag-adapted,contradicted,83,90,0.39759036144578314,0.36666666666666664,0.3815028901734104
startlux-decision-4b,wanli,spinquant-nohad-adapted,supported,95,91,0.3894736842105263,0.4065934065934066,0.3978494623655914
startlux-decision-4b,wanli,spinquant-nohad-adapted,insufficient,78,95,0.3333333333333333,0.2736842105263158,0.30057803468208094
startlux-decision-4b,wanli,spinquant-nohad-adapted,contradicted,83,70,0.25301204819277107,0.3,0.27450980392156865
startlux-decision-4b,wanli,spinquant-had-adapted,supported,95,79,0.4105263157894737,0.4936708860759494,0.4482758620689655
startlux-decision-4b,wanli,spinquant-had-adapted,insufficient,78,87,0.3974358974358974,0.3563218390804598,0.37575757575757573
startlux-decision-4b,wanli,spinquant-had-adapted,contradicted,83,90,0.40963855421686746,0.37777777777777777,0.3930635838150289
startlux-decision-4b,wanli,s1q-joint,supported,95,95,0.6,0.6,0.6
startlux-decision-4b,wanli,s1q-joint,insufficient,78,108,0.5384615384615384,0.3888888888888889,0.45161290322580644
startlux-decision-4b,wanli,s1q-joint,contradicted,83,53,0.3855421686746988,0.6037735849056604,0.47058823529411764
startlux-decision-4b,wanli,s1q-ac,supported,95,93,0.5368421052631579,0.5483870967741935,0.5425531914893617
startlux-decision-4b,wanli,s1q-ac,insufficient,78,54,0.32051282051282054,0.46296296296296297,0.3787878787878788
startlux-decision-4b,wanli,s1q-ac,contradicted,83,109,0.6385542168674698,0.48623853211009177,0.5520833333333334
startlux-decision-4b,wanli,s1q-margin,supported,95,114,0.6526315789473685,0.543859649122807,0.5933014354066986
startlux-decision-4b,wanli,s1q-margin,insufficient,78,65,0.41025641025641024,0.49230769230769234,0.44755244755244755
startlux-decision-4b,wanli,s1q-margin,contradicted,83,77,0.5662650602409639,0.6103896103896104,0.5875
startlux-decision-4b,wanli,s1q,supported,95,117,0.7263157894736842,0.5897435897435898,0.6509433962264151
startlux-decision-4b,wanli,s1q,insufficient,78,53,0.2948717948717949,0.4339622641509434,0.3511450381679389
startlux-decision-4b,wanli,s1q,contradicted,83,86,0.5903614457831325,0.5697674418604651,0.5798816568047337
startlux-decision-4b,wildjailbreak,native,harmful,119,120,0.9915966386554622,0.9833333333333333,0.9874476987447699
startlux-decision-4b,wildjailbreak,native,benign,9,8,0.7777777777777778,0.875,0.8235294117647058
startlux-decision-4b,wildjailbreak,rtn,harmful,119,79,0.6134453781512605,0.9240506329113924,0.7373737373737373
startlux-decision-4b,wildjailbreak,rtn,benign,9,49,0.3333333333333333,0.061224489795918366,0.10344827586206896
startlux-decision-4b,wildjailbreak,s1q-local,harmful,119,25,0.20168067226890757,0.96,0.3333333333333333
startlux-decision-4b,wildjailbreak,s1q-local,benign,9,103,0.8888888888888888,0.07766990291262135,0.14285714285714285
startlux-decision-4b,wildjailbreak,s1q2-beta05,harmful,119,23,0.18487394957983194,0.9565217391304348,0.30985915492957744
startlux-decision-4b,wildjailbreak,s1q2-beta05,benign,9,105,0.8888888888888888,0.0761904761904762,0.14035087719298245
startlux-decision-4b,wildjailbreak,smoothquant-adapted,harmful,119,96,0.7478991596638656,0.9270833333333334,0.827906976744186
startlux-decision-4b,wildjailbreak,smoothquant-adapted,benign,9,32,0.2222222222222222,0.0625,0.0975609756097561
startlux-decision-4b,wildjailbreak,awq-adapted,harmful,119,10,0.08403361344537816,1.0,0.15503875968992248
startlux-decision-4b,wildjailbreak,awq-adapted,benign,9,118,1.0,0.07627118644067797,0.14173228346456693
startlux-decision-4b,wildjailbreak,gptq-blockdiag-adapted,harmful,119,84,0.6386554621848739,0.9047619047619048,0.7487684729064039
startlux-decision-4b,wildjailbreak,gptq-blockdiag-adapted,benign,9,44,0.1111111111111111,0.022727272727272728,0.03773584905660377
startlux-decision-4b,wildjailbreak,spinquant-nohad-adapted,harmful,119,74,0.5714285714285714,0.918918918918919,0.7046632124352331
startlux-decision-4b,wildjailbreak,spinquant-nohad-adapted,benign,9,54,0.3333333333333333,0.05555555555555555,0.09523809523809523
startlux-decision-4b,wildjailbreak,spinquant-had-adapted,harmful,119,70,0.5462184873949579,0.9285714285714286,0.6878306878306878
startlux-decision-4b,wildjailbreak,spinquant-had-adapted,benign,9,58,0.4444444444444444,0.06896551724137931,0.11940298507462686
startlux-decision-4b,wildjailbreak,s1q-joint,harmful,119,23,0.19327731092436976,1.0,0.323943661971831
startlux-decision-4b,wildjailbreak,s1q-joint,benign,9,105,1.0,0.08571428571428572,0.15789473684210525
startlux-decision-4b,wildjailbreak,s1q-ac,harmful,119,44,0.3697478991596639,1.0,0.5398773006134969
startlux-decision-4b,wildjailbreak,s1q-ac,benign,9,84,1.0,0.10714285714285714,0.1935483870967742
startlux-decision-4b,wildjailbreak,s1q-margin,harmful,119,45,0.3697478991596639,0.9777777777777777,0.5365853658536586
startlux-decision-4b,wildjailbreak,s1q-margin,benign,9,83,0.8888888888888888,0.0963855421686747,0.17391304347826086
startlux-decision-4b,wildjailbreak,s1q,harmful,119,38,0.31932773109243695,1.0,0.4840764331210191
startlux-decision-4b,wildjailbreak,s1q,benign,9,90,1.0,0.1,0.18181818181818182
