model,dataset_id,method,status,n_requests,n_decisions,n_clusters,accuracy,balanced_accuracy,macro_f1,majority_class_accuracy,n_gold_present_classes,gold_counts,pred_counts,confusion_matrix_order,confusion_matrix,admission_equals_frozen_source
kev-0.8b,mnli,native,complete,122,122,122,0.8688524590163934,0.8715898825654923,0.8710442254746052,0.36885245901639346,3,"{""entailment"":41,""neutral"":45,""contradiction"":36}","{""entailment"":38,""neutral"":46,""contradiction"":38}","[""entailment"",""neutral"",""contradiction""]","[[35,6,0],[2,38,5],[1,2,33]]",True
kev-0.8b,mnli,rtn,complete,122,122,122,0.29508196721311475,0.29715447154471547,0.29595507851321806,0.36885245901639346,3,"{""entailment"":41,""neutral"":45,""contradiction"":36}","{""entailment"":39,""neutral"":41,""contradiction"":42}","[""entailment"",""neutral"",""contradiction""]","[[14,15,12],[15,11,19],[10,15,11]]",True
kev-0.8b,mnli,s1q-local,complete,122,122,122,0.5491803278688525,0.5522131887985546,0.5544810020718101,0.36885245901639346,3,"{""entailment"":41,""neutral"":45,""contradiction"":36}","{""entailment"":37,""neutral"":50,""contradiction"":35}","[""entailment"",""neutral"",""contradiction""]","[[21,16,4],[12,24,9],[4,10,22]]",True
kev-0.8b,mnli,s1q2-beta05,complete,122,122,122,0.48360655737704916,0.4792682926829268,0.4824087710685649,0.36885245901639346,3,"{""entailment"":41,""neutral"":45,""contradiction"":36}","{""entailment"":43,""neutral"":52,""contradiction"":27}","[""entailment"",""neutral"",""contradiction""]","[[20,17,4],[13,24,8],[10,11,15]]",True
kev-0.8b,mnli,smoothquant-adapted,complete,122,122,122,0.3114754098360656,0.30383920505871725,0.3016748366013072,0.36885245901639346,3,"{""entailment"":41,""neutral"":45,""contradiction"":36}","{""entailment"":37,""neutral"":57,""contradiction"":28}","[""entailment"",""neutral"",""contradiction""]","[[13,21,7],[13,18,14],[11,18,7]]",True
kev-0.8b,mnli,awq-adapted,complete,122,122,122,0.45081967213114754,0.4349141824751581,0.4275339905055205,0.36885245901639346,3,"{""entailment"":41,""neutral"":45,""contradiction"":36}","{""entailment"":28,""neutral"":77,""contradiction"":17}","[""entailment"",""neutral"",""contradiction""]","[[15,25,1],[7,31,7],[6,21,9]]",True
kev-0.8b,mnli,gptq-blockdiag-adapted,complete,122,122,122,0.32786885245901637,0.33337850045167117,0.32567499434969316,0.36885245901639346,3,"{""entailment"":41,""neutral"":45,""contradiction"":36}","{""entailment"":42,""neutral"":32,""contradiction"":48}","[""entailment"",""neutral"",""contradiction""]","[[18,11,12],[13,9,23],[11,12,13]]",True
kev-0.8b,mnli,spinquant-nohad-adapted,complete,122,122,122,0.32786885245901637,0.31937669376693767,0.3170496853651629,0.36885245901639346,3,"{""entailment"":41,""neutral"":45,""contradiction"":36}","{""entailment"":41,""neutral"":62,""contradiction"":19}","[""entailment"",""neutral"",""contradiction""]","[[14,22,5],[19,19,7],[8,21,7]]",True
kev-0.8b,mnli,spinquant-had-adapted,complete,122,122,122,0.4918032786885246,0.4914182475158085,0.49049441251353043,0.36885245901639346,3,"{""entailment"":41,""neutral"":45,""contradiction"":36}","{""entailment"":48,""neutral"":43,""contradiction"":31}","[""entailment"",""neutral"",""contradiction""]","[[24,11,6],[16,20,9],[8,12,16]]",True
kev-0.8b,mnli,s1q-joint,complete,122,122,122,0.4918032786885246,0.4915085817524842,0.49488374235248056,0.36885245901639346,3,"{""entailment"":41,""neutral"":45,""contradiction"":36}","{""entailment"":38,""neutral"":52,""contradiction"":32}","[""entailment"",""neutral"",""contradiction""]","[[19,18,4],[12,23,10],[7,11,18]]",True
kev-0.8b,mnli,s1q-ac,complete,122,122,122,0.5491803278688525,0.5451219512195121,0.5467323204261109,0.36885245901639346,3,"{""entailment"":41,""neutral"":45,""contradiction"":36}","{""entailment"":41,""neutral"":50,""contradiction"":31}","[""entailment"",""neutral"",""contradiction""]","[[24,13,4],[9,26,10],[8,11,17]]",True
kev-0.8b,mnli,s1q-margin,complete,122,122,122,0.5901639344262295,0.5840108401084011,0.589779152885949,0.36885245901639346,3,"{""entailment"":41,""neutral"":45,""contradiction"":36}","{""entailment"":37,""neutral"":58,""contradiction"":27}","[""entailment"",""neutral"",""contradiction""]","[[24,14,3],[9,30,6],[4,14,18]]",True
kev-0.8b,mnli,s1q,complete,122,122,122,0.5081967213114754,0.49819331526648597,0.500010272213662,0.36885245901639346,3,"{""entailment"":41,""neutral"":45,""contradiction"":36}","{""entailment"":34,""neutral"":65,""contradiction"":23}","[""entailment"",""neutral"",""contradiction""]","[[18,19,4],[10,30,5],[6,16,14]]",True
kev-0.8b,tweet-offensive,native,complete,128,128,128,0.734375,0.7040239441303624,0.6768636768636769,0.7578125,2,"{""not_offensive"":97,""offensive"":31}","{""not_offensive"":85,""offensive"":43}","[""not_offensive"",""offensive""]","[[74,23],[11,20]]",True
kev-0.8b,tweet-offensive,rtn,complete,128,128,128,0.53125,0.48220818091120715,0.4684385382059801,0.7578125,2,"{""not_offensive"":97,""offensive"":31}","{""not_offensive"":75,""offensive"":53}","[""not_offensive"",""offensive""]","[[56,41],[19,12]]",True
kev-0.8b,tweet-offensive,s1q-local,complete,128,128,128,0.7265625,0.5452278017958098,0.5439275170518172,0.7578125,2,"{""not_offensive"":97,""offensive"":31}","{""not_offensive"":112,""offensive"":16}","[""not_offensive"",""offensive""]","[[87,10],[25,6]]",True
kev-0.8b,tweet-offensive,s1q2-beta05,complete,128,128,128,0.7109375,0.5678417026937147,0.5715965626413387,0.7578125,2,"{""not_offensive"":97,""offensive"":31}","{""not_offensive"":104,""offensive"":24}","[""not_offensive"",""offensive""]","[[82,15],[22,9]]",True
kev-0.8b,tweet-offensive,smoothquant-adapted,complete,128,128,128,0.515625,0.5157964748919188,0.47885474126608873,0.7578125,2,"{""not_offensive"":97,""offensive"":31}","{""not_offensive"":65,""offensive"":63}","[""not_offensive"",""offensive""]","[[50,47],[15,16]]",True
kev-0.8b,tweet-offensive,awq-adapted,complete,128,128,128,0.75,0.6265380778184237,0.6342857142857142,0.7578125,2,"{""not_offensive"":97,""offensive"":31}","{""not_offensive"":103,""offensive"":25}","[""not_offensive"",""offensive""]","[[84,13],[19,12]]",True
kev-0.8b,tweet-offensive,gptq-blockdiag-adapted,complete,128,128,128,0.5,0.4835384103757898,0.45705196182396607,0.7578125,2,"{""not_offensive"":97,""offensive"":31}","{""not_offensive"":67,""offensive"":61}","[""not_offensive"",""offensive""]","[[50,47],[17,14]]",True
kev-0.8b,tweet-offensive,spinquant-nohad-adapted,complete,128,128,128,0.625,0.5111406717658796,0.5100478468899521,0.7578125,2,"{""not_offensive"":97,""offensive"":31}","{""not_offensive"":93,""offensive"":35}","[""not_offensive"",""offensive""]","[[71,26],[22,9]]",True
kev-0.8b,tweet-offensive,spinquant-had-adapted,complete,128,128,128,0.703125,0.5846358496840705,0.5863945578231292,0.7578125,2,"{""not_offensive"":97,""offensive"":31}","{""not_offensive"":99,""offensive"":29}","[""not_offensive"",""offensive""]","[[79,18],[20,11]]",True
kev-0.8b,tweet-offensive,s1q-joint,complete,128,128,128,0.7578125,0.6426671100764882,0.6501807282024156,0.7578125,2,"{""not_offensive"":97,""offensive"":31}","{""not_offensive"":102,""offensive"":26}","[""not_offensive"",""offensive""]","[[84,13],[18,13]]",True
kev-0.8b,tweet-offensive,s1q-ac,complete,128,128,128,0.6875,0.5853009644163618,0.5833333333333333,0.7578125,2,"{""not_offensive"":97,""offensive"":31}","{""not_offensive"":95,""offensive"":33}","[""not_offensive"",""offensive""]","[[76,21],[19,12]]",True
kev-0.8b,tweet-offensive,s1q-margin,complete,128,128,128,0.6875,0.5523777851679414,0.5541623127830024,0.7578125,2,"{""not_offensive"":97,""offensive"":31}","{""not_offensive"":101,""offensive"":27}","[""not_offensive"",""offensive""]","[[79,18],[22,9]]",True
kev-0.8b,tweet-offensive,s1q,complete,128,128,128,0.7265625,0.6000997672098437,0.6050427576478885,0.7578125,2,"{""not_offensive"":97,""offensive"":31}","{""not_offensive"":102,""offensive"":26}","[""not_offensive"",""offensive""]","[[82,15],[20,11]]",True
kev-0.8b,wanli,native,complete,256,256,256,0.60546875,0.5847611769615574,0.5624262907247438,0.37109375,3,"{""supported"":95,""insufficient"":78,""contradicted"":83}","{""supported"":150,""insufficient"":32,""contradicted"":74}","[""supported"",""insufficient"",""contradicted""]","[[83,7,5],[47,17,14],[20,8,55]]",True
kev-0.8b,wanli,rtn,complete,256,256,256,0.35546875,0.3595109181665935,0.3537149303876719,0.37109375,3,"{""supported"":95,""insufficient"":78,""contradicted"":83}","{""supported"":72,""insufficient"":106,""contradicted"":78}","[""supported"",""insufficient"",""contradicted""]","[[30,32,33],[22,36,20],[20,38,25]]",True
kev-0.8b,wanli,s1q-local,complete,256,256,256,0.44921875,0.4424418321057509,0.4404806709617079,0.37109375,3,"{""supported"":95,""insufficient"":78,""contradicted"":83}","{""supported"":119,""insufficient"":89,""contradicted"":48}","[""supported"",""insufficient"",""contradicted""]","[[55,32,8],[32,33,13],[32,24,27]]",True
kev-0.8b,wanli,s1q2-beta05,complete,256,256,256,0.453125,0.4451706962803983,0.44905025093704337,0.37109375,3,"{""supported"":95,""insufficient"":78,""contradicted"":83}","{""supported"":117,""insufficient"":87,""contradicted"":52}","[""supported"",""insufficient"",""contradicted""]","[[55,29,11],[42,28,8],[20,30,33]]",True
kev-0.8b,wanli,smoothquant-adapted,complete,256,256,256,0.3203125,0.32030741047862166,0.3128017944512575,0.37109375,3,"{""supported"":95,""insufficient"":78,""contradicted"":83}","{""supported"":89,""insufficient"":111,""contradicted"":56}","[""supported"",""insufficient"",""contradicted""]","[[34,39,22],[28,32,18],[27,40,16]]",True
kev-0.8b,wanli,awq-adapted,complete,256,256,256,0.375,0.36992992211762027,0.36821745820048024,0.37109375,3,"{""supported"":95,""insufficient"":78,""contradicted"":83}","{""supported"":114,""insufficient"":108,""contradicted"":34}","[""supported"",""insufficient"",""contradicted""]","[[46,42,7],[41,30,7],[27,36,20]]",True
kev-0.8b,wanli,gptq-blockdiag-adapted,complete,256,256,256,0.37890625,0.3828425713650825,0.379196375519905,0.37109375,3,"{""supported"":95,""insufficient"":78,""contradicted"":83}","{""supported"":70,""insufficient"":109,""contradicted"":77}","[""supported"",""insufficient"",""contradicted""]","[[31,43,21],[18,35,25],[21,31,31]]",True
kev-0.8b,wanli,spinquant-nohad-adapted,complete,256,256,256,0.3671875,0.35882368881734766,0.3578429564041075,0.37109375,3,"{""supported"":95,""insufficient"":78,""contradicted"":83}","{""supported"":113,""insufficient"":87,""contradicted"":56}","[""supported"",""insufficient"",""contradicted""]","[[48,33,14],[38,22,18],[27,32,24]]",True
kev-0.8b,wanli,spinquant-had-adapted,complete,256,256,256,0.34765625,0.33925065985941066,0.3342969695568044,0.37109375,3,"{""supported"":95,""insufficient"":78,""contradicted"":83}","{""supported"":118,""insufficient"":76,""contradicted"":62}","[""supported"",""insufficient"",""contradicted""]","[[47,29,19],[33,22,23],[38,25,20]]",True
kev-0.8b,wanli,s1q-joint,complete,256,256,256,0.4453125,0.4371309800605932,0.4399956683494559,0.37109375,3,"{""supported"":95,""insufficient"":78,""contradicted"":83}","{""supported"":125,""insufficient"":75,""contradicted"":56}","[""supported"",""insufficient"",""contradicted""]","[[54,28,13],[43,26,9],[28,21,34]]",True
kev-0.8b,wanli,s1q-ac,complete,256,256,256,0.45703125,0.4463928588849324,0.44467048310102203,0.37109375,3,"{""supported"":95,""insufficient"":78,""contradicted"":83}","{""supported"":132,""insufficient"":73,""contradicted"":51}","[""supported"",""insufficient"",""contradicted""]","[[60,27,8],[38,27,13],[34,19,30]]",True
kev-0.8b,wanli,s1q-margin,complete,256,256,256,0.41796875,0.4018784991518029,0.39197641828010626,0.37109375,3,"{""supported"":95,""insufficient"":78,""contradicted"":83}","{""supported"":154,""insufficient"":54,""contradicted"":48}","[""supported"",""insufficient"",""contradicted""]","[[63,26,6],[48,16,14],[43,12,28]]",True
kev-0.8b,wanli,s1q,complete,256,256,256,0.39453125,0.38312765230964346,0.37886838959800334,0.37109375,3,"{""supported"":95,""insufficient"":78,""contradicted"":83}","{""supported"":138,""insufficient"":69,""contradicted"":49}","[""supported"",""insufficient"",""contradicted""]","[[55,28,12],[45,21,12],[38,20,25]]",True
kev-0.8b,wildjailbreak,native,complete,128,128,128,0.2890625,0.6176470588235294,0.27304499781564,0.9296875,2,"{""harmful"":119,""benign"":9}","{""harmful"":28,""benign"":100}","[""harmful"",""benign""]","[[28,91],[0,9]]",True
kev-0.8b,wildjailbreak,rtn,complete,128,128,128,0.4765625,0.5130718954248366,0.37778422694623814,0.9296875,2,"{""harmful"":119,""benign"":9}","{""harmful"":60,""benign"":68}","[""harmful"",""benign""]","[[56,63],[4,5]]",True
kev-0.8b,wildjailbreak,s1q-local,complete,128,128,128,0.328125,0.5359477124183006,0.2943589743589744,0.9296875,2,"{""harmful"":119,""benign"":9}","{""harmful"":37,""benign"":91}","[""harmful"",""benign""]","[[35,84],[2,7]]",True
kev-0.8b,wildjailbreak,s1q2-beta05,complete,128,128,128,0.3515625,0.599906629318394,0.31647687061699803,0.9296875,2,"{""harmful"":119,""benign"":9}","{""harmful"":38,""benign"":90}","[""harmful"",""benign""]","[[37,82],[1,8]]",True
kev-0.8b,wildjailbreak,smoothquant-adapted,complete,128,128,128,0.1953125,0.46451914098972924,0.18932546270675768,0.9296875,2,"{""harmful"":119,""benign"":9}","{""harmful"":20,""benign"":108}","[""harmful"",""benign""]","[[18,101],[2,7]]",True
kev-0.8b,wildjailbreak,awq-adapted,complete,128,128,128,0.3515625,0.5485527544351074,0.31115865914543217,0.9296875,2,"{""harmful"":119,""benign"":9}","{""harmful"":40,""benign"":88}","[""harmful"",""benign""]","[[38,81],[2,7]]",True
kev-0.8b,wildjailbreak,gptq-blockdiag-adapted,complete,128,128,128,0.4609375,0.45331465919701214,0.3592106217804542,0.9296875,2,"{""harmful"":119,""benign"":9}","{""harmful"":60,""benign"":68}","[""harmful"",""benign""]","[[55,64],[5,4]]",True
kev-0.8b,wildjailbreak,spinquant-nohad-adapted,complete,128,128,128,0.34375,0.4929971988795518,0.3,0.9296875,2,"{""harmful"":119,""benign"":9}","{""harmful"":41,""benign"":87}","[""harmful"",""benign""]","[[38,81],[3,6]]",True
kev-0.8b,wildjailbreak,spinquant-had-adapted,complete,128,128,128,0.296875,0.5191409897292251,0.27125506072874495,0.9296875,2,"{""harmful"":119,""benign"":9}","{""harmful"":33,""benign"":95}","[""harmful"",""benign""]","[[31,88],[2,7]]",True
kev-0.8b,wildjailbreak,s1q-joint,complete,128,128,128,0.2421875,0.5410830999066293,0.23163562101615198,0.9296875,2,"{""harmful"":119,""benign"":9}","{""harmful"":24,""benign"":104}","[""harmful"",""benign""]","[[23,96],[1,8]]",True
kev-0.8b,wildjailbreak,s1q-ac,complete,128,128,128,0.234375,0.5882352941176471,0.22758620689655173,0.9296875,2,"{""harmful"":119,""benign"":9}","{""harmful"":21,""benign"":107}","[""harmful"",""benign""]","[[21,98],[0,9]]",True
kev-0.8b,wildjailbreak,s1q-margin,complete,128,128,128,0.4453125,0.6503267973856208,0.3818948513908726,0.9296875,2,"{""harmful"":119,""benign"":9}","{""harmful"":50,""benign"":78}","[""harmful"",""benign""]","[[49,70],[1,8]]",True
kev-0.8b,wildjailbreak,s1q,complete,128,128,128,0.53125,0.6965452847805789,0.43859649122807015,0.9296875,2,"{""harmful"":119,""benign"":9}","{""harmful"":61,""benign"":67}","[""harmful"",""benign""]","[[60,59],[1,8]]",True
kev-4b,mnli,native,complete,122,122,122,0.9262295081967213,0.9293134598012647,0.9272887077765127,0.36885245901639346,3,"{""entailment"":41,""neutral"":45,""contradiction"":36}","{""entailment"":41,""neutral"":43,""contradiction"":38}","[""entailment"",""neutral"",""contradiction""]","[[38,3,0],[2,40,3],[1,0,35]]",True
kev-4b,mnli,rtn,complete,122,122,122,0.3770491803278688,0.37646793134598017,0.37537063177313224,0.36885245901639346,3,"{""entailment"":41,""neutral"":45,""contradiction"":36}","{""entailment"":40,""neutral"":42,""contradiction"":40}","[""entailment"",""neutral"",""contradiction""]","[[11,16,14],[14,20,11],[15,6,15]]",True
kev-4b,mnli,s1q-local,complete,122,122,122,0.38524590163934425,0.3763775971093044,0.3774453394706559,0.36885245901639346,3,"{""entailment"":41,""neutral"":45,""contradiction"":36}","{""entailment"":38,""neutral"":65,""contradiction"":19}","[""entailment"",""neutral"",""contradiction""]","[[16,22,3],[16,22,7],[6,21,9]]",True
kev-4b,mnli,s1q2-beta05,complete,122,122,122,0.45081967213114754,0.4431345980126468,0.4414476537427357,0.36885245901639346,3,"{""entailment"":41,""neutral"":45,""contradiction"":36}","{""entailment"":22,""neutral"":75,""contradiction"":25}","[""entailment"",""neutral"",""contradiction""]","[[11,28,2],[8,29,8],[3,18,15]]",True
kev-4b,mnli,smoothquant-adapted,complete,122,122,122,0.4262295081967213,0.4174345076784101,0.41463252019766256,0.36885245901639346,3,"{""entailment"":41,""neutral"":45,""contradiction"":36}","{""entailment"":47,""neutral"":50,""contradiction"":25}","[""entailment"",""neutral"",""contradiction""]","[[19,16,6],[13,23,9],[15,11,10]]",True
kev-4b,mnli,awq-adapted,complete,122,122,122,0.4426229508196721,0.42913279132791327,0.408892601875058,0.36885245901639346,3,"{""entailment"":41,""neutral"":45,""contradiction"":36}","{""entailment"":13,""neutral"":88,""contradiction"":21}","[""entailment"",""neutral"",""contradiction""]","[[7,33,1],[4,34,7],[2,21,13]]",True
kev-4b,mnli,gptq-blockdiag-adapted,complete,122,122,122,0.32786885245901637,0.3304878048780488,0.3281068524970964,0.36885245901639346,3,"{""entailment"":41,""neutral"":45,""contradiction"":36}","{""entailment"":41,""neutral"":39,""contradiction"":42}","[""entailment"",""neutral"",""contradiction""]","[[14,16,11],[14,13,18],[13,10,13]]",True
kev-4b,mnli,spinquant-nohad-adapted,complete,122,122,122,0.2786885245901639,0.27831978319783196,0.2784893882646691,0.36885245901639346,3,"{""entailment"":41,""neutral"":45,""contradiction"":36}","{""entailment"":34,""neutral"":44,""contradiction"":44}","[""entailment"",""neutral"",""contradiction""]","[[11,15,15],[13,13,19],[10,16,10]]",True
kev-4b,mnli,spinquant-had-adapted,complete,122,122,122,0.4098360655737705,0.4008581752484192,0.39884360949398984,0.36885245901639346,3,"{""entailment"":41,""neutral"":45,""contradiction"":36}","{""entailment"":40,""neutral"":57,""contradiction"":25}","[""entailment"",""neutral"",""contradiction""]","[[14,21,6],[12,25,8],[14,11,11]]",True
kev-4b,mnli,s1q-joint,complete,122,122,122,0.6967213114754098,0.6925474254742547,0.7010471689370772,0.36885245901639346,3,"{""entailment"":41,""neutral"":45,""contradiction"":36}","{""entailment"":28,""neutral"":64,""contradiction"":30}","[""entailment"",""neutral"",""contradiction""]","[[23,17,1],[4,37,4],[1,10,25]]",True
kev-4b,mnli,s1q-ac,complete,122,122,122,0.6475409836065574,0.6362691960252936,0.6439613526570048,0.36885245901639346,3,"{""entailment"":41,""neutral"":45,""contradiction"":36}","{""entailment"":28,""neutral"":70,""contradiction"":24}","[""entailment"",""neutral"",""contradiction""]","[[22,18,1],[3,38,4],[3,14,19]]",True
kev-4b,mnli,s1q-margin,complete,122,122,122,0.6885245901639344,0.6880307136404697,0.6946718146718146,0.36885245901639346,3,"{""entailment"":41,""neutral"":45,""contradiction"":36}","{""entailment"":33,""neutral"":55,""contradiction"":34}","[""entailment"",""neutral"",""contradiction""]","[[27,13,1],[5,32,8],[1,10,25]]",True
kev-4b,mnli,s1q,complete,122,122,122,0.6721311475409836,0.672583559168925,0.6748282397536128,0.36885245901639346,3,"{""entailment"":41,""neutral"":45,""contradiction"":36}","{""entailment"":26,""neutral"":60,""contradiction"":36}","[""entailment"",""neutral"",""contradiction""]","[[21,18,2],[4,34,7],[1,8,27]]",True
kev-4b,tweet-offensive,native,complete,128,128,128,0.78125,0.6471566345194546,0.6621417797888387,0.7578125,2,"{""not_offensive"":97,""offensive"":31}","{""not_offensive"":107,""offensive"":21}","[""not_offensive"",""offensive""]","[[88,9],[19,12]]",True
kev-4b,tweet-offensive,rtn,complete,128,128,128,0.4609375,0.5236115729963419,0.4487923609810897,0.7578125,2,"{""not_offensive"":97,""offensive"":31}","{""not_offensive"":50,""offensive"":78}","[""not_offensive"",""offensive""]","[[39,58],[11,20]]",True
kev-4b,tweet-offensive,s1q-local,complete,128,128,128,0.6953125,0.4916860658463585,0.47424960505529223,0.7578125,2,"{""not_offensive"":97,""offensive"":31}","{""not_offensive"":114,""offensive"":14}","[""not_offensive"",""offensive""]","[[86,11],[28,3]]",True
kev-4b,tweet-offensive,s1q2-beta05,complete,128,128,128,0.7734375,0.5542068506817426,0.5418980624460077,0.7578125,2,"{""not_offensive"":97,""offensive"":31}","{""not_offensive"":122,""offensive"":6}","[""not_offensive"",""offensive""]","[[95,2],[27,4]]",True
kev-4b,tweet-offensive,smoothquant-adapted,complete,128,128,128,0.4296875,0.4261722647156635,0.3988290548800103,0.7578125,2,"{""not_offensive"":97,""offensive"":31}","{""not_offensive"":60,""offensive"":68}","[""not_offensive"",""offensive""]","[[42,55],[18,13]]",True
kev-4b,tweet-offensive,awq-adapted,complete,128,128,128,0.734375,0.4955104755570336,0.4505050505050505,0.7578125,2,"{""not_offensive"":97,""offensive"":31}","{""not_offensive"":123,""offensive"":5}","[""not_offensive"",""offensive""]","[[93,4],[30,1]]",True
kev-4b,tweet-offensive,gptq-blockdiag-adapted,complete,128,128,128,0.515625,0.559694047223146,0.4947797300738477,0.7578125,2,"{""not_offensive"":97,""offensive"":31}","{""not_offensive"":57,""offensive"":71}","[""not_offensive"",""offensive""]","[[46,51],[11,20]]",True
kev-4b,tweet-offensive,spinquant-nohad-adapted,complete,128,128,128,0.4609375,0.4906883937479215,0.4395583476108891,0.7578125,2,"{""not_offensive"":97,""offensive"":31}","{""not_offensive"":56,""offensive"":72}","[""not_offensive"",""offensive""]","[[42,55],[14,17]]",True
kev-4b,tweet-offensive,spinquant-had-adapted,complete,128,128,128,0.6796875,0.5581975390754905,0.5588062211013031,0.7578125,2,"{""not_offensive"":97,""offensive"":31}","{""not_offensive"":98,""offensive"":30}","[""not_offensive"",""offensive""]","[[77,20],[21,10]]",True
kev-4b,tweet-offensive,s1q-joint,complete,128,128,128,0.7734375,0.5651812437645494,0.5613848517074324,0.7578125,2,"{""not_offensive"":97,""offensive"":31}","{""not_offensive"":120,""offensive"":8}","[""not_offensive"",""offensive""]","[[94,3],[26,5]]",True
kev-4b,tweet-offensive,s1q-ac,complete,128,128,128,0.7578125,0.5438975723312272,0.5311355311355311,0.7578125,2,"{""not_offensive"":97,""offensive"":31}","{""not_offensive"":120,""offensive"":8}","[""not_offensive"",""offensive""]","[[93,4],[27,4]]",True
kev-4b,tweet-offensive,s1q-margin,complete,128,128,128,0.7734375,0.5761556368473562,0.5788996029495178,0.7578125,2,"{""not_offensive"":97,""offensive"":31}","{""not_offensive"":118,""offensive"":10}","[""not_offensive"",""offensive""]","[[93,4],[25,6]]",True
kev-4b,tweet-offensive,s1q,complete,128,128,128,0.7578125,0.5658463584968407,0.566764930669287,0.7578125,2,"{""not_offensive"":97,""offensive"":31}","{""not_offensive"":116,""offensive"":12}","[""not_offensive"",""offensive""]","[[91,6],[25,6]]",True
kev-4b,wanli,native,complete,256,256,256,0.66796875,0.661572064235349,0.6640454954135019,0.37109375,3,"{""supported"":95,""insufficient"":78,""contradicted"":83}","{""supported"":99,""insufficient"":100,""contradicted"":57}","[""supported"",""insufficient"",""contradicted""]","[[75,19,1],[18,50,10],[6,31,46]]",True
kev-4b,wanli,rtn,complete,256,256,256,0.3203125,0.31723330569240527,0.3172336703680115,0.37109375,3,"{""supported"":95,""insufficient"":78,""contradicted"":83}","{""supported"":96,""insufficient"":77,""contradicted"":83}","[""supported"",""insufficient"",""contradicted""]","[[36,26,33],[26,24,28],[34,27,22]]",True
kev-4b,wanli,s1q-local,complete,256,256,256,0.375,0.38854852608815826,0.34922794422527864,0.37109375,3,"{""supported"":95,""insufficient"":78,""contradicted"":83}","{""supported"":55,""insufficient"":171,""contradicted"":30}","[""supported"",""insufficient"",""contradicted""]","[[23,63,9],[16,57,5],[16,51,16]]",True
kev-4b,wanli,s1q2-beta05,complete,256,256,256,0.328125,0.34696573066896463,0.27734275528393176,0.37109375,3,"{""supported"":95,""insufficient"":78,""contradicted"":83}","{""supported"":24,""insufficient"":194,""contradicted"":38}","[""supported"",""insufficient"",""contradicted""]","[[12,68,15],[5,61,12],[7,65,11]]",True
kev-4b,wanli,smoothquant-adapted,complete,256,256,256,0.328125,0.3268024865995696,0.3253067515362597,0.37109375,3,"{""supported"":95,""insufficient"":78,""contradicted"":83}","{""supported"":88,""insufficient"":104,""contradicted"":64}","[""supported"",""insufficient"",""contradicted""]","[[35,39,21],[28,28,22],[25,37,21]]",True
kev-4b,wanli,awq-adapted,complete,256,256,256,0.37109375,0.3886211512717537,0.324922395636556,0.37109375,3,"{""supported"":95,""insufficient"":78,""contradicted"":83}","{""supported"":28,""insufficient"":200,""contradicted"":28}","[""supported"",""insufficient"",""contradicted""]","[[19,67,9],[5,65,8],[4,68,11]]",True
kev-4b,wanli,gptq-blockdiag-adapted,complete,256,256,256,0.31640625,0.31651084770932586,0.3166061377623377,0.37109375,3,"{""supported"":95,""insufficient"":78,""contradicted"":83}","{""supported"":74,""insufficient"":94,""contradicted"":88}","[""supported"",""insufficient"",""contradicted""]","[[29,41,25],[21,23,34],[24,30,29]]",True
kev-4b,wanli,spinquant-nohad-adapted,complete,256,256,256,0.31640625,0.314731530711239,0.31476010326037057,0.37109375,3,"{""supported"":95,""insufficient"":78,""contradicted"":83}","{""supported"":86,""insufficient"":77,""contradicted"":93}","[""supported"",""insufficient"",""contradicted""]","[[32,25,38],[28,22,28],[26,30,27]]",True
kev-4b,wanli,spinquant-had-adapted,complete,256,256,256,0.37109375,0.37711981529356287,0.36557163896745726,0.37109375,3,"{""supported"":95,""insufficient"":78,""contradicted"":83}","{""supported"":76,""insufficient"":117,""contradicted"":63}","[""supported"",""insufficient"",""contradicted""]","[[30,40,25],[21,42,15],[25,35,23]]",True
kev-4b,wanli,s1q-joint,complete,256,256,256,0.44921875,0.46488409779468753,0.43228777989289463,0.37109375,3,"{""supported"":95,""insufficient"":78,""contradicted"":83}","{""supported"":38,""insufficient"":185,""contradicted"":33}","[""supported"",""insufficient"",""contradicted""]","[[27,63,5],[8,65,5],[3,57,23]]",True
kev-4b,wanli,s1q-ac,complete,256,256,256,0.40625,0.42069980326162953,0.37649747044472875,0.37109375,3,"{""supported"":95,""insufficient"":78,""contradicted"":83}","{""supported"":41,""insufficient"":189,""contradicted"":26}","[""supported"",""insufficient"",""contradicted""]","[[26,63,6],[10,63,5],[5,63,15]]",True
kev-4b,wanli,s1q-margin,complete,256,256,256,0.4609375,0.47287395194814347,0.4426958813017472,0.37109375,3,"{""supported"":95,""insufficient"":78,""contradicted"":83}","{""supported"":43,""insufficient"":187,""contradicted"":26}","[""supported"",""insufficient"",""contradicted""]","[[35,58,2],[7,65,6],[1,64,18]]",True
kev-4b,wanli,s1q,complete,256,256,256,0.4765625,0.49224699066170213,0.4585891419499988,0.37109375,3,"{""supported"":95,""insufficient"":78,""contradicted"":83}","{""supported"":46,""insufficient"":179,""contradicted"":31}","[""supported"",""insufficient"",""contradicted""]","[[30,61,4],[7,68,3],[9,50,24]]",True
kev-4b,wildjailbreak,native,complete,128,128,128,0.921875,0.9066293183940243,0.7859531772575251,0.9296875,2,"{""harmful"":119,""benign"":9}","{""harmful"":111,""benign"":17}","[""harmful"",""benign""]","[[110,9],[1,8]]",True
kev-4b,wildjailbreak,rtn,complete,128,128,128,0.46875,0.45751633986928103,0.36374269005847953,0.9296875,2,"{""harmful"":119,""benign"":9}","{""harmful"":61,""benign"":67}","[""harmful"",""benign""]","[[56,63],[5,4]]",True
kev-4b,wildjailbreak,s1q-local,complete,128,128,128,0.4140625,0.6335200746965453,0.36063936063936064,0.9296875,2,"{""harmful"":119,""benign"":9}","{""harmful"":46,""benign"":82}","[""harmful"",""benign""]","[[45,74],[1,8]]",True
kev-4b,wildjailbreak,s1q2-beta05,complete,128,128,128,0.3515625,0.6512605042016807,0.32136697540721815,0.9296875,2,"{""harmful"":119,""benign"":9}","{""harmful"":36,""benign"":92}","[""harmful"",""benign""]","[[36,83],[0,9]]",True
kev-4b,wildjailbreak,smoothquant-adapted,complete,128,128,128,0.515625,0.3800186741363212,0.3671451355661882,0.9296875,2,"{""harmful"":119,""benign"":9}","{""harmful"":71,""benign"":57}","[""harmful"",""benign""]","[[64,55],[7,2]]",True
kev-4b,wildjailbreak,awq-adapted,complete,128,128,128,0.3515625,0.599906629318394,0.31647687061699803,0.9296875,2,"{""harmful"":119,""benign"":9}","{""harmful"":38,""benign"":90}","[""harmful"",""benign""]","[[37,82],[1,8]]",True
kev-4b,wildjailbreak,gptq-blockdiag-adapted,complete,128,128,128,0.4765625,0.35901027077497666,0.347087933003426,0.9296875,2,"{""harmful"":119,""benign"":9}","{""harmful"":66,""benign"":62}","[""harmful"",""benign""]","[[59,60],[7,2]]",True
kev-4b,wildjailbreak,spinquant-nohad-adapted,complete,128,128,128,0.390625,0.3641456582633053,0.30897009966777406,0.9296875,2,"{""harmful"":119,""benign"":9}","{""harmful"":53,""benign"":75}","[""harmful"",""benign""]","[[47,72],[6,3]]",True
kev-4b,wildjailbreak,spinquant-had-adapted,complete,128,128,128,0.4296875,0.4878618113912232,0.34925830489588416,0.9296875,2,"{""harmful"":119,""benign"":9}","{""harmful"":54,""benign"":74}","[""harmful"",""benign""]","[[50,69],[4,5]]",True
kev-4b,wildjailbreak,s1q-joint,complete,128,128,128,0.59375,0.7301587301587301,0.4793491864831039,0.9296875,2,"{""harmful"":119,""benign"":9}","{""harmful"":69,""benign"":59}","[""harmful"",""benign""]","[[68,51],[1,8]]",True
kev-4b,wildjailbreak,s1q-ac,complete,128,128,128,0.6171875,0.7427637721755369,0.49480467176802256,0.9296875,2,"{""harmful"":119,""benign"":9}","{""harmful"":72,""benign"":56}","[""harmful"",""benign""]","[[71,48],[1,8]]",True
kev-4b,wildjailbreak,s1q-margin,complete,128,128,128,0.59375,0.6788048552754435,0.4692185007974482,0.9296875,2,"{""harmful"":119,""benign"":9}","{""harmful"":71,""benign"":57}","[""harmful"",""benign""]","[[69,50],[2,7]]",True
kev-4b,wildjailbreak,s1q,complete,128,128,128,0.5625,0.7133520074696544,0.45893719806763283,0.9296875,2,"{""harmful"":119,""benign"":9}","{""harmful"":65,""benign"":63}","[""harmful"",""benign""]","[[64,55],[1,8]]",True
kev-9b,mnli,native,complete,122,122,122,0.9016393442622951,0.9070912375790424,0.9024345058251582,0.36885245901639346,3,"{""entailment"":41,""neutral"":45,""contradiction"":36}","{""entailment"":42,""neutral"":40,""contradiction"":40}","[""entailment"",""neutral"",""contradiction""]","[[38,3,0],[3,37,5],[1,0,35]]",True
kev-9b,mnli,rtn,complete,122,122,122,0.29508196721311475,0.294579945799458,0.2943511651521987,0.36885245901639346,3,"{""entailment"":41,""neutral"":45,""contradiction"":36}","{""entailment"":40,""neutral"":41,""contradiction"":41}","[""entailment"",""neutral"",""contradiction""]","[[13,13,15],[16,13,16],[11,15,10]]",True
kev-9b,mnli,s1q-local,complete,122,122,122,0.32786885245901637,0.3213188798554652,0.3182569326542162,0.36885245901639346,3,"{""entailment"":41,""neutral"":45,""contradiction"":36}","{""entailment"":34,""neutral"":48,""contradiction"":40}","[""entailment"",""neutral"",""contradiction""]","[[9,15,17],[11,21,13],[14,12,10]]",True
kev-9b,mnli,s1q2-beta05,complete,122,122,122,0.27049180327868855,0.2697831978319783,0.2715497283615261,0.36885245901639346,3,"{""entailment"":41,""neutral"":45,""contradiction"":36}","{""entailment"":50,""neutral"":44,""contradiction"":28}","[""entailment"",""neutral"",""contradiction""]","[[12,24,5],[19,12,14],[19,8,9]]",True
kev-9b,mnli,smoothquant-adapted,complete,122,122,122,0.319672131147541,0.3168021680216802,0.3173159929789055,0.36885245901639346,3,"{""entailment"":41,""neutral"":45,""contradiction"":36}","{""entailment"":44,""neutral"":41,""contradiction"":37}","[""entailment"",""neutral"",""contradiction""]","[[13,13,15],[17,16,12],[14,12,10]]",True
kev-9b,mnli,awq-adapted,complete,122,122,122,0.39344262295081966,0.3848238482384823,0.37938062852270127,0.36885245901639346,3,"{""entailment"":41,""neutral"":45,""contradiction"":36}","{""entailment"":47,""neutral"":49,""contradiction"":26}","[""entailment"",""neutral"",""contradiction""]","[[20,15,6],[13,20,12],[14,14,8]]",True
kev-9b,mnli,gptq-blockdiag-adapted,complete,122,122,122,0.36885245901639346,0.36752484191508583,0.3678982810561758,0.36885245901639346,3,"{""entailment"":41,""neutral"":45,""contradiction"":36}","{""entailment"":36,""neutral"":50,""contradiction"":36}","[""entailment"",""neutral"",""contradiction""]","[[14,17,10],[14,18,13],[8,15,13]]",True
kev-9b,mnli,spinquant-nohad-adapted,complete,122,122,122,0.3442622950819672,0.34715447154471546,0.3451552875381875,0.36885245901639346,3,"{""entailment"":41,""neutral"":45,""contradiction"":36}","{""entailment"":35,""neutral"":37,""contradiction"":50}","[""entailment"",""neutral"",""contradiction""]","[[14,13,14],[9,14,22],[12,10,14]]",True
kev-9b,mnli,spinquant-had-adapted,complete,122,122,122,0.4098360655737705,0.39995483288166217,0.3910479236188357,0.36885245901639346,3,"{""entailment"":41,""neutral"":45,""contradiction"":36}","{""entailment"":52,""neutral"":42,""contradiction"":28}","[""entailment"",""neutral"",""contradiction""]","[[23,9,9],[13,20,12],[16,13,7]]",True
kev-9b,mnli,s1q-joint,complete,122,122,122,0.6721311475409836,0.6764227642276422,0.6717928005507164,0.36885245901639346,3,"{""entailment"":41,""neutral"":45,""contradiction"":36}","{""entailment"":52,""neutral"":38,""contradiction"":32}","[""entailment"",""neutral"",""contradiction""]","[[34,7,0],[13,24,8],[5,7,24]]",True
kev-9b,mnli,s1q-ac,complete,122,122,122,0.7540983606557377,0.7579042457091237,0.7563617470661983,0.36885245901639346,3,"{""entailment"":41,""neutral"":45,""contradiction"":36}","{""entailment"":45,""neutral"":42,""contradiction"":35}","[""entailment"",""neutral"",""contradiction""]","[[34,6,1],[9,30,6],[2,6,28]]",True
kev-9b,mnli,s1q-margin,complete,122,122,122,0.5573770491803278,0.5525293586269195,0.559793802159601,0.36885245901639346,3,"{""entailment"":41,""neutral"":45,""contradiction"":36}","{""entailment"":40,""neutral"":57,""contradiction"":25}","[""entailment"",""neutral"",""contradiction""]","[[24,16,1],[11,27,7],[5,14,17]]",True
kev-9b,mnli,s1q,complete,122,122,122,0.7459016393442623,0.7401987353206865,0.7489628762897564,0.36885245901639346,3,"{""entailment"":41,""neutral"":45,""contradiction"":36}","{""entailment"":38,""neutral"":57,""contradiction"":27}","[""entailment"",""neutral"",""contradiction""]","[[30,10,1],[6,37,2],[2,10,24]]",True
kev-9b,tweet-offensive,native,complete,128,128,128,0.8203125,0.6839042234785501,0.7097505668934241,0.7578125,2,"{""not_offensive"":97,""offensive"":31}","{""not_offensive"":110,""offensive"":18}","[""not_offensive"",""offensive""]","[[92,5],[18,13]]",True
kev-9b,tweet-offensive,rtn,complete,128,128,128,0.421875,0.4649151978716328,0.40740740740740744,0.7578125,2,"{""not_offensive"":97,""offensive"":31}","{""not_offensive"":51,""offensive"":77}","[""not_offensive"",""offensive""]","[[37,60],[14,17]]",True
kev-9b,tweet-offensive,s1q-local,complete,128,128,128,0.5625,0.45892916528101096,0.45893719806763283,0.7578125,2,"{""not_offensive"":97,""offensive"":31}","{""not_offensive"":87,""offensive"":41}","[""not_offensive"",""offensive""]","[[64,33],[23,8]]",True
kev-9b,tweet-offensive,s1q2-beta05,complete,128,128,128,0.625,0.5550382440971068,0.5438075438075438,0.7578125,2,"{""not_offensive"":97,""offensive"":31}","{""not_offensive"":85,""offensive"":43}","[""not_offensive"",""offensive""]","[[67,30],[18,13]]",True
kev-9b,tweet-offensive,smoothquant-adapted,complete,128,128,128,0.5390625,0.4983372131692717,0.4804265565875473,0.7578125,2,"{""not_offensive"":97,""offensive"":31}","{""not_offensive"":74,""offensive"":54}","[""not_offensive"",""offensive""]","[[56,41],[18,13]]",True
kev-9b,tweet-offensive,awq-adapted,complete,128,128,128,0.6796875,0.5252743598270702,0.5252826775214835,0.7578125,2,"{""not_offensive"":97,""offensive"":31}","{""not_offensive"":104,""offensive"":24}","[""not_offensive"",""offensive""]","[[80,17],[24,7]]",True
kev-9b,tweet-offensive,gptq-blockdiag-adapted,complete,128,128,128,0.46875,0.4519454605919521,0.428421329130549,0.7578125,2,"{""not_offensive"":97,""offensive"":31}","{""not_offensive"":65,""offensive"":63}","[""not_offensive"",""offensive""]","[[47,50],[18,13]]",True
kev-9b,tweet-offensive,spinquant-nohad-adapted,complete,128,128,128,0.515625,0.49384768872630525,0.46880856760374834,0.7578125,2,"{""not_offensive"":97,""offensive"":31}","{""not_offensive"":69,""offensive"":59}","[""not_offensive"",""offensive""]","[[52,45],[17,14]]",True
kev-9b,tweet-offensive,spinquant-had-adapted,complete,128,128,128,0.5234375,0.4551047555703359,0.4491710758377425,0.7578125,2,"{""not_offensive"":97,""offensive"":31}","{""not_offensive"":78,""offensive"":50}","[""not_offensive"",""offensive""]","[[57,40],[21,10]]",True
kev-9b,tweet-offensive,s1q-joint,complete,128,128,128,0.78125,0.5922846691054207,0.6012461059190031,0.7578125,2,"{""not_offensive"":97,""offensive"":31}","{""not_offensive"":117,""offensive"":11}","[""not_offensive"",""offensive""]","[[93,4],[24,7]]",True
kev-9b,tweet-offensive,s1q-ac,complete,128,128,128,0.7578125,0.5329231792484204,0.5103048253733184,0.7578125,2,"{""not_offensive"":97,""offensive"":31}","{""not_offensive"":122,""offensive"":6}","[""not_offensive"",""offensive""]","[[94,3],[28,3]]",True
kev-9b,tweet-offensive,s1q-margin,complete,128,128,128,0.765625,0.5161290322580645,0.4642857142857143,0.7578125,2,"{""not_offensive"":97,""offensive"":31}","{""not_offensive"":127,""offensive"":1}","[""not_offensive"",""offensive""]","[[97,0],[30,1]]",True
kev-9b,tweet-offensive,s1q,complete,128,128,128,0.78125,0.5703358829398071,0.5673587638821825,0.7578125,2,"{""not_offensive"":97,""offensive"":31}","{""not_offensive"":121,""offensive"":7}","[""not_offensive"",""offensive""]","[[95,2],[26,5]]",True
kev-9b,wanli,native,complete,256,256,256,0.765625,0.7551138426851806,0.7575697340906998,0.37109375,3,"{""supported"":95,""insufficient"":78,""contradicted"":83}","{""supported"":119,""insufficient"":68,""contradicted"":69}","[""supported"",""insufficient"",""contradicted""]","[[87,8,0],[24,47,7],[8,13,62]]",True
kev-9b,wanli,rtn,complete,256,256,256,0.359375,0.3579088282956387,0.3577926529273787,0.37109375,3,"{""supported"":95,""insufficient"":78,""contradicted"":83}","{""supported"":89,""insufficient"":81,""contradicted"":86}","[""supported"",""insufficient"",""contradicted""]","[[36,24,35],[31,26,21],[22,31,30]]",True
kev-9b,wanli,s1q-local,complete,256,256,256,0.33984375,0.3454606550357977,0.33912812142855125,0.37109375,3,"{""supported"":95,""insufficient"":78,""contradicted"":83}","{""supported"":68,""insufficient"":104,""contradicted"":84}","[""supported"",""insufficient"",""contradicted""]","[[24,41,30],[23,32,23],[21,31,31]]",True
kev-9b,wanli,s1q2-beta05,complete,256,256,256,0.3515625,0.35344292148350487,0.35164117842680853,0.37109375,3,"{""supported"":95,""insufficient"":78,""contradicted"":83}","{""supported"":82,""insufficient"":88,""contradicted"":86}","[""supported"",""insufficient"",""contradicted""]","[[31,32,32],[23,30,25],[28,26,29]]",True
kev-9b,wanli,smoothquant-adapted,complete,256,256,256,0.359375,0.3571365082462102,0.35669020614185126,0.37109375,3,"{""supported"":95,""insufficient"":78,""contradicted"":83}","{""supported"":82,""insufficient"":75,""contradicted"":99}","[""supported"",""insufficient"",""contradicted""]","[[36,24,35],[24,23,31],[22,28,33]]",True
kev-9b,wanli,awq-adapted,complete,256,256,256,0.36328125,0.36627102200976647,0.36222224932480684,0.37109375,3,"{""supported"":95,""insufficient"":78,""contradicted"":83}","{""supported"":85,""insufficient"":103,""contradicted"":68}","[""supported"",""insufficient"",""contradicted""]","[[32,37,26],[27,35,16],[26,31,26]]",True
kev-9b,wanli,gptq-blockdiag-adapted,complete,256,256,256,0.296875,0.2933564216379689,0.29091618280206977,0.37109375,3,"{""supported"":95,""insufficient"":78,""contradicted"":83}","{""supported"":99,""insufficient"":66,""contradicted"":91}","[""supported"",""insufficient"",""contradicted""]","[[31,28,36],[38,15,25],[30,23,30]]",True
kev-9b,wanli,spinquant-nohad-adapted,complete,256,256,256,0.34375,0.34872716236064366,0.3437095079059891,0.37109375,3,"{""supported"":95,""insufficient"":78,""contradicted"":83}","{""supported"":71,""insufficient"":94,""contradicted"":91}","[""supported"",""insufficient"",""contradicted""]","[[27,30,38],[16,35,27],[28,29,26]]",True
kev-9b,wanli,spinquant-had-adapted,complete,256,256,256,0.26953125,0.2718918860326596,0.26660630288396664,0.37109375,3,"{""supported"":95,""insufficient"":78,""contradicted"":83}","{""supported"":77,""insufficient"":103,""contradicted"":76}","[""supported"",""insufficient"",""contradicted""]","[[25,31,39],[27,29,22],[25,43,15]]",True
kev-9b,wanli,s1q-joint,complete,256,256,256,0.5234375,0.5142041851616994,0.5089632322033479,0.37109375,3,"{""supported"":95,""insufficient"":78,""contradicted"":83}","{""supported"":126,""insufficient"":91,""contradicted"":39}","[""supported"",""insufficient"",""contradicted""]","[[67,25,3],[31,39,8],[28,27,28]]",True
kev-9b,wanli,s1q-ac,complete,256,256,256,0.54296875,0.5309909001728913,0.5191620408809207,0.37109375,3,"{""supported"":95,""insufficient"":78,""contradicted"":83}","{""supported"":131,""insufficient"":93,""contradicted"":32}","[""supported"",""insufficient"",""contradicted""]","[[74,19,2],[33,40,5],[24,34,25]]",True
kev-9b,wanli,s1q-margin,complete,256,256,256,0.52734375,0.5159412277991859,0.5014626604826242,0.37109375,3,"{""supported"":95,""insufficient"":78,""contradicted"":83}","{""supported"":130,""insufficient"":93,""contradicted"":33}","[""supported"",""insufficient"",""contradicted""]","[[72,19,4],[32,40,6],[26,34,23]]",True
kev-9b,wanli,s1q,complete,256,256,256,0.55859375,0.547570037233956,0.537847656325556,0.37109375,3,"{""supported"":95,""insufficient"":78,""contradicted"":83}","{""supported"":121,""insufficient"":99,""contradicted"":36}","[""supported"",""insufficient"",""contradicted""]","[[74,18,3],[30,42,6],[17,39,27]]",True
kev-9b,wildjailbreak,native,complete,128,128,128,0.5390625,0.7007469654528478,0.4436832412523021,0.9296875,2,"{""harmful"":119,""benign"":9}","{""harmful"":62,""benign"":66}","[""harmful"",""benign""]","[[61,58],[1,8]]",True
kev-9b,wildjailbreak,rtn,complete,128,128,128,0.4453125,0.496265172735761,0.35887125220458554,0.9296875,2,"{""harmful"":119,""benign"":9}","{""harmful"":56,""benign"":72}","[""harmful"",""benign""]","[[52,67],[4,5]]",True
kev-9b,wildjailbreak,s1q-local,complete,128,128,128,0.578125,0.5676937441643324,0.4375,0.9296875,2,"{""harmful"":119,""benign"":9}","{""harmful"":73,""benign"":55}","[""harmful"",""benign""]","[[69,50],[4,5]]",True
kev-9b,wildjailbreak,s1q2-beta05,complete,128,128,128,0.4296875,0.3851540616246498,0.33175999427876707,0.9296875,2,"{""harmful"":119,""benign"":9}","{""harmful"":58,""benign"":70}","[""harmful"",""benign""]","[[52,67],[6,3]]",True
kev-9b,wildjailbreak,smoothquant-adapted,complete,128,128,128,0.53125,0.4911297852474323,0.3992490613266583,0.9296875,2,"{""harmful"":119,""benign"":9}","{""harmful"":69,""benign"":59}","[""harmful"",""benign""]","[[64,55],[5,4]]",True
kev-9b,wildjailbreak,awq-adapted,complete,128,128,128,0.546875,0.6022408963585434,0.4298003072196621,0.9296875,2,"{""harmful"":119,""benign"":9}","{""harmful"":67,""benign"":61}","[""harmful"",""benign""]","[[64,55],[3,6]]",True
kev-9b,wildjailbreak,gptq-blockdiag-adapted,complete,128,128,128,0.484375,0.46591970121381887,0.3727353727353727,0.9296875,2,"{""harmful"":119,""benign"":9}","{""harmful"":63,""benign"":65}","[""harmful"",""benign""]","[[58,61],[5,4]]",True
kev-9b,wildjailbreak,spinquant-nohad-adapted,complete,128,128,128,0.4921875,0.4187675070028011,0.3665778454510849,0.9296875,2,"{""harmful"":119,""benign"":9}","{""harmful"":66,""benign"":62}","[""harmful"",""benign""]","[[60,59],[6,3]]",True
kev-9b,wildjailbreak,spinquant-had-adapted,complete,128,128,128,0.4921875,0.47012138188608776,0.3771988921326447,0.9296875,2,"{""harmful"":119,""benign"":9}","{""harmful"":64,""benign"":64}","[""harmful"",""benign""]","[[59,60],[5,4]]",True
kev-9b,wildjailbreak,s1q-joint,complete,128,128,128,0.21875,0.5798319327731092,0.21395234586096784,0.9296875,2,"{""harmful"":119,""benign"":9}","{""harmful"":19,""benign"":109}","[""harmful"",""benign""]","[[19,100],[0,9]]",True
kev-9b,wildjailbreak,s1q-ac,complete,128,128,128,0.2265625,0.5840336134453782,0.22080796900940786,0.9296875,2,"{""harmful"":119,""benign"":9}","{""harmful"":20,""benign"":108}","[""harmful"",""benign""]","[[20,99],[0,9]]",True
kev-9b,wildjailbreak,s1q-margin,complete,128,128,128,0.1484375,0.542016806722689,0.14838552157724472,0.9296875,2,"{""harmful"":119,""benign"":9}","{""harmful"":10,""benign"":118}","[""harmful"",""benign""]","[[10,109],[0,9]]",True
kev-9b,wildjailbreak,s1q,complete,128,128,128,0.203125,0.5714285714285714,0.2,0.9296875,2,"{""harmful"":119,""benign"":9}","{""harmful"":17,""benign"":111}","[""harmful"",""benign""]","[[17,102],[0,9]]",True
laya,mnli,native,complete,122,122,122,0.639344262295082,0.6411924119241192,0.6387203011056223,0.36885245901639346,3,"{""entailment"":41,""neutral"":45,""contradiction"":36}","{""entailment"":24,""neutral"":64,""contradiction"":34}","[""entailment"",""neutral"",""contradiction""]","[[16,23,2],[7,34,4],[1,7,28]]",True
laya,mnli,rtn,complete,122,122,122,0.4426229508196721,0.44290876242095756,0.3844227271193563,0.36885245901639346,3,"{""entailment"":41,""neutral"":45,""contradiction"":36}","{""entailment"":3,""neutral"":66,""contradiction"":53}","[""entailment"",""neutral"",""contradiction""]","[[3,23,15],[0,29,16],[0,14,22]]",True
laya,mnli,s1q-local,complete,122,122,122,0.5737704918032787,0.5738934056007227,0.5475763986033869,0.36885245901639346,3,"{""entailment"":41,""neutral"":45,""contradiction"":36}","{""entailment"":12,""neutral"":67,""contradiction"":43}","[""entailment"",""neutral"",""contradiction""]","[[10,24,7],[1,34,10],[1,9,26]]",True
laya,mnli,s1q2-beta05,complete,122,122,122,0.5327868852459017,0.5291327913279132,0.5032424075628104,0.36885245901639346,3,"{""entailment"":41,""neutral"":45,""contradiction"":36}","{""entailment"":12,""neutral"":78,""contradiction"":32}","[""entailment"",""neutral"",""contradiction""]","[[7,31,3],[4,35,6],[1,12,23]]",True
laya,mnli,smoothquant-adapted,complete,122,122,122,0.5245901639344263,0.5239837398373983,0.4765678228147962,0.36885245901639346,3,"{""entailment"":41,""neutral"":45,""contradiction"":36}","{""entailment"":8,""neutral"":73,""contradiction"":41}","[""entailment"",""neutral"",""contradiction""]","[[5,28,8],[3,34,8],[0,11,25]]",True
laya,mnli,awq-adapted,complete,122,122,122,0.5163934426229508,0.5180216802168022,0.48032273237092515,0.36885245901639346,3,"{""entailment"":41,""neutral"":45,""contradiction"":36}","{""entailment"":9,""neutral"":66,""contradiction"":47}","[""entailment"",""neutral"",""contradiction""]","[[7,24,10],[2,31,12],[0,11,25]]",True
laya,mnli,gptq-blockdiag-adapted,complete,122,122,122,0.3360655737704918,0.337353206865402,0.29835807467386416,0.36885245901639346,3,"{""entailment"":41,""neutral"":45,""contradiction"":36}","{""entailment"":4,""neutral"":59,""contradiction"":59}","[""entailment"",""neutral"",""contradiction""]","[[3,19,19],[1,21,23],[0,19,17]]",True
laya,mnli,spinquant-nohad-adapted,complete,122,122,122,0.5901639344262295,0.5915989159891599,0.5912114845938375,0.36885245901639346,3,"{""entailment"":41,""neutral"":45,""contradiction"":36}","{""entailment"":23,""neutral"":67,""contradiction"":32}","[""entailment"",""neutral"",""contradiction""]","[[14,26,1],[8,32,5],[1,9,26]]",True
laya,mnli,spinquant-had-adapted,complete,122,122,122,0.6229508196721312,0.6209123757904246,0.6107486346720797,0.36885245901639346,3,"{""entailment"":41,""neutral"":45,""contradiction"":36}","{""entailment"":16,""neutral"":76,""contradiction"":30}","[""entailment"",""neutral"",""contradiction""]","[[11,29,1],[5,38,2],[0,9,27]]",True
laya,mnli,s1q-joint,complete,122,122,122,0.5655737704918032,0.5623757904245709,0.5532177414117799,0.36885245901639346,3,"{""entailment"":41,""neutral"":45,""contradiction"":36}","{""entailment"":18,""neutral"":71,""contradiction"":33}","[""entailment"",""neutral"",""contradiction""]","[[12,25,4],[5,34,6],[1,12,23]]",True
laya,mnli,s1q-ac,complete,122,122,122,0.5409836065573771,0.5350045167118338,0.5268666479768246,0.36885245901639346,3,"{""entailment"":41,""neutral"":45,""contradiction"":36}","{""entailment"":17,""neutral"":78,""contradiction"":27}","[""entailment"",""neutral"",""contradiction""]","[[10,28,3],[7,35,3],[0,15,21]]",True
laya,mnli,s1q-margin,complete,122,122,122,0.5327868852459017,0.5275971093044264,0.5151314927914092,0.36885245901639346,3,"{""entailment"":41,""neutral"":45,""contradiction"":36}","{""entailment"":13,""neutral"":77,""contradiction"":32}","[""entailment"",""neutral"",""contradiction""]","[[10,28,3],[3,34,8],[0,15,21]]",True
laya,mnli,s1q,complete,122,122,122,0.5655737704918032,0.5598012646793135,0.5498298929921306,0.36885245901639346,3,"{""entailment"":41,""neutral"":45,""contradiction"":36}","{""entailment"":13,""neutral"":78,""contradiction"":31}","[""entailment"",""neutral"",""contradiction""]","[[11,28,2],[2,36,7],[0,14,22]]",True
laya,tweet-offensive,native,complete,128,128,128,0.7734375,0.5542068506817426,0.5418980624460077,0.7578125,2,"{""not_offensive"":97,""offensive"":31}","{""not_offensive"":122,""offensive"":6}","[""not_offensive"",""offensive""]","[[95,2],[27,4]]",True
laya,tweet-offensive,rtn,complete,128,128,128,0.765625,0.5161290322580645,0.4642857142857143,0.7578125,2,"{""not_offensive"":97,""offensive"":31}","{""not_offensive"":127,""offensive"":1}","[""not_offensive"",""offensive""]","[[97,0],[30,1]]",True
laya,tweet-offensive,s1q-local,complete,128,128,128,0.7734375,0.532258064516129,0.4955836390813969,0.7578125,2,"{""not_offensive"":97,""offensive"":31}","{""not_offensive"":126,""offensive"":2}","[""not_offensive"",""offensive""]","[[97,0],[29,2]]",True
laya,tweet-offensive,s1q2-beta05,complete,128,128,128,0.7734375,0.5432324575989358,0.520103425985779,0.7578125,2,"{""not_offensive"":97,""offensive"":31}","{""not_offensive"":124,""offensive"":4}","[""not_offensive"",""offensive""]","[[96,1],[28,3]]",True
laya,tweet-offensive,smoothquant-adapted,complete,128,128,128,0.7578125,0.5,0.4311111111111111,0.7578125,2,"{""not_offensive"":97,""offensive"":31}","{""not_offensive"":128,""offensive"":0}","[""not_offensive"",""offensive""]","[[97,0],[31,0]]",True
laya,tweet-offensive,awq-adapted,complete,128,128,128,0.7578125,0.5,0.4311111111111111,0.7578125,2,"{""not_offensive"":97,""offensive"":31}","{""not_offensive"":128,""offensive"":0}","[""not_offensive"",""offensive""]","[[97,0],[31,0]]",True
laya,tweet-offensive,gptq-blockdiag-adapted,complete,128,128,128,0.7734375,0.532258064516129,0.4955836390813969,0.7578125,2,"{""not_offensive"":97,""offensive"":31}","{""not_offensive"":126,""offensive"":2}","[""not_offensive"",""offensive""]","[[97,0],[29,2]]",True
laya,tweet-offensive,spinquant-nohad-adapted,complete,128,128,128,0.7734375,0.5432324575989358,0.520103425985779,0.7578125,2,"{""not_offensive"":97,""offensive"":31}","{""not_offensive"":124,""offensive"":4}","[""not_offensive"",""offensive""]","[[96,1],[28,3]]",True
laya,tweet-offensive,spinquant-had-adapted,complete,128,128,128,0.7734375,0.532258064516129,0.4955836390813969,0.7578125,2,"{""not_offensive"":97,""offensive"":31}","{""not_offensive"":126,""offensive"":2}","[""not_offensive"",""offensive""]","[[97,0],[29,2]]",True
laya,tweet-offensive,s1q-joint,complete,128,128,128,0.7578125,0.5,0.4311111111111111,0.7578125,2,"{""not_offensive"":97,""offensive"":31}","{""not_offensive"":128,""offensive"":0}","[""not_offensive"",""offensive""]","[[97,0],[31,0]]",True
laya,tweet-offensive,s1q-ac,complete,128,128,128,0.7578125,0.5,0.4311111111111111,0.7578125,2,"{""not_offensive"":97,""offensive"":31}","{""not_offensive"":128,""offensive"":0}","[""not_offensive"",""offensive""]","[[97,0],[31,0]]",True
laya,tweet-offensive,s1q-margin,complete,128,128,128,0.75,0.4948453608247423,0.42857142857142855,0.7578125,2,"{""not_offensive"":97,""offensive"":31}","{""not_offensive"":127,""offensive"":1}","[""not_offensive"",""offensive""]","[[96,1],[31,0]]",True
laya,tweet-offensive,s1q,complete,128,128,128,0.7578125,0.5,0.4311111111111111,0.7578125,2,"{""not_offensive"":97,""offensive"":31}","{""not_offensive"":128,""offensive"":0}","[""not_offensive"",""offensive""]","[[97,0],[31,0]]",True
laya,wanli,native,complete,256,256,256,0.5703125,0.5590729991490929,0.561995898838004,0.37109375,3,"{""supported"":95,""insufficient"":78,""contradicted"":83}","{""supported"":125,""insufficient"":74,""contradicted"":57}","[""supported"",""insufficient"",""contradicted""]","[[70,22,3],[36,32,10],[19,20,44]]",True
laya,wanli,rtn,complete,256,256,256,0.37109375,0.3847140247901186,0.3515806180188597,0.37109375,3,"{""supported"":95,""insufficient"":78,""contradicted"":83}","{""supported"":29,""insufficient"":115,""contradicted"":112}","[""supported"",""insufficient"",""contradicted""]","[[13,48,34],[6,38,34],[10,29,44]]",True
laya,wanli,s1q-local,complete,256,256,256,0.421875,0.4231956164739931,0.42301967038809146,0.37109375,3,"{""supported"":95,""insufficient"":78,""contradicted"":83}","{""supported"":81,""insufficient"":93,""contradicted"":82}","[""supported"",""insufficient"",""contradicted""]","[[36,42,17],[25,30,23],[20,21,42]]",True
laya,wanli,s1q2-beta05,complete,256,256,256,0.4609375,0.4634093729845157,0.46059541911841045,0.37109375,3,"{""supported"":95,""insufficient"":78,""contradicted"":83}","{""supported"":88,""insufficient"":115,""contradicted"":53}","[""supported"",""insufficient"",""contradicted""]","[[43,44,8],[20,44,14],[25,27,31]]",True
laya,wanli,smoothquant-adapted,complete,256,256,256,0.40234375,0.40539431680839416,0.40049401628348996,0.37109375,3,"{""supported"":95,""insufficient"":78,""contradicted"":83}","{""supported"":61,""insufficient"":93,""contradicted"":102}","[""supported"",""insufficient"",""contradicted""]","[[31,38,26],[16,29,33],[14,26,43]]",True
laya,wanli,awq-adapted,complete,256,256,256,0.48828125,0.4958224260063195,0.48577583644971484,0.37109375,3,"{""supported"":95,""insufficient"":78,""contradicted"":83}","{""supported"":62,""insufficient"":100,""contradicted"":94}","[""supported"",""insufficient"",""contradicted""]","[[33,42,20],[14,41,23],[15,17,51]]",True
laya,wanli,gptq-blockdiag-adapted,complete,256,256,256,0.34375,0.3496810453690606,0.32111165497362265,0.37109375,3,"{""supported"":95,""insufficient"":78,""contradicted"":83}","{""supported"":40,""insufficient"":72,""contradicted"":144}","[""supported"",""insufficient"",""contradicted""]","[[17,32,46],[13,19,46],[10,21,52]]",True
laya,wanli,spinquant-nohad-adapted,complete,256,256,256,0.51171875,0.5018757892568927,0.5022601581425111,0.37109375,3,"{""supported"":95,""insufficient"":78,""contradicted"":83}","{""supported"":125,""insufficient"":78,""contradicted"":53}","[""supported"",""insufficient"",""contradicted""]","[[64,25,6],[34,32,12],[27,21,35]]",True
laya,wanli,spinquant-had-adapted,complete,256,256,256,0.546875,0.5372708106379634,0.5393045815551124,0.37109375,3,"{""supported"":95,""insufficient"":78,""contradicted"":83}","{""supported"":125,""insufficient"":79,""contradicted"":52}","[""supported"",""insufficient"",""contradicted""]","[[67,25,3],[32,35,11],[26,19,38]]",True
laya,wanli,s1q-joint,complete,256,256,256,0.484375,0.4793511427626837,0.4810166271710726,0.37109375,3,"{""supported"":95,""insufficient"":78,""contradicted"":83}","{""supported"":104,""insufficient"":89,""contradicted"":63}","[""supported"",""insufficient"",""contradicted""]","[[54,28,13],[30,34,14],[20,27,36]]",True
laya,wanli,s1q-ac,complete,256,256,256,0.4609375,0.45473987718756265,0.4571102227298686,0.37109375,3,"{""supported"":95,""insufficient"":78,""contradicted"":83}","{""supported"":111,""insufficient"":92,""contradicted"":53}","[""supported"",""insufficient"",""contradicted""]","[[54,34,7],[32,32,14],[25,26,32]]",True
laya,wanli,s1q-margin,complete,256,256,256,0.5,0.48854039640342745,0.4891789601098034,0.37109375,3,"{""supported"":95,""insufficient"":78,""contradicted"":83}","{""supported"":130,""insufficient"":71,""contradicted"":55}","[""supported"",""insufficient"",""contradicted""]","[[64,27,4],[37,27,14],[29,17,37]]",True
laya,wanli,s1q,complete,256,256,256,0.49609375,0.48963519394717875,0.4883473485934688,0.37109375,3,"{""supported"":95,""insufficient"":78,""contradicted"":83}","{""supported"":116,""insufficient"":89,""contradicted"":51}","[""supported"",""insufficient"",""contradicted""]","[[59,28,8],[29,37,12],[28,24,31]]",True
laya,wildjailbreak,native,complete,128,128,128,0.109375,0.5210084033613446,0.10850439882697946,0.9296875,2,"{""harmful"":119,""benign"":9}","{""harmful"":5,""benign"":123}","[""harmful"",""benign""]","[[5,114],[0,9]]",True
laya,wildjailbreak,rtn,complete,128,128,128,0.3125,0.5275443510737629,0.28291316526610644,0.9296875,2,"{""harmful"":119,""benign"":9}","{""harmful"":35,""benign"":93}","[""harmful"",""benign""]","[[33,86],[2,7]]",True
laya,wildjailbreak,s1q-local,complete,128,128,128,0.1796875,0.507469654528478,0.17722681359044995,0.9296875,2,"{""harmful"":119,""benign"":9}","{""harmful"":16,""benign"":112}","[""harmful"",""benign""]","[[15,104],[1,8]]",True
laya,wildjailbreak,s1q2-beta05,complete,128,128,128,0.1484375,0.4906629318394024,0.14796946564885496,0.9296875,2,"{""harmful"":119,""benign"":9}","{""harmful"":12,""benign"":116}","[""harmful"",""benign""]","[[11,108],[1,8]]",True
laya,wildjailbreak,smoothquant-adapted,complete,128,128,128,0.203125,0.5714285714285714,0.2,0.9296875,2,"{""harmful"":119,""benign"":9}","{""harmful"":17,""benign"":111}","[""harmful"",""benign""]","[[17,102],[0,9]]",True
laya,wildjailbreak,awq-adapted,complete,128,128,128,0.09375,0.4098972922502334,0.09352869352869353,0.9296875,2,"{""harmful"":119,""benign"":9}","{""harmful"":7,""benign"":121}","[""harmful"",""benign""]","[[5,114],[2,7]]",True
laya,wildjailbreak,gptq-blockdiag-adapted,complete,128,128,128,0.265625,0.5536881419234361,0.2508094645080946,0.9296875,2,"{""harmful"":119,""benign"":9}","{""harmful"":27,""benign"":101}","[""harmful"",""benign""]","[[26,93],[1,8]]",True
laya,wildjailbreak,spinquant-nohad-adapted,complete,128,128,128,0.328125,0.5873015873015872,0.2992105933282404,0.9296875,2,"{""harmful"":119,""benign"":9}","{""harmful"":35,""benign"":93}","[""harmful"",""benign""]","[[34,85],[1,8]]",True
laya,wildjailbreak,spinquant-had-adapted,complete,128,128,128,0.109375,0.5210084033613446,0.10850439882697946,0.9296875,2,"{""harmful"":119,""benign"":9}","{""harmful"":5,""benign"":123}","[""harmful"",""benign""]","[[5,114],[0,9]]",True
laya,wildjailbreak,s1q-joint,complete,128,128,128,0.140625,0.4864612511671335,0.14041514041514042,0.9296875,2,"{""harmful"":119,""benign"":9}","{""harmful"":11,""benign"":117}","[""harmful"",""benign""]","[[10,109],[1,8]]",True
laya,wildjailbreak,s1q-ac,complete,128,128,128,0.109375,0.4696545284780579,0.10915750915750916,0.9296875,2,"{""harmful"":119,""benign"":9}","{""harmful"":7,""benign"":121}","[""harmful"",""benign""]","[[6,113],[1,8]]",True
laya,wildjailbreak,s1q-margin,complete,128,128,128,0.171875,0.5546218487394958,0.17106549364613882,0.9296875,2,"{""harmful"":119,""benign"":9}","{""harmful"":13,""benign"":115}","[""harmful"",""benign""]","[[13,106],[0,9]]",True
laya,wildjailbreak,s1q,complete,128,128,128,0.109375,0.5210084033613446,0.10850439882697946,0.9296875,2,"{""harmful"":119,""benign"":9}","{""harmful"":5,""benign"":123}","[""harmful"",""benign""]","[[5,114],[0,9]]",True
intern-decision-0.8b,mnli,native,complete,122,122,122,0.47540983606557374,0.46806684733514,0.4707878100735243,0.36885245901639346,3,"{""entailment"":41,""neutral"":45,""contradiction"":36}","{""entailment"":58,""neutral"":51,""contradiction"":13}","[""entailment"",""neutral"",""contradiction""]","[[25,15,1],[22,22,1],[11,14,11]]",True
intern-decision-0.8b,mnli,rtn,complete,122,122,122,0.3360655737704918,0.33626919602529365,0.3237100140769866,0.36885245901639346,3,"{""entailment"":41,""neutral"":45,""contradiction"":36}","{""entailment"":68,""neutral"":18,""contradiction"":36}","[""entailment"",""neutral"",""contradiction""]","[[22,3,16],[24,10,11],[22,5,9]]",True
intern-decision-0.8b,mnli,s1q-local,complete,122,122,122,0.3770491803278688,0.36838301716350497,0.33325845340864113,0.36885245901639346,3,"{""entailment"":41,""neutral"":45,""contradiction"":36}","{""entailment"":78,""neutral"":33,""contradiction"":11}","[""entailment"",""neutral"",""contradiction""]","[[28,10,3],[27,14,4],[23,9,4]]",True
intern-decision-0.8b,mnli,s1q2-beta05,complete,122,122,122,0.3360655737704918,0.32981029810298107,0.26620533385498174,0.36885245901639346,3,"{""entailment"":41,""neutral"":45,""contradiction"":36}","{""entailment"":87,""neutral"":26,""contradiction"":9}","[""entailment"",""neutral"",""contradiction""]","[[31,6,4],[34,8,3],[22,12,2]]",True
intern-decision-0.8b,mnli,smoothquant-adapted,complete,122,122,122,0.3114754098360656,0.3067750677506775,0.19791666666666666,0.36885245901639346,3,"{""entailment"":41,""neutral"":45,""contradiction"":36}","{""entailment"":99,""neutral"":19,""contradiction"":4}","[""entailment"",""neutral"",""contradiction""]","[[35,4,2],[40,3,2],[24,12,0]]",True
intern-decision-0.8b,mnli,awq-adapted,complete,122,122,122,0.3360655737704918,0.33134598012646793,0.29040433862337733,0.36885245901639346,3,"{""entailment"":41,""neutral"":45,""contradiction"":36}","{""entailment"":83,""neutral"":22,""contradiction"":17}","[""entailment"",""neutral"",""contradiction""]","[[28,5,8],[31,9,5],[24,8,4]]",True
intern-decision-0.8b,mnli,gptq-blockdiag-adapted,complete,122,122,122,0.30327868852459017,0.3039747064137308,0.26248146024379876,0.36885245901639346,3,"{""entailment"":41,""neutral"":45,""contradiction"":36}","{""entailment"":82,""neutral"":17,""contradiction"":23}","[""entailment"",""neutral"",""contradiction""]","[[26,6,9],[32,5,8],[24,6,6]]",True
intern-decision-0.8b,mnli,spinquant-nohad-adapted,complete,122,122,122,0.3524590163934426,0.3510840108401084,0.3475671750181554,0.36885245901639346,3,"{""entailment"":41,""neutral"":45,""contradiction"":36}","{""entailment"":67,""neutral"":40,""contradiction"":15}","[""entailment"",""neutral"",""contradiction""]","[[22,18,1],[28,12,5],[17,10,9]]",True
intern-decision-0.8b,mnli,spinquant-had-adapted,complete,122,122,122,0.38524590163934425,0.3713640469738031,0.32645332926006543,0.36885245901639346,3,"{""entailment"":41,""neutral"":45,""contradiction"":36}","{""entailment"":75,""neutral"":41,""contradiction"":6}","[""entailment"",""neutral"",""contradiction""]","[[27,12,2],[25,18,2],[23,11,2]]",True
intern-decision-0.8b,mnli,s1q-joint,complete,122,122,122,0.36065573770491804,0.34891598915989164,0.33519823641404184,0.36885245901639346,3,"{""entailment"":41,""neutral"":45,""contradiction"":36}","{""entailment"":57,""neutral"":49,""contradiction"":16}","[""entailment"",""neutral"",""contradiction""]","[[19,15,7],[21,20,4],[17,14,5]]",True
intern-decision-0.8b,mnli,s1q-ac,complete,122,122,122,0.32786885245901637,0.3210478771454381,0.29413870811482484,0.36885245901639346,3,"{""entailment"":41,""neutral"":45,""contradiction"":36}","{""entailment"":78,""neutral"":31,""contradiction"":13}","[""entailment"",""neutral"",""contradiction""]","[[24,11,6],[30,12,3],[24,8,4]]",True
intern-decision-0.8b,mnli,s1q-margin,complete,122,122,122,0.3442622950819672,0.3329719963866305,0.3146272908475662,0.36885245901639346,3,"{""entailment"":41,""neutral"":45,""contradiction"":36}","{""entailment"":58,""neutral"":49,""contradiction"":15}","[""entailment"",""neutral"",""contradiction""]","[[20,18,3],[19,18,8],[19,13,4]]",True
intern-decision-0.8b,mnli,s1q,complete,122,122,122,0.319672131147541,0.3140469738030714,0.2951431284764618,0.36885245901639346,3,"{""entailment"":41,""neutral"":45,""contradiction"":36}","{""entailment"":67,""neutral"":39,""contradiction"":16}","[""entailment"",""neutral"",""contradiction""]","[[22,13,6],[28,12,5],[17,14,5]]",True
intern-decision-0.8b,tweet-offensive,native,complete,128,128,128,0.765625,0.6368473561689392,0.647964796479648,0.7578125,2,"{""not_offensive"":97,""offensive"":31}","{""not_offensive"":105,""offensive"":23}","[""not_offensive"",""offensive""]","[[86,11],[19,12]]",True
intern-decision-0.8b,tweet-offensive,rtn,complete,128,128,128,0.6875,0.49750581975390756,0.48717948717948717,0.7578125,2,"{""not_offensive"":97,""offensive"":31}","{""not_offensive"":111,""offensive"":17}","[""not_offensive"",""offensive""]","[[84,13],[27,4]]",True
intern-decision-0.8b,tweet-offensive,s1q-local,complete,128,128,128,0.65625,0.5207848353841038,0.5210884353741496,0.7578125,2,"{""not_offensive"":97,""offensive"":31}","{""not_offensive"":99,""offensive"":29}","[""not_offensive"",""offensive""]","[[76,21],[23,8]]",True
intern-decision-0.8b,tweet-offensive,s1q2-beta05,complete,128,128,128,0.7734375,0.5981044230129697,0.6090573986308584,0.7578125,2,"{""not_offensive"":97,""offensive"":31}","{""not_offensive"":114,""offensive"":14}","[""not_offensive"",""offensive""]","[[91,6],[23,8]]",True
intern-decision-0.8b,tweet-offensive,smoothquant-adapted,complete,128,128,128,0.609375,0.456933821084137,0.4557823129251701,0.7578125,2,"{""not_offensive"":97,""offensive"":31}","{""not_offensive"":99,""offensive"":29}","[""not_offensive"",""offensive""]","[[73,24],[26,5]]",True
intern-decision-0.8b,tweet-offensive,awq-adapted,complete,128,128,128,0.703125,0.5407382773528433,0.5414781297134238,0.7578125,2,"{""not_offensive"":97,""offensive"":31}","{""not_offensive"":107,""offensive"":21}","[""not_offensive"",""offensive""]","[[83,14],[24,7]]",True
intern-decision-0.8b,tweet-offensive,gptq-blockdiag-adapted,complete,128,128,128,0.6875,0.5633521782507482,0.564625850340136,0.7578125,2,"{""not_offensive"":97,""offensive"":31}","{""not_offensive"":99,""offensive"":29}","[""not_offensive"",""offensive""]","[[78,19],[21,10]]",True
intern-decision-0.8b,tweet-offensive,spinquant-nohad-adapted,complete,128,128,128,0.6171875,0.49501163950781507,0.49480467176802256,0.7578125,2,"{""not_offensive"":97,""offensive"":31}","{""not_offensive"":94,""offensive"":34}","[""not_offensive"",""offensive""]","[[71,26],[23,8]]",True
intern-decision-0.8b,tweet-offensive,spinquant-had-adapted,complete,128,128,128,0.5703125,0.4860325906218823,0.48139963167587474,0.7578125,2,"{""not_offensive"":97,""offensive"":31}","{""not_offensive"":84,""offensive"":44}","[""not_offensive"",""offensive""]","[[63,34],[21,10]]",True
intern-decision-0.8b,tweet-offensive,s1q-joint,complete,128,128,128,0.5625,0.4479547721982042,0.44946236559139785,0.7578125,2,"{""not_offensive"":97,""offensive"":31}","{""not_offensive"":89,""offensive"":39}","[""not_offensive"",""offensive""]","[[65,32],[24,7]]",True
intern-decision-0.8b,tweet-offensive,s1q-ac,complete,128,128,128,0.6796875,0.5142999667442634,0.5122223254949345,0.7578125,2,"{""not_offensive"":97,""offensive"":31}","{""not_offensive"":106,""offensive"":22}","[""not_offensive"",""offensive""]","[[81,16],[25,6]]",True
intern-decision-0.8b,tweet-offensive,s1q-margin,complete,128,128,128,0.546875,0.47056867309610906,0.46528377989052144,0.7578125,2,"{""not_offensive"":97,""offensive"":31}","{""not_offensive"":81,""offensive"":47}","[""not_offensive"",""offensive""]","[[60,37],[21,10]]",True
intern-decision-0.8b,tweet-offensive,s1q,complete,128,128,128,0.640625,0.5543731293648154,0.5477726574500767,0.7578125,2,"{""not_offensive"":97,""offensive"":31}","{""not_offensive"":89,""offensive"":39}","[""not_offensive"",""offensive""]","[[70,27],[19,12]]",True
intern-decision-0.8b,wanli,native,complete,256,256,256,0.44140625,0.42779214022080225,0.41588182880514174,0.37109375,3,"{""supported"":95,""insufficient"":78,""contradicted"":83}","{""supported"":129,""insufficient"":85,""contradicted"":42}","[""supported"",""insufficient"",""contradicted""]","[[65,23,7],[37,27,14],[27,35,21]]",True
intern-decision-0.8b,wanli,rtn,complete,256,256,256,0.35546875,0.3508490100753893,0.34984711224079684,0.37109375,3,"{""supported"":95,""insufficient"":78,""contradicted"":83}","{""supported"":98,""insufficient"":82,""contradicted"":76}","[""supported"",""insufficient"",""contradicted""]","[[42,28,25],[24,26,28],[32,28,23]]",True
intern-decision-0.8b,wanli,s1q-local,complete,256,256,256,0.31640625,0.3172831677587543,0.3163599256141199,0.37109375,3,"{""supported"":95,""insufficient"":78,""contradicted"":83}","{""supported"":80,""insufficient"":86,""contradicted"":90}","[""supported"",""insufficient"",""contradicted""]","[[29,32,34],[22,26,30],[29,28,26]]",True
intern-decision-0.8b,wanli,s1q2-beta05,complete,256,256,256,0.2890625,0.2899278625974885,0.2889635581448797,0.37109375,3,"{""supported"":95,""insufficient"":78,""contradicted"":83}","{""supported"":88,""insufficient"":85,""contradicted"":83}","[""supported"",""insufficient"",""contradicted""]","[[27,31,37],[29,25,24],[32,29,22]]",True
intern-decision-0.8b,wanli,smoothquant-adapted,complete,256,256,256,0.2890625,0.29222964733427637,0.2874480757795219,0.37109375,3,"{""supported"":95,""insufficient"":78,""contradicted"":83}","{""supported"":77,""insufficient"":100,""contradicted"":79}","[""supported"",""insufficient"",""contradicted""]","[[25,36,34],[22,30,26],[30,34,19]]",True
intern-decision-0.8b,wanli,awq-adapted,complete,256,256,256,0.32421875,0.32047704990000486,0.32064222697134087,0.37109375,3,"{""supported"":95,""insufficient"":78,""contradicted"":83}","{""supported"":94,""insufficient"":80,""contradicted"":82}","[""supported"",""insufficient"",""contradicted""]","[[36,29,30],[31,21,26],[27,30,26]]",True
intern-decision-0.8b,wanli,gptq-blockdiag-adapted,complete,256,256,256,0.359375,0.36326954240714543,0.3606569493414755,0.37109375,3,"{""supported"":95,""insufficient"":78,""contradicted"":83}","{""supported"":88,""insufficient"":86,""contradicted"":82}","[""supported"",""insufficient"",""contradicted""]","[[30,30,35],[23,35,20],[35,21,27]]",True
intern-decision-0.8b,wanli,spinquant-nohad-adapted,complete,256,256,256,0.3203125,0.32105696741080386,0.31930112672921535,0.37109375,3,"{""supported"":95,""insufficient"":78,""contradicted"":83}","{""supported"":87,""insufficient"":89,""contradicted"":80}","[""supported"",""insufficient"",""contradicted""]","[[31,30,34],[25,29,24],[31,30,22]]",True
intern-decision-0.8b,wanli,spinquant-had-adapted,complete,256,256,256,0.375,0.38137814415556964,0.3753943560845064,0.37109375,3,"{""supported"":95,""insufficient"":78,""contradicted"":83}","{""supported"":82,""insufficient"":93,""contradicted"":81}","[""supported"",""insufficient"",""contradicted""]","[[28,32,35],[22,39,17],[32,22,29]]",True
intern-decision-0.8b,wanli,s1q-joint,complete,256,256,256,0.3984375,0.3840923748977014,0.37203966281537687,0.37109375,3,"{""supported"":95,""insufficient"":78,""contradicted"":83}","{""supported"":139,""insufficient"":51,""contradicted"":66}","[""supported"",""insufficient"",""contradicted""]","[[60,16,19],[35,19,24],[44,16,23]]",True
intern-decision-0.8b,wanli,s1q-ac,complete,256,256,256,0.328125,0.3250004064842365,0.3251708693108009,0.37109375,3,"{""supported"":95,""insufficient"":78,""contradicted"":83}","{""supported"":93,""insufficient"":80,""contradicted"":83}","[""supported"",""insufficient"",""contradicted""]","[[35,30,30],[32,21,25],[26,29,28]]",True
intern-decision-0.8b,wanli,s1q-margin,complete,256,256,256,0.3515625,0.3488545274214266,0.349198969108786,0.37109375,3,"{""supported"":95,""insufficient"":78,""contradicted"":83}","{""supported"":102,""insufficient"":68,""contradicted"":86}","[""supported"",""insufficient"",""contradicted""]","[[37,28,30],[27,24,27],[38,16,29]]",True
intern-decision-0.8b,wanli,s1q,complete,256,256,256,0.328125,0.32551528651718886,0.3258847736625514,0.37109375,3,"{""supported"":95,""insufficient"":78,""contradicted"":83}","{""supported"":105,""insufficient"":72,""contradicted"":79}","[""supported"",""insufficient"",""contradicted""]","[[35,33,27],[29,23,26],[41,16,26]]",True
intern-decision-0.8b,wildjailbreak,native,complete,128,128,128,0.5859375,0.6746031746031746,0.46426597172865824,0.9296875,2,"{""harmful"":119,""benign"":9}","{""harmful"":70,""benign"":58}","[""harmful"",""benign""]","[[68,51],[2,7]]",True
intern-decision-0.8b,wildjailbreak,rtn,complete,128,128,128,0.765625,0.4631185807656396,0.4642857142857143,0.9296875,2,"{""harmful"":119,""benign"":9}","{""harmful"":105,""benign"":23}","[""harmful"",""benign""]","[[97,22],[8,1]]",True
intern-decision-0.8b,wildjailbreak,s1q-local,complete,128,128,128,0.4375,0.38935574229691877,0.33621434745030254,0.9296875,2,"{""harmful"":119,""benign"":9}","{""harmful"":59,""benign"":69}","[""harmful"",""benign""]","[[53,66],[6,3]]",True
intern-decision-0.8b,wildjailbreak,s1q2-beta05,complete,128,128,128,0.5,0.5256769374416433,0.3917433917433918,0.9296875,2,"{""harmful"":119,""benign"":9}","{""harmful"":63,""benign"":65}","[""harmful"",""benign""]","[[59,60],[4,5]]",True
intern-decision-0.8b,wildjailbreak,smoothquant-adapted,complete,128,128,128,0.6796875,0.5709617180205415,0.4825988366361037,0.9296875,2,"{""harmful"":119,""benign"":9}","{""harmful"":88,""benign"":40}","[""harmful"",""benign""]","[[83,36],[5,4]]",True
intern-decision-0.8b,wildjailbreak,awq-adapted,complete,128,128,128,0.53125,0.4911297852474323,0.3992490613266583,0.9296875,2,"{""harmful"":119,""benign"":9}","{""harmful"":69,""benign"":59}","[""harmful"",""benign""]","[[64,55],[5,4]]",True
intern-decision-0.8b,wildjailbreak,gptq-blockdiag-adapted,complete,128,128,128,0.8359375,0.757703081232493,0.6347329800244599,0.9296875,2,"{""harmful"":119,""benign"":9}","{""harmful"":104,""benign"":24}","[""harmful"",""benign""]","[[101,18],[3,6]]",True
intern-decision-0.8b,wildjailbreak,spinquant-nohad-adapted,complete,128,128,128,0.671875,0.5154061624649859,0.46153846153846156,0.9296875,2,"{""harmful"":119,""benign"":9}","{""harmful"":89,""benign"":39}","[""harmful"",""benign""]","[[83,36],[6,3]]",True
intern-decision-0.8b,wildjailbreak,spinquant-had-adapted,complete,128,128,128,0.4921875,0.47012138188608776,0.3771988921326447,0.9296875,2,"{""harmful"":119,""benign"":9}","{""harmful"":64,""benign"":64}","[""harmful"",""benign""]","[[59,60],[5,4]]",True
intern-decision-0.8b,wildjailbreak,s1q-joint,complete,128,128,128,0.4375,0.5947712418300654,0.36963064295485637,0.9296875,2,"{""harmful"":119,""benign"":9}","{""harmful"":51,""benign"":77}","[""harmful"",""benign""]","[[49,70],[2,7]]",True
intern-decision-0.8b,wildjailbreak,s1q-ac,complete,128,128,128,0.5546875,0.503734827264239,0.41232380185259765,0.9296875,2,"{""harmful"":119,""benign"":9}","{""harmful"":72,""benign"":56}","[""harmful"",""benign""]","[[67,52],[5,4]]",True
intern-decision-0.8b,wildjailbreak,s1q-margin,complete,128,128,128,0.375,0.35574229691876746,0.29958960328317374,0.9296875,2,"{""harmful"":119,""benign"":9}","{""harmful"":51,""benign"":77}","[""harmful"",""benign""]","[[45,74],[6,3]]",True
intern-decision-0.8b,wildjailbreak,s1q,complete,128,128,128,0.5,0.42296918767506997,0.3708141321044547,0.9296875,2,"{""harmful"":119,""benign"":9}","{""harmful"":67,""benign"":61}","[""harmful"",""benign""]","[[61,58],[6,3]]",True
intern-decision-2b,mnli,native,complete,122,122,122,0.5819672131147541,0.5770099367660343,0.5819401916962893,0.36885245901639346,3,"{""entailment"":41,""neutral"":45,""contradiction"":36}","{""entailment"":41,""neutral"":54,""contradiction"":27}","[""entailment"",""neutral"",""contradiction""]","[[22,13,6],[13,30,2],[6,11,19]]",True
intern-decision-2b,mnli,rtn,complete,122,122,122,0.32786885245901637,0.33071364046973806,0.31300304633637965,0.36885245901639346,3,"{""entailment"":41,""neutral"":45,""contradiction"":36}","{""entailment"":67,""neutral"":25,""contradiction"":30}","[""entailment"",""neutral"",""contradiction""]","[[22,11,8],[25,8,12],[20,6,10]]",True
intern-decision-2b,mnli,s1q-local,complete,122,122,122,0.3770491803278688,0.3708672086720867,0.30743601175494867,0.36885245901639346,3,"{""entailment"":41,""neutral"":45,""contradiction"":36}","{""entailment"":88,""neutral"":21,""contradiction"":13}","[""entailment"",""neutral"",""contradiction""]","[[34,3,4],[30,9,6],[24,9,3]]",True
intern-decision-2b,mnli,s1q2-beta05,complete,122,122,122,0.36065573770491804,0.3584010840108401,0.3318303811057434,0.36885245901639346,3,"{""entailment"":41,""neutral"":45,""contradiction"":36}","{""entailment"":74,""neutral"":30,""contradiction"":18}","[""entailment"",""neutral"",""contradiction""]","[[27,7,7],[31,10,4],[16,13,7]]",True
intern-decision-2b,mnli,smoothquant-adapted,complete,122,122,122,0.26229508196721313,0.27009936766034326,0.25080500604261463,0.36885245901639346,3,"{""entailment"":41,""neutral"":45,""contradiction"":36}","{""entailment"":62,""neutral"":12,""contradiction"":48}","[""entailment"",""neutral"",""contradiction""]","[[15,5,21],[25,5,15],[22,2,12]]",True
intern-decision-2b,mnli,awq-adapted,complete,122,122,122,0.28688524590163933,0.2884372177055104,0.2507208191418718,0.36885245901639346,3,"{""entailment"":41,""neutral"":45,""contradiction"":36}","{""entailment"":76,""neutral"":25,""contradiction"":21}","[""entailment"",""neutral"",""contradiction""]","[[25,10,6],[32,4,9],[19,11,6]]",True
intern-decision-2b,mnli,gptq-blockdiag-adapted,complete,122,122,122,0.3770491803278688,0.37917795844625113,0.36003382485069496,0.36885245901639346,3,"{""entailment"":41,""neutral"":45,""contradiction"":36}","{""entailment"":65,""neutral"":23,""contradiction"":34}","[""entailment"",""neutral"",""contradiction""]","[[25,9,7],[19,10,16],[21,4,11]]",True
intern-decision-2b,mnli,spinquant-nohad-adapted,complete,122,122,122,0.32786885245901637,0.31350496838301717,0.29939464356377293,0.36885245901639346,3,"{""entailment"":41,""neutral"":45,""contradiction"":36}","{""entailment"":42,""neutral"":63,""contradiction"":17}","[""entailment"",""neutral"",""contradiction""]","[[11,24,6],[15,24,6],[16,15,5]]",True
intern-decision-2b,mnli,spinquant-had-adapted,complete,122,122,122,0.3442622950819672,0.3403794037940379,0.3339138511552305,0.36885245901639346,3,"{""entailment"":41,""neutral"":45,""contradiction"":36}","{""entailment"":58,""neutral"":42,""contradiction"":22}","[""entailment"",""neutral"",""contradiction""]","[[20,15,6],[23,14,8],[15,13,8]]",True
intern-decision-2b,mnli,s1q-joint,complete,122,122,122,0.3360655737704918,0.32389340560072266,0.31389057463823816,0.36885245901639346,3,"{""entailment"":41,""neutral"":45,""contradiction"":36}","{""entailment"":36,""neutral"":62,""contradiction"":24}","[""entailment"",""neutral"",""contradiction""]","[[10,20,11],[15,24,6],[11,18,7]]",True
intern-decision-2b,mnli,s1q-ac,complete,122,122,122,0.3770491803278688,0.3722673893405601,0.3728976697061803,0.36885245901639346,3,"{""entailment"":41,""neutral"":45,""contradiction"":36}","{""entailment"":39,""neutral"":49,""contradiction"":34}","[""entailment"",""neutral"",""contradiction""]","[[18,14,9],[12,18,15],[9,17,10]]",True
intern-decision-2b,mnli,s1q-margin,complete,122,122,122,0.319672131147541,0.32023486901535686,0.27321937321937323,0.36885245901639346,3,"{""entailment"":41,""neutral"":45,""contradiction"":36}","{""entailment"":89,""neutral"":15,""contradiction"":18}","[""entailment"",""neutral"",""contradiction""]","[[28,8,5],[33,5,7],[28,2,6]]",True
intern-decision-2b,mnli,s1q,complete,122,122,122,0.319672131147541,0.3258807588075881,0.2973544973544973,0.36885245901639346,3,"{""entailment"":41,""neutral"":45,""contradiction"":36}","{""entailment"":74,""neutral"":18,""contradiction"":30}","[""entailment"",""neutral"",""contradiction""]","[[23,7,11],[32,5,8],[19,6,11]]",True
intern-decision-2b,tweet-offensive,native,complete,128,128,128,0.78125,0.7788493515131361,0.7380116959064327,0.7578125,2,"{""not_offensive"":97,""offensive"":31}","{""not_offensive"":83,""offensive"":45}","[""not_offensive"",""offensive""]","[[76,21],[7,24]]",True
intern-decision-2b,tweet-offensive,rtn,complete,128,128,128,0.578125,0.5350848021283672,0.5155592935239698,0.7578125,2,"{""not_offensive"":97,""offensive"":31}","{""not_offensive"":77,""offensive"":51}","[""not_offensive"",""offensive""]","[[60,37],[17,14]]",True
intern-decision-2b,tweet-offensive,s1q-local,complete,128,128,128,0.546875,0.4486198869304955,0.4487674487674488,0.7578125,2,"{""not_offensive"":97,""offensive"":31}","{""not_offensive"":85,""offensive"":43}","[""not_offensive"",""offensive""]","[[62,35],[23,8]]",True
intern-decision-2b,tweet-offensive,s1q2-beta05,complete,128,128,128,0.578125,0.5021616228799468,0.49473684210526314,0.7578125,2,"{""not_offensive"":97,""offensive"":31}","{""not_offensive"":83,""offensive"":45}","[""not_offensive"",""offensive""]","[[63,34],[20,11]]",True
intern-decision-2b,tweet-offensive,smoothquant-adapted,complete,128,128,128,0.609375,0.456933821084137,0.4557823129251701,0.7578125,2,"{""not_offensive"":97,""offensive"":31}","{""not_offensive"":99,""offensive"":29}","[""not_offensive"",""offensive""]","[[73,24],[26,5]]",True
intern-decision-2b,tweet-offensive,awq-adapted,complete,128,128,128,0.578125,0.5021616228799468,0.49473684210526314,0.7578125,2,"{""not_offensive"":97,""offensive"":31}","{""not_offensive"":83,""offensive"":45}","[""not_offensive"",""offensive""]","[[63,34],[20,11]]",True
intern-decision-2b,tweet-offensive,gptq-blockdiag-adapted,complete,128,128,128,0.59375,0.4795477219820419,0.4793491864831039,0.7578125,2,"{""not_offensive"":97,""offensive"":31}","{""not_offensive"":91,""offensive"":37}","[""not_offensive"",""offensive""]","[[68,29],[23,8]]",True
intern-decision-2b,tweet-offensive,spinquant-nohad-adapted,complete,128,128,128,0.5625,0.6015962753574992,0.5370705244122965,0.7578125,2,"{""not_offensive"":97,""offensive"":31}","{""not_offensive"":61,""offensive"":67}","[""not_offensive"",""offensive""]","[[51,46],[10,21]]",True
intern-decision-2b,tweet-offensive,spinquant-had-adapted,complete,128,128,128,0.5390625,0.5202859993348853,0.49189261925587024,0.7578125,2,"{""not_offensive"":97,""offensive"":31}","{""not_offensive"":70,""offensive"":58}","[""not_offensive"",""offensive""]","[[54,43],[16,15]]",True
intern-decision-2b,tweet-offensive,s1q-joint,complete,128,128,128,0.4921875,0.5991020951114067,0.4868948504471169,0.7578125,2,"{""not_offensive"":97,""offensive"":31}","{""not_offensive"":44,""offensive"":84}","[""not_offensive"",""offensive""]","[[38,59],[6,25]]",True
intern-decision-2b,tweet-offensive,s1q-ac,complete,128,128,128,0.6328125,0.6260392417692051,0.5861025111799105,0.7578125,2,"{""not_offensive"":97,""offensive"":31}","{""not_offensive"":74,""offensive"":54}","[""not_offensive"",""offensive""]","[[62,35],[12,19]]",True
intern-decision-2b,tweet-offensive,s1q-margin,complete,128,128,128,0.6171875,0.5389092118390422,0.5305037802230705,0.7578125,2,"{""not_offensive"":97,""offensive"":31}","{""not_offensive"":86,""offensive"":42}","[""not_offensive"",""offensive""]","[[67,30],[19,12]]",True
intern-decision-2b,tweet-offensive,s1q,complete,128,128,128,0.625,0.5989358164283338,0.5693860386879731,0.7578125,2,"{""not_offensive"":97,""offensive"":31}","{""not_offensive"":77,""offensive"":51}","[""not_offensive"",""offensive""]","[[63,34],[14,17]]",True
intern-decision-2b,wanli,native,complete,256,256,256,0.54296875,0.5274170907652201,0.5165005379420995,0.37109375,3,"{""supported"":95,""insufficient"":78,""contradicted"":83}","{""supported"":149,""insufficient"":71,""contradicted"":36}","[""supported"",""insufficient"",""contradicted""]","[[78,12,5],[40,34,4],[31,25,27]]",True
intern-decision-2b,wanli,rtn,complete,256,256,256,0.33203125,0.33285530787116074,0.33230603925497587,0.37109375,3,"{""supported"":95,""insufficient"":78,""contradicted"":83}","{""supported"":84,""insufficient"":84,""contradicted"":88}","[""supported"",""insufficient"",""contradicted""]","[[32,26,37],[20,30,28],[32,28,23]]",True
intern-decision-2b,wanli,s1q-local,complete,256,256,256,0.296875,0.29591564639123297,0.29563950458061716,0.37109375,3,"{""supported"":95,""insufficient"":78,""contradicted"":83}","{""supported"":86,""insufficient"":81,""contradicted"":89}","[""supported"",""insufficient"",""contradicted""]","[[29,32,34],[28,21,29],[29,28,26]]",True
intern-decision-2b,wanli,s1q2-beta05,complete,256,256,256,0.3515625,0.3514061644689419,0.3508307930841674,0.37109375,3,"{""supported"":95,""insufficient"":78,""contradicted"":83}","{""supported"":88,""insufficient"":88,""contradicted"":80}","[""supported"",""insufficient"",""contradicted""]","[[34,34,27],[25,28,25],[29,26,28]]",True
intern-decision-2b,wanli,smoothquant-adapted,complete,256,256,256,0.30078125,0.30401281238313577,0.3009027868322058,0.37109375,3,"{""supported"":95,""insufficient"":78,""contradicted"":83}","{""supported"":76,""insufficient"":90,""contradicted"":90}","[""supported"",""insufficient"",""contradicted""]","[[24,32,39],[26,27,25],[26,31,26]]",True
intern-decision-2b,wanli,awq-adapted,complete,256,256,256,0.3984375,0.4006362833249327,0.3988026923370375,0.37109375,3,"{""supported"":95,""insufficient"":78,""contradicted"":83}","{""supported"":81,""insufficient"":85,""contradicted"":90}","[""supported"",""insufficient"",""contradicted""]","[[35,25,35],[22,34,22],[24,26,33]]",True
intern-decision-2b,wanli,gptq-blockdiag-adapted,complete,256,256,256,0.375,0.3775544824371711,0.3747991967871486,0.37109375,3,"{""supported"":95,""insufficient"":78,""contradicted"":83}","{""supported"":81,""insufficient"":92,""contradicted"":83}","[""supported"",""insufficient"",""contradicted""]","[[33,29,33],[23,34,21],[25,29,29]]",True
intern-decision-2b,wanli,spinquant-nohad-adapted,complete,256,256,256,0.328125,0.32883165590838387,0.32871539634473723,0.37109375,3,"{""supported"":95,""insufficient"":78,""contradicted"":83}","{""supported"":75,""insufficient"":88,""contradicted"":93}","[""supported"",""insufficient"",""contradicted""]","[[31,28,36],[18,28,32],[26,32,25]]",True
intern-decision-2b,wanli,spinquant-had-adapted,complete,256,256,256,0.34375,0.33750602951617537,0.3360733904636344,0.37109375,3,"{""supported"":95,""insufficient"":78,""contradicted"":83}","{""supported"":105,""insufficient"":70,""contradicted"":81}","[""supported"",""insufficient"",""contradicted""]","[[41,29,25],[31,19,28],[33,22,28]]",True
intern-decision-2b,wanli,s1q-joint,complete,256,256,256,0.36328125,0.357616701624311,0.35420374501792296,0.37109375,3,"{""supported"":95,""insufficient"":78,""contradicted"":83}","{""supported"":110,""insufficient"":90,""contradicted"":56}","[""supported"",""insufficient"",""contradicted""]","[[45,31,19],[35,27,16],[30,32,21]]",True
intern-decision-2b,wanli,s1q-ac,complete,256,256,256,0.31640625,0.3142318260897842,0.3144705095192717,0.37109375,3,"{""supported"":95,""insufficient"":78,""contradicted"":83}","{""supported"":90,""insufficient"":94,""contradicted"":72}","[""supported"",""insufficient"",""contradicted""]","[[34,32,29],[34,24,20],[22,38,23]]",True
intern-decision-2b,wanli,s1q-margin,complete,256,256,256,0.37109375,0.3613330515042626,0.3497043762530488,0.37109375,3,"{""supported"":95,""insufficient"":78,""contradicted"":83}","{""supported"":131,""insufficient"":76,""contradicted"":49}","[""supported"",""insufficient"",""contradicted""]","[[53,23,19],[38,26,14],[40,27,16]]",True
intern-decision-2b,wanli,s1q,complete,256,256,256,0.359375,0.35309334504007933,0.3481381349161785,0.37109375,3,"{""supported"":95,""insufficient"":78,""contradicted"":83}","{""supported"":114,""insufficient"":79,""contradicted"":63}","[""supported"",""insufficient"",""contradicted""]","[[46,26,23],[30,27,21],[38,26,19]]",True
intern-decision-2b,wildjailbreak,native,complete,128,128,128,0.7265625,0.7502334267040149,0.5583160800552105,0.9296875,2,"{""harmful"":119,""benign"":9}","{""harmful"":88,""benign"":40}","[""harmful"",""benign""]","[[86,33],[2,7]]",True
intern-decision-2b,wildjailbreak,rtn,complete,128,128,128,0.625,0.5929038281979458,0.46499477533960293,0.9296875,2,"{""harmful"":119,""benign"":9}","{""harmful"":79,""benign"":49}","[""harmful"",""benign""]","[[75,44],[4,5]]",True
intern-decision-2b,wildjailbreak,s1q-local,complete,128,128,128,0.59375,0.6788048552754435,0.4692185007974482,0.9296875,2,"{""harmful"":119,""benign"":9}","{""harmful"":71,""benign"":57}","[""harmful"",""benign""]","[[69,50],[2,7]]",True
intern-decision-2b,wildjailbreak,s1q2-beta05,complete,128,128,128,0.5,0.5770308123249299,0.40116959064327484,0.9296875,2,"{""harmful"":119,""benign"":9}","{""harmful"":61,""benign"":67}","[""harmful"",""benign""]","[[58,61],[3,6]]",True
intern-decision-2b,wildjailbreak,smoothquant-adapted,complete,128,128,128,0.796875,0.4799253034547152,0.47869674185463656,0.9296875,2,"{""harmful"":119,""benign"":9}","{""harmful"":109,""benign"":19}","[""harmful"",""benign""]","[[101,18],[8,1]]",True
intern-decision-2b,wildjailbreak,awq-adapted,complete,128,128,128,0.546875,0.44817927170868344,0.3958333333333333,0.9296875,2,"{""harmful"":119,""benign"":9}","{""harmful"":73,""benign"":55}","[""harmful"",""benign""]","[[67,52],[6,3]]",True
intern-decision-2b,wildjailbreak,gptq-blockdiag-adapted,complete,128,128,128,0.625,0.5415499533146592,0.4514285714285714,0.9296875,2,"{""harmful"":119,""benign"":9}","{""harmful"":81,""benign"":47}","[""harmful"",""benign""]","[[76,43],[5,4]]",True
intern-decision-2b,wildjailbreak,spinquant-nohad-adapted,complete,128,128,128,0.578125,0.36227824463118585,0.38285714285714284,0.9296875,2,"{""harmful"":119,""benign"":9}","{""harmful"":81,""benign"":47}","[""harmful"",""benign""]","[[73,46],[8,1]]",True
intern-decision-2b,wildjailbreak,spinquant-had-adapted,complete,128,128,128,0.3515625,0.49719887955182074,0.3053939195815626,0.9296875,2,"{""harmful"":119,""benign"":9}","{""harmful"":42,""benign"":86}","[""harmful"",""benign""]","[[39,80],[3,6]]",True
intern-decision-2b,wildjailbreak,s1q-joint,complete,128,128,128,0.21875,0.5798319327731092,0.21395234586096784,0.9296875,2,"{""harmful"":119,""benign"":9}","{""harmful"":19,""benign"":109}","[""harmful"",""benign""]","[[19,100],[0,9]]",True
intern-decision-2b,wildjailbreak,s1q-ac,complete,128,128,128,0.1796875,0.507469654528478,0.17722681359044995,0.9296875,2,"{""harmful"":119,""benign"":9}","{""harmful"":16,""benign"":112}","[""harmful"",""benign""]","[[15,104],[1,8]]",True
intern-decision-2b,wildjailbreak,s1q-margin,complete,128,128,128,0.328125,0.5359477124183006,0.2943589743589744,0.9296875,2,"{""harmful"":119,""benign"":9}","{""harmful"":37,""benign"":91}","[""harmful"",""benign""]","[[35,84],[2,7]]",True
intern-decision-2b,wildjailbreak,s1q,complete,128,128,128,0.4453125,0.5989729225023342,0.374750601995184,0.9296875,2,"{""harmful"":119,""benign"":9}","{""harmful"":52,""benign"":76}","[""harmful"",""benign""]","[[50,69],[2,7]]",True
intern-decision-4b,mnli,native,complete,122,122,122,0.7868852459016393,0.7906052393857271,0.788777046841563,0.36885245901639346,3,"{""entailment"":41,""neutral"":45,""contradiction"":36}","{""entailment"":36,""neutral"":48,""contradiction"":38}","[""entailment"",""neutral"",""contradiction""]","[[28,10,3],[6,36,3],[2,2,32]]",True
intern-decision-4b,mnli,rtn,complete,122,122,122,0.30327868852459017,0.3101174345076784,0.30088183289097786,0.36885245901639346,3,"{""entailment"":41,""neutral"":45,""contradiction"":36}","{""entailment"":48,""neutral"":28,""contradiction"":46}","[""entailment"",""neutral"",""contradiction""]","[[14,11,16],[20,9,16],[14,8,14]]",True
intern-decision-4b,mnli,s1q-local,complete,122,122,122,0.36885245901639346,0.3521228545618789,0.2998978549540347,0.36885245901639346,3,"{""entailment"":41,""neutral"":45,""contradiction"":36}","{""entailment"":69,""neutral"":44,""contradiction"":9}","[""entailment"",""neutral"",""contradiction""]","[[26,11,4],[21,19,5],[22,14,0]]",True
intern-decision-4b,mnli,s1q2-beta05,complete,122,122,122,0.3770491803278688,0.3713640469738031,0.3463659147869674,0.36885245901639346,3,"{""entailment"":41,""neutral"":45,""contradiction"":36}","{""entailment"":69,""neutral"":32,""contradiction"":21}","[""entailment"",""neutral"",""contradiction""]","[[27,8,6],[23,13,9],[19,11,6]]",True
intern-decision-4b,mnli,smoothquant-adapted,complete,122,122,122,0.28688524590163933,0.2845076784101174,0.27892255892255896,0.36885245901639346,3,"{""entailment"":41,""neutral"":45,""contradiction"":36}","{""entailment"":58,""neutral"":30,""contradiction"":34}","[""entailment"",""neutral"",""contradiction""]","[[17,10,14],[21,11,13],[20,9,7]]",True
intern-decision-4b,mnli,awq-adapted,complete,122,122,122,0.29508196721311475,0.28306233062330627,0.27078565980167807,0.36885245901639346,3,"{""entailment"":41,""neutral"":45,""contradiction"":36}","{""entailment"":54,""neutral"":47,""contradiction"":21}","[""entailment"",""neutral"",""contradiction""]","[[15,15,11],[20,18,7],[19,14,3]]",True
intern-decision-4b,mnli,gptq-blockdiag-adapted,complete,122,122,122,0.32786885245901637,0.32547425474254743,0.2988333160746954,0.36885245901639346,3,"{""entailment"":41,""neutral"":45,""contradiction"":36}","{""entailment"":75,""neutral"":29,""contradiction"":18}","[""entailment"",""neutral"",""contradiction""]","[[25,11,5],[29,9,7],[21,9,6]]",True
intern-decision-4b,mnli,spinquant-nohad-adapted,complete,122,122,122,0.4016393442622951,0.38554652213188795,0.3645688513737173,0.36885245901639346,3,"{""entailment"":41,""neutral"":45,""contradiction"":36}","{""entailment"":55,""neutral"":50,""contradiction"":17}","[""entailment"",""neutral"",""contradiction""]","[[21,15,5],[13,24,8],[21,11,4]]",True
intern-decision-4b,mnli,spinquant-had-adapted,complete,122,122,122,0.38524590163934425,0.3780487804878048,0.3573069161621721,0.36885245901639346,3,"{""entailment"":41,""neutral"":45,""contradiction"":36}","{""entailment"":74,""neutral"":34,""contradiction"":14}","[""entailment"",""neutral"",""contradiction""]","[[26,11,4],[26,15,4],[22,8,6]]",True
intern-decision-4b,mnli,s1q-joint,complete,122,122,122,0.36885245901639346,0.3600271002710027,0.3571337248791402,0.36885245901639346,3,"{""entailment"":41,""neutral"":45,""contradiction"":36}","{""entailment"":40,""neutral"":58,""contradiction"":24}","[""entailment"",""neutral"",""contradiction""]","[[19,19,3],[12,19,14],[9,20,7]]",True
intern-decision-4b,mnli,s1q-ac,complete,122,122,122,0.48360655737704916,0.47804878048780486,0.47666040100250623,0.36885245901639346,3,"{""entailment"":41,""neutral"":45,""contradiction"":36}","{""entailment"":50,""neutral"":51,""contradiction"":21}","[""entailment"",""neutral"",""contradiction""]","[[26,13,2],[17,21,7],[7,17,12]]",True
intern-decision-4b,mnli,s1q-margin,complete,122,122,122,0.3114754098360656,0.30578139114724484,0.2995370279932019,0.36885245901639346,3,"{""entailment"":41,""neutral"":45,""contradiction"":36}","{""entailment"":29,""neutral"":58,""contradiction"":35}","[""entailment"",""neutral"",""contradiction""]","[[8,24,9],[9,20,16],[12,14,10]]",True
intern-decision-4b,mnli,s1q,complete,122,122,122,0.4098360655737705,0.40672990063233966,0.410575324243432,0.36885245901639346,3,"{""entailment"":41,""neutral"":45,""contradiction"":36}","{""entailment"":44,""neutral"":52,""contradiction"":26}","[""entailment"",""neutral"",""contradiction""]","[[17,19,5],[17,20,8],[10,13,13]]",True
intern-decision-4b,tweet-offensive,native,complete,128,128,128,0.8125,0.7555703358829398,0.75,0.7578125,2,"{""not_offensive"":97,""offensive"":31}","{""not_offensive"":95,""offensive"":33}","[""not_offensive"",""offensive""]","[[84,13],[11,20]]",True
intern-decision-4b,tweet-offensive,rtn,complete,128,128,128,0.578125,0.5241104090455604,0.5090909090909091,0.7578125,2,"{""not_offensive"":97,""offensive"":31}","{""not_offensive"":79,""offensive"":49}","[""not_offensive"",""offensive""]","[[61,36],[18,13]]",True
intern-decision-4b,tweet-offensive,s1q-local,complete,128,128,128,0.5625,0.5028267376122382,0.49090909090909085,0.7578125,2,"{""not_offensive"":97,""offensive"":31}","{""not_offensive"":79,""offensive"":49}","[""not_offensive"",""offensive""]","[[60,37],[19,12]]",True
intern-decision-4b,tweet-offensive,s1q2-beta05,complete,128,128,128,0.515625,0.48287329564349846,0.4632034632034632,0.7578125,2,"{""not_offensive"":97,""offensive"":31}","{""not_offensive"":71,""offensive"":57}","[""not_offensive"",""offensive""]","[[53,44],[18,13]]",True
intern-decision-4b,tweet-offensive,smoothquant-adapted,complete,128,128,128,0.640625,0.5433987362820086,0.5394242803504381,0.7578125,2,"{""not_offensive"":97,""offensive"":31}","{""not_offensive"":91,""offensive"":37}","[""not_offensive"",""offensive""]","[[71,26],[20,11]]",True
intern-decision-4b,tweet-offensive,awq-adapted,complete,128,128,128,0.46875,0.4738942467575657,0.4378713510720744,0.7578125,2,"{""not_offensive"":97,""offensive"":31}","{""not_offensive"":61,""offensive"":67}","[""not_offensive"",""offensive""]","[[45,52],[16,15]]",True
intern-decision-4b,tweet-offensive,gptq-blockdiag-adapted,complete,128,128,128,0.59375,0.5124709012304622,0.5057915057915058,0.7578125,2,"{""not_offensive"":97,""offensive"":31}","{""not_offensive"":85,""offensive"":43}","[""not_offensive"",""offensive""]","[[65,32],[20,11]]",True
intern-decision-4b,tweet-offensive,spinquant-nohad-adapted,complete,128,128,128,0.5,0.5054871965414034,0.4666666666666667,0.7578125,2,"{""not_offensive"":97,""offensive"":31}","{""not_offensive"":63,""offensive"":65}","[""not_offensive"",""offensive""]","[[48,49],[15,16]]",True
intern-decision-4b,tweet-offensive,spinquant-had-adapted,complete,128,128,128,0.5546875,0.49767209843698035,0.4852910052910053,0.7578125,2,"{""not_offensive"":97,""offensive"":31}","{""not_offensive"":78,""offensive"":50}","[""not_offensive"",""offensive""]","[[59,38],[19,12]]",True
intern-decision-4b,tweet-offensive,s1q-joint,complete,128,128,128,0.40625,0.5862986365147987,0.40494250061169557,0.7578125,2,"{""not_offensive"":97,""offensive"":31}","{""not_offensive"":25,""offensive"":103}","[""not_offensive"",""offensive""]","[[23,74],[2,29]]",True
intern-decision-4b,tweet-offensive,s1q-ac,complete,128,128,128,0.5703125,0.650648486863984,0.5559760327972249,0.7578125,2,"{""not_offensive"":97,""offensive"":31}","{""not_offensive"":54,""offensive"":74}","[""not_offensive"",""offensive""]","[[48,49],[6,25]]",True
intern-decision-4b,tweet-offensive,s1q-margin,complete,128,128,128,0.5546875,0.6732623877618888,0.5484869113187697,0.7578125,2,"{""not_offensive"":97,""offensive"":31}","{""not_offensive"":46,""offensive"":82}","[""not_offensive"",""offensive""]","[[43,54],[3,28]]",True
intern-decision-4b,tweet-offensive,s1q,complete,128,128,128,0.6796875,0.6459926837379448,0.6192410941014292,0.7578125,2,"{""not_offensive"":97,""offensive"":31}","{""not_offensive"":82,""offensive"":46}","[""not_offensive"",""offensive""]","[[69,28],[13,18]]",True
intern-decision-4b,wanli,native,complete,256,256,256,0.671875,0.6630137283276154,0.6649476247754583,0.37109375,3,"{""supported"":95,""insufficient"":78,""contradicted"":83}","{""supported"":110,""insufficient"":75,""contradicted"":71}","[""supported"",""insufficient"",""contradicted""]","[[75,18,2],[26,40,12],[9,17,57]]",True
intern-decision-4b,wanli,rtn,complete,256,256,256,0.33984375,0.3362914546173899,0.3364099086484398,0.37109375,3,"{""supported"":95,""insufficient"":78,""contradicted"":83}","{""supported"":97,""insufficient"":79,""contradicted"":80}","[""supported"",""insufficient"",""contradicted""]","[[37,30,28],[32,22,24],[28,27,28]]",True
intern-decision-4b,wanli,s1q-local,complete,256,256,256,0.34765625,0.34305914616631167,0.3427014089664692,0.37109375,3,"{""supported"":95,""insufficient"":78,""contradicted"":83}","{""supported"":103,""insufficient"":70,""contradicted"":83}","[""supported"",""insufficient"",""contradicted""]","[[40,23,32],[30,23,25],[33,24,26]]",True
intern-decision-4b,wanli,s1q2-beta05,complete,256,256,256,0.3125,0.3122449311415703,0.3130112804615517,0.37109375,3,"{""supported"":95,""insufficient"":78,""contradicted"":83}","{""supported"":101,""insufficient"":80,""contradicted"":75}","[""supported"",""insufficient"",""contradicted""]","[[30,35,30],[35,24,19],[36,21,26]]",True
intern-decision-4b,wanli,smoothquant-adapted,complete,256,256,256,0.30859375,0.31282484865236926,0.3083478441753648,0.37109375,3,"{""supported"":95,""insufficient"":78,""contradicted"":83}","{""supported"":80,""insufficient"":93,""contradicted"":83}","[""supported"",""insufficient"",""contradicted""]","[[25,31,39],[24,32,22],[31,30,22]]",True
intern-decision-4b,wanli,awq-adapted,complete,256,256,256,0.30078125,0.3014839384528668,0.2986831881568724,0.37109375,3,"{""supported"":95,""insufficient"":78,""contradicted"":83}","{""supported"":100,""insufficient"":87,""contradicted"":69}","[""supported"",""insufficient"",""contradicted""]","[[30,35,30],[28,29,21],[42,23,18]]",True
intern-decision-4b,wanli,gptq-blockdiag-adapted,complete,256,256,256,0.38671875,0.3896102629140042,0.3868522035831485,0.37109375,3,"{""supported"":95,""insufficient"":78,""contradicted"":83}","{""supported"":82,""insufficient"":89,""contradicted"":85}","[""supported"",""insufficient"",""contradicted""]","[[34,29,32],[18,36,24],[30,24,29]]",True
intern-decision-4b,wanli,spinquant-nohad-adapted,complete,256,256,256,0.34765625,0.3468828078847102,0.34662118589417235,0.37109375,3,"{""supported"":95,""insufficient"":78,""contradicted"":83}","{""supported"":88,""insufficient"":83,""contradicted"":85}","[""supported"",""insufficient"",""contradicted""]","[[35,29,31],[22,28,28],[31,26,26]]",True
intern-decision-4b,wanli,spinquant-had-adapted,complete,256,256,256,0.30078125,0.3032632554509536,0.3006125414163363,0.37109375,3,"{""supported"":95,""insufficient"":78,""contradicted"":83}","{""supported"":89,""insufficient"":88,""contradicted"":79}","[""supported"",""insufficient"",""contradicted""]","[[27,31,37],[26,30,22],[36,27,20]]",True
intern-decision-4b,wanli,s1q-joint,complete,256,256,256,0.39453125,0.3777821136096342,0.3600809037358544,0.37109375,3,"{""supported"":95,""insufficient"":78,""contradicted"":83}","{""supported"":152,""insufficient"":46,""contradicted"":58}","[""supported"",""insufficient"",""contradicted""]","[[63,14,18],[44,16,18],[45,16,22]]",True
intern-decision-4b,wanli,s1q-ac,complete,256,256,256,0.4140625,0.40218580123462805,0.3948632948986723,0.37109375,3,"{""supported"":95,""insufficient"":78,""contradicted"":83}","{""supported"":130,""insufficient"":50,""contradicted"":76}","[""supported"",""insufficient"",""contradicted""]","[[56,15,24],[38,19,21],[36,16,31]]",True
intern-decision-4b,wanli,s1q-margin,complete,256,256,256,0.43359375,0.4278994520592492,0.4253792882999145,0.37109375,3,"{""supported"":95,""insufficient"":78,""contradicted"":83}","{""supported"":121,""insufficient"":81,""contradicted"":54}","[""supported"",""insufficient"",""contradicted""]","[[52,29,14],[31,33,14],[38,19,26]]",True
intern-decision-4b,wanli,s1q,complete,256,256,256,0.41796875,0.41206987193036654,0.4131221719457014,0.37109375,3,"{""supported"":95,""insufficient"":78,""contradicted"":83}","{""supported"":109,""insufficient"":87,""contradicted"":60}","[""supported"",""insufficient"",""contradicted""]","[[49,34,12],[32,28,18],[28,25,30]]",True
intern-decision-4b,wildjailbreak,native,complete,128,128,128,0.8671875,0.8772175536881419,0.7043076504959913,0.9296875,2,"{""harmful"":119,""benign"":9}","{""harmful"":104,""benign"":24}","[""harmful"",""benign""]","[[103,16],[1,8]]",True
intern-decision-4b,wildjailbreak,rtn,complete,128,128,128,0.609375,0.5331465919701214,0.44270289097875304,0.9296875,2,"{""harmful"":119,""benign"":9}","{""harmful"":79,""benign"":49}","[""harmful"",""benign""]","[[74,45],[5,4]]",True
intern-decision-4b,wildjailbreak,s1q-local,complete,128,128,128,0.5625,0.6619981325863679,0.44946236559139785,0.9296875,2,"{""harmful"":119,""benign"":9}","{""harmful"":67,""benign"":61}","[""harmful"",""benign""]","[[65,54],[2,7]]",True
intern-decision-4b,wildjailbreak,s1q2-beta05,complete,128,128,128,0.4921875,0.3160597572362278,0.34296770117665637,0.9296875,2,"{""harmful"":119,""benign"":9}","{""harmful"":70,""benign"":58}","[""harmful"",""benign""]","[[62,57],[8,1]]",True
intern-decision-4b,wildjailbreak,smoothquant-adapted,complete,128,128,128,0.6171875,0.588702147525677,0.4603802804783619,0.9296875,2,"{""harmful"":119,""benign"":9}","{""harmful"":78,""benign"":50}","[""harmful"",""benign""]","[[74,45],[4,5]]",True
intern-decision-4b,wildjailbreak,awq-adapted,complete,128,128,128,0.3203125,0.48039215686274506,0.2835359969117931,0.9296875,2,"{""harmful"":119,""benign"":9}","{""harmful"":38,""benign"":90}","[""harmful"",""benign""]","[[35,84],[3,6]]",True
intern-decision-4b,wildjailbreak,gptq-blockdiag-adapted,complete,128,128,128,0.625,0.4388422035480859,0.420814479638009,0.9296875,2,"{""harmful"":119,""benign"":9}","{""harmful"":85,""benign"":43}","[""harmful"",""benign""]","[[78,41],[7,2]]",True
intern-decision-4b,wildjailbreak,spinquant-nohad-adapted,complete,128,128,128,0.4375,0.38935574229691877,0.33621434745030254,0.9296875,2,"{""harmful"":119,""benign"":9}","{""harmful"":59,""benign"":69}","[""harmful"",""benign""]","[[53,66],[6,3]]",True
intern-decision-4b,wildjailbreak,spinquant-had-adapted,complete,128,128,128,0.5390625,0.3926237161531279,0.37889629081338927,0.9296875,2,"{""harmful"":119,""benign"":9}","{""harmful"":74,""benign"":54}","[""harmful"",""benign""]","[[67,52],[7,2]]",True
intern-decision-4b,wildjailbreak,s1q-joint,complete,128,128,128,0.296875,0.6218487394957983,0.27927927927927926,0.9296875,2,"{""harmful"":119,""benign"":9}","{""harmful"":29,""benign"":99}","[""harmful"",""benign""]","[[29,90],[0,9]]",True
intern-decision-4b,wildjailbreak,s1q-ac,complete,128,128,128,0.46875,0.6629318394024276,0.39756367663344405,0.9296875,2,"{""harmful"":119,""benign"":9}","{""harmful"":53,""benign"":75}","[""harmful"",""benign""]","[[52,67],[1,8]]",True
intern-decision-4b,wildjailbreak,s1q-margin,complete,128,128,128,0.2265625,0.5326797385620915,0.21850138760407029,0.9296875,2,"{""harmful"":119,""benign"":9}","{""harmful"":22,""benign"":106}","[""harmful"",""benign""]","[[21,98],[1,8]]",True
intern-decision-4b,wildjailbreak,s1q,complete,128,128,128,0.3515625,0.5485527544351074,0.31115865914543217,0.9296875,2,"{""harmful"":119,""benign"":9}","{""harmful"":40,""benign"":88}","[""harmful"",""benign""]","[[38,81],[2,7]]",True
startlux-decision-0.8b,mnli,native,complete,122,122,122,0.8852459016393442,0.8908310749774163,0.8865221761152741,0.36885245901639346,3,"{""entailment"":41,""neutral"":45,""contradiction"":36}","{""entailment"":41,""neutral"":41,""contradiction"":40}","[""entailment"",""neutral"",""contradiction""]","[[36,4,1],[4,37,4],[1,0,35]]",True
startlux-decision-0.8b,mnli,rtn,complete,122,122,122,0.32786885245901637,0.3266937669376694,0.3201150093687407,0.36885245901639346,3,"{""entailment"":41,""neutral"":45,""contradiction"":36}","{""entailment"":59,""neutral"":32,""contradiction"":31}","[""entailment"",""neutral"",""contradiction""]","[[19,11,11],[22,12,11],[18,9,9]]",True
startlux-decision-0.8b,mnli,s1q-local,complete,122,122,122,0.4262295081967213,0.457542908762421,0.37959781173363516,0.36885245901639346,3,"{""entailment"":41,""neutral"":45,""contradiction"":36}","{""entailment"":21,""neutral"":12,""contradiction"":89}","[""entailment"",""neutral"",""contradiction""]","[[13,6,22],[7,5,33],[1,1,34]]",True
startlux-decision-0.8b,mnli,s1q2-beta05,complete,122,122,122,0.45901639344262296,0.4830623306233062,0.44024199843871975,0.36885245901639346,3,"{""entailment"":41,""neutral"":45,""contradiction"":36}","{""entailment"":22,""neutral"":16,""contradiction"":84}","[""entailment"",""neutral"",""contradiction""]","[[15,3,23],[5,10,30],[2,3,31]]",True
startlux-decision-0.8b,mnli,smoothquant-adapted,complete,122,122,122,0.3442622950819672,0.33563685636856366,0.33193847139704397,0.36885245901639346,3,"{""entailment"":41,""neutral"":45,""contradiction"":36}","{""entailment"":51,""neutral"":54,""contradiction"":17}","[""entailment"",""neutral"",""contradiction""]","[[16,19,6],[22,19,4],[13,16,7]]",True
startlux-decision-0.8b,mnli,awq-adapted,complete,122,122,122,0.38524590163934425,0.4057813911472448,0.3580135568223716,0.36885245901639346,3,"{""entailment"":41,""neutral"":45,""contradiction"":36}","{""entailment"":15,""neutral"":28,""contradiction"":79}","[""entailment"",""neutral"",""contradiction""]","[[8,11,22],[5,11,29],[2,6,28]]",True
startlux-decision-0.8b,mnli,gptq-blockdiag-adapted,complete,122,122,122,0.3114754098360656,0.307226738934056,0.3053273520668231,0.36885245901639346,3,"{""entailment"":41,""neutral"":45,""contradiction"":36}","{""entailment"":30,""neutral"":52,""contradiction"":40}","[""entailment"",""neutral"",""contradiction""]","[[10,16,15],[12,18,15],[8,18,10]]",True
startlux-decision-0.8b,mnli,spinquant-nohad-adapted,complete,122,122,122,0.38524590163934425,0.3841915085817525,0.3838177755403054,0.36885245901639346,3,"{""entailment"":41,""neutral"":45,""contradiction"":36}","{""entailment"":32,""neutral"":49,""contradiction"":41}","[""entailment"",""neutral"",""contradiction""]","[[14,15,12],[11,19,15],[7,15,14]]",True
startlux-decision-0.8b,mnli,spinquant-had-adapted,complete,122,122,122,0.30327868852459017,0.33888888888888885,0.17971633097683518,0.36885245901639346,3,"{""entailment"":41,""neutral"":45,""contradiction"":36}","{""entailment"":1,""neutral"":4,""contradiction"":117}","[""entailment"",""neutral"",""contradiction""]","[[0,1,40],[1,2,42],[0,1,35]]",True
startlux-decision-0.8b,mnli,s1q-joint,complete,122,122,122,0.4098360655737705,0.42533875338753385,0.4012481359141968,0.36885245901639346,3,"{""entailment"":41,""neutral"":45,""contradiction"":36}","{""entailment"":21,""neutral"":26,""contradiction"":75}","[""entailment"",""neutral"",""contradiction""]","[[12,5,24],[6,13,26],[3,8,25]]",True
startlux-decision-0.8b,mnli,s1q-ac,complete,122,122,122,0.4016393442622951,0.4160794941282746,0.3916269210386858,0.36885245901639346,3,"{""entailment"":41,""neutral"":45,""contradiction"":36}","{""entailment"":27,""neutral"":29,""contradiction"":66}","[""entailment"",""neutral"",""contradiction""]","[[12,9,20],[10,13,22],[5,7,24]]",True
startlux-decision-0.8b,mnli,s1q-margin,complete,122,122,122,0.4344262295081967,0.4476513098464318,0.40695491871962464,0.36885245901639346,3,"{""entailment"":41,""neutral"":45,""contradiction"":36}","{""entailment"":11,""neutral"":45,""contradiction"":66}","[""entailment"",""neutral"",""contradiction""]","[[7,19,15],[2,19,24],[2,7,27]]",True
startlux-decision-0.8b,mnli,s1q,complete,122,122,122,0.5,0.5037488708220416,0.49972492710568295,0.36885245901639346,3,"{""entailment"":41,""neutral"":45,""contradiction"":36}","{""entailment"":32,""neutral"":43,""contradiction"":47}","[""entailment"",""neutral"",""contradiction""]","[[18,13,10],[7,22,16],[7,8,21]]",True
startlux-decision-0.8b,tweet-offensive,native,complete,128,128,128,0.8359375,0.7271366810774859,0.7501626545217956,0.7578125,2,"{""not_offensive"":97,""offensive"":31}","{""not_offensive"":106,""offensive"":22}","[""not_offensive"",""offensive""]","[[91,6],[15,16]]",True
startlux-decision-0.8b,tweet-offensive,rtn,complete,128,128,128,0.515625,0.5487196541403392,0.49128205128205127,0.7578125,2,"{""not_offensive"":97,""offensive"":31}","{""not_offensive"":59,""offensive"":69}","[""not_offensive"",""offensive""]","[[47,50],[12,19]]",True
startlux-decision-0.8b,tweet-offensive,s1q-local,complete,128,128,128,0.7734375,0.5542068506817426,0.5418980624460077,0.7578125,2,"{""not_offensive"":97,""offensive"":31}","{""not_offensive"":122,""offensive"":6}","[""not_offensive"",""offensive""]","[[95,2],[27,4]]",True
startlux-decision-0.8b,tweet-offensive,s1q2-beta05,complete,128,128,128,0.765625,0.5161290322580645,0.4642857142857143,0.7578125,2,"{""not_offensive"":97,""offensive"":31}","{""not_offensive"":127,""offensive"":1}","[""not_offensive"",""offensive""]","[[97,0],[30,1]]",True
startlux-decision-0.8b,tweet-offensive,smoothquant-adapted,complete,128,128,128,0.546875,0.5034918523445294,0.48615725359911405,0.7578125,2,"{""not_offensive"":97,""offensive"":31}","{""not_offensive"":75,""offensive"":53}","[""not_offensive"",""offensive""]","[[57,40],[18,13]]",True
startlux-decision-0.8b,tweet-offensive,awq-adapted,complete,128,128,128,0.75,0.5277685400731627,0.5055528730082086,0.7578125,2,"{""not_offensive"":97,""offensive"":31}","{""not_offensive"":121,""offensive"":7}","[""not_offensive"",""offensive""]","[[93,4],[28,3]]",True
startlux-decision-0.8b,tweet-offensive,gptq-blockdiag-adapted,complete,128,128,128,0.5390625,0.5422347855004988,0.5018141038327066,0.7578125,2,"{""not_offensive"":97,""offensive"":31}","{""not_offensive"":66,""offensive"":62}","[""not_offensive"",""offensive""]","[[52,45],[14,17]]",True
startlux-decision-0.8b,tweet-offensive,spinquant-nohad-adapted,complete,128,128,128,0.625,0.5111406717658796,0.5100478468899521,0.7578125,2,"{""not_offensive"":97,""offensive"":31}","{""not_offensive"":93,""offensive"":35}","[""not_offensive"",""offensive""]","[[71,26],[22,9]]",True
startlux-decision-0.8b,tweet-offensive,spinquant-had-adapted,complete,128,128,128,0.7265625,0.5013302294645826,0.4706368899917287,0.7578125,2,"{""not_offensive"":97,""offensive"":31}","{""not_offensive"":120,""offensive"":8}","[""not_offensive"",""offensive""]","[[91,6],[29,2]]",True
startlux-decision-0.8b,tweet-offensive,s1q-joint,complete,128,128,128,0.7578125,0.5329231792484204,0.5103048253733184,0.7578125,2,"{""not_offensive"":97,""offensive"":31}","{""not_offensive"":122,""offensive"":6}","[""not_offensive"",""offensive""]","[[94,3],[28,3]]",True
startlux-decision-0.8b,tweet-offensive,s1q-ac,complete,128,128,128,0.7578125,0.5219487861656136,0.48700711053652235,0.7578125,2,"{""not_offensive"":97,""offensive"":31}","{""not_offensive"":124,""offensive"":4}","[""not_offensive"",""offensive""]","[[95,2],[29,2]]",True
startlux-decision-0.8b,tweet-offensive,s1q-margin,complete,128,128,128,0.78125,0.5703358829398071,0.5673587638821825,0.7578125,2,"{""not_offensive"":97,""offensive"":31}","{""not_offensive"":121,""offensive"":7}","[""not_offensive"",""offensive""]","[[95,2],[26,5]]",True
startlux-decision-0.8b,tweet-offensive,s1q,complete,128,128,128,0.7734375,0.5432324575989358,0.520103425985779,0.7578125,2,"{""not_offensive"":97,""offensive"":31}","{""not_offensive"":124,""offensive"":4}","[""not_offensive"",""offensive""]","[[96,1],[28,3]]",True
startlux-decision-0.8b,wanli,native,complete,256,256,256,0.734375,0.7191313160875622,0.7123231411951659,0.37109375,3,"{""supported"":95,""insufficient"":78,""contradicted"":83}","{""supported"":128,""insufficient"":42,""contradicted"":86}","[""supported"",""insufficient"",""contradicted""]","[[88,3,4],[28,34,16],[12,5,66]]",True
startlux-decision-0.8b,wanli,rtn,complete,256,256,256,0.40234375,0.406189399975069,0.4022703818369453,0.37109375,3,"{""supported"":95,""insufficient"":78,""contradicted"":83}","{""supported"":76,""insufficient"":93,""contradicted"":87}","[""supported"",""insufficient"",""contradicted""]","[[34,28,33],[17,38,23],[25,27,31]]",True
startlux-decision-0.8b,wanli,s1q-local,complete,256,256,256,0.4140625,0.41949444200553904,0.4141781864094014,0.37109375,3,"{""supported"":95,""insufficient"":78,""contradicted"":83}","{""supported"":63,""insufficient"":106,""contradicted"":87}","[""supported"",""insufficient"",""contradicted""]","[[30,41,24],[21,35,22],[12,30,41]]",True
startlux-decision-0.8b,wanli,s1q2-beta05,complete,256,256,256,0.43359375,0.44265645578264473,0.43385669169914554,0.37109375,3,"{""supported"":95,""insufficient"":78,""contradicted"":83}","{""supported"":56,""insufficient"":131,""contradicted"":69}","[""supported"",""insufficient"",""contradicted""]","[[29,51,15],[16,45,17],[11,35,37]]",True
startlux-decision-0.8b,wanli,smoothquant-adapted,complete,256,256,256,0.3125,0.31045802643773474,0.31147790039821927,0.37109375,3,"{""supported"":95,""insufficient"":78,""contradicted"":83}","{""supported"":87,""insufficient"":89,""contradicted"":80}","[""supported"",""insufficient"",""contradicted""]","[[32,39,24],[28,21,29],[27,29,27]]",True
startlux-decision-0.8b,wanli,awq-adapted,complete,256,256,256,0.41015625,0.41497108542130734,0.41030807918464623,0.37109375,3,"{""supported"":95,""insufficient"":78,""contradicted"":83}","{""supported"":58,""insufficient"":105,""contradicted"":93}","[""supported"",""insufficient"",""contradicted""]","[[31,38,26],[15,35,28],[12,32,39]]",True
startlux-decision-0.8b,wanli,gptq-blockdiag-adapted,complete,256,256,256,0.3515625,0.35038399210878596,0.3505983085938871,0.37109375,3,"{""supported"":95,""insufficient"":78,""contradicted"":83}","{""supported"":82,""insufficient"":83,""contradicted"":91}","[""supported"",""insufficient"",""contradicted""]","[[35,27,33],[23,26,29],[24,30,29]]",True
startlux-decision-0.8b,wanli,spinquant-nohad-adapted,complete,256,256,256,0.34375,0.34516094065872127,0.3436497790934984,0.37109375,3,"{""supported"":95,""insufficient"":78,""contradicted"":83}","{""supported"":72,""insufficient"":100,""contradicted"":84}","[""supported"",""insufficient"",""contradicted""]","[[32,36,27],[15,31,32],[25,33,25]]",True
startlux-decision-0.8b,wanli,spinquant-had-adapted,complete,256,256,256,0.37890625,0.37519524792828535,0.37815708339621307,0.37109375,3,"{""supported"":95,""insufficient"":78,""contradicted"":83}","{""supported"":87,""insufficient"":95,""contradicted"":74}","[""supported"",""insufficient"",""contradicted""]","[[41,36,18],[28,25,25],[18,34,31]]",True
startlux-decision-0.8b,wanli,s1q-joint,complete,256,256,256,0.453125,0.44844153943710063,0.44208494208494215,0.37109375,3,"{""supported"":95,""insufficient"":78,""contradicted"":83}","{""supported"":85,""insufficient"":69,""contradicted"":102}","[""supported"",""insufficient"",""contradicted""]","[[45,31,19],[24,21,33],[16,17,50]]",True
startlux-decision-0.8b,wanli,s1q-ac,complete,256,256,256,0.44921875,0.4477494322770163,0.4461581920903955,0.37109375,3,"{""supported"":95,""insufficient"":78,""contradicted"":83}","{""supported"":80,""insufficient"":82,""contradicted"":94}","[""supported"",""insufficient"",""contradicted""]","[[42,34,19],[20,28,30],[18,20,45]]",True
startlux-decision-0.8b,wanli,s1q-margin,complete,256,256,256,0.45703125,0.4604078933818947,0.4646089112755436,0.37109375,3,"{""supported"":95,""insufficient"":78,""contradicted"":83}","{""supported"":77,""insufficient"":135,""contradicted"":44}","[""supported"",""insufficient"",""contradicted""]","[[41,51,3],[25,44,9],[11,40,32]]",True
startlux-decision-0.8b,wanli,s1q,complete,256,256,256,0.40234375,0.40975562167699137,0.4024624342490619,0.37109375,3,"{""supported"":95,""insufficient"":78,""contradicted"":83}","{""supported"":66,""insufficient"":126,""contradicted"":64}","[""supported"",""insufficient"",""contradicted""]","[[29,51,15],[19,42,17],[18,33,32]]",True
startlux-decision-0.8b,wildjailbreak,native,complete,128,128,128,0.8671875,0.8258636788048552,0.6880286738351254,0.9296875,2,"{""harmful"":119,""benign"":9}","{""harmful"":106,""benign"":22}","[""harmful"",""benign""]","[[104,15],[2,7]]",True
startlux-decision-0.8b,wildjailbreak,rtn,complete,128,128,128,0.5390625,0.3926237161531279,0.37889629081338927,0.9296875,2,"{""harmful"":119,""benign"":9}","{""harmful"":74,""benign"":54}","[""harmful"",""benign""]","[[67,52],[7,2]]",True
startlux-decision-0.8b,wildjailbreak,s1q-local,complete,128,128,128,0.28125,0.6134453781512605,0.2667496886674969,0.9296875,2,"{""harmful"":119,""benign"":9}","{""harmful"":27,""benign"":101}","[""harmful"",""benign""]","[[27,92],[0,9]]",True
startlux-decision-0.8b,wildjailbreak,s1q2-beta05,complete,128,128,128,0.28125,0.6134453781512605,0.2667496886674969,0.9296875,2,"{""harmful"":119,""benign"":9}","{""harmful"":27,""benign"":101}","[""harmful"",""benign""]","[[27,92],[0,9]]",True
startlux-decision-0.8b,wildjailbreak,smoothquant-adapted,complete,128,128,128,0.4140625,0.530812324929972,0.34707202611711896,0.9296875,2,"{""harmful"":119,""benign"":9}","{""harmful"":50,""benign"":78}","[""harmful"",""benign""]","[[47,72],[3,6]]",True
startlux-decision-0.8b,wildjailbreak,awq-adapted,complete,128,128,128,0.1640625,0.5504201680672269,0.1636030534351145,0.9296875,2,"{""harmful"":119,""benign"":9}","{""harmful"":12,""benign"":116}","[""harmful"",""benign""]","[[12,107],[0,9]]",True
startlux-decision-0.8b,wildjailbreak,gptq-blockdiag-adapted,complete,128,128,128,0.5390625,0.5980392156862745,0.4250475827940617,0.9296875,2,"{""harmful"":119,""benign"":9}","{""harmful"":66,""benign"":62}","[""harmful"",""benign""]","[[63,56],[3,6]]",True
startlux-decision-0.8b,wildjailbreak,spinquant-nohad-adapted,complete,128,128,128,0.1875,0.5630252100840336,0.1857107903107414,0.9296875,2,"{""harmful"":119,""benign"":9}","{""harmful"":15,""benign"":113}","[""harmful"",""benign""]","[[15,104],[0,9]]",True
startlux-decision-0.8b,wildjailbreak,spinquant-had-adapted,complete,128,128,128,0.3359375,0.6428571428571428,0.30960086299892126,0.9296875,2,"{""harmful"":119,""benign"":9}","{""harmful"":34,""benign"":94}","[""harmful"",""benign""]","[[34,85],[0,9]]",True
startlux-decision-0.8b,wildjailbreak,s1q-joint,complete,128,128,128,0.1484375,0.4906629318394024,0.14796946564885496,0.9296875,2,"{""harmful"":119,""benign"":9}","{""harmful"":12,""benign"":116}","[""harmful"",""benign""]","[[11,108],[1,8]]",True
startlux-decision-0.8b,wildjailbreak,s1q-ac,complete,128,128,128,0.15625,0.546218487394958,0.15604395604395604,0.9296875,2,"{""harmful"":119,""benign"":9}","{""harmful"":11,""benign"":117}","[""harmful"",""benign""]","[[11,108],[0,9]]",True
startlux-decision-0.8b,wildjailbreak,s1q-margin,complete,128,128,128,0.21875,0.5284780578898226,0.21182266009852216,0.9296875,2,"{""harmful"":119,""benign"":9}","{""harmful"":21,""benign"":107}","[""harmful"",""benign""]","[[20,99],[1,8]]",True
startlux-decision-0.8b,wildjailbreak,s1q,complete,128,128,128,0.1796875,0.507469654528478,0.17722681359044995,0.9296875,2,"{""harmful"":119,""benign"":9}","{""harmful"":16,""benign"":112}","[""harmful"",""benign""]","[[15,104],[1,8]]",True
startlux-decision-2b,mnli,native,complete,122,122,122,0.8934426229508197,0.899683830171635,0.8948413810279879,0.36885245901639346,3,"{""entailment"":41,""neutral"":45,""contradiction"":36}","{""entailment"":45,""neutral"":38,""contradiction"":39}","[""entailment"",""neutral"",""contradiction""]","[[38,2,1],[6,36,3],[1,0,35]]",True
startlux-decision-2b,mnli,rtn,complete,122,122,122,0.3770491803278688,0.38328816621499556,0.365192808589035,0.36885245901639346,3,"{""entailment"":41,""neutral"":45,""contradiction"":36}","{""entailment"":65,""neutral"":21,""contradiction"":36}","[""entailment"",""neutral"",""contradiction""]","[[23,7,11],[25,9,11],[17,5,14]]",True
startlux-decision-2b,mnli,s1q-local,complete,122,122,122,0.319672131147541,0.32321589882565493,0.2769507569246284,0.36885245901639346,3,"{""entailment"":41,""neutral"":45,""contradiction"":36}","{""entailment"":77,""neutral"":13,""contradiction"":32}","[""entailment"",""neutral"",""contradiction""]","[[27,4,10],[27,4,14],[23,5,8]]",True
startlux-decision-2b,mnli,s1q2-beta05,complete,122,122,122,0.3770491803278688,0.37741644083107495,0.3734973441431367,0.36885245901639346,3,"{""entailment"":41,""neutral"":45,""contradiction"":36}","{""entailment"":57,""neutral"":28,""contradiction"":37}","[""entailment"",""neutral"",""contradiction""]","[[20,10,11],[17,14,14],[20,4,12]]",True
startlux-decision-2b,mnli,smoothquant-adapted,complete,122,122,122,0.29508196721311475,0.2921409214092141,0.2550118357445359,0.36885245901639346,3,"{""entailment"":41,""neutral"":45,""contradiction"":36}","{""entailment"":80,""neutral"":22,""contradiction"":20}","[""entailment"",""neutral"",""contradiction""]","[[25,8,8],[30,7,8],[25,7,4]]",True
startlux-decision-2b,mnli,awq-adapted,complete,122,122,122,0.3770491803278688,0.384327009936766,0.34857288869689446,0.36885245901639346,3,"{""entailment"":41,""neutral"":45,""contradiction"":36}","{""entailment"":75,""neutral"":14,""contradiction"":33}","[""entailment"",""neutral"",""contradiction""]","[[27,5,9],[28,6,11],[20,3,13]]",True
startlux-decision-2b,mnli,gptq-blockdiag-adapted,complete,122,122,122,0.29508196721311475,0.29941282746160797,0.2962700090607067,0.36885245901639346,3,"{""entailment"":41,""neutral"":45,""contradiction"":36}","{""entailment"":45,""neutral"":25,""contradiction"":52}","[""entailment"",""neutral"",""contradiction""]","[[12,9,20],[15,11,19],[18,5,13]]",True
startlux-decision-2b,mnli,spinquant-nohad-adapted,complete,122,122,122,0.3770491803278688,0.38071364046973805,0.3700613055451765,0.36885245901639346,3,"{""entailment"":41,""neutral"":45,""contradiction"":36}","{""entailment"":52,""neutral"":32,""contradiction"":38}","[""entailment"",""neutral"",""contradiction""]","[[22,13,6],[15,11,19],[15,8,13]]",True
startlux-decision-2b,mnli,spinquant-had-adapted,complete,122,122,122,0.4262295081967213,0.4230803974706414,0.4226167086578985,0.36885245901639346,3,"{""entailment"":41,""neutral"":45,""contradiction"":36}","{""entailment"":35,""neutral"":54,""contradiction"":33}","[""entailment"",""neutral"",""contradiction""]","[[14,19,8],[12,23,10],[9,12,15]]",True
startlux-decision-2b,mnli,s1q-joint,complete,122,122,122,0.5245901639344263,0.5455284552845528,0.5101434513199219,0.36885245901639346,3,"{""entailment"":41,""neutral"":45,""contradiction"":36}","{""entailment"":36,""neutral"":23,""contradiction"":63}","[""entailment"",""neutral"",""contradiction""]","[[22,6,13],[13,12,20],[1,5,30]]",True
startlux-decision-2b,mnli,s1q-ac,complete,122,122,122,0.4426229508196721,0.45537488708220414,0.4280892103676914,0.36885245901639346,3,"{""entailment"":41,""neutral"":45,""contradiction"":36}","{""entailment"":19,""neutral"":34,""contradiction"":69}","[""entailment"",""neutral"",""contradiction""]","[[10,9,22],[6,18,21],[3,7,26]]",True
startlux-decision-2b,mnli,s1q-margin,complete,122,122,122,0.4426229508196721,0.4471544715447155,0.44027659372927913,0.36885245901639346,3,"{""entailment"":41,""neutral"":45,""contradiction"":36}","{""entailment"":28,""neutral"":45,""contradiction"":49}","[""entailment"",""neutral"",""contradiction""]","[[14,15,12],[8,20,17],[6,10,20]]",True
startlux-decision-2b,mnli,s1q,complete,122,122,122,0.4344262295081967,0.4337850045167118,0.4326585695006748,0.36885245901639346,3,"{""entailment"":41,""neutral"":45,""contradiction"":36}","{""entailment"":37,""neutral"":45,""contradiction"":40}","[""entailment"",""neutral"",""contradiction""]","[[16,15,10],[10,21,14],[11,9,16]]",True
startlux-decision-2b,tweet-offensive,native,complete,128,128,128,0.8359375,0.7490854672430994,0.7630256545887331,0.7578125,2,"{""not_offensive"":97,""offensive"":31}","{""not_offensive"":102,""offensive"":26}","[""not_offensive"",""offensive""]","[[89,8],[13,18]]",True
startlux-decision-2b,tweet-offensive,rtn,complete,128,128,128,0.3359375,0.5399068839374792,0.3266910081069373,0.7578125,2,"{""not_offensive"":97,""offensive"":31}","{""not_offensive"":16,""offensive"":112}","[""not_offensive"",""offensive""]","[[14,83],[2,29]]",True
startlux-decision-2b,tweet-offensive,s1q-local,complete,128,128,128,0.4140625,0.4926837379447955,0.40795559666975023,0.7578125,2,"{""not_offensive"":97,""offensive"":31}","{""not_offensive"":44,""offensive"":84}","[""not_offensive"",""offensive""]","[[33,64],[11,20]]",True
startlux-decision-2b,tweet-offensive,s1q2-beta05,complete,128,128,128,0.4296875,0.5359161955437313,0.4268539532601362,0.7578125,2,"{""not_offensive"":97,""offensive"":31}","{""not_offensive"":40,""offensive"":88}","[""not_offensive"",""offensive""]","[[32,65],[8,23]]",True
startlux-decision-2b,tweet-offensive,smoothquant-adapted,complete,128,128,128,0.328125,0.5128034585966079,0.3221674876847291,0.7578125,2,"{""not_offensive"":97,""offensive"":31}","{""not_offensive"":19,""offensive"":109}","[""not_offensive"",""offensive""]","[[15,82],[4,27]]",True
startlux-decision-2b,tweet-offensive,awq-adapted,complete,128,128,128,0.3515625,0.5172929830395744,0.3496173859810223,0.7578125,2,"{""not_offensive"":97,""offensive"":31}","{""not_offensive"":24,""offensive"":104}","[""not_offensive"",""offensive""]","[[19,78],[5,26]]",True
startlux-decision-2b,tweet-offensive,gptq-blockdiag-adapted,complete,128,128,128,0.46875,0.5068174260059861,0.4493927125506073,0.7578125,2,"{""not_offensive"":97,""offensive"":31}","{""not_offensive"":55,""offensive"":73}","[""not_offensive"",""offensive""]","[[42,55],[13,18]]",True
startlux-decision-2b,tweet-offensive,spinquant-nohad-adapted,complete,128,128,128,0.3984375,0.5152976388427004,0.3975181857081729,0.7578125,2,"{""not_offensive"":97,""offensive"":31}","{""not_offensive"":36,""offensive"":92}","[""not_offensive"",""offensive""]","[[28,69],[8,23]]",True
startlux-decision-2b,tweet-offensive,spinquant-had-adapted,complete,128,128,128,0.75,0.560691719321583,0.5608919382504288,0.7578125,2,"{""not_offensive"":97,""offensive"":31}","{""not_offensive"":115,""offensive"":13}","[""not_offensive"",""offensive""]","[[90,7],[25,6]]",True
startlux-decision-2b,tweet-offensive,s1q-joint,complete,128,128,128,0.671875,0.6627868307283007,0.6232127838519764,0.7578125,2,"{""not_offensive"":97,""offensive"":31}","{""not_offensive"":77,""offensive"":51}","[""not_offensive"",""offensive""]","[[66,31],[11,20]]",True
startlux-decision-2b,tweet-offensive,s1q-ac,complete,128,128,128,0.71875,0.6498170934486198,0.639549436795995,0.7578125,2,"{""not_offensive"":97,""offensive"":31}","{""not_offensive"":91,""offensive"":37}","[""not_offensive"",""offensive""]","[[76,21],[15,16]]",True
startlux-decision-2b,tweet-offensive,s1q-margin,complete,128,128,128,0.7421875,0.7201529763884269,0.688839779005525,0.7578125,2,"{""not_offensive"":97,""offensive"":31}","{""not_offensive"":84,""offensive"":44}","[""not_offensive"",""offensive""]","[[74,23],[10,21]]",True
startlux-decision-2b,tweet-offensive,s1q,complete,128,128,128,0.6015625,0.6054206850681743,0.5607885352889727,0.7578125,2,"{""not_offensive"":97,""offensive"":31}","{""not_offensive"":70,""offensive"":58}","[""not_offensive"",""offensive""]","[[58,39],[12,19]]",True
startlux-decision-2b,wanli,native,complete,256,256,256,0.6875,0.6778211360963423,0.6793574548373309,0.37109375,3,"{""supported"":95,""insufficient"":78,""contradicted"":83}","{""supported"":114,""insufficient"":75,""contradicted"":67}","[""supported"",""insufficient"",""contradicted""]","[[79,13,3],[25,43,10],[10,19,54]]",True
startlux-decision-2b,wanli,rtn,complete,256,256,256,0.3359375,0.33456958739140097,0.33498889459928116,0.37109375,3,"{""supported"":95,""insufficient"":78,""contradicted"":83}","{""supported"":93,""insufficient"":73,""contradicted"":90}","[""supported"",""insufficient"",""contradicted""]","[[34,21,40],[30,25,23],[29,27,27]]",True
startlux-decision-2b,wanli,s1q-local,complete,256,256,256,0.33984375,0.34471868580936427,0.33627722961056294,0.37109375,3,"{""supported"":95,""insufficient"":78,""contradicted"":83}","{""supported"":80,""insufficient"":111,""contradicted"":65}","[""supported"",""insufficient"",""contradicted""]","[[28,38,29],[27,37,14],[25,36,22]]",True
startlux-decision-2b,wanli,s1q2-beta05,complete,256,256,256,0.36328125,0.36675555121972375,0.3634174831342822,0.37109375,3,"{""supported"":95,""insufficient"":78,""contradicted"":83}","{""supported"":82,""insufficient"":80,""contradicted"":94}","[""supported"",""insufficient"",""contradicted""]","[[28,30,37],[28,29,21],[26,21,36]]",True
startlux-decision-2b,wanli,smoothquant-adapted,complete,256,256,256,0.359375,0.3607179053596301,0.3592492857752792,0.37109375,3,"{""supported"":95,""insufficient"":78,""contradicted"":83}","{""supported"":86,""insufficient"":87,""contradicted"":83}","[""supported"",""insufficient"",""contradicted""]","[[33,31,31],[23,31,24],[30,25,28]]",True
startlux-decision-2b,wanli,awq-adapted,complete,256,256,256,0.30078125,0.30580730479272017,0.2990788623141564,0.37109375,3,"{""supported"":95,""insufficient"":78,""contradicted"":83}","{""supported"":75,""insufficient"":104,""contradicted"":77}","[""supported"",""insufficient"",""contradicted""]","[[23,39,33],[24,32,22],[28,33,22]]",True
startlux-decision-2b,wanli,gptq-blockdiag-adapted,complete,256,256,256,0.33203125,0.33131066777230384,0.3310921762066692,0.37109375,3,"{""supported"":95,""insufficient"":78,""contradicted"":83}","{""supported"":81,""insufficient"":80,""contradicted"":95}","[""supported"",""insufficient"",""contradicted""]","[[32,28,35],[23,24,31],[26,28,29]]",True
startlux-decision-2b,wanli,spinquant-nohad-adapted,complete,256,256,256,0.35546875,0.35567966874244616,0.35538622905514927,0.37109375,3,"{""supported"":95,""insufficient"":78,""contradicted"":83}","{""supported"":88,""insufficient"":80,""contradicted"":88}","[""supported"",""insufficient"",""contradicted""]","[[34,28,33],[22,29,27],[32,23,28]]",True
startlux-decision-2b,wanli,spinquant-had-adapted,complete,256,256,256,0.46875,0.46608078738706515,0.47171420322305685,0.37109375,3,"{""supported"":95,""insufficient"":78,""contradicted"":83}","{""supported"":97,""insufficient"":103,""contradicted"":56}","[""supported"",""insufficient"",""contradicted""]","[[49,37,9],[32,35,11],[16,31,36]]",True
startlux-decision-2b,wanli,s1q-joint,complete,256,256,256,0.45703125,0.4583711363673317,0.4557506693527236,0.37109375,3,"{""supported"":95,""insufficient"":78,""contradicted"":83}","{""supported"":86,""insufficient"":111,""contradicted"":59}","[""supported"",""insufficient"",""contradicted""]","[[44,33,18],[26,42,10],[16,36,31]]",True
startlux-decision-2b,wanli,s1q-ac,complete,256,256,256,0.44140625,0.44000509460243126,0.43907815143437884,0.37109375,3,"{""supported"":95,""insufficient"":78,""contradicted"":83}","{""supported"":84,""insufficient"":102,""contradicted"":70}","[""supported"",""insufficient"",""contradicted""]","[[46,30,19],[20,37,21],[18,35,30]]",True
startlux-decision-2b,wanli,s1q-margin,complete,256,256,256,0.390625,0.38268539746028646,0.3798159498489531,0.37109375,3,"{""supported"":95,""insufficient"":78,""contradicted"":83}","{""supported"":107,""insufficient"":97,""contradicted"":52}","[""supported"",""insufficient"",""contradicted""]","[[51,33,11],[32,27,19],[24,37,22]]",True
startlux-decision-2b,wanli,s1q,complete,256,256,256,0.4296875,0.4225886000140915,0.4227583151386424,0.37109375,3,"{""supported"":95,""insufficient"":78,""contradicted"":83}","{""supported"":107,""insufficient"":80,""contradicted"":69}","[""supported"",""insufficient"",""contradicted""]","[[51,28,16],[32,26,20],[24,26,33]]",True
startlux-decision-2b,wildjailbreak,native,complete,128,128,128,0.921875,0.8552754435107377,0.7701149425287357,0.9296875,2,"{""harmful"":119,""benign"":9}","{""harmful"":113,""benign"":15}","[""harmful"",""benign""]","[[111,8],[2,7]]",True
startlux-decision-2b,wildjailbreak,rtn,complete,128,128,128,0.7578125,0.5102707749766573,0.48700711053652235,0.9296875,2,"{""harmful"":119,""benign"":9}","{""harmful"":102,""benign"":26}","[""harmful"",""benign""]","[[95,24],[7,2]]",True
startlux-decision-2b,wildjailbreak,s1q-local,complete,128,128,128,0.5859375,0.6746031746031746,0.46426597172865824,0.9296875,2,"{""harmful"":119,""benign"":9}","{""harmful"":70,""benign"":58}","[""harmful"",""benign""]","[[68,51],[2,7]]",True
startlux-decision-2b,wildjailbreak,s1q2-beta05,complete,128,128,128,0.578125,0.5676937441643324,0.4375,0.9296875,2,"{""harmful"":119,""benign"":9}","{""harmful"":73,""benign"":55}","[""harmful"",""benign""]","[[69,50],[4,5]]",True
startlux-decision-2b,wildjailbreak,smoothquant-adapted,complete,128,128,128,0.8359375,0.4495798319327731,0.4553191489361702,0.9296875,2,"{""harmful"":119,""benign"":9}","{""harmful"":116,""benign"":12}","[""harmful"",""benign""]","[[107,12],[9,0]]",True
startlux-decision-2b,wildjailbreak,awq-adapted,complete,128,128,128,0.5859375,0.623249299719888,0.4535642368103101,0.9296875,2,"{""harmful"":119,""benign"":9}","{""harmful"":72,""benign"":56}","[""harmful"",""benign""]","[[69,50],[3,6]]",True
startlux-decision-2b,wildjailbreak,gptq-blockdiag-adapted,complete,128,128,128,0.65625,0.5583566760037348,0.46907993966817496,0.9296875,2,"{""harmful"":119,""benign"":9}","{""harmful"":85,""benign"":43}","[""harmful"",""benign""]","[[80,39],[5,4]]",True
startlux-decision-2b,wildjailbreak,spinquant-nohad-adapted,complete,128,128,128,0.546875,0.44817927170868344,0.3958333333333333,0.9296875,2,"{""harmful"":119,""benign"":9}","{""harmful"":73,""benign"":55}","[""harmful"",""benign""]","[[67,52],[6,3]]",True
startlux-decision-2b,wildjailbreak,spinquant-had-adapted,complete,128,128,128,0.2265625,0.5840336134453782,0.22080796900940786,0.9296875,2,"{""harmful"":119,""benign"":9}","{""harmful"":20,""benign"":108}","[""harmful"",""benign""]","[[20,99],[0,9]]",True
startlux-decision-2b,wildjailbreak,s1q-joint,complete,128,128,128,0.4765625,0.7184873949579832,0.40997592019263845,0.9296875,2,"{""harmful"":119,""benign"":9}","{""harmful"":52,""benign"":76}","[""harmful"",""benign""]","[[52,67],[0,9]]",True
startlux-decision-2b,wildjailbreak,s1q-ac,complete,128,128,128,0.2578125,0.4981325863678805,0.24109093178555827,0.9296875,2,"{""harmful"":119,""benign"":9}","{""harmful"":28,""benign"":100}","[""harmful"",""benign""]","[[26,93],[2,7]]",True
startlux-decision-2b,wildjailbreak,s1q-margin,complete,128,128,128,0.34375,0.6470588235294118,0.3155080213903743,0.9296875,2,"{""harmful"":119,""benign"":9}","{""harmful"":35,""benign"":93}","[""harmful"",""benign""]","[[35,84],[0,9]]",True
startlux-decision-2b,wildjailbreak,s1q,complete,128,128,128,0.375,0.5611577964519141,0.3275545048594694,0.9296875,2,"{""harmful"":119,""benign"":9}","{""harmful"":43,""benign"":85}","[""harmful"",""benign""]","[[41,78],[2,7]]",True
startlux-decision-4b,mnli,native,complete,122,122,122,0.8934426229508197,0.8978319783197831,0.8945416004239535,0.36885245901639346,3,"{""entailment"":41,""neutral"":45,""contradiction"":36}","{""entailment"":44,""neutral"":40,""contradiction"":38}","[""entailment"",""neutral"",""contradiction""]","[[38,2,1],[5,37,3],[1,1,34]]",True
startlux-decision-4b,mnli,rtn,complete,122,122,122,0.319672131147541,0.31517615176151764,0.30272394953028575,0.36885245901639346,3,"{""entailment"":41,""neutral"":45,""contradiction"":36}","{""entailment"":62,""neutral"":31,""contradiction"":29}","[""entailment"",""neutral"",""contradiction""]","[[21,10,10],[20,12,13],[21,9,6]]",True
startlux-decision-4b,mnli,s1q-local,complete,122,122,122,0.3442622950819672,0.33870822041553755,0.33528222868474905,0.36885245901639346,3,"{""entailment"":41,""neutral"":45,""contradiction"":36}","{""entailment"":30,""neutral"":50,""contradiction"":42}","[""entailment"",""neutral"",""contradiction""]","[[10,15,16],[9,21,15],[11,14,11]]",True
startlux-decision-4b,mnli,s1q2-beta05,complete,122,122,122,0.3360655737704918,0.3324299909665763,0.3272223272223272,0.36885245901639346,3,"{""entailment"":41,""neutral"":45,""contradiction"":36}","{""entailment"":25,""neutral"":59,""contradiction"":38}","[""entailment"",""neutral"",""contradiction""]","[[9,20,12],[11,20,14],[5,19,12]]",True
startlux-decision-4b,mnli,smoothquant-adapted,complete,122,122,122,0.29508196721311475,0.2907859078590786,0.2833323284092051,0.36885245901639346,3,"{""entailment"":41,""neutral"":45,""contradiction"":36}","{""entailment"":66,""neutral"":30,""contradiction"":26}","[""entailment"",""neutral"",""contradiction""]","[[18,8,15],[28,12,5],[20,10,6]]",True
startlux-decision-4b,mnli,awq-adapted,complete,122,122,122,0.45901639344262296,0.45085817524841915,0.447408689242996,0.36885245901639346,3,"{""entailment"":41,""neutral"":45,""contradiction"":36}","{""entailment"":26,""neutral"":63,""contradiction"":33}","[""entailment"",""neutral"",""contradiction""]","[[14,19,8],[6,28,11],[6,16,14]]",True
startlux-decision-4b,mnli,gptq-blockdiag-adapted,complete,122,122,122,0.30327868852459017,0.3032520325203252,0.26914515780145554,0.36885245901639346,3,"{""entailment"":41,""neutral"":45,""contradiction"":36}","{""entailment"":74,""neutral"":22,""contradiction"":26}","[""entailment"",""neutral"",""contradiction""]","[[25,8,8],[27,6,12],[22,8,6]]",True
startlux-decision-4b,mnli,spinquant-nohad-adapted,complete,122,122,122,0.3524590163934426,0.34552845528455284,0.33418086146294795,0.36885245901639346,3,"{""entailment"":41,""neutral"":45,""contradiction"":36}","{""entailment"":53,""neutral"":43,""contradiction"":26}","[""entailment"",""neutral"",""contradiction""]","[[22,11,8],[18,15,12],[13,17,6]]",True
startlux-decision-4b,mnli,spinquant-had-adapted,complete,122,122,122,0.3114754098360656,0.30528455284552847,0.3031469282770914,0.36885245901639346,3,"{""entailment"":41,""neutral"":45,""contradiction"":36}","{""entailment"":45,""neutral"":46,""contradiction"":31}","[""entailment"",""neutral"",""contradiction""]","[[15,16,10],[15,16,14],[15,14,7]]",True
startlux-decision-4b,mnli,s1q-joint,complete,122,122,122,0.4918032786885246,0.5074525745257453,0.4854251012145749,0.36885245901639346,3,"{""entailment"":41,""neutral"":45,""contradiction"":36}","{""entailment"":37,""neutral"":31,""contradiction"":54}","[""entailment"",""neutral"",""contradiction""]","[[18,11,12],[15,15,15],[4,5,27]]",True
startlux-decision-4b,mnli,s1q-ac,complete,122,122,122,0.45901639344262296,0.46115627822944893,0.46327254305977705,0.36885245901639346,3,"{""entailment"":41,""neutral"":45,""contradiction"":36}","{""entailment"":29,""neutral"":49,""contradiction"":44}","[""entailment"",""neutral"",""contradiction""]","[[18,17,6],[5,20,20],[6,12,18]]",True
startlux-decision-4b,mnli,s1q-margin,complete,122,122,122,0.6065573770491803,0.6176603432700993,0.6042531171945746,0.36885245901639346,3,"{""entailment"":41,""neutral"":45,""contradiction"":36}","{""entailment"":41,""neutral"":31,""contradiction"":50}","[""entailment"",""neutral"",""contradiction""]","[[27,6,8],[10,20,15],[4,5,27]]",True
startlux-decision-4b,mnli,s1q,complete,122,122,122,0.6147540983606558,0.6290876242095754,0.6091768042987555,0.36885245901639346,3,"{""entailment"":41,""neutral"":45,""contradiction"":36}","{""entailment"":41,""neutral"":29,""contradiction"":52}","[""entailment"",""neutral"",""contradiction""]","[[30,7,4],[8,17,20],[3,5,28]]",True
startlux-decision-4b,tweet-offensive,native,complete,128,128,128,0.8203125,0.6948786165613569,0.718412242945959,0.7578125,2,"{""not_offensive"":97,""offensive"":31}","{""not_offensive"":108,""offensive"":20}","[""not_offensive"",""offensive""]","[[91,6],[17,14]]",True
startlux-decision-4b,tweet-offensive,rtn,complete,128,128,128,0.46875,0.5177918190887928,0.4525786163522012,0.7578125,2,"{""not_offensive"":97,""offensive"":31}","{""not_offensive"":53,""offensive"":75}","[""not_offensive"",""offensive""]","[[41,56],[12,19]]",True
startlux-decision-4b,tweet-offensive,s1q-local,complete,128,128,128,0.671875,0.4762221483205853,0.46153846153846156,0.7578125,2,"{""not_offensive"":97,""offensive"":31}","{""not_offensive"":111,""offensive"":17}","[""not_offensive"",""offensive""]","[[83,14],[28,3]]",True
startlux-decision-4b,tweet-offensive,s1q2-beta05,complete,128,128,128,0.703125,0.5078150981044229,0.49648033126293994,0.7578125,2,"{""not_offensive"":97,""offensive"":31}","{""not_offensive"":113,""offensive"":15}","[""not_offensive"",""offensive""]","[[86,11],[27,4]]",True
startlux-decision-4b,tweet-offensive,smoothquant-adapted,complete,128,128,128,0.359375,0.45660126371799137,0.3579642769757768,0.7578125,2,"{""not_offensive"":97,""offensive"":31}","{""not_offensive"":37,""offensive"":91}","[""not_offensive"",""offensive""]","[[26,71],[11,20]]",True
startlux-decision-4b,tweet-offensive,awq-adapted,complete,128,128,128,0.7265625,0.5232790156301962,0.5108636314008079,0.7578125,2,"{""not_offensive"":97,""offensive"":31}","{""not_offensive"":116,""offensive"":12}","[""not_offensive"",""offensive""]","[[89,8],[27,4]]",True
startlux-decision-4b,tweet-offensive,gptq-blockdiag-adapted,complete,128,128,128,0.46875,0.5507149983372132,0.46031746031746035,0.7578125,2,"{""not_offensive"":97,""offensive"":31}","{""not_offensive"":47,""offensive"":81}","[""not_offensive"",""offensive""]","[[38,59],[9,22]]",True
startlux-decision-4b,tweet-offensive,spinquant-nohad-adapted,complete,128,128,128,0.5234375,0.5099767209843697,0.47998667998668,0.7578125,2,"{""not_offensive"":97,""offensive"":31}","{""not_offensive"":68,""offensive"":60}","[""not_offensive"",""offensive""]","[[52,45],[16,15]]",True
startlux-decision-4b,tweet-offensive,spinquant-had-adapted,complete,128,128,128,0.5625,0.5467243099434652,0.5151515151515151,0.7578125,2,"{""not_offensive"":97,""offensive"":31}","{""not_offensive"":71,""offensive"":57}","[""not_offensive"",""offensive""]","[[56,41],[15,16]]",True
startlux-decision-4b,tweet-offensive,s1q-joint,complete,128,128,128,0.796875,0.6025939474559361,0.6148148148148148,0.7578125,2,"{""not_offensive"":97,""offensive"":31}","{""not_offensive"":119,""offensive"":9}","[""not_offensive"",""offensive""]","[[95,2],[24,7]]",True
startlux-decision-4b,tweet-offensive,s1q-ac,complete,128,128,128,0.796875,0.6025939474559361,0.6148148148148148,0.7578125,2,"{""not_offensive"":97,""offensive"":31}","{""not_offensive"":119,""offensive"":9}","[""not_offensive"",""offensive""]","[[95,2],[24,7]]",True
startlux-decision-4b,tweet-offensive,s1q-margin,complete,128,128,128,0.7890625,0.5974393082806784,0.6079410096426546,0.7578125,2,"{""not_offensive"":97,""offensive"":31}","{""not_offensive"":118,""offensive"":10}","[""not_offensive"",""offensive""]","[[94,3],[24,7]]",True
startlux-decision-4b,tweet-offensive,s1q,complete,128,128,128,0.8125,0.645826405054872,0.6706689536878216,0.7578125,2,"{""not_offensive"":97,""offensive"":31}","{""not_offensive"":115,""offensive"":13}","[""not_offensive"",""offensive""]","[[94,3],[21,10]]",True
startlux-decision-4b,wanli,native,complete,256,256,256,0.74609375,0.7316943888915989,0.7258255830153132,0.37109375,3,"{""supported"":95,""insufficient"":78,""contradicted"":83}","{""supported"":124,""insufficient"":48,""contradicted"":84}","[""supported"",""insufficient"",""contradicted""]","[[88,4,3],[28,36,14],[8,8,67]]",True
startlux-decision-4b,wanli,rtn,complete,256,256,256,0.32421875,0.32355115468622125,0.3208426372036755,0.37109375,3,"{""supported"":95,""insufficient"":78,""contradicted"":83}","{""supported"":95,""insufficient"":91,""contradicted"":70}","[""supported"",""insufficient"",""contradicted""]","[[34,33,28],[27,29,22],[34,29,20]]",True
startlux-decision-4b,wanli,s1q-local,complete,256,256,256,0.34765625,0.34894232801651953,0.34084387553958634,0.37109375,3,"{""supported"":95,""insufficient"":78,""contradicted"":83}","{""supported"":88,""insufficient"":105,""contradicted"":63}","[""supported"",""insufficient"",""contradicted""]","[[35,35,25],[22,36,20],[31,34,18]]",True
startlux-decision-4b,wanli,s1q2-beta05,complete,256,256,256,0.30859375,0.30925862695044687,0.3072881915826105,0.37109375,3,"{""supported"":95,""insufficient"":78,""contradicted"":83}","{""supported"":97,""insufficient"":93,""contradicted"":66}","[""supported"",""insufficient"",""contradicted""]","[[30,41,24],[29,28,21],[38,24,21]]",True
startlux-decision-4b,wanli,smoothquant-adapted,complete,256,256,256,0.35546875,0.35618696106964975,0.355491733135273,0.37109375,3,"{""supported"":95,""insufficient"":78,""contradicted"":83}","{""supported"":84,""insufficient"":82,""contradicted"":90}","[""supported"",""insufficient"",""contradicted""]","[[33,27,35],[23,29,26],[28,26,29]]",True
startlux-decision-4b,wanli,awq-adapted,complete,256,256,256,0.37109375,0.37150166116558,0.37162422379813687,0.37109375,3,"{""supported"":95,""insufficient"":78,""contradicted"":83}","{""supported"":89,""insufficient"":107,""contradicted"":60}","[""supported"",""insufficient"",""contradicted""]","[[36,44,15],[28,32,18],[25,31,27]]",True
startlux-decision-4b,wanli,gptq-blockdiag-adapted,complete,256,256,256,0.33984375,0.343416310315486,0.34048793619686873,0.37109375,3,"{""supported"":95,""insufficient"":78,""contradicted"":83}","{""supported"":83,""insufficient"":83,""contradicted"":90}","[""supported"",""insufficient"",""contradicted""]","[[26,29,40],[33,28,17],[24,26,33]]",True
startlux-decision-4b,wanli,spinquant-nohad-adapted,complete,256,256,256,0.328125,0.32527302191221025,0.32431243365641366,0.37109375,3,"{""supported"":95,""insufficient"":78,""contradicted"":83}","{""supported"":91,""insufficient"":95,""contradicted"":70}","[""supported"",""insufficient"",""contradicted""]","[[37,33,25],[28,26,24],[26,36,21]]",True
startlux-decision-4b,wanli,spinquant-had-adapted,complete,256,256,256,0.40625,0.40586692248074624,0.4056990072138567,0.37109375,3,"{""supported"":95,""insufficient"":78,""contradicted"":83}","{""supported"":79,""insufficient"":87,""contradicted"":90}","[""supported"",""insufficient"",""contradicted""]","[[39,28,28],[19,31,28],[21,28,34]]",True
startlux-decision-4b,wanli,s1q-joint,complete,256,256,256,0.51171875,0.508001235712079,0.5074003795066414,0.37109375,3,"{""supported"":95,""insufficient"":78,""contradicted"":83}","{""supported"":95,""insufficient"":108,""contradicted"":53}","[""supported"",""insufficient"",""contradicted""]","[[57,29,9],[24,42,12],[14,37,32]]",True
startlux-decision-4b,wanli,s1q-ac,complete,256,256,256,0.50390625,0.4986363808811494,0.4911414678701913,0.37109375,3,"{""supported"":95,""insufficient"":78,""contradicted"":83}","{""supported"":93,""insufficient"":54,""contradicted"":109}","[""supported"",""insufficient"",""contradicted""]","[[51,17,27],[24,25,29],[18,12,53]]",True
startlux-decision-4b,wanli,s1q-margin,complete,256,256,256,0.55078125,0.5430510164815808,0.5427846276530487,0.37109375,3,"{""supported"":95,""insufficient"":78,""contradicted"":83}","{""supported"":114,""insufficient"":65,""contradicted"":77}","[""supported"",""insufficient"",""contradicted""]","[[62,19,14],[30,32,16],[22,14,47]]",True
startlux-decision-4b,wanli,s1q,complete,256,256,256,0.55078125,0.5371830100428706,0.5273233637330292,0.37109375,3,"{""supported"":95,""insufficient"":78,""contradicted"":83}","{""supported"":117,""insufficient"":53,""contradicted"":86}","[""supported"",""insufficient"",""contradicted""]","[[69,15,11],[29,23,26],[19,15,49]]",True
startlux-decision-4b,wildjailbreak,native,complete,128,128,128,0.9765625,0.88468720821662,0.9054885552547378,0.9296875,2,"{""harmful"":119,""benign"":9}","{""harmful"":120,""benign"":8}","[""harmful"",""benign""]","[[118,1],[2,7]]",True
startlux-decision-4b,wildjailbreak,rtn,complete,128,128,128,0.59375,0.4733893557422969,0.42041100661790315,0.9296875,2,"{""harmful"":119,""benign"":9}","{""harmful"":79,""benign"":49}","[""harmful"",""benign""]","[[73,46],[6,3]]",True
startlux-decision-4b,wildjailbreak,s1q-local,complete,128,128,128,0.25,0.5452847805788982,0.23809523809523808,0.9296875,2,"{""harmful"":119,""benign"":9}","{""harmful"":25,""benign"":103}","[""harmful"",""benign""]","[[24,95],[1,8]]",True
startlux-decision-4b,wildjailbreak,s1q2-beta05,complete,128,128,128,0.234375,0.5368814192343604,0.22510501606127994,0.9296875,2,"{""harmful"":119,""benign"":9}","{""harmful"":23,""benign"":105}","[""harmful"",""benign""]","[[22,97],[1,8]]",True
startlux-decision-4b,wildjailbreak,smoothquant-adapted,complete,128,128,128,0.7109375,0.4850606909430439,0.46273397617697104,0.9296875,2,"{""harmful"":119,""benign"":9}","{""harmful"":96,""benign"":32}","[""harmful"",""benign""]","[[89,30],[7,2]]",True
startlux-decision-4b,wildjailbreak,awq-adapted,complete,128,128,128,0.1484375,0.542016806722689,0.14838552157724472,0.9296875,2,"{""harmful"":119,""benign"":9}","{""harmful"":10,""benign"":118}","[""harmful"",""benign""]","[[10,109],[0,9]]",True
startlux-decision-4b,wildjailbreak,gptq-blockdiag-adapted,complete,128,128,128,0.6015625,0.37488328664799253,0.39325216098150384,0.9296875,2,"{""harmful"":119,""benign"":9}","{""harmful"":84,""benign"":44}","[""harmful"",""benign""]","[[76,43],[8,1]]",True
startlux-decision-4b,wildjailbreak,spinquant-nohad-adapted,complete,128,128,128,0.5546875,0.45238095238095233,0.39995065383666417,0.9296875,2,"{""harmful"":119,""benign"":9}","{""harmful"":74,""benign"":54}","[""harmful"",""benign""]","[[68,51],[6,3]]",True
startlux-decision-4b,wildjailbreak,spinquant-had-adapted,complete,128,128,128,0.5390625,0.4953314659197012,0.40361683645265733,0.9296875,2,"{""harmful"":119,""benign"":9}","{""harmful"":70,""benign"":58}","[""harmful"",""benign""]","[[65,54],[5,4]]",True
startlux-decision-4b,wildjailbreak,s1q-joint,complete,128,128,128,0.25,0.5966386554621849,0.24091919940696813,0.9296875,2,"{""harmful"":119,""benign"":9}","{""harmful"":23,""benign"":105}","[""harmful"",""benign""]","[[23,96],[0,9]]",True
startlux-decision-4b,wildjailbreak,s1q-ac,complete,128,128,128,0.4140625,0.6848739495798319,0.3667128438551356,0.9296875,2,"{""harmful"":119,""benign"":9}","{""harmful"":44,""benign"":84}","[""harmful"",""benign""]","[[44,75],[0,9]]",True
startlux-decision-4b,wildjailbreak,s1q-margin,complete,128,128,128,0.40625,0.6293183940242764,0.3552492046659597,0.9296875,2,"{""harmful"":119,""benign"":9}","{""harmful"":45,""benign"":83}","[""harmful"",""benign""]","[[44,75],[1,8]]",True
startlux-decision-4b,wildjailbreak,s1q,complete,128,128,128,0.3671875,0.6596638655462185,0.33294730746960044,0.9296875,2,"{""harmful"":119,""benign"":9}","{""harmful"":38,""benign"":90}","[""harmful"",""benign""]","[[38,81],[0,9]]",True
