suite_id,comparison_group,model,family,precision,experiment_batch_id,run_id,method,method_label,dataset_id,dataset_label,source_category,label_kind,n,n_clusters,accuracy,accuracy_percent,accuracy_display_percent,best_quantized_accuracy_exact,best_quantized_accuracy_displayed,avg_accuracy,avg_accuracy_percent,avg_accuracy_display_percent,best_quantized_avg_exact,best_quantized_avg_displayed
expanded-v3-w4a4-22source-20261007,all12,intern-decision-0.8b,Intern-Decision,W4A4,expanded-20261007-v3,intern-decision-0.8b,native,Native,agnews,AG News,standard_dataset,upstream_dataset_gold,360,120,0.7361111111111112,73.61111111111111,73.61,False,False,0.6495167285062375,64.95167285062375,64.95,False,False
expanded-v3-w4a4-22source-20261007,all12,intern-decision-0.8b,Intern-Decision,W4A4,expanded-20261007-v3,intern-decision-0.8b,native,Native,amazon,Amazon Reviews,standard_dataset,upstream_dataset_gold,128,128,0.4375,43.75,43.75,False,False,0.6495167285062375,64.95167285062375,64.95,False,False
expanded-v3-w4a4-22source-20261007,all12,intern-decision-0.8b,Intern-Decision,W4A4,expanded-20261007-v3,intern-decision-0.8b,native,Native,arc,ARC,standard_dataset,upstream_dataset_gold,128,128,0.578125,57.8125,57.81,False,False,0.6495167285062375,64.95167285062375,64.95,False,False
expanded-v3-w4a4-22source-20261007,all12,intern-decision-0.8b,Intern-Decision,W4A4,expanded-20261007-v3,intern-decision-0.8b,native,Native,boolq,BoolQ,standard_dataset,upstream_dataset_gold,120,120,0.6666666666666666,66.66666666666666,66.67,False,False,0.6495167285062375,64.95167285062375,64.95,False,False
expanded-v3-w4a4-22source-20261007,all12,intern-decision-0.8b,Intern-Decision,W4A4,expanded-20261007-v3,intern-decision-0.8b,native,Native,csqa,CommonsenseQA,standard_dataset,upstream_dataset_gold,128,128,0.5546875,55.46875,55.47,False,False,0.6495167285062375,64.95167285062375,64.95,False,False
expanded-v3-w4a4-22source-20261007,all12,intern-decision-0.8b,Intern-Decision,W4A4,expanded-20261007-v3,intern-decision-0.8b,native,Native,emotion,Emotion,standard_dataset,upstream_dataset_gold,120,120,0.5,50.0,50.00,False,False,0.6495167285062375,64.95167285062375,64.95,False,False
expanded-v3-w4a4-22source-20261007,all12,intern-decision-0.8b,Intern-Decision,W4A4,expanded-20261007-v3,intern-decision-0.8b,native,Native,imdb,IMDb,standard_dataset,upstream_dataset_gold,53,53,0.9056603773584906,90.56603773584906,90.57,False,False,0.6495167285062375,64.95167285062375,64.95,False,False
expanded-v3-w4a4-22source-20261007,all12,intern-decision-0.8b,Intern-Decision,W4A4,expanded-20261007-v3,intern-decision-0.8b,native,Native,jevbench,JevBench new eligible public tasks,authored_scenario_suite,authored_scenario_gold,48,48,0.9791666666666666,97.91666666666666,97.92,False,False,0.6495167285062375,64.95167285062375,64.95,False,False
expanded-v3-w4a4-22source-20261007,all12,intern-decision-0.8b,Intern-Decision,W4A4,expanded-20261007-v3,intern-decision-0.8b,native,Native,mmlu,MMLU,standard_dataset,upstream_dataset_gold,99,99,0.43434343434343436,43.43434343434344,43.43,False,False,0.6495167285062375,64.95167285062375,64.95,False,False
expanded-v3-w4a4-22source-20261007,all12,intern-decision-0.8b,Intern-Decision,W4A4,expanded-20261007-v3,intern-decision-0.8b,native,Native,mnli,MNLI,standard_dataset,upstream_dataset_gold,122,122,0.47540983606557374,47.540983606557376,47.54,False,False,0.6495167285062375,64.95167285062375,64.95,False,False
expanded-v3-w4a4-22source-20261007,all12,intern-decision-0.8b,Intern-Decision,W4A4,expanded-20261007-v3,intern-decision-0.8b,native,Native,openbookqa,OpenBookQA,standard_dataset,upstream_dataset_gold,128,128,0.46875,46.875,46.88,False,False,0.6495167285062375,64.95167285062375,64.95,False,False
expanded-v3-w4a4-22source-20261007,all12,intern-decision-0.8b,Intern-Decision,W4A4,expanded-20261007-v3,intern-decision-0.8b,native,Native,paws,PAWS,standard_dataset,upstream_dataset_gold,128,128,0.6484375,64.84375,64.84,False,False,0.6495167285062375,64.95167285062375,64.95,False,False
expanded-v3-w4a4-22source-20261007,all12,intern-decision-0.8b,Intern-Decision,W4A4,expanded-20261007-v3,intern-decision-0.8b,native,Native,qnli,QNLI,standard_dataset,upstream_dataset_gold,128,128,0.78125,78.125,78.12,False,False,0.6495167285062375,64.95167285062375,64.95,False,False
expanded-v3-w4a4-22source-20261007,all12,intern-decision-0.8b,Intern-Decision,W4A4,expanded-20261007-v3,intern-decision-0.8b,native,Native,sciq,SciQ,standard_dataset,upstream_dataset_gold,92,92,0.9565217391304348,95.65217391304348,95.65,False,False,0.6495167285062375,64.95167285062375,64.95,False,False
expanded-v3-w4a4-22source-20261007,all12,intern-decision-0.8b,Intern-Decision,W4A4,expanded-20261007-v3,intern-decision-0.8b,native,Native,semif,SemIf authored,authored_rule_suite,authored_scenario_gold,128,32,0.6640625,66.40625,66.41,False,False,0.6495167285062375,64.95167285062375,64.95,False,False
expanded-v3-w4a4-22source-20261007,all12,intern-decision-0.8b,Intern-Decision,W4A4,expanded-20261007-v3,intern-decision-0.8b,native,Native,sst5,SST-5,standard_dataset,upstream_dataset_gold,128,128,0.4296875,42.96875,42.97,False,False,0.6495167285062375,64.95167285062375,64.95,False,False
expanded-v3-w4a4-22source-20261007,all12,intern-decision-0.8b,Intern-Decision,W4A4,expanded-20261007-v3,intern-decision-0.8b,native,Native,toolace,ToolACE tool-choice classification,domain_decision_suite,native_annotation,68,68,0.9411764705882353,94.11764705882352,94.12,False,False,0.6495167285062375,64.95167285062375,64.95,False,False
expanded-v3-w4a4-22source-20261007,all12,intern-decision-0.8b,Intern-Decision,W4A4,expanded-20261007-v3,intern-decision-0.8b,native,Native,trec,TREC,standard_dataset,upstream_dataset_gold,121,121,0.7024793388429752,70.24793388429752,70.25,False,False,0.6495167285062375,64.95167285062375,64.95,False,False
expanded-v3-w4a4-22source-20261007,all12,intern-decision-0.8b,Intern-Decision,W4A4,expanded-20261007-v3,intern-decision-0.8b,native,Native,tweet-offensive,TweetEval Offensive,standard_dataset,upstream_dataset_gold,128,128,0.765625,76.5625,76.56,False,False,0.6495167285062375,64.95167285062375,64.95,False,False
expanded-v3-w4a4-22source-20261007,all12,intern-decision-0.8b,Intern-Decision,W4A4,expanded-20261007-v3,intern-decision-0.8b,native,Native,wanli,WANLI,standard_dataset,upstream_dataset_gold,256,256,0.44140625,44.140625,44.14,False,False,0.6495167285062375,64.95167285062375,64.95,False,False
expanded-v3-w4a4-22source-20261007,all12,intern-decision-0.8b,Intern-Decision,W4A4,expanded-20261007-v3,intern-decision-0.8b,native,Native,wildjailbreak,WildJailBreak harmful/benign classification,domain_decision_suite,native_annotation,128,128,0.5859375,58.59375,58.59,False,False,0.6495167285062375,64.95167285062375,64.95,False,False
expanded-v3-w4a4-22source-20261007,all12,intern-decision-0.8b,Intern-Decision,W4A4,expanded-20261007-v3,intern-decision-0.8b,native,Native,yelp,Yelp,standard_dataset,upstream_dataset_gold,132,66,0.6363636363636364,63.63636363636363,63.64,False,False,0.6495167285062375,64.95167285062375,64.95,False,False
expanded-v3-w4a4-22source-20261007,all12,intern-decision-0.8b,Intern-Decision,W4A4,expanded-20261007-v3,intern-decision-0.8b,rtn,RTN,agnews,AG News,standard_dataset,upstream_dataset_gold,360,120,0.5,50.0,50.00,False,False,0.3610715157171887,36.10715157171887,36.11,False,False
expanded-v3-w4a4-22source-20261007,all12,intern-decision-0.8b,Intern-Decision,W4A4,expanded-20261007-v3,intern-decision-0.8b,rtn,RTN,amazon,Amazon Reviews,standard_dataset,upstream_dataset_gold,128,128,0.171875,17.1875,17.19,False,False,0.3610715157171887,36.10715157171887,36.11,False,False
expanded-v3-w4a4-22source-20261007,all12,intern-decision-0.8b,Intern-Decision,W4A4,expanded-20261007-v3,intern-decision-0.8b,rtn,RTN,arc,ARC,standard_dataset,upstream_dataset_gold,128,128,0.3671875,36.71875,36.72,True,True,0.3610715157171887,36.10715157171887,36.11,False,False
expanded-v3-w4a4-22source-20261007,all12,intern-decision-0.8b,Intern-Decision,W4A4,expanded-20261007-v3,intern-decision-0.8b,rtn,RTN,boolq,BoolQ,standard_dataset,upstream_dataset_gold,120,120,0.45,45.0,45.00,False,False,0.3610715157171887,36.10715157171887,36.11,False,False
expanded-v3-w4a4-22source-20261007,all12,intern-decision-0.8b,Intern-Decision,W4A4,expanded-20261007-v3,intern-decision-0.8b,rtn,RTN,csqa,CommonsenseQA,standard_dataset,upstream_dataset_gold,128,128,0.1953125,19.53125,19.53,False,False,0.3610715157171887,36.10715157171887,36.11,False,False
expanded-v3-w4a4-22source-20261007,all12,intern-decision-0.8b,Intern-Decision,W4A4,expanded-20261007-v3,intern-decision-0.8b,rtn,RTN,emotion,Emotion,standard_dataset,upstream_dataset_gold,120,120,0.23333333333333334,23.333333333333332,23.33,False,False,0.3610715157171887,36.10715157171887,36.11,False,False
expanded-v3-w4a4-22source-20261007,all12,intern-decision-0.8b,Intern-Decision,W4A4,expanded-20261007-v3,intern-decision-0.8b,rtn,RTN,imdb,IMDb,standard_dataset,upstream_dataset_gold,53,53,0.5283018867924528,52.83018867924528,52.83,False,False,0.3610715157171887,36.10715157171887,36.11,False,False
expanded-v3-w4a4-22source-20261007,all12,intern-decision-0.8b,Intern-Decision,W4A4,expanded-20261007-v3,intern-decision-0.8b,rtn,RTN,jevbench,JevBench new eligible public tasks,authored_scenario_suite,authored_scenario_gold,48,48,0.25,25.0,25.00,False,False,0.3610715157171887,36.10715157171887,36.11,False,False
expanded-v3-w4a4-22source-20261007,all12,intern-decision-0.8b,Intern-Decision,W4A4,expanded-20261007-v3,intern-decision-0.8b,rtn,RTN,mmlu,MMLU,standard_dataset,upstream_dataset_gold,99,99,0.2727272727272727,27.27272727272727,27.27,False,False,0.3610715157171887,36.10715157171887,36.11,False,False
expanded-v3-w4a4-22source-20261007,all12,intern-decision-0.8b,Intern-Decision,W4A4,expanded-20261007-v3,intern-decision-0.8b,rtn,RTN,mnli,MNLI,standard_dataset,upstream_dataset_gold,122,122,0.3360655737704918,33.60655737704918,33.61,False,False,0.3610715157171887,36.10715157171887,36.11,False,False
expanded-v3-w4a4-22source-20261007,all12,intern-decision-0.8b,Intern-Decision,W4A4,expanded-20261007-v3,intern-decision-0.8b,rtn,RTN,openbookqa,OpenBookQA,standard_dataset,upstream_dataset_gold,128,128,0.265625,26.5625,26.56,False,False,0.3610715157171887,36.10715157171887,36.11,False,False
expanded-v3-w4a4-22source-20261007,all12,intern-decision-0.8b,Intern-Decision,W4A4,expanded-20261007-v3,intern-decision-0.8b,rtn,RTN,paws,PAWS,standard_dataset,upstream_dataset_gold,128,128,0.4609375,46.09375,46.09,False,False,0.3610715157171887,36.10715157171887,36.11,False,False
expanded-v3-w4a4-22source-20261007,all12,intern-decision-0.8b,Intern-Decision,W4A4,expanded-20261007-v3,intern-decision-0.8b,rtn,RTN,qnli,QNLI,standard_dataset,upstream_dataset_gold,128,128,0.4765625,47.65625,47.66,False,False,0.3610715157171887,36.10715157171887,36.11,False,False
expanded-v3-w4a4-22source-20261007,all12,intern-decision-0.8b,Intern-Decision,W4A4,expanded-20261007-v3,intern-decision-0.8b,rtn,RTN,sciq,SciQ,standard_dataset,upstream_dataset_gold,92,92,0.2717391304347826,27.173913043478258,27.17,False,False,0.3610715157171887,36.10715157171887,36.11,False,False
expanded-v3-w4a4-22source-20261007,all12,intern-decision-0.8b,Intern-Decision,W4A4,expanded-20261007-v3,intern-decision-0.8b,rtn,RTN,semif,SemIf authored,authored_rule_suite,authored_scenario_gold,128,32,0.375,37.5,37.50,False,False,0.3610715157171887,36.10715157171887,36.11,False,False
expanded-v3-w4a4-22source-20261007,all12,intern-decision-0.8b,Intern-Decision,W4A4,expanded-20261007-v3,intern-decision-0.8b,rtn,RTN,sst5,SST-5,standard_dataset,upstream_dataset_gold,128,128,0.1484375,14.84375,14.84,False,False,0.3610715157171887,36.10715157171887,36.11,False,False
expanded-v3-w4a4-22source-20261007,all12,intern-decision-0.8b,Intern-Decision,W4A4,expanded-20261007-v3,intern-decision-0.8b,rtn,RTN,toolace,ToolACE tool-choice classification,domain_decision_suite,native_annotation,68,68,0.4117647058823529,41.17647058823529,41.18,False,False,0.3610715157171887,36.10715157171887,36.11,False,False
expanded-v3-w4a4-22source-20261007,all12,intern-decision-0.8b,Intern-Decision,W4A4,expanded-20261007-v3,intern-decision-0.8b,rtn,RTN,trec,TREC,standard_dataset,upstream_dataset_gold,121,121,0.1322314049586777,13.223140495867769,13.22,False,False,0.3610715157171887,36.10715157171887,36.11,False,False
expanded-v3-w4a4-22source-20261007,all12,intern-decision-0.8b,Intern-Decision,W4A4,expanded-20261007-v3,intern-decision-0.8b,rtn,RTN,tweet-offensive,TweetEval Offensive,standard_dataset,upstream_dataset_gold,128,128,0.6875,68.75,68.75,False,False,0.3610715157171887,36.10715157171887,36.11,False,False
expanded-v3-w4a4-22source-20261007,all12,intern-decision-0.8b,Intern-Decision,W4A4,expanded-20261007-v3,intern-decision-0.8b,rtn,RTN,wanli,WANLI,standard_dataset,upstream_dataset_gold,256,256,0.35546875,35.546875,35.55,False,False,0.3610715157171887,36.10715157171887,36.11,False,False
expanded-v3-w4a4-22source-20261007,all12,intern-decision-0.8b,Intern-Decision,W4A4,expanded-20261007-v3,intern-decision-0.8b,rtn,RTN,wildjailbreak,WildJailBreak harmful/benign classification,domain_decision_suite,native_annotation,128,128,0.765625,76.5625,76.56,False,False,0.3610715157171887,36.10715157171887,36.11,False,False
expanded-v3-w4a4-22source-20261007,all12,intern-decision-0.8b,Intern-Decision,W4A4,expanded-20261007-v3,intern-decision-0.8b,rtn,RTN,yelp,Yelp,standard_dataset,upstream_dataset_gold,132,66,0.2878787878787879,28.78787878787879,28.79,False,False,0.3610715157171887,36.10715157171887,36.11,False,False
expanded-v3-w4a4-22source-20261007,all12,intern-decision-0.8b,Intern-Decision,W4A4,expanded-20261007-v3,intern-decision-0.8b,s1q-local,S1Qv1,agnews,AG News,standard_dataset,upstream_dataset_gold,360,120,0.45,45.0,45.00,False,False,0.35186214738885657,35.18621473888566,35.19,False,False
expanded-v3-w4a4-22source-20261007,all12,intern-decision-0.8b,Intern-Decision,W4A4,expanded-20261007-v3,intern-decision-0.8b,s1q-local,S1Qv1,amazon,Amazon Reviews,standard_dataset,upstream_dataset_gold,128,128,0.21875,21.875,21.88,False,False,0.35186214738885657,35.18621473888566,35.19,False,False
expanded-v3-w4a4-22source-20261007,all12,intern-decision-0.8b,Intern-Decision,W4A4,expanded-20261007-v3,intern-decision-0.8b,s1q-local,S1Qv1,arc,ARC,standard_dataset,upstream_dataset_gold,128,128,0.2734375,27.34375,27.34,False,False,0.35186214738885657,35.18621473888566,35.19,False,False
expanded-v3-w4a4-22source-20261007,all12,intern-decision-0.8b,Intern-Decision,W4A4,expanded-20261007-v3,intern-decision-0.8b,s1q-local,S1Qv1,boolq,BoolQ,standard_dataset,upstream_dataset_gold,120,120,0.45,45.0,45.00,False,False,0.35186214738885657,35.18621473888566,35.19,False,False
expanded-v3-w4a4-22source-20261007,all12,intern-decision-0.8b,Intern-Decision,W4A4,expanded-20261007-v3,intern-decision-0.8b,s1q-local,S1Qv1,csqa,CommonsenseQA,standard_dataset,upstream_dataset_gold,128,128,0.1640625,16.40625,16.41,False,False,0.35186214738885657,35.18621473888566,35.19,False,False
expanded-v3-w4a4-22source-20261007,all12,intern-decision-0.8b,Intern-Decision,W4A4,expanded-20261007-v3,intern-decision-0.8b,s1q-local,S1Qv1,emotion,Emotion,standard_dataset,upstream_dataset_gold,120,120,0.275,27.500000000000004,27.50,False,False,0.35186214738885657,35.18621473888566,35.19,False,False
expanded-v3-w4a4-22source-20261007,all12,intern-decision-0.8b,Intern-Decision,W4A4,expanded-20261007-v3,intern-decision-0.8b,s1q-local,S1Qv1,imdb,IMDb,standard_dataset,upstream_dataset_gold,53,53,0.4528301886792453,45.28301886792453,45.28,False,False,0.35186214738885657,35.18621473888566,35.19,False,False
expanded-v3-w4a4-22source-20261007,all12,intern-decision-0.8b,Intern-Decision,W4A4,expanded-20261007-v3,intern-decision-0.8b,s1q-local,S1Qv1,jevbench,JevBench new eligible public tasks,authored_scenario_suite,authored_scenario_gold,48,48,0.4166666666666667,41.66666666666667,41.67,False,False,0.35186214738885657,35.18621473888566,35.19,False,False
expanded-v3-w4a4-22source-20261007,all12,intern-decision-0.8b,Intern-Decision,W4A4,expanded-20261007-v3,intern-decision-0.8b,s1q-local,S1Qv1,mmlu,MMLU,standard_dataset,upstream_dataset_gold,99,99,0.24242424242424243,24.242424242424242,24.24,False,False,0.35186214738885657,35.18621473888566,35.19,False,False
expanded-v3-w4a4-22source-20261007,all12,intern-decision-0.8b,Intern-Decision,W4A4,expanded-20261007-v3,intern-decision-0.8b,s1q-local,S1Qv1,mnli,MNLI,standard_dataset,upstream_dataset_gold,122,122,0.3770491803278688,37.704918032786885,37.70,False,False,0.35186214738885657,35.18621473888566,35.19,False,False
expanded-v3-w4a4-22source-20261007,all12,intern-decision-0.8b,Intern-Decision,W4A4,expanded-20261007-v3,intern-decision-0.8b,s1q-local,S1Qv1,openbookqa,OpenBookQA,standard_dataset,upstream_dataset_gold,128,128,0.34375,34.375,34.38,False,False,0.35186214738885657,35.18621473888566,35.19,False,False
expanded-v3-w4a4-22source-20261007,all12,intern-decision-0.8b,Intern-Decision,W4A4,expanded-20261007-v3,intern-decision-0.8b,s1q-local,S1Qv1,paws,PAWS,standard_dataset,upstream_dataset_gold,128,128,0.5546875,55.46875,55.47,True,True,0.35186214738885657,35.18621473888566,35.19,False,False
expanded-v3-w4a4-22source-20261007,all12,intern-decision-0.8b,Intern-Decision,W4A4,expanded-20261007-v3,intern-decision-0.8b,s1q-local,S1Qv1,qnli,QNLI,standard_dataset,upstream_dataset_gold,128,128,0.4609375,46.09375,46.09,False,False,0.35186214738885657,35.18621473888566,35.19,False,False
expanded-v3-w4a4-22source-20261007,all12,intern-decision-0.8b,Intern-Decision,W4A4,expanded-20261007-v3,intern-decision-0.8b,s1q-local,S1Qv1,sciq,SciQ,standard_dataset,upstream_dataset_gold,92,92,0.2717391304347826,27.173913043478258,27.17,False,False,0.35186214738885657,35.18621473888566,35.19,False,False
expanded-v3-w4a4-22source-20261007,all12,intern-decision-0.8b,Intern-Decision,W4A4,expanded-20261007-v3,intern-decision-0.8b,s1q-local,S1Qv1,semif,SemIf authored,authored_rule_suite,authored_scenario_gold,128,32,0.3203125,32.03125,32.03,False,False,0.35186214738885657,35.18621473888566,35.19,False,False
expanded-v3-w4a4-22source-20261007,all12,intern-decision-0.8b,Intern-Decision,W4A4,expanded-20261007-v3,intern-decision-0.8b,s1q-local,S1Qv1,sst5,SST-5,standard_dataset,upstream_dataset_gold,128,128,0.1796875,17.96875,17.97,False,False,0.35186214738885657,35.18621473888566,35.19,False,False
expanded-v3-w4a4-22source-20261007,all12,intern-decision-0.8b,Intern-Decision,W4A4,expanded-20261007-v3,intern-decision-0.8b,s1q-local,S1Qv1,toolace,ToolACE tool-choice classification,domain_decision_suite,native_annotation,68,68,0.5,50.0,50.00,False,False,0.35186214738885657,35.18621473888566,35.19,False,False
expanded-v3-w4a4-22source-20261007,all12,intern-decision-0.8b,Intern-Decision,W4A4,expanded-20261007-v3,intern-decision-0.8b,s1q-local,S1Qv1,trec,TREC,standard_dataset,upstream_dataset_gold,121,121,0.09917355371900827,9.917355371900827,9.92,False,False,0.35186214738885657,35.18621473888566,35.19,False,False
expanded-v3-w4a4-22source-20261007,all12,intern-decision-0.8b,Intern-Decision,W4A4,expanded-20261007-v3,intern-decision-0.8b,s1q-local,S1Qv1,tweet-offensive,TweetEval Offensive,standard_dataset,upstream_dataset_gold,128,128,0.65625,65.625,65.62,False,False,0.35186214738885657,35.18621473888566,35.19,False,False
expanded-v3-w4a4-22source-20261007,all12,intern-decision-0.8b,Intern-Decision,W4A4,expanded-20261007-v3,intern-decision-0.8b,s1q-local,S1Qv1,wanli,WANLI,standard_dataset,upstream_dataset_gold,256,256,0.31640625,31.640625,31.64,False,False,0.35186214738885657,35.18621473888566,35.19,False,False
expanded-v3-w4a4-22source-20261007,all12,intern-decision-0.8b,Intern-Decision,W4A4,expanded-20261007-v3,intern-decision-0.8b,s1q-local,S1Qv1,wildjailbreak,WildJailBreak harmful/benign classification,domain_decision_suite,native_annotation,128,128,0.4375,43.75,43.75,False,False,0.35186214738885657,35.18621473888566,35.19,False,False
expanded-v3-w4a4-22source-20261007,all12,intern-decision-0.8b,Intern-Decision,W4A4,expanded-20261007-v3,intern-decision-0.8b,s1q-local,S1Qv1,yelp,Yelp,standard_dataset,upstream_dataset_gold,132,66,0.2803030303030303,28.030303030303028,28.03,False,False,0.35186214738885657,35.18621473888566,35.19,False,False
expanded-v3-w4a4-22source-20261007,all12,intern-decision-0.8b,Intern-Decision,W4A4,expanded-20261007-v3,intern-decision-0.8b,s1q2-beta05,S1Qv2,agnews,AG News,standard_dataset,upstream_dataset_gold,360,120,0.4638888888888889,46.38888888888889,46.39,False,False,0.37344148098355495,37.3441480983555,37.34,False,False
expanded-v3-w4a4-22source-20261007,all12,intern-decision-0.8b,Intern-Decision,W4A4,expanded-20261007-v3,intern-decision-0.8b,s1q2-beta05,S1Qv2,amazon,Amazon Reviews,standard_dataset,upstream_dataset_gold,128,128,0.1796875,17.96875,17.97,False,False,0.37344148098355495,37.3441480983555,37.34,False,False
expanded-v3-w4a4-22source-20261007,all12,intern-decision-0.8b,Intern-Decision,W4A4,expanded-20261007-v3,intern-decision-0.8b,s1q2-beta05,S1Qv2,arc,ARC,standard_dataset,upstream_dataset_gold,128,128,0.2265625,22.65625,22.66,False,False,0.37344148098355495,37.3441480983555,37.34,False,False
expanded-v3-w4a4-22source-20261007,all12,intern-decision-0.8b,Intern-Decision,W4A4,expanded-20261007-v3,intern-decision-0.8b,s1q2-beta05,S1Qv2,boolq,BoolQ,standard_dataset,upstream_dataset_gold,120,120,0.475,47.5,47.50,False,False,0.37344148098355495,37.3441480983555,37.34,False,False
expanded-v3-w4a4-22source-20261007,all12,intern-decision-0.8b,Intern-Decision,W4A4,expanded-20261007-v3,intern-decision-0.8b,s1q2-beta05,S1Qv2,csqa,CommonsenseQA,standard_dataset,upstream_dataset_gold,128,128,0.265625,26.5625,26.56,False,False,0.37344148098355495,37.3441480983555,37.34,False,False
expanded-v3-w4a4-22source-20261007,all12,intern-decision-0.8b,Intern-Decision,W4A4,expanded-20261007-v3,intern-decision-0.8b,s1q2-beta05,S1Qv2,emotion,Emotion,standard_dataset,upstream_dataset_gold,120,120,0.2916666666666667,29.166666666666668,29.17,False,False,0.37344148098355495,37.3441480983555,37.34,False,False
expanded-v3-w4a4-22source-20261007,all12,intern-decision-0.8b,Intern-Decision,W4A4,expanded-20261007-v3,intern-decision-0.8b,s1q2-beta05,S1Qv2,imdb,IMDb,standard_dataset,upstream_dataset_gold,53,53,0.5471698113207547,54.71698113207547,54.72,False,False,0.37344148098355495,37.3441480983555,37.34,False,False
expanded-v3-w4a4-22source-20261007,all12,intern-decision-0.8b,Intern-Decision,W4A4,expanded-20261007-v3,intern-decision-0.8b,s1q2-beta05,S1Qv2,jevbench,JevBench new eligible public tasks,authored_scenario_suite,authored_scenario_gold,48,48,0.3541666666666667,35.41666666666667,35.42,False,False,0.37344148098355495,37.3441480983555,37.34,False,False
expanded-v3-w4a4-22source-20261007,all12,intern-decision-0.8b,Intern-Decision,W4A4,expanded-20261007-v3,intern-decision-0.8b,s1q2-beta05,S1Qv2,mmlu,MMLU,standard_dataset,upstream_dataset_gold,99,99,0.29292929292929293,29.292929292929294,29.29,True,True,0.37344148098355495,37.3441480983555,37.34,False,False
expanded-v3-w4a4-22source-20261007,all12,intern-decision-0.8b,Intern-Decision,W4A4,expanded-20261007-v3,intern-decision-0.8b,s1q2-beta05,S1Qv2,mnli,MNLI,standard_dataset,upstream_dataset_gold,122,122,0.3360655737704918,33.60655737704918,33.61,False,False,0.37344148098355495,37.3441480983555,37.34,False,False
expanded-v3-w4a4-22source-20261007,all12,intern-decision-0.8b,Intern-Decision,W4A4,expanded-20261007-v3,intern-decision-0.8b,s1q2-beta05,S1Qv2,openbookqa,OpenBookQA,standard_dataset,upstream_dataset_gold,128,128,0.359375,35.9375,35.94,True,True,0.37344148098355495,37.3441480983555,37.34,False,False
expanded-v3-w4a4-22source-20261007,all12,intern-decision-0.8b,Intern-Decision,W4A4,expanded-20261007-v3,intern-decision-0.8b,s1q2-beta05,S1Qv2,paws,PAWS,standard_dataset,upstream_dataset_gold,128,128,0.53125,53.125,53.12,False,False,0.37344148098355495,37.3441480983555,37.34,False,False
expanded-v3-w4a4-22source-20261007,all12,intern-decision-0.8b,Intern-Decision,W4A4,expanded-20261007-v3,intern-decision-0.8b,s1q2-beta05,S1Qv2,qnli,QNLI,standard_dataset,upstream_dataset_gold,128,128,0.484375,48.4375,48.44,False,False,0.37344148098355495,37.3441480983555,37.34,False,False
expanded-v3-w4a4-22source-20261007,all12,intern-decision-0.8b,Intern-Decision,W4A4,expanded-20261007-v3,intern-decision-0.8b,s1q2-beta05,S1Qv2,sciq,SciQ,standard_dataset,upstream_dataset_gold,92,92,0.40217391304347827,40.21739130434783,40.22,False,False,0.37344148098355495,37.3441480983555,37.34,False,False
expanded-v3-w4a4-22source-20261007,all12,intern-decision-0.8b,Intern-Decision,W4A4,expanded-20261007-v3,intern-decision-0.8b,s1q2-beta05,S1Qv2,semif,SemIf authored,authored_rule_suite,authored_scenario_gold,128,32,0.3515625,35.15625,35.16,False,False,0.37344148098355495,37.3441480983555,37.34,False,False
expanded-v3-w4a4-22source-20261007,all12,intern-decision-0.8b,Intern-Decision,W4A4,expanded-20261007-v3,intern-decision-0.8b,s1q2-beta05,S1Qv2,sst5,SST-5,standard_dataset,upstream_dataset_gold,128,128,0.15625,15.625,15.62,False,False,0.37344148098355495,37.3441480983555,37.34,False,False
expanded-v3-w4a4-22source-20261007,all12,intern-decision-0.8b,Intern-Decision,W4A4,expanded-20261007-v3,intern-decision-0.8b,s1q2-beta05,S1Qv2,toolace,ToolACE tool-choice classification,domain_decision_suite,native_annotation,68,68,0.47058823529411764,47.05882352941176,47.06,False,False,0.37344148098355495,37.3441480983555,37.34,False,False
expanded-v3-w4a4-22source-20261007,all12,intern-decision-0.8b,Intern-Decision,W4A4,expanded-20261007-v3,intern-decision-0.8b,s1q2-beta05,S1Qv2,trec,TREC,standard_dataset,upstream_dataset_gold,121,121,0.12396694214876033,12.396694214876034,12.40,False,False,0.37344148098355495,37.3441480983555,37.34,False,False
expanded-v3-w4a4-22source-20261007,all12,intern-decision-0.8b,Intern-Decision,W4A4,expanded-20261007-v3,intern-decision-0.8b,s1q2-beta05,S1Qv2,tweet-offensive,TweetEval Offensive,standard_dataset,upstream_dataset_gold,128,128,0.7734375,77.34375,77.34,True,True,0.37344148098355495,37.3441480983555,37.34,False,False
expanded-v3-w4a4-22source-20261007,all12,intern-decision-0.8b,Intern-Decision,W4A4,expanded-20261007-v3,intern-decision-0.8b,s1q2-beta05,S1Qv2,wanli,WANLI,standard_dataset,upstream_dataset_gold,256,256,0.2890625,28.90625,28.91,False,False,0.37344148098355495,37.3441480983555,37.34,False,False
expanded-v3-w4a4-22source-20261007,all12,intern-decision-0.8b,Intern-Decision,W4A4,expanded-20261007-v3,intern-decision-0.8b,s1q2-beta05,S1Qv2,wildjailbreak,WildJailBreak harmful/benign classification,domain_decision_suite,native_annotation,128,128,0.5,50.0,50.00,False,False,0.37344148098355495,37.3441480983555,37.34,False,False
expanded-v3-w4a4-22source-20261007,all12,intern-decision-0.8b,Intern-Decision,W4A4,expanded-20261007-v3,intern-decision-0.8b,s1q2-beta05,S1Qv2,yelp,Yelp,standard_dataset,upstream_dataset_gold,132,66,0.3409090909090909,34.090909090909086,34.09,False,False,0.37344148098355495,37.3441480983555,37.34,False,False
expanded-v3-w4a4-22source-20261007,all12,intern-decision-0.8b,Intern-Decision,W4A4,expanded-20261007-v3,intern-decision-0.8b,smoothquant-adapted,SmoothQuant*,agnews,AG News,standard_dataset,upstream_dataset_gold,360,120,0.48333333333333334,48.333333333333336,48.33,False,False,0.3557146399418477,35.57146399418477,35.57,False,False
expanded-v3-w4a4-22source-20261007,all12,intern-decision-0.8b,Intern-Decision,W4A4,expanded-20261007-v3,intern-decision-0.8b,smoothquant-adapted,SmoothQuant*,amazon,Amazon Reviews,standard_dataset,upstream_dataset_gold,128,128,0.1953125,19.53125,19.53,False,False,0.3557146399418477,35.57146399418477,35.57,False,False
expanded-v3-w4a4-22source-20261007,all12,intern-decision-0.8b,Intern-Decision,W4A4,expanded-20261007-v3,intern-decision-0.8b,smoothquant-adapted,SmoothQuant*,arc,ARC,standard_dataset,upstream_dataset_gold,128,128,0.28125,28.125,28.12,False,False,0.3557146399418477,35.57146399418477,35.57,False,False
expanded-v3-w4a4-22source-20261007,all12,intern-decision-0.8b,Intern-Decision,W4A4,expanded-20261007-v3,intern-decision-0.8b,smoothquant-adapted,SmoothQuant*,boolq,BoolQ,standard_dataset,upstream_dataset_gold,120,120,0.4166666666666667,41.66666666666667,41.67,False,False,0.3557146399418477,35.57146399418477,35.57,False,False
expanded-v3-w4a4-22source-20261007,all12,intern-decision-0.8b,Intern-Decision,W4A4,expanded-20261007-v3,intern-decision-0.8b,smoothquant-adapted,SmoothQuant*,csqa,CommonsenseQA,standard_dataset,upstream_dataset_gold,128,128,0.234375,23.4375,23.44,False,False,0.3557146399418477,35.57146399418477,35.57,False,False
expanded-v3-w4a4-22source-20261007,all12,intern-decision-0.8b,Intern-Decision,W4A4,expanded-20261007-v3,intern-decision-0.8b,smoothquant-adapted,SmoothQuant*,emotion,Emotion,standard_dataset,upstream_dataset_gold,120,120,0.325,32.5,32.50,False,False,0.3557146399418477,35.57146399418477,35.57,False,False
expanded-v3-w4a4-22source-20261007,all12,intern-decision-0.8b,Intern-Decision,W4A4,expanded-20261007-v3,intern-decision-0.8b,smoothquant-adapted,SmoothQuant*,imdb,IMDb,standard_dataset,upstream_dataset_gold,53,53,0.49056603773584906,49.056603773584904,49.06,False,False,0.3557146399418477,35.57146399418477,35.57,False,False
expanded-v3-w4a4-22source-20261007,all12,intern-decision-0.8b,Intern-Decision,W4A4,expanded-20261007-v3,intern-decision-0.8b,smoothquant-adapted,SmoothQuant*,jevbench,JevBench new eligible public tasks,authored_scenario_suite,authored_scenario_gold,48,48,0.2708333333333333,27.083333333333332,27.08,False,False,0.3557146399418477,35.57146399418477,35.57,False,False
expanded-v3-w4a4-22source-20261007,all12,intern-decision-0.8b,Intern-Decision,W4A4,expanded-20261007-v3,intern-decision-0.8b,smoothquant-adapted,SmoothQuant*,mmlu,MMLU,standard_dataset,upstream_dataset_gold,99,99,0.29292929292929293,29.292929292929294,29.29,True,True,0.3557146399418477,35.57146399418477,35.57,False,False
expanded-v3-w4a4-22source-20261007,all12,intern-decision-0.8b,Intern-Decision,W4A4,expanded-20261007-v3,intern-decision-0.8b,smoothquant-adapted,SmoothQuant*,mnli,MNLI,standard_dataset,upstream_dataset_gold,122,122,0.3114754098360656,31.147540983606557,31.15,False,False,0.3557146399418477,35.57146399418477,35.57,False,False
expanded-v3-w4a4-22source-20261007,all12,intern-decision-0.8b,Intern-Decision,W4A4,expanded-20261007-v3,intern-decision-0.8b,smoothquant-adapted,SmoothQuant*,openbookqa,OpenBookQA,standard_dataset,upstream_dataset_gold,128,128,0.3359375,33.59375,33.59,False,False,0.3557146399418477,35.57146399418477,35.57,False,False
expanded-v3-w4a4-22source-20261007,all12,intern-decision-0.8b,Intern-Decision,W4A4,expanded-20261007-v3,intern-decision-0.8b,smoothquant-adapted,SmoothQuant*,paws,PAWS,standard_dataset,upstream_dataset_gold,128,128,0.4921875,49.21875,49.22,False,False,0.3557146399418477,35.57146399418477,35.57,False,False
expanded-v3-w4a4-22source-20261007,all12,intern-decision-0.8b,Intern-Decision,W4A4,expanded-20261007-v3,intern-decision-0.8b,smoothquant-adapted,SmoothQuant*,qnli,QNLI,standard_dataset,upstream_dataset_gold,128,128,0.4765625,47.65625,47.66,False,False,0.3557146399418477,35.57146399418477,35.57,False,False
expanded-v3-w4a4-22source-20261007,all12,intern-decision-0.8b,Intern-Decision,W4A4,expanded-20261007-v3,intern-decision-0.8b,smoothquant-adapted,SmoothQuant*,sciq,SciQ,standard_dataset,upstream_dataset_gold,92,92,0.33695652173913043,33.69565217391305,33.70,False,False,0.3557146399418477,35.57146399418477,35.57,False,False
expanded-v3-w4a4-22source-20261007,all12,intern-decision-0.8b,Intern-Decision,W4A4,expanded-20261007-v3,intern-decision-0.8b,smoothquant-adapted,SmoothQuant*,semif,SemIf authored,authored_rule_suite,authored_scenario_gold,128,32,0.3359375,33.59375,33.59,False,False,0.3557146399418477,35.57146399418477,35.57,False,False
expanded-v3-w4a4-22source-20261007,all12,intern-decision-0.8b,Intern-Decision,W4A4,expanded-20261007-v3,intern-decision-0.8b,smoothquant-adapted,SmoothQuant*,sst5,SST-5,standard_dataset,upstream_dataset_gold,128,128,0.15625,15.625,15.62,False,False,0.3557146399418477,35.57146399418477,35.57,False,False
expanded-v3-w4a4-22source-20261007,all12,intern-decision-0.8b,Intern-Decision,W4A4,expanded-20261007-v3,intern-decision-0.8b,smoothquant-adapted,SmoothQuant*,toolace,ToolACE tool-choice classification,domain_decision_suite,native_annotation,68,68,0.5441176470588235,54.41176470588235,54.41,False,False,0.3557146399418477,35.57146399418477,35.57,False,False
expanded-v3-w4a4-22source-20261007,all12,intern-decision-0.8b,Intern-Decision,W4A4,expanded-20261007-v3,intern-decision-0.8b,smoothquant-adapted,SmoothQuant*,trec,TREC,standard_dataset,upstream_dataset_gold,121,121,0.03305785123966942,3.3057851239669422,3.31,False,False,0.3557146399418477,35.57146399418477,35.57,False,False
expanded-v3-w4a4-22source-20261007,all12,intern-decision-0.8b,Intern-Decision,W4A4,expanded-20261007-v3,intern-decision-0.8b,smoothquant-adapted,SmoothQuant*,tweet-offensive,TweetEval Offensive,standard_dataset,upstream_dataset_gold,128,128,0.609375,60.9375,60.94,False,False,0.3557146399418477,35.57146399418477,35.57,False,False
expanded-v3-w4a4-22source-20261007,all12,intern-decision-0.8b,Intern-Decision,W4A4,expanded-20261007-v3,intern-decision-0.8b,smoothquant-adapted,SmoothQuant*,wanli,WANLI,standard_dataset,upstream_dataset_gold,256,256,0.2890625,28.90625,28.91,False,False,0.3557146399418477,35.57146399418477,35.57,False,False
expanded-v3-w4a4-22source-20261007,all12,intern-decision-0.8b,Intern-Decision,W4A4,expanded-20261007-v3,intern-decision-0.8b,smoothquant-adapted,SmoothQuant*,wildjailbreak,WildJailBreak harmful/benign classification,domain_decision_suite,native_annotation,128,128,0.6796875,67.96875,67.97,False,False,0.3557146399418477,35.57146399418477,35.57,False,False
expanded-v3-w4a4-22source-20261007,all12,intern-decision-0.8b,Intern-Decision,W4A4,expanded-20261007-v3,intern-decision-0.8b,smoothquant-adapted,SmoothQuant*,yelp,Yelp,standard_dataset,upstream_dataset_gold,132,66,0.23484848484848486,23.484848484848484,23.48,False,False,0.3557146399418477,35.57146399418477,35.57,False,False
expanded-v3-w4a4-22source-20261007,all12,intern-decision-0.8b,Intern-Decision,W4A4,expanded-20261007-v3,intern-decision-0.8b,awq-adapted,AWQ*,agnews,AG News,standard_dataset,upstream_dataset_gold,360,120,0.5138888888888888,51.388888888888886,51.39,False,False,0.35055175441683917,35.055175441683915,35.06,False,False
expanded-v3-w4a4-22source-20261007,all12,intern-decision-0.8b,Intern-Decision,W4A4,expanded-20261007-v3,intern-decision-0.8b,awq-adapted,AWQ*,amazon,Amazon Reviews,standard_dataset,upstream_dataset_gold,128,128,0.171875,17.1875,17.19,False,False,0.35055175441683917,35.055175441683915,35.06,False,False
expanded-v3-w4a4-22source-20261007,all12,intern-decision-0.8b,Intern-Decision,W4A4,expanded-20261007-v3,intern-decision-0.8b,awq-adapted,AWQ*,arc,ARC,standard_dataset,upstream_dataset_gold,128,128,0.28125,28.125,28.12,False,False,0.35055175441683917,35.055175441683915,35.06,False,False
expanded-v3-w4a4-22source-20261007,all12,intern-decision-0.8b,Intern-Decision,W4A4,expanded-20261007-v3,intern-decision-0.8b,awq-adapted,AWQ*,boolq,BoolQ,standard_dataset,upstream_dataset_gold,120,120,0.4083333333333333,40.833333333333336,40.83,False,False,0.35055175441683917,35.055175441683915,35.06,False,False
expanded-v3-w4a4-22source-20261007,all12,intern-decision-0.8b,Intern-Decision,W4A4,expanded-20261007-v3,intern-decision-0.8b,awq-adapted,AWQ*,csqa,CommonsenseQA,standard_dataset,upstream_dataset_gold,128,128,0.1796875,17.96875,17.97,False,False,0.35055175441683917,35.055175441683915,35.06,False,False
expanded-v3-w4a4-22source-20261007,all12,intern-decision-0.8b,Intern-Decision,W4A4,expanded-20261007-v3,intern-decision-0.8b,awq-adapted,AWQ*,emotion,Emotion,standard_dataset,upstream_dataset_gold,120,120,0.26666666666666666,26.666666666666668,26.67,False,False,0.35055175441683917,35.055175441683915,35.06,False,False
expanded-v3-w4a4-22source-20261007,all12,intern-decision-0.8b,Intern-Decision,W4A4,expanded-20261007-v3,intern-decision-0.8b,awq-adapted,AWQ*,imdb,IMDb,standard_dataset,upstream_dataset_gold,53,53,0.4528301886792453,45.28301886792453,45.28,False,False,0.35055175441683917,35.055175441683915,35.06,False,False
expanded-v3-w4a4-22source-20261007,all12,intern-decision-0.8b,Intern-Decision,W4A4,expanded-20261007-v3,intern-decision-0.8b,awq-adapted,AWQ*,jevbench,JevBench new eligible public tasks,authored_scenario_suite,authored_scenario_gold,48,48,0.4375,43.75,43.75,False,False,0.35055175441683917,35.055175441683915,35.06,False,False
expanded-v3-w4a4-22source-20261007,all12,intern-decision-0.8b,Intern-Decision,W4A4,expanded-20261007-v3,intern-decision-0.8b,awq-adapted,AWQ*,mmlu,MMLU,standard_dataset,upstream_dataset_gold,99,99,0.12121212121212122,12.121212121212121,12.12,False,False,0.35055175441683917,35.055175441683915,35.06,False,False
expanded-v3-w4a4-22source-20261007,all12,intern-decision-0.8b,Intern-Decision,W4A4,expanded-20261007-v3,intern-decision-0.8b,awq-adapted,AWQ*,mnli,MNLI,standard_dataset,upstream_dataset_gold,122,122,0.3360655737704918,33.60655737704918,33.61,False,False,0.35055175441683917,35.055175441683915,35.06,False,False
expanded-v3-w4a4-22source-20261007,all12,intern-decision-0.8b,Intern-Decision,W4A4,expanded-20261007-v3,intern-decision-0.8b,awq-adapted,AWQ*,openbookqa,OpenBookQA,standard_dataset,upstream_dataset_gold,128,128,0.2578125,25.78125,25.78,False,False,0.35055175441683917,35.055175441683915,35.06,False,False
expanded-v3-w4a4-22source-20261007,all12,intern-decision-0.8b,Intern-Decision,W4A4,expanded-20261007-v3,intern-decision-0.8b,awq-adapted,AWQ*,paws,PAWS,standard_dataset,upstream_dataset_gold,128,128,0.4921875,49.21875,49.22,False,False,0.35055175441683917,35.055175441683915,35.06,False,False
expanded-v3-w4a4-22source-20261007,all12,intern-decision-0.8b,Intern-Decision,W4A4,expanded-20261007-v3,intern-decision-0.8b,awq-adapted,AWQ*,qnli,QNLI,standard_dataset,upstream_dataset_gold,128,128,0.453125,45.3125,45.31,False,False,0.35055175441683917,35.055175441683915,35.06,False,False
expanded-v3-w4a4-22source-20261007,all12,intern-decision-0.8b,Intern-Decision,W4A4,expanded-20261007-v3,intern-decision-0.8b,awq-adapted,AWQ*,sciq,SciQ,standard_dataset,upstream_dataset_gold,92,92,0.3804347826086957,38.04347826086957,38.04,False,False,0.35055175441683917,35.055175441683915,35.06,False,False
expanded-v3-w4a4-22source-20261007,all12,intern-decision-0.8b,Intern-Decision,W4A4,expanded-20261007-v3,intern-decision-0.8b,awq-adapted,AWQ*,semif,SemIf authored,authored_rule_suite,authored_scenario_gold,128,32,0.4140625,41.40625,41.41,True,True,0.35055175441683917,35.055175441683915,35.06,False,False
expanded-v3-w4a4-22source-20261007,all12,intern-decision-0.8b,Intern-Decision,W4A4,expanded-20261007-v3,intern-decision-0.8b,awq-adapted,AWQ*,sst5,SST-5,standard_dataset,upstream_dataset_gold,128,128,0.171875,17.1875,17.19,False,False,0.35055175441683917,35.055175441683915,35.06,False,False
expanded-v3-w4a4-22source-20261007,all12,intern-decision-0.8b,Intern-Decision,W4A4,expanded-20261007-v3,intern-decision-0.8b,awq-adapted,AWQ*,toolace,ToolACE tool-choice classification,domain_decision_suite,native_annotation,68,68,0.5,50.0,50.00,False,False,0.35055175441683917,35.055175441683915,35.06,False,False
expanded-v3-w4a4-22source-20261007,all12,intern-decision-0.8b,Intern-Decision,W4A4,expanded-20261007-v3,intern-decision-0.8b,awq-adapted,AWQ*,trec,TREC,standard_dataset,upstream_dataset_gold,121,121,0.049586776859504134,4.958677685950414,4.96,False,False,0.35055175441683917,35.055175441683915,35.06,False,False
expanded-v3-w4a4-22source-20261007,all12,intern-decision-0.8b,Intern-Decision,W4A4,expanded-20261007-v3,intern-decision-0.8b,awq-adapted,AWQ*,tweet-offensive,TweetEval Offensive,standard_dataset,upstream_dataset_gold,128,128,0.703125,70.3125,70.31,False,False,0.35055175441683917,35.055175441683915,35.06,False,False
expanded-v3-w4a4-22source-20261007,all12,intern-decision-0.8b,Intern-Decision,W4A4,expanded-20261007-v3,intern-decision-0.8b,awq-adapted,AWQ*,wanli,WANLI,standard_dataset,upstream_dataset_gold,256,256,0.32421875,32.421875,32.42,False,False,0.35055175441683917,35.055175441683915,35.06,False,False
expanded-v3-w4a4-22source-20261007,all12,intern-decision-0.8b,Intern-Decision,W4A4,expanded-20261007-v3,intern-decision-0.8b,awq-adapted,AWQ*,wildjailbreak,WildJailBreak harmful/benign classification,domain_decision_suite,native_annotation,128,128,0.53125,53.125,53.12,False,False,0.35055175441683917,35.055175441683915,35.06,False,False
expanded-v3-w4a4-22source-20261007,all12,intern-decision-0.8b,Intern-Decision,W4A4,expanded-20261007-v3,intern-decision-0.8b,awq-adapted,AWQ*,yelp,Yelp,standard_dataset,upstream_dataset_gold,132,66,0.26515151515151514,26.515151515151516,26.52,False,False,0.35055175441683917,35.055175441683915,35.06,False,False
expanded-v3-w4a4-22source-20261007,all12,intern-decision-0.8b,Intern-Decision,W4A4,expanded-20261007-v3,intern-decision-0.8b,gptq-blockdiag-adapted,GPTQ-block*,agnews,AG News,standard_dataset,upstream_dataset_gold,360,120,0.5,50.0,50.00,False,False,0.3578125758148928,35.78125758148928,35.78,False,False
expanded-v3-w4a4-22source-20261007,all12,intern-decision-0.8b,Intern-Decision,W4A4,expanded-20261007-v3,intern-decision-0.8b,gptq-blockdiag-adapted,GPTQ-block*,amazon,Amazon Reviews,standard_dataset,upstream_dataset_gold,128,128,0.1796875,17.96875,17.97,False,False,0.3578125758148928,35.78125758148928,35.78,False,False
expanded-v3-w4a4-22source-20261007,all12,intern-decision-0.8b,Intern-Decision,W4A4,expanded-20261007-v3,intern-decision-0.8b,gptq-blockdiag-adapted,GPTQ-block*,arc,ARC,standard_dataset,upstream_dataset_gold,128,128,0.28125,28.125,28.12,False,False,0.3578125758148928,35.78125758148928,35.78,False,False
expanded-v3-w4a4-22source-20261007,all12,intern-decision-0.8b,Intern-Decision,W4A4,expanded-20261007-v3,intern-decision-0.8b,gptq-blockdiag-adapted,GPTQ-block*,boolq,BoolQ,standard_dataset,upstream_dataset_gold,120,120,0.425,42.5,42.50,False,False,0.3578125758148928,35.78125758148928,35.78,False,False
expanded-v3-w4a4-22source-20261007,all12,intern-decision-0.8b,Intern-Decision,W4A4,expanded-20261007-v3,intern-decision-0.8b,gptq-blockdiag-adapted,GPTQ-block*,csqa,CommonsenseQA,standard_dataset,upstream_dataset_gold,128,128,0.2109375,21.09375,21.09,False,False,0.3578125758148928,35.78125758148928,35.78,False,False
expanded-v3-w4a4-22source-20261007,all12,intern-decision-0.8b,Intern-Decision,W4A4,expanded-20261007-v3,intern-decision-0.8b,gptq-blockdiag-adapted,GPTQ-block*,emotion,Emotion,standard_dataset,upstream_dataset_gold,120,120,0.16666666666666666,16.666666666666664,16.67,False,False,0.3578125758148928,35.78125758148928,35.78,False,False
expanded-v3-w4a4-22source-20261007,all12,intern-decision-0.8b,Intern-Decision,W4A4,expanded-20261007-v3,intern-decision-0.8b,gptq-blockdiag-adapted,GPTQ-block*,imdb,IMDb,standard_dataset,upstream_dataset_gold,53,53,0.5283018867924528,52.83018867924528,52.83,False,False,0.3578125758148928,35.78125758148928,35.78,False,False
expanded-v3-w4a4-22source-20261007,all12,intern-decision-0.8b,Intern-Decision,W4A4,expanded-20261007-v3,intern-decision-0.8b,gptq-blockdiag-adapted,GPTQ-block*,jevbench,JevBench new eligible public tasks,authored_scenario_suite,authored_scenario_gold,48,48,0.25,25.0,25.00,False,False,0.3578125758148928,35.78125758148928,35.78,False,False
expanded-v3-w4a4-22source-20261007,all12,intern-decision-0.8b,Intern-Decision,W4A4,expanded-20261007-v3,intern-decision-0.8b,gptq-blockdiag-adapted,GPTQ-block*,mmlu,MMLU,standard_dataset,upstream_dataset_gold,99,99,0.2727272727272727,27.27272727272727,27.27,False,False,0.3578125758148928,35.78125758148928,35.78,False,False
expanded-v3-w4a4-22source-20261007,all12,intern-decision-0.8b,Intern-Decision,W4A4,expanded-20261007-v3,intern-decision-0.8b,gptq-blockdiag-adapted,GPTQ-block*,mnli,MNLI,standard_dataset,upstream_dataset_gold,122,122,0.30327868852459017,30.327868852459016,30.33,False,False,0.3578125758148928,35.78125758148928,35.78,False,False
expanded-v3-w4a4-22source-20261007,all12,intern-decision-0.8b,Intern-Decision,W4A4,expanded-20261007-v3,intern-decision-0.8b,gptq-blockdiag-adapted,GPTQ-block*,openbookqa,OpenBookQA,standard_dataset,upstream_dataset_gold,128,128,0.3203125,32.03125,32.03,False,False,0.3578125758148928,35.78125758148928,35.78,False,False
expanded-v3-w4a4-22source-20261007,all12,intern-decision-0.8b,Intern-Decision,W4A4,expanded-20261007-v3,intern-decision-0.8b,gptq-blockdiag-adapted,GPTQ-block*,paws,PAWS,standard_dataset,upstream_dataset_gold,128,128,0.5078125,50.78125,50.78,False,False,0.3578125758148928,35.78125758148928,35.78,False,False
expanded-v3-w4a4-22source-20261007,all12,intern-decision-0.8b,Intern-Decision,W4A4,expanded-20261007-v3,intern-decision-0.8b,gptq-blockdiag-adapted,GPTQ-block*,qnli,QNLI,standard_dataset,upstream_dataset_gold,128,128,0.453125,45.3125,45.31,False,False,0.3578125758148928,35.78125758148928,35.78,False,False
expanded-v3-w4a4-22source-20261007,all12,intern-decision-0.8b,Intern-Decision,W4A4,expanded-20261007-v3,intern-decision-0.8b,gptq-blockdiag-adapted,GPTQ-block*,sciq,SciQ,standard_dataset,upstream_dataset_gold,92,92,0.25,25.0,25.00,False,False,0.3578125758148928,35.78125758148928,35.78,False,False
expanded-v3-w4a4-22source-20261007,all12,intern-decision-0.8b,Intern-Decision,W4A4,expanded-20261007-v3,intern-decision-0.8b,gptq-blockdiag-adapted,GPTQ-block*,semif,SemIf authored,authored_rule_suite,authored_scenario_gold,128,32,0.3671875,36.71875,36.72,False,False,0.3578125758148928,35.78125758148928,35.78,False,False
expanded-v3-w4a4-22source-20261007,all12,intern-decision-0.8b,Intern-Decision,W4A4,expanded-20261007-v3,intern-decision-0.8b,gptq-blockdiag-adapted,GPTQ-block*,sst5,SST-5,standard_dataset,upstream_dataset_gold,128,128,0.1484375,14.84375,14.84,False,False,0.3578125758148928,35.78125758148928,35.78,False,False
expanded-v3-w4a4-22source-20261007,all12,intern-decision-0.8b,Intern-Decision,W4A4,expanded-20261007-v3,intern-decision-0.8b,gptq-blockdiag-adapted,GPTQ-block*,toolace,ToolACE tool-choice classification,domain_decision_suite,native_annotation,68,68,0.45588235294117646,45.588235294117645,45.59,False,False,0.3578125758148928,35.78125758148928,35.78,False,False
expanded-v3-w4a4-22source-20261007,all12,intern-decision-0.8b,Intern-Decision,W4A4,expanded-20261007-v3,intern-decision-0.8b,gptq-blockdiag-adapted,GPTQ-block*,trec,TREC,standard_dataset,upstream_dataset_gold,121,121,0.05785123966942149,5.785123966942149,5.79,False,False,0.3578125758148928,35.78125758148928,35.78,False,False
expanded-v3-w4a4-22source-20261007,all12,intern-decision-0.8b,Intern-Decision,W4A4,expanded-20261007-v3,intern-decision-0.8b,gptq-blockdiag-adapted,GPTQ-block*,tweet-offensive,TweetEval Offensive,standard_dataset,upstream_dataset_gold,128,128,0.6875,68.75,68.75,False,False,0.3578125758148928,35.78125758148928,35.78,False,False
expanded-v3-w4a4-22source-20261007,all12,intern-decision-0.8b,Intern-Decision,W4A4,expanded-20261007-v3,intern-decision-0.8b,gptq-blockdiag-adapted,GPTQ-block*,wanli,WANLI,standard_dataset,upstream_dataset_gold,256,256,0.359375,35.9375,35.94,False,False,0.3578125758148928,35.78125758148928,35.78,False,False
expanded-v3-w4a4-22source-20261007,all12,intern-decision-0.8b,Intern-Decision,W4A4,expanded-20261007-v3,intern-decision-0.8b,gptq-blockdiag-adapted,GPTQ-block*,wildjailbreak,WildJailBreak harmful/benign classification,domain_decision_suite,native_annotation,128,128,0.8359375,83.59375,83.59,True,True,0.3578125758148928,35.78125758148928,35.78,False,False
expanded-v3-w4a4-22source-20261007,all12,intern-decision-0.8b,Intern-Decision,W4A4,expanded-20261007-v3,intern-decision-0.8b,gptq-blockdiag-adapted,GPTQ-block*,yelp,Yelp,standard_dataset,upstream_dataset_gold,132,66,0.3106060606060606,31.060606060606062,31.06,False,False,0.3578125758148928,35.78125758148928,35.78,False,False
expanded-v3-w4a4-22source-20261007,all12,intern-decision-0.8b,Intern-Decision,W4A4,expanded-20261007-v3,intern-decision-0.8b,spinquant-nohad-adapted,SpinQuant no-Had*,agnews,AG News,standard_dataset,upstream_dataset_gold,360,120,0.4222222222222222,42.22222222222222,42.22,False,False,0.3519410602387802,35.19410602387802,35.19,False,False
expanded-v3-w4a4-22source-20261007,all12,intern-decision-0.8b,Intern-Decision,W4A4,expanded-20261007-v3,intern-decision-0.8b,spinquant-nohad-adapted,SpinQuant no-Had*,amazon,Amazon Reviews,standard_dataset,upstream_dataset_gold,128,128,0.1796875,17.96875,17.97,False,False,0.3519410602387802,35.19410602387802,35.19,False,False
expanded-v3-w4a4-22source-20261007,all12,intern-decision-0.8b,Intern-Decision,W4A4,expanded-20261007-v3,intern-decision-0.8b,spinquant-nohad-adapted,SpinQuant no-Had*,arc,ARC,standard_dataset,upstream_dataset_gold,128,128,0.203125,20.3125,20.31,False,False,0.3519410602387802,35.19410602387802,35.19,False,False
expanded-v3-w4a4-22source-20261007,all12,intern-decision-0.8b,Intern-Decision,W4A4,expanded-20261007-v3,intern-decision-0.8b,spinquant-nohad-adapted,SpinQuant no-Had*,boolq,BoolQ,standard_dataset,upstream_dataset_gold,120,120,0.4666666666666667,46.666666666666664,46.67,False,False,0.3519410602387802,35.19410602387802,35.19,False,False
expanded-v3-w4a4-22source-20261007,all12,intern-decision-0.8b,Intern-Decision,W4A4,expanded-20261007-v3,intern-decision-0.8b,spinquant-nohad-adapted,SpinQuant no-Had*,csqa,CommonsenseQA,standard_dataset,upstream_dataset_gold,128,128,0.265625,26.5625,26.56,False,False,0.3519410602387802,35.19410602387802,35.19,False,False
expanded-v3-w4a4-22source-20261007,all12,intern-decision-0.8b,Intern-Decision,W4A4,expanded-20261007-v3,intern-decision-0.8b,spinquant-nohad-adapted,SpinQuant no-Had*,emotion,Emotion,standard_dataset,upstream_dataset_gold,120,120,0.25833333333333336,25.833333333333336,25.83,False,False,0.3519410602387802,35.19410602387802,35.19,False,False
expanded-v3-w4a4-22source-20261007,all12,intern-decision-0.8b,Intern-Decision,W4A4,expanded-20261007-v3,intern-decision-0.8b,spinquant-nohad-adapted,SpinQuant no-Had*,imdb,IMDb,standard_dataset,upstream_dataset_gold,53,53,0.4716981132075472,47.16981132075472,47.17,False,False,0.3519410602387802,35.19410602387802,35.19,False,False
expanded-v3-w4a4-22source-20261007,all12,intern-decision-0.8b,Intern-Decision,W4A4,expanded-20261007-v3,intern-decision-0.8b,spinquant-nohad-adapted,SpinQuant no-Had*,jevbench,JevBench new eligible public tasks,authored_scenario_suite,authored_scenario_gold,48,48,0.2916666666666667,29.166666666666668,29.17,False,False,0.3519410602387802,35.19410602387802,35.19,False,False
expanded-v3-w4a4-22source-20261007,all12,intern-decision-0.8b,Intern-Decision,W4A4,expanded-20261007-v3,intern-decision-0.8b,spinquant-nohad-adapted,SpinQuant no-Had*,mmlu,MMLU,standard_dataset,upstream_dataset_gold,99,99,0.23232323232323232,23.232323232323232,23.23,False,False,0.3519410602387802,35.19410602387802,35.19,False,False
expanded-v3-w4a4-22source-20261007,all12,intern-decision-0.8b,Intern-Decision,W4A4,expanded-20261007-v3,intern-decision-0.8b,spinquant-nohad-adapted,SpinQuant no-Had*,mnli,MNLI,standard_dataset,upstream_dataset_gold,122,122,0.3524590163934426,35.24590163934426,35.25,False,False,0.3519410602387802,35.19410602387802,35.19,False,False
expanded-v3-w4a4-22source-20261007,all12,intern-decision-0.8b,Intern-Decision,W4A4,expanded-20261007-v3,intern-decision-0.8b,spinquant-nohad-adapted,SpinQuant no-Had*,openbookqa,OpenBookQA,standard_dataset,upstream_dataset_gold,128,128,0.34375,34.375,34.38,False,False,0.3519410602387802,35.19410602387802,35.19,False,False
expanded-v3-w4a4-22source-20261007,all12,intern-decision-0.8b,Intern-Decision,W4A4,expanded-20261007-v3,intern-decision-0.8b,spinquant-nohad-adapted,SpinQuant no-Had*,paws,PAWS,standard_dataset,upstream_dataset_gold,128,128,0.4765625,47.65625,47.66,False,False,0.3519410602387802,35.19410602387802,35.19,False,False
expanded-v3-w4a4-22source-20261007,all12,intern-decision-0.8b,Intern-Decision,W4A4,expanded-20261007-v3,intern-decision-0.8b,spinquant-nohad-adapted,SpinQuant no-Had*,qnli,QNLI,standard_dataset,upstream_dataset_gold,128,128,0.4296875,42.96875,42.97,False,False,0.3519410602387802,35.19410602387802,35.19,False,False
expanded-v3-w4a4-22source-20261007,all12,intern-decision-0.8b,Intern-Decision,W4A4,expanded-20261007-v3,intern-decision-0.8b,spinquant-nohad-adapted,SpinQuant no-Had*,sciq,SciQ,standard_dataset,upstream_dataset_gold,92,92,0.2826086956521739,28.26086956521739,28.26,False,False,0.3519410602387802,35.19410602387802,35.19,False,False
expanded-v3-w4a4-22source-20261007,all12,intern-decision-0.8b,Intern-Decision,W4A4,expanded-20261007-v3,intern-decision-0.8b,spinquant-nohad-adapted,SpinQuant no-Had*,semif,SemIf authored,authored_rule_suite,authored_scenario_gold,128,32,0.3671875,36.71875,36.72,False,False,0.3519410602387802,35.19410602387802,35.19,False,False
expanded-v3-w4a4-22source-20261007,all12,intern-decision-0.8b,Intern-Decision,W4A4,expanded-20261007-v3,intern-decision-0.8b,spinquant-nohad-adapted,SpinQuant no-Had*,sst5,SST-5,standard_dataset,upstream_dataset_gold,128,128,0.2109375,21.09375,21.09,False,False,0.3519410602387802,35.19410602387802,35.19,False,False
expanded-v3-w4a4-22source-20261007,all12,intern-decision-0.8b,Intern-Decision,W4A4,expanded-20261007-v3,intern-decision-0.8b,spinquant-nohad-adapted,SpinQuant no-Had*,toolace,ToolACE tool-choice classification,domain_decision_suite,native_annotation,68,68,0.5,50.0,50.00,False,False,0.3519410602387802,35.19410602387802,35.19,False,False
expanded-v3-w4a4-22source-20261007,all12,intern-decision-0.8b,Intern-Decision,W4A4,expanded-20261007-v3,intern-decision-0.8b,spinquant-nohad-adapted,SpinQuant no-Had*,trec,TREC,standard_dataset,upstream_dataset_gold,121,121,0.09090909090909091,9.090909090909092,9.09,False,False,0.3519410602387802,35.19410602387802,35.19,False,False
expanded-v3-w4a4-22source-20261007,all12,intern-decision-0.8b,Intern-Decision,W4A4,expanded-20261007-v3,intern-decision-0.8b,spinquant-nohad-adapted,SpinQuant no-Had*,tweet-offensive,TweetEval Offensive,standard_dataset,upstream_dataset_gold,128,128,0.6171875,61.71875,61.72,False,False,0.3519410602387802,35.19410602387802,35.19,False,False
expanded-v3-w4a4-22source-20261007,all12,intern-decision-0.8b,Intern-Decision,W4A4,expanded-20261007-v3,intern-decision-0.8b,spinquant-nohad-adapted,SpinQuant no-Had*,wanli,WANLI,standard_dataset,upstream_dataset_gold,256,256,0.3203125,32.03125,32.03,False,False,0.3519410602387802,35.19410602387802,35.19,False,False
expanded-v3-w4a4-22source-20261007,all12,intern-decision-0.8b,Intern-Decision,W4A4,expanded-20261007-v3,intern-decision-0.8b,spinquant-nohad-adapted,SpinQuant no-Had*,wildjailbreak,WildJailBreak harmful/benign classification,domain_decision_suite,native_annotation,128,128,0.671875,67.1875,67.19,False,False,0.3519410602387802,35.19410602387802,35.19,False,False
expanded-v3-w4a4-22source-20261007,all12,intern-decision-0.8b,Intern-Decision,W4A4,expanded-20261007-v3,intern-decision-0.8b,spinquant-nohad-adapted,SpinQuant no-Had*,yelp,Yelp,standard_dataset,upstream_dataset_gold,132,66,0.2878787878787879,28.78787878787879,28.79,False,False,0.3519410602387802,35.19410602387802,35.19,False,False
expanded-v3-w4a4-22source-20261007,all12,intern-decision-0.8b,Intern-Decision,W4A4,expanded-20261007-v3,intern-decision-0.8b,spinquant-had-adapted,SpinQuant Had*,agnews,AG News,standard_dataset,upstream_dataset_gold,360,120,0.45,45.0,45.00,False,False,0.3475211174310739,34.75211174310739,34.75,False,False
expanded-v3-w4a4-22source-20261007,all12,intern-decision-0.8b,Intern-Decision,W4A4,expanded-20261007-v3,intern-decision-0.8b,spinquant-had-adapted,SpinQuant Had*,amazon,Amazon Reviews,standard_dataset,upstream_dataset_gold,128,128,0.1875,18.75,18.75,False,False,0.3475211174310739,34.75211174310739,34.75,False,False
expanded-v3-w4a4-22source-20261007,all12,intern-decision-0.8b,Intern-Decision,W4A4,expanded-20261007-v3,intern-decision-0.8b,spinquant-had-adapted,SpinQuant Had*,arc,ARC,standard_dataset,upstream_dataset_gold,128,128,0.265625,26.5625,26.56,False,False,0.3475211174310739,34.75211174310739,34.75,False,False
expanded-v3-w4a4-22source-20261007,all12,intern-decision-0.8b,Intern-Decision,W4A4,expanded-20261007-v3,intern-decision-0.8b,spinquant-had-adapted,SpinQuant Had*,boolq,BoolQ,standard_dataset,upstream_dataset_gold,120,120,0.5916666666666667,59.166666666666664,59.17,True,True,0.3475211174310739,34.75211174310739,34.75,False,False
expanded-v3-w4a4-22source-20261007,all12,intern-decision-0.8b,Intern-Decision,W4A4,expanded-20261007-v3,intern-decision-0.8b,spinquant-had-adapted,SpinQuant Had*,csqa,CommonsenseQA,standard_dataset,upstream_dataset_gold,128,128,0.171875,17.1875,17.19,False,False,0.3475211174310739,34.75211174310739,34.75,False,False
expanded-v3-w4a4-22source-20261007,all12,intern-decision-0.8b,Intern-Decision,W4A4,expanded-20261007-v3,intern-decision-0.8b,spinquant-had-adapted,SpinQuant Had*,emotion,Emotion,standard_dataset,upstream_dataset_gold,120,120,0.3333333333333333,33.33333333333333,33.33,True,True,0.3475211174310739,34.75211174310739,34.75,False,False
expanded-v3-w4a4-22source-20261007,all12,intern-decision-0.8b,Intern-Decision,W4A4,expanded-20261007-v3,intern-decision-0.8b,spinquant-had-adapted,SpinQuant Had*,imdb,IMDb,standard_dataset,upstream_dataset_gold,53,53,0.5094339622641509,50.943396226415096,50.94,False,False,0.3475211174310739,34.75211174310739,34.75,False,False
expanded-v3-w4a4-22source-20261007,all12,intern-decision-0.8b,Intern-Decision,W4A4,expanded-20261007-v3,intern-decision-0.8b,spinquant-had-adapted,SpinQuant Had*,jevbench,JevBench new eligible public tasks,authored_scenario_suite,authored_scenario_gold,48,48,0.2916666666666667,29.166666666666668,29.17,False,False,0.3475211174310739,34.75211174310739,34.75,False,False
expanded-v3-w4a4-22source-20261007,all12,intern-decision-0.8b,Intern-Decision,W4A4,expanded-20261007-v3,intern-decision-0.8b,spinquant-had-adapted,SpinQuant Had*,mmlu,MMLU,standard_dataset,upstream_dataset_gold,99,99,0.16161616161616163,16.161616161616163,16.16,False,False,0.3475211174310739,34.75211174310739,34.75,False,False
expanded-v3-w4a4-22source-20261007,all12,intern-decision-0.8b,Intern-Decision,W4A4,expanded-20261007-v3,intern-decision-0.8b,spinquant-had-adapted,SpinQuant Had*,mnli,MNLI,standard_dataset,upstream_dataset_gold,122,122,0.38524590163934425,38.52459016393443,38.52,True,True,0.3475211174310739,34.75211174310739,34.75,False,False
expanded-v3-w4a4-22source-20261007,all12,intern-decision-0.8b,Intern-Decision,W4A4,expanded-20261007-v3,intern-decision-0.8b,spinquant-had-adapted,SpinQuant Had*,openbookqa,OpenBookQA,standard_dataset,upstream_dataset_gold,128,128,0.2890625,28.90625,28.91,False,False,0.3475211174310739,34.75211174310739,34.75,False,False
expanded-v3-w4a4-22source-20261007,all12,intern-decision-0.8b,Intern-Decision,W4A4,expanded-20261007-v3,intern-decision-0.8b,spinquant-had-adapted,SpinQuant Had*,paws,PAWS,standard_dataset,upstream_dataset_gold,128,128,0.4453125,44.53125,44.53,False,False,0.3475211174310739,34.75211174310739,34.75,False,False
expanded-v3-w4a4-22source-20261007,all12,intern-decision-0.8b,Intern-Decision,W4A4,expanded-20261007-v3,intern-decision-0.8b,spinquant-had-adapted,SpinQuant Had*,qnli,QNLI,standard_dataset,upstream_dataset_gold,128,128,0.453125,45.3125,45.31,False,False,0.3475211174310739,34.75211174310739,34.75,False,False
expanded-v3-w4a4-22source-20261007,all12,intern-decision-0.8b,Intern-Decision,W4A4,expanded-20261007-v3,intern-decision-0.8b,spinquant-had-adapted,SpinQuant Had*,sciq,SciQ,standard_dataset,upstream_dataset_gold,92,92,0.32608695652173914,32.608695652173914,32.61,False,False,0.3475211174310739,34.75211174310739,34.75,False,False
expanded-v3-w4a4-22source-20261007,all12,intern-decision-0.8b,Intern-Decision,W4A4,expanded-20261007-v3,intern-decision-0.8b,spinquant-had-adapted,SpinQuant Had*,semif,SemIf authored,authored_rule_suite,authored_scenario_gold,128,32,0.390625,39.0625,39.06,False,False,0.3475211174310739,34.75211174310739,34.75,False,False
expanded-v3-w4a4-22source-20261007,all12,intern-decision-0.8b,Intern-Decision,W4A4,expanded-20261007-v3,intern-decision-0.8b,spinquant-had-adapted,SpinQuant Had*,sst5,SST-5,standard_dataset,upstream_dataset_gold,128,128,0.1640625,16.40625,16.41,False,False,0.3475211174310739,34.75211174310739,34.75,False,False
expanded-v3-w4a4-22source-20261007,all12,intern-decision-0.8b,Intern-Decision,W4A4,expanded-20261007-v3,intern-decision-0.8b,spinquant-had-adapted,SpinQuant Had*,toolace,ToolACE tool-choice classification,domain_decision_suite,native_annotation,68,68,0.4411764705882353,44.11764705882353,44.12,False,False,0.3475211174310739,34.75211174310739,34.75,False,False
expanded-v3-w4a4-22source-20261007,all12,intern-decision-0.8b,Intern-Decision,W4A4,expanded-20261007-v3,intern-decision-0.8b,spinquant-had-adapted,SpinQuant Had*,trec,TREC,standard_dataset,upstream_dataset_gold,121,121,0.11570247933884298,11.570247933884298,11.57,False,False,0.3475211174310739,34.75211174310739,34.75,False,False
expanded-v3-w4a4-22source-20261007,all12,intern-decision-0.8b,Intern-Decision,W4A4,expanded-20261007-v3,intern-decision-0.8b,spinquant-had-adapted,SpinQuant Had*,tweet-offensive,TweetEval Offensive,standard_dataset,upstream_dataset_gold,128,128,0.5703125,57.03125,57.03,False,False,0.3475211174310739,34.75211174310739,34.75,False,False
expanded-v3-w4a4-22source-20261007,all12,intern-decision-0.8b,Intern-Decision,W4A4,expanded-20261007-v3,intern-decision-0.8b,spinquant-had-adapted,SpinQuant Had*,wanli,WANLI,standard_dataset,upstream_dataset_gold,256,256,0.375,37.5,37.50,False,False,0.3475211174310739,34.75211174310739,34.75,False,False
expanded-v3-w4a4-22source-20261007,all12,intern-decision-0.8b,Intern-Decision,W4A4,expanded-20261007-v3,intern-decision-0.8b,spinquant-had-adapted,SpinQuant Had*,wildjailbreak,WildJailBreak harmful/benign classification,domain_decision_suite,native_annotation,128,128,0.4921875,49.21875,49.22,False,False,0.3475211174310739,34.75211174310739,34.75,False,False
expanded-v3-w4a4-22source-20261007,all12,intern-decision-0.8b,Intern-Decision,W4A4,expanded-20261007-v3,intern-decision-0.8b,spinquant-had-adapted,SpinQuant Had*,yelp,Yelp,standard_dataset,upstream_dataset_gold,132,66,0.23484848484848486,23.484848484848484,23.48,False,False,0.3475211174310739,34.75211174310739,34.75,False,False
expanded-v3-w4a4-22source-20261007,all12,intern-decision-0.8b,Intern-Decision,W4A4,expanded-20261007-v3,intern-decision-0.8b,s1q-joint,S1Q-Joint,agnews,AG News,standard_dataset,upstream_dataset_gold,360,120,0.4361111111111111,43.611111111111114,43.61,False,False,0.38681786318734274,38.681786318734275,38.68,True,True
expanded-v3-w4a4-22source-20261007,all12,intern-decision-0.8b,Intern-Decision,W4A4,expanded-20261007-v3,intern-decision-0.8b,s1q-joint,S1Q-Joint,amazon,Amazon Reviews,standard_dataset,upstream_dataset_gold,128,128,0.2265625,22.65625,22.66,False,False,0.38681786318734274,38.681786318734275,38.68,True,True
expanded-v3-w4a4-22source-20261007,all12,intern-decision-0.8b,Intern-Decision,W4A4,expanded-20261007-v3,intern-decision-0.8b,s1q-joint,S1Q-Joint,arc,ARC,standard_dataset,upstream_dataset_gold,128,128,0.2734375,27.34375,27.34,False,False,0.38681786318734274,38.681786318734275,38.68,True,True
expanded-v3-w4a4-22source-20261007,all12,intern-decision-0.8b,Intern-Decision,W4A4,expanded-20261007-v3,intern-decision-0.8b,s1q-joint,S1Q-Joint,boolq,BoolQ,standard_dataset,upstream_dataset_gold,120,120,0.5083333333333333,50.83333333333333,50.83,False,False,0.38681786318734274,38.681786318734275,38.68,True,True
expanded-v3-w4a4-22source-20261007,all12,intern-decision-0.8b,Intern-Decision,W4A4,expanded-20261007-v3,intern-decision-0.8b,s1q-joint,S1Q-Joint,csqa,CommonsenseQA,standard_dataset,upstream_dataset_gold,128,128,0.1953125,19.53125,19.53,False,False,0.38681786318734274,38.681786318734275,38.68,True,True
expanded-v3-w4a4-22source-20261007,all12,intern-decision-0.8b,Intern-Decision,W4A4,expanded-20261007-v3,intern-decision-0.8b,s1q-joint,S1Q-Joint,emotion,Emotion,standard_dataset,upstream_dataset_gold,120,120,0.2833333333333333,28.333333333333332,28.33,False,False,0.38681786318734274,38.681786318734275,38.68,True,True
expanded-v3-w4a4-22source-20261007,all12,intern-decision-0.8b,Intern-Decision,W4A4,expanded-20261007-v3,intern-decision-0.8b,s1q-joint,S1Q-Joint,imdb,IMDb,standard_dataset,upstream_dataset_gold,53,53,0.6037735849056604,60.37735849056604,60.38,True,True,0.38681786318734274,38.681786318734275,38.68,True,True
expanded-v3-w4a4-22source-20261007,all12,intern-decision-0.8b,Intern-Decision,W4A4,expanded-20261007-v3,intern-decision-0.8b,s1q-joint,S1Q-Joint,jevbench,JevBench new eligible public tasks,authored_scenario_suite,authored_scenario_gold,48,48,0.4791666666666667,47.91666666666667,47.92,False,False,0.38681786318734274,38.681786318734275,38.68,True,True
expanded-v3-w4a4-22source-20261007,all12,intern-decision-0.8b,Intern-Decision,W4A4,expanded-20261007-v3,intern-decision-0.8b,s1q-joint,S1Q-Joint,mmlu,MMLU,standard_dataset,upstream_dataset_gold,99,99,0.21212121212121213,21.21212121212121,21.21,False,False,0.38681786318734274,38.681786318734275,38.68,True,True
expanded-v3-w4a4-22source-20261007,all12,intern-decision-0.8b,Intern-Decision,W4A4,expanded-20261007-v3,intern-decision-0.8b,s1q-joint,S1Q-Joint,mnli,MNLI,standard_dataset,upstream_dataset_gold,122,122,0.36065573770491804,36.0655737704918,36.07,False,False,0.38681786318734274,38.681786318734275,38.68,True,True
expanded-v3-w4a4-22source-20261007,all12,intern-decision-0.8b,Intern-Decision,W4A4,expanded-20261007-v3,intern-decision-0.8b,s1q-joint,S1Q-Joint,openbookqa,OpenBookQA,standard_dataset,upstream_dataset_gold,128,128,0.28125,28.125,28.12,False,False,0.38681786318734274,38.681786318734275,38.68,True,True
expanded-v3-w4a4-22source-20261007,all12,intern-decision-0.8b,Intern-Decision,W4A4,expanded-20261007-v3,intern-decision-0.8b,s1q-joint,S1Q-Joint,paws,PAWS,standard_dataset,upstream_dataset_gold,128,128,0.5078125,50.78125,50.78,False,False,0.38681786318734274,38.681786318734275,38.68,True,True
expanded-v3-w4a4-22source-20261007,all12,intern-decision-0.8b,Intern-Decision,W4A4,expanded-20261007-v3,intern-decision-0.8b,s1q-joint,S1Q-Joint,qnli,QNLI,standard_dataset,upstream_dataset_gold,128,128,0.4765625,47.65625,47.66,False,False,0.38681786318734274,38.681786318734275,38.68,True,True
expanded-v3-w4a4-22source-20261007,all12,intern-decision-0.8b,Intern-Decision,W4A4,expanded-20261007-v3,intern-decision-0.8b,s1q-joint,S1Q-Joint,sciq,SciQ,standard_dataset,upstream_dataset_gold,92,92,0.4891304347826087,48.91304347826087,48.91,False,False,0.38681786318734274,38.681786318734275,38.68,True,True
expanded-v3-w4a4-22source-20261007,all12,intern-decision-0.8b,Intern-Decision,W4A4,expanded-20261007-v3,intern-decision-0.8b,s1q-joint,S1Q-Joint,semif,SemIf authored,authored_rule_suite,authored_scenario_gold,128,32,0.4140625,41.40625,41.41,True,True,0.38681786318734274,38.681786318734275,38.68,True,True
expanded-v3-w4a4-22source-20261007,all12,intern-decision-0.8b,Intern-Decision,W4A4,expanded-20261007-v3,intern-decision-0.8b,s1q-joint,S1Q-Joint,sst5,SST-5,standard_dataset,upstream_dataset_gold,128,128,0.1875,18.75,18.75,False,False,0.38681786318734274,38.681786318734275,38.68,True,True
expanded-v3-w4a4-22source-20261007,all12,intern-decision-0.8b,Intern-Decision,W4A4,expanded-20261007-v3,intern-decision-0.8b,s1q-joint,S1Q-Joint,toolace,ToolACE tool-choice classification,domain_decision_suite,native_annotation,68,68,0.6323529411764706,63.23529411764706,63.24,True,True,0.38681786318734274,38.681786318734275,38.68,True,True
expanded-v3-w4a4-22source-20261007,all12,intern-decision-0.8b,Intern-Decision,W4A4,expanded-20261007-v3,intern-decision-0.8b,s1q-joint,S1Q-Joint,trec,TREC,standard_dataset,upstream_dataset_gold,121,121,0.1652892561983471,16.528925619834713,16.53,True,True,0.38681786318734274,38.681786318734275,38.68,True,True
expanded-v3-w4a4-22source-20261007,all12,intern-decision-0.8b,Intern-Decision,W4A4,expanded-20261007-v3,intern-decision-0.8b,s1q-joint,S1Q-Joint,tweet-offensive,TweetEval Offensive,standard_dataset,upstream_dataset_gold,128,128,0.5625,56.25,56.25,False,False,0.38681786318734274,38.681786318734275,38.68,True,True
expanded-v3-w4a4-22source-20261007,all12,intern-decision-0.8b,Intern-Decision,W4A4,expanded-20261007-v3,intern-decision-0.8b,s1q-joint,S1Q-Joint,wanli,WANLI,standard_dataset,upstream_dataset_gold,256,256,0.3984375,39.84375,39.84,True,True,0.38681786318734274,38.681786318734275,38.68,True,True
expanded-v3-w4a4-22source-20261007,all12,intern-decision-0.8b,Intern-Decision,W4A4,expanded-20261007-v3,intern-decision-0.8b,s1q-joint,S1Q-Joint,wildjailbreak,WildJailBreak harmful/benign classification,domain_decision_suite,native_annotation,128,128,0.4375,43.75,43.75,False,False,0.38681786318734274,38.681786318734275,38.68,True,True
expanded-v3-w4a4-22source-20261007,all12,intern-decision-0.8b,Intern-Decision,W4A4,expanded-20261007-v3,intern-decision-0.8b,s1q-joint,S1Q-Joint,yelp,Yelp,standard_dataset,upstream_dataset_gold,132,66,0.3787878787878788,37.878787878787875,37.88,False,False,0.38681786318734274,38.681786318734275,38.68,True,True
expanded-v3-w4a4-22source-20261007,all12,intern-decision-0.8b,Intern-Decision,W4A4,expanded-20261007-v3,intern-decision-0.8b,s1q-ac,S1Q-AC,agnews,AG News,standard_dataset,upstream_dataset_gold,360,120,0.4722222222222222,47.22222222222222,47.22,False,False,0.36801857144238176,36.80185714423818,36.80,False,False
expanded-v3-w4a4-22source-20261007,all12,intern-decision-0.8b,Intern-Decision,W4A4,expanded-20261007-v3,intern-decision-0.8b,s1q-ac,S1Q-AC,amazon,Amazon Reviews,standard_dataset,upstream_dataset_gold,128,128,0.2421875,24.21875,24.22,True,True,0.36801857144238176,36.80185714423818,36.80,False,False
expanded-v3-w4a4-22source-20261007,all12,intern-decision-0.8b,Intern-Decision,W4A4,expanded-20261007-v3,intern-decision-0.8b,s1q-ac,S1Q-AC,arc,ARC,standard_dataset,upstream_dataset_gold,128,128,0.2265625,22.65625,22.66,False,False,0.36801857144238176,36.80185714423818,36.80,False,False
expanded-v3-w4a4-22source-20261007,all12,intern-decision-0.8b,Intern-Decision,W4A4,expanded-20261007-v3,intern-decision-0.8b,s1q-ac,S1Q-AC,boolq,BoolQ,standard_dataset,upstream_dataset_gold,120,120,0.4166666666666667,41.66666666666667,41.67,False,False,0.36801857144238176,36.80185714423818,36.80,False,False
expanded-v3-w4a4-22source-20261007,all12,intern-decision-0.8b,Intern-Decision,W4A4,expanded-20261007-v3,intern-decision-0.8b,s1q-ac,S1Q-AC,csqa,CommonsenseQA,standard_dataset,upstream_dataset_gold,128,128,0.1640625,16.40625,16.41,False,False,0.36801857144238176,36.80185714423818,36.80,False,False
expanded-v3-w4a4-22source-20261007,all12,intern-decision-0.8b,Intern-Decision,W4A4,expanded-20261007-v3,intern-decision-0.8b,s1q-ac,S1Q-AC,emotion,Emotion,standard_dataset,upstream_dataset_gold,120,120,0.30833333333333335,30.833333333333336,30.83,False,False,0.36801857144238176,36.80185714423818,36.80,False,False
expanded-v3-w4a4-22source-20261007,all12,intern-decision-0.8b,Intern-Decision,W4A4,expanded-20261007-v3,intern-decision-0.8b,s1q-ac,S1Q-AC,imdb,IMDb,standard_dataset,upstream_dataset_gold,53,53,0.49056603773584906,49.056603773584904,49.06,False,False,0.36801857144238176,36.80185714423818,36.80,False,False
expanded-v3-w4a4-22source-20261007,all12,intern-decision-0.8b,Intern-Decision,W4A4,expanded-20261007-v3,intern-decision-0.8b,s1q-ac,S1Q-AC,jevbench,JevBench new eligible public tasks,authored_scenario_suite,authored_scenario_gold,48,48,0.5,50.0,50.00,False,False,0.36801857144238176,36.80185714423818,36.80,False,False
expanded-v3-w4a4-22source-20261007,all12,intern-decision-0.8b,Intern-Decision,W4A4,expanded-20261007-v3,intern-decision-0.8b,s1q-ac,S1Q-AC,mmlu,MMLU,standard_dataset,upstream_dataset_gold,99,99,0.15151515151515152,15.151515151515152,15.15,False,False,0.36801857144238176,36.80185714423818,36.80,False,False
expanded-v3-w4a4-22source-20261007,all12,intern-decision-0.8b,Intern-Decision,W4A4,expanded-20261007-v3,intern-decision-0.8b,s1q-ac,S1Q-AC,mnli,MNLI,standard_dataset,upstream_dataset_gold,122,122,0.32786885245901637,32.78688524590164,32.79,False,False,0.36801857144238176,36.80185714423818,36.80,False,False
expanded-v3-w4a4-22source-20261007,all12,intern-decision-0.8b,Intern-Decision,W4A4,expanded-20261007-v3,intern-decision-0.8b,s1q-ac,S1Q-AC,openbookqa,OpenBookQA,standard_dataset,upstream_dataset_gold,128,128,0.28125,28.125,28.12,False,False,0.36801857144238176,36.80185714423818,36.80,False,False
expanded-v3-w4a4-22source-20261007,all12,intern-decision-0.8b,Intern-Decision,W4A4,expanded-20261007-v3,intern-decision-0.8b,s1q-ac,S1Q-AC,paws,PAWS,standard_dataset,upstream_dataset_gold,128,128,0.4375,43.75,43.75,False,False,0.36801857144238176,36.80185714423818,36.80,False,False
expanded-v3-w4a4-22source-20261007,all12,intern-decision-0.8b,Intern-Decision,W4A4,expanded-20261007-v3,intern-decision-0.8b,s1q-ac,S1Q-AC,qnli,QNLI,standard_dataset,upstream_dataset_gold,128,128,0.4453125,44.53125,44.53,False,False,0.36801857144238176,36.80185714423818,36.80,False,False
expanded-v3-w4a4-22source-20261007,all12,intern-decision-0.8b,Intern-Decision,W4A4,expanded-20261007-v3,intern-decision-0.8b,s1q-ac,S1Q-AC,sciq,SciQ,standard_dataset,upstream_dataset_gold,92,92,0.391304347826087,39.130434782608695,39.13,False,False,0.36801857144238176,36.80185714423818,36.80,False,False
expanded-v3-w4a4-22source-20261007,all12,intern-decision-0.8b,Intern-Decision,W4A4,expanded-20261007-v3,intern-decision-0.8b,s1q-ac,S1Q-AC,semif,SemIf authored,authored_rule_suite,authored_scenario_gold,128,32,0.3828125,38.28125,38.28,False,False,0.36801857144238176,36.80185714423818,36.80,False,False
expanded-v3-w4a4-22source-20261007,all12,intern-decision-0.8b,Intern-Decision,W4A4,expanded-20261007-v3,intern-decision-0.8b,s1q-ac,S1Q-AC,sst5,SST-5,standard_dataset,upstream_dataset_gold,128,128,0.2421875,24.21875,24.22,True,True,0.36801857144238176,36.80185714423818,36.80,False,False
expanded-v3-w4a4-22source-20261007,all12,intern-decision-0.8b,Intern-Decision,W4A4,expanded-20261007-v3,intern-decision-0.8b,s1q-ac,S1Q-AC,toolace,ToolACE tool-choice classification,domain_decision_suite,native_annotation,68,68,0.5735294117647058,57.35294117647059,57.35,False,False,0.36801857144238176,36.80185714423818,36.80,False,False
expanded-v3-w4a4-22source-20261007,all12,intern-decision-0.8b,Intern-Decision,W4A4,expanded-20261007-v3,intern-decision-0.8b,s1q-ac,S1Q-AC,trec,TREC,standard_dataset,upstream_dataset_gold,121,121,0.12396694214876033,12.396694214876034,12.40,False,False,0.36801857144238176,36.80185714423818,36.80,False,False
expanded-v3-w4a4-22source-20261007,all12,intern-decision-0.8b,Intern-Decision,W4A4,expanded-20261007-v3,intern-decision-0.8b,s1q-ac,S1Q-AC,tweet-offensive,TweetEval Offensive,standard_dataset,upstream_dataset_gold,128,128,0.6796875,67.96875,67.97,False,False,0.36801857144238176,36.80185714423818,36.80,False,False
expanded-v3-w4a4-22source-20261007,all12,intern-decision-0.8b,Intern-Decision,W4A4,expanded-20261007-v3,intern-decision-0.8b,s1q-ac,S1Q-AC,wanli,WANLI,standard_dataset,upstream_dataset_gold,256,256,0.328125,32.8125,32.81,False,False,0.36801857144238176,36.80185714423818,36.80,False,False
expanded-v3-w4a4-22source-20261007,all12,intern-decision-0.8b,Intern-Decision,W4A4,expanded-20261007-v3,intern-decision-0.8b,s1q-ac,S1Q-AC,wildjailbreak,WildJailBreak harmful/benign classification,domain_decision_suite,native_annotation,128,128,0.5546875,55.46875,55.47,False,False,0.36801857144238176,36.80185714423818,36.80,False,False
expanded-v3-w4a4-22source-20261007,all12,intern-decision-0.8b,Intern-Decision,W4A4,expanded-20261007-v3,intern-decision-0.8b,s1q-ac,S1Q-AC,yelp,Yelp,standard_dataset,upstream_dataset_gold,132,66,0.3560606060606061,35.60606060606061,35.61,False,False,0.36801857144238176,36.80185714423818,36.80,False,False
expanded-v3-w4a4-22source-20261007,all12,intern-decision-0.8b,Intern-Decision,W4A4,expanded-20261007-v3,intern-decision-0.8b,s1q-margin,S1Q-Margin,agnews,AG News,standard_dataset,upstream_dataset_gold,360,120,0.4444444444444444,44.44444444444444,44.44,False,False,0.37350053360421714,37.35005336042171,37.35,False,False
expanded-v3-w4a4-22source-20261007,all12,intern-decision-0.8b,Intern-Decision,W4A4,expanded-20261007-v3,intern-decision-0.8b,s1q-margin,S1Q-Margin,amazon,Amazon Reviews,standard_dataset,upstream_dataset_gold,128,128,0.1640625,16.40625,16.41,False,False,0.37350053360421714,37.35005336042171,37.35,False,False
expanded-v3-w4a4-22source-20261007,all12,intern-decision-0.8b,Intern-Decision,W4A4,expanded-20261007-v3,intern-decision-0.8b,s1q-margin,S1Q-Margin,arc,ARC,standard_dataset,upstream_dataset_gold,128,128,0.3125,31.25,31.25,False,False,0.37350053360421714,37.35005336042171,37.35,False,False
expanded-v3-w4a4-22source-20261007,all12,intern-decision-0.8b,Intern-Decision,W4A4,expanded-20261007-v3,intern-decision-0.8b,s1q-margin,S1Q-Margin,boolq,BoolQ,standard_dataset,upstream_dataset_gold,120,120,0.425,42.5,42.50,False,False,0.37350053360421714,37.35005336042171,37.35,False,False
expanded-v3-w4a4-22source-20261007,all12,intern-decision-0.8b,Intern-Decision,W4A4,expanded-20261007-v3,intern-decision-0.8b,s1q-margin,S1Q-Margin,csqa,CommonsenseQA,standard_dataset,upstream_dataset_gold,128,128,0.1953125,19.53125,19.53,False,False,0.37350053360421714,37.35005336042171,37.35,False,False
expanded-v3-w4a4-22source-20261007,all12,intern-decision-0.8b,Intern-Decision,W4A4,expanded-20261007-v3,intern-decision-0.8b,s1q-margin,S1Q-Margin,emotion,Emotion,standard_dataset,upstream_dataset_gold,120,120,0.3,30.0,30.00,False,False,0.37350053360421714,37.35005336042171,37.35,False,False
expanded-v3-w4a4-22source-20261007,all12,intern-decision-0.8b,Intern-Decision,W4A4,expanded-20261007-v3,intern-decision-0.8b,s1q-margin,S1Q-Margin,imdb,IMDb,standard_dataset,upstream_dataset_gold,53,53,0.5849056603773585,58.490566037735846,58.49,False,False,0.37350053360421714,37.35005336042171,37.35,False,False
expanded-v3-w4a4-22source-20261007,all12,intern-decision-0.8b,Intern-Decision,W4A4,expanded-20261007-v3,intern-decision-0.8b,s1q-margin,S1Q-Margin,jevbench,JevBench new eligible public tasks,authored_scenario_suite,authored_scenario_gold,48,48,0.4791666666666667,47.91666666666667,47.92,False,False,0.37350053360421714,37.35005336042171,37.35,False,False
expanded-v3-w4a4-22source-20261007,all12,intern-decision-0.8b,Intern-Decision,W4A4,expanded-20261007-v3,intern-decision-0.8b,s1q-margin,S1Q-Margin,mmlu,MMLU,standard_dataset,upstream_dataset_gold,99,99,0.2727272727272727,27.27272727272727,27.27,False,False,0.37350053360421714,37.35005336042171,37.35,False,False
expanded-v3-w4a4-22source-20261007,all12,intern-decision-0.8b,Intern-Decision,W4A4,expanded-20261007-v3,intern-decision-0.8b,s1q-margin,S1Q-Margin,mnli,MNLI,standard_dataset,upstream_dataset_gold,122,122,0.3442622950819672,34.42622950819672,34.43,False,False,0.37350053360421714,37.35005336042171,37.35,False,False
expanded-v3-w4a4-22source-20261007,all12,intern-decision-0.8b,Intern-Decision,W4A4,expanded-20261007-v3,intern-decision-0.8b,s1q-margin,S1Q-Margin,openbookqa,OpenBookQA,standard_dataset,upstream_dataset_gold,128,128,0.265625,26.5625,26.56,False,False,0.37350053360421714,37.35005336042171,37.35,False,False
expanded-v3-w4a4-22source-20261007,all12,intern-decision-0.8b,Intern-Decision,W4A4,expanded-20261007-v3,intern-decision-0.8b,s1q-margin,S1Q-Margin,paws,PAWS,standard_dataset,upstream_dataset_gold,128,128,0.4921875,49.21875,49.22,False,False,0.37350053360421714,37.35005336042171,37.35,False,False
expanded-v3-w4a4-22source-20261007,all12,intern-decision-0.8b,Intern-Decision,W4A4,expanded-20261007-v3,intern-decision-0.8b,s1q-margin,S1Q-Margin,qnli,QNLI,standard_dataset,upstream_dataset_gold,128,128,0.5390625,53.90625,53.91,True,True,0.37350053360421714,37.35005336042171,37.35,False,False
expanded-v3-w4a4-22source-20261007,all12,intern-decision-0.8b,Intern-Decision,W4A4,expanded-20261007-v3,intern-decision-0.8b,s1q-margin,S1Q-Margin,sciq,SciQ,standard_dataset,upstream_dataset_gold,92,92,0.532608695652174,53.2608695652174,53.26,True,True,0.37350053360421714,37.35005336042171,37.35,False,False
expanded-v3-w4a4-22source-20261007,all12,intern-decision-0.8b,Intern-Decision,W4A4,expanded-20261007-v3,intern-decision-0.8b,s1q-margin,S1Q-Margin,semif,SemIf authored,authored_rule_suite,authored_scenario_gold,128,32,0.3515625,35.15625,35.16,False,False,0.37350053360421714,37.35005336042171,37.35,False,False
expanded-v3-w4a4-22source-20261007,all12,intern-decision-0.8b,Intern-Decision,W4A4,expanded-20261007-v3,intern-decision-0.8b,s1q-margin,S1Q-Margin,sst5,SST-5,standard_dataset,upstream_dataset_gold,128,128,0.2109375,21.09375,21.09,False,False,0.37350053360421714,37.35005336042171,37.35,False,False
expanded-v3-w4a4-22source-20261007,all12,intern-decision-0.8b,Intern-Decision,W4A4,expanded-20261007-v3,intern-decision-0.8b,s1q-margin,S1Q-Margin,toolace,ToolACE tool-choice classification,domain_decision_suite,native_annotation,68,68,0.5588235294117647,55.88235294117647,55.88,False,False,0.37350053360421714,37.35005336042171,37.35,False,False
expanded-v3-w4a4-22source-20261007,all12,intern-decision-0.8b,Intern-Decision,W4A4,expanded-20261007-v3,intern-decision-0.8b,s1q-margin,S1Q-Margin,trec,TREC,standard_dataset,upstream_dataset_gold,121,121,0.09917355371900827,9.917355371900827,9.92,False,False,0.37350053360421714,37.35005336042171,37.35,False,False
expanded-v3-w4a4-22source-20261007,all12,intern-decision-0.8b,Intern-Decision,W4A4,expanded-20261007-v3,intern-decision-0.8b,s1q-margin,S1Q-Margin,tweet-offensive,TweetEval Offensive,standard_dataset,upstream_dataset_gold,128,128,0.546875,54.6875,54.69,False,False,0.37350053360421714,37.35005336042171,37.35,False,False
expanded-v3-w4a4-22source-20261007,all12,intern-decision-0.8b,Intern-Decision,W4A4,expanded-20261007-v3,intern-decision-0.8b,s1q-margin,S1Q-Margin,wanli,WANLI,standard_dataset,upstream_dataset_gold,256,256,0.3515625,35.15625,35.16,False,False,0.37350053360421714,37.35005336042171,37.35,False,False
expanded-v3-w4a4-22source-20261007,all12,intern-decision-0.8b,Intern-Decision,W4A4,expanded-20261007-v3,intern-decision-0.8b,s1q-margin,S1Q-Margin,wildjailbreak,WildJailBreak harmful/benign classification,domain_decision_suite,native_annotation,128,128,0.375,37.5,37.50,False,False,0.37350053360421714,37.35005336042171,37.35,False,False
expanded-v3-w4a4-22source-20261007,all12,intern-decision-0.8b,Intern-Decision,W4A4,expanded-20261007-v3,intern-decision-0.8b,s1q-margin,S1Q-Margin,yelp,Yelp,standard_dataset,upstream_dataset_gold,132,66,0.3712121212121212,37.121212121212125,37.12,False,False,0.37350053360421714,37.35005336042171,37.35,False,False
expanded-v3-w4a4-22source-20261007,all12,intern-decision-0.8b,Intern-Decision,W4A4,expanded-20261007-v3,intern-decision-0.8b,s1q,S1Q (current),agnews,AG News,standard_dataset,upstream_dataset_gold,360,120,0.5333333333333333,53.333333333333336,53.33,True,True,0.37887889877203607,37.887889877203605,37.89,False,False
expanded-v3-w4a4-22source-20261007,all12,intern-decision-0.8b,Intern-Decision,W4A4,expanded-20261007-v3,intern-decision-0.8b,s1q,S1Q (current),amazon,Amazon Reviews,standard_dataset,upstream_dataset_gold,128,128,0.1796875,17.96875,17.97,False,False,0.37887889877203607,37.887889877203605,37.89,False,False
expanded-v3-w4a4-22source-20261007,all12,intern-decision-0.8b,Intern-Decision,W4A4,expanded-20261007-v3,intern-decision-0.8b,s1q,S1Q (current),arc,ARC,standard_dataset,upstream_dataset_gold,128,128,0.203125,20.3125,20.31,False,False,0.37887889877203607,37.887889877203605,37.89,False,False
expanded-v3-w4a4-22source-20261007,all12,intern-decision-0.8b,Intern-Decision,W4A4,expanded-20261007-v3,intern-decision-0.8b,s1q,S1Q (current),boolq,BoolQ,standard_dataset,upstream_dataset_gold,120,120,0.5,50.0,50.00,False,False,0.37887889877203607,37.887889877203605,37.89,False,False
expanded-v3-w4a4-22source-20261007,all12,intern-decision-0.8b,Intern-Decision,W4A4,expanded-20261007-v3,intern-decision-0.8b,s1q,S1Q (current),csqa,CommonsenseQA,standard_dataset,upstream_dataset_gold,128,128,0.2890625,28.90625,28.91,True,True,0.37887889877203607,37.887889877203605,37.89,False,False
expanded-v3-w4a4-22source-20261007,all12,intern-decision-0.8b,Intern-Decision,W4A4,expanded-20261007-v3,intern-decision-0.8b,s1q,S1Q (current),emotion,Emotion,standard_dataset,upstream_dataset_gold,120,120,0.275,27.500000000000004,27.50,False,False,0.37887889877203607,37.887889877203605,37.89,False,False
expanded-v3-w4a4-22source-20261007,all12,intern-decision-0.8b,Intern-Decision,W4A4,expanded-20261007-v3,intern-decision-0.8b,s1q,S1Q (current),imdb,IMDb,standard_dataset,upstream_dataset_gold,53,53,0.4716981132075472,47.16981132075472,47.17,False,False,0.37887889877203607,37.887889877203605,37.89,False,False
expanded-v3-w4a4-22source-20261007,all12,intern-decision-0.8b,Intern-Decision,W4A4,expanded-20261007-v3,intern-decision-0.8b,s1q,S1Q (current),jevbench,JevBench new eligible public tasks,authored_scenario_suite,authored_scenario_gold,48,48,0.5208333333333334,52.083333333333336,52.08,True,True,0.37887889877203607,37.887889877203605,37.89,False,False
expanded-v3-w4a4-22source-20261007,all12,intern-decision-0.8b,Intern-Decision,W4A4,expanded-20261007-v3,intern-decision-0.8b,s1q,S1Q (current),mmlu,MMLU,standard_dataset,upstream_dataset_gold,99,99,0.24242424242424243,24.242424242424242,24.24,False,False,0.37887889877203607,37.887889877203605,37.89,False,False
expanded-v3-w4a4-22source-20261007,all12,intern-decision-0.8b,Intern-Decision,W4A4,expanded-20261007-v3,intern-decision-0.8b,s1q,S1Q (current),mnli,MNLI,standard_dataset,upstream_dataset_gold,122,122,0.319672131147541,31.967213114754102,31.97,False,False,0.37887889877203607,37.887889877203605,37.89,False,False
expanded-v3-w4a4-22source-20261007,all12,intern-decision-0.8b,Intern-Decision,W4A4,expanded-20261007-v3,intern-decision-0.8b,s1q,S1Q (current),openbookqa,OpenBookQA,standard_dataset,upstream_dataset_gold,128,128,0.28125,28.125,28.12,False,False,0.37887889877203607,37.887889877203605,37.89,False,False
expanded-v3-w4a4-22source-20261007,all12,intern-decision-0.8b,Intern-Decision,W4A4,expanded-20261007-v3,intern-decision-0.8b,s1q,S1Q (current),paws,PAWS,standard_dataset,upstream_dataset_gold,128,128,0.4921875,49.21875,49.22,False,False,0.37887889877203607,37.887889877203605,37.89,False,False
expanded-v3-w4a4-22source-20261007,all12,intern-decision-0.8b,Intern-Decision,W4A4,expanded-20261007-v3,intern-decision-0.8b,s1q,S1Q (current),qnli,QNLI,standard_dataset,upstream_dataset_gold,128,128,0.46875,46.875,46.88,False,False,0.37887889877203607,37.887889877203605,37.89,False,False
expanded-v3-w4a4-22source-20261007,all12,intern-decision-0.8b,Intern-Decision,W4A4,expanded-20261007-v3,intern-decision-0.8b,s1q,S1Q (current),sciq,SciQ,standard_dataset,upstream_dataset_gold,92,92,0.45652173913043476,45.65217391304348,45.65,False,False,0.37887889877203607,37.887889877203605,37.89,False,False
expanded-v3-w4a4-22source-20261007,all12,intern-decision-0.8b,Intern-Decision,W4A4,expanded-20261007-v3,intern-decision-0.8b,s1q,S1Q (current),semif,SemIf authored,authored_rule_suite,authored_scenario_gold,128,32,0.3671875,36.71875,36.72,False,False,0.37887889877203607,37.887889877203605,37.89,False,False
expanded-v3-w4a4-22source-20261007,all12,intern-decision-0.8b,Intern-Decision,W4A4,expanded-20261007-v3,intern-decision-0.8b,s1q,S1Q (current),sst5,SST-5,standard_dataset,upstream_dataset_gold,128,128,0.234375,23.4375,23.44,False,False,0.37887889877203607,37.887889877203605,37.89,False,False
expanded-v3-w4a4-22source-20261007,all12,intern-decision-0.8b,Intern-Decision,W4A4,expanded-20261007-v3,intern-decision-0.8b,s1q,S1Q (current),toolace,ToolACE tool-choice classification,domain_decision_suite,native_annotation,68,68,0.5294117647058824,52.94117647058824,52.94,False,False,0.37887889877203607,37.887889877203605,37.89,False,False
expanded-v3-w4a4-22source-20261007,all12,intern-decision-0.8b,Intern-Decision,W4A4,expanded-20261007-v3,intern-decision-0.8b,s1q,S1Q (current),trec,TREC,standard_dataset,upstream_dataset_gold,121,121,0.11570247933884298,11.570247933884298,11.57,False,False,0.37887889877203607,37.887889877203605,37.89,False,False
expanded-v3-w4a4-22source-20261007,all12,intern-decision-0.8b,Intern-Decision,W4A4,expanded-20261007-v3,intern-decision-0.8b,s1q,S1Q (current),tweet-offensive,TweetEval Offensive,standard_dataset,upstream_dataset_gold,128,128,0.640625,64.0625,64.06,False,False,0.37887889877203607,37.887889877203605,37.89,False,False
expanded-v3-w4a4-22source-20261007,all12,intern-decision-0.8b,Intern-Decision,W4A4,expanded-20261007-v3,intern-decision-0.8b,s1q,S1Q (current),wanli,WANLI,standard_dataset,upstream_dataset_gold,256,256,0.328125,32.8125,32.81,False,False,0.37887889877203607,37.887889877203605,37.89,False,False
expanded-v3-w4a4-22source-20261007,all12,intern-decision-0.8b,Intern-Decision,W4A4,expanded-20261007-v3,intern-decision-0.8b,s1q,S1Q (current),wildjailbreak,WildJailBreak harmful/benign classification,domain_decision_suite,native_annotation,128,128,0.5,50.0,50.00,False,False,0.37887889877203607,37.887889877203605,37.89,False,False
expanded-v3-w4a4-22source-20261007,all12,intern-decision-0.8b,Intern-Decision,W4A4,expanded-20261007-v3,intern-decision-0.8b,s1q,S1Q (current),yelp,Yelp,standard_dataset,upstream_dataset_gold,132,66,0.38636363636363635,38.63636363636363,38.64,True,True,0.37887889877203607,37.887889877203605,37.89,False,False
expanded-v3-w4a4-22source-20261007,all12,intern-decision-2b,Intern-Decision,W4A4,expanded-20261007-v3,intern-decision-2b,native,Native,agnews,AG News,standard_dataset,upstream_dataset_gold,360,120,0.7472222222222222,74.72222222222223,74.72,False,False,0.7244444224771461,72.44444224771462,72.44,False,False
expanded-v3-w4a4-22source-20261007,all12,intern-decision-2b,Intern-Decision,W4A4,expanded-20261007-v3,intern-decision-2b,native,Native,amazon,Amazon Reviews,standard_dataset,upstream_dataset_gold,128,128,0.4453125,44.53125,44.53,False,False,0.7244444224771461,72.44444224771462,72.44,False,False
expanded-v3-w4a4-22source-20261007,all12,intern-decision-2b,Intern-Decision,W4A4,expanded-20261007-v3,intern-decision-2b,native,Native,arc,ARC,standard_dataset,upstream_dataset_gold,128,128,0.765625,76.5625,76.56,False,False,0.7244444224771461,72.44444224771462,72.44,False,False
expanded-v3-w4a4-22source-20261007,all12,intern-decision-2b,Intern-Decision,W4A4,expanded-20261007-v3,intern-decision-2b,native,Native,boolq,BoolQ,standard_dataset,upstream_dataset_gold,120,120,0.8166666666666667,81.66666666666667,81.67,False,False,0.7244444224771461,72.44444224771462,72.44,False,False
expanded-v3-w4a4-22source-20261007,all12,intern-decision-2b,Intern-Decision,W4A4,expanded-20261007-v3,intern-decision-2b,native,Native,csqa,CommonsenseQA,standard_dataset,upstream_dataset_gold,128,128,0.6640625,66.40625,66.41,False,False,0.7244444224771461,72.44444224771462,72.44,False,False
expanded-v3-w4a4-22source-20261007,all12,intern-decision-2b,Intern-Decision,W4A4,expanded-20261007-v3,intern-decision-2b,native,Native,emotion,Emotion,standard_dataset,upstream_dataset_gold,120,120,0.4583333333333333,45.83333333333333,45.83,False,False,0.7244444224771461,72.44444224771462,72.44,False,False
expanded-v3-w4a4-22source-20261007,all12,intern-decision-2b,Intern-Decision,W4A4,expanded-20261007-v3,intern-decision-2b,native,Native,imdb,IMDb,standard_dataset,upstream_dataset_gold,53,53,0.9433962264150944,94.33962264150944,94.34,False,False,0.7244444224771461,72.44444224771462,72.44,False,False
expanded-v3-w4a4-22source-20261007,all12,intern-decision-2b,Intern-Decision,W4A4,expanded-20261007-v3,intern-decision-2b,native,Native,jevbench,JevBench new eligible public tasks,authored_scenario_suite,authored_scenario_gold,48,48,1.0,100.0,100.00,False,False,0.7244444224771461,72.44444224771462,72.44,False,False
expanded-v3-w4a4-22source-20261007,all12,intern-decision-2b,Intern-Decision,W4A4,expanded-20261007-v3,intern-decision-2b,native,Native,mmlu,MMLU,standard_dataset,upstream_dataset_gold,99,99,0.5555555555555556,55.55555555555556,55.56,False,False,0.7244444224771461,72.44444224771462,72.44,False,False
expanded-v3-w4a4-22source-20261007,all12,intern-decision-2b,Intern-Decision,W4A4,expanded-20261007-v3,intern-decision-2b,native,Native,mnli,MNLI,standard_dataset,upstream_dataset_gold,122,122,0.5819672131147541,58.19672131147541,58.20,False,False,0.7244444224771461,72.44444224771462,72.44,False,False
expanded-v3-w4a4-22source-20261007,all12,intern-decision-2b,Intern-Decision,W4A4,expanded-20261007-v3,intern-decision-2b,native,Native,openbookqa,OpenBookQA,standard_dataset,upstream_dataset_gold,128,128,0.6171875,61.71875,61.72,False,False,0.7244444224771461,72.44444224771462,72.44,False,False
expanded-v3-w4a4-22source-20261007,all12,intern-decision-2b,Intern-Decision,W4A4,expanded-20261007-v3,intern-decision-2b,native,Native,paws,PAWS,standard_dataset,upstream_dataset_gold,128,128,0.7109375,71.09375,71.09,False,False,0.7244444224771461,72.44444224771462,72.44,False,False
expanded-v3-w4a4-22source-20261007,all12,intern-decision-2b,Intern-Decision,W4A4,expanded-20261007-v3,intern-decision-2b,native,Native,qnli,QNLI,standard_dataset,upstream_dataset_gold,128,128,0.859375,85.9375,85.94,False,False,0.7244444224771461,72.44444224771462,72.44,False,False
expanded-v3-w4a4-22source-20261007,all12,intern-decision-2b,Intern-Decision,W4A4,expanded-20261007-v3,intern-decision-2b,native,Native,sciq,SciQ,standard_dataset,upstream_dataset_gold,92,92,0.9782608695652174,97.82608695652173,97.83,False,False,0.7244444224771461,72.44444224771462,72.44,False,False
expanded-v3-w4a4-22source-20261007,all12,intern-decision-2b,Intern-Decision,W4A4,expanded-20261007-v3,intern-decision-2b,native,Native,semif,SemIf authored,authored_rule_suite,authored_scenario_gold,128,32,0.8046875,80.46875,80.47,False,False,0.7244444224771461,72.44444224771462,72.44,False,False
expanded-v3-w4a4-22source-20261007,all12,intern-decision-2b,Intern-Decision,W4A4,expanded-20261007-v3,intern-decision-2b,native,Native,sst5,SST-5,standard_dataset,upstream_dataset_gold,128,128,0.46875,46.875,46.88,False,False,0.7244444224771461,72.44444224771462,72.44,False,False
expanded-v3-w4a4-22source-20261007,all12,intern-decision-2b,Intern-Decision,W4A4,expanded-20261007-v3,intern-decision-2b,native,Native,toolace,ToolACE tool-choice classification,domain_decision_suite,native_annotation,68,68,0.9558823529411765,95.58823529411765,95.59,False,False,0.7244444224771461,72.44444224771462,72.44,False,False
expanded-v3-w4a4-22source-20261007,all12,intern-decision-2b,Intern-Decision,W4A4,expanded-20261007-v3,intern-decision-2b,native,Native,trec,TREC,standard_dataset,upstream_dataset_gold,121,121,0.8016528925619835,80.16528925619835,80.17,False,False,0.7244444224771461,72.44444224771462,72.44,False,False
expanded-v3-w4a4-22source-20261007,all12,intern-decision-2b,Intern-Decision,W4A4,expanded-20261007-v3,intern-decision-2b,native,Native,tweet-offensive,TweetEval Offensive,standard_dataset,upstream_dataset_gold,128,128,0.78125,78.125,78.12,False,False,0.7244444224771461,72.44444224771462,72.44,False,False
expanded-v3-w4a4-22source-20261007,all12,intern-decision-2b,Intern-Decision,W4A4,expanded-20261007-v3,intern-decision-2b,native,Native,wanli,WANLI,standard_dataset,upstream_dataset_gold,256,256,0.54296875,54.296875,54.30,False,False,0.7244444224771461,72.44444224771462,72.44,False,False
expanded-v3-w4a4-22source-20261007,all12,intern-decision-2b,Intern-Decision,W4A4,expanded-20261007-v3,intern-decision-2b,native,Native,wildjailbreak,WildJailBreak harmful/benign classification,domain_decision_suite,native_annotation,128,128,0.7265625,72.65625,72.66,False,False,0.7244444224771461,72.44444224771462,72.44,False,False
expanded-v3-w4a4-22source-20261007,all12,intern-decision-2b,Intern-Decision,W4A4,expanded-20261007-v3,intern-decision-2b,native,Native,yelp,Yelp,standard_dataset,upstream_dataset_gold,132,66,0.7121212121212122,71.21212121212122,71.21,False,False,0.7244444224771461,72.44444224771462,72.44,False,False
expanded-v3-w4a4-22source-20261007,all12,intern-decision-2b,Intern-Decision,W4A4,expanded-20261007-v3,intern-decision-2b,rtn,RTN,agnews,AG News,standard_dataset,upstream_dataset_gold,360,120,0.44722222222222224,44.72222222222222,44.72,False,False,0.3405482010627672,34.054820106276715,34.05,False,False
expanded-v3-w4a4-22source-20261007,all12,intern-decision-2b,Intern-Decision,W4A4,expanded-20261007-v3,intern-decision-2b,rtn,RTN,amazon,Amazon Reviews,standard_dataset,upstream_dataset_gold,128,128,0.15625,15.625,15.62,False,False,0.3405482010627672,34.054820106276715,34.05,False,False
expanded-v3-w4a4-22source-20261007,all12,intern-decision-2b,Intern-Decision,W4A4,expanded-20261007-v3,intern-decision-2b,rtn,RTN,arc,ARC,standard_dataset,upstream_dataset_gold,128,128,0.234375,23.4375,23.44,False,False,0.3405482010627672,34.054820106276715,34.05,False,False
expanded-v3-w4a4-22source-20261007,all12,intern-decision-2b,Intern-Decision,W4A4,expanded-20261007-v3,intern-decision-2b,rtn,RTN,boolq,BoolQ,standard_dataset,upstream_dataset_gold,120,120,0.4166666666666667,41.66666666666667,41.67,False,False,0.3405482010627672,34.054820106276715,34.05,False,False
expanded-v3-w4a4-22source-20261007,all12,intern-decision-2b,Intern-Decision,W4A4,expanded-20261007-v3,intern-decision-2b,rtn,RTN,csqa,CommonsenseQA,standard_dataset,upstream_dataset_gold,128,128,0.171875,17.1875,17.19,False,False,0.3405482010627672,34.054820106276715,34.05,False,False
expanded-v3-w4a4-22source-20261007,all12,intern-decision-2b,Intern-Decision,W4A4,expanded-20261007-v3,intern-decision-2b,rtn,RTN,emotion,Emotion,standard_dataset,upstream_dataset_gold,120,120,0.21666666666666667,21.666666666666668,21.67,False,False,0.3405482010627672,34.054820106276715,34.05,False,False
expanded-v3-w4a4-22source-20261007,all12,intern-decision-2b,Intern-Decision,W4A4,expanded-20261007-v3,intern-decision-2b,rtn,RTN,imdb,IMDb,standard_dataset,upstream_dataset_gold,53,53,0.4339622641509434,43.39622641509434,43.40,False,False,0.3405482010627672,34.054820106276715,34.05,False,False
expanded-v3-w4a4-22source-20261007,all12,intern-decision-2b,Intern-Decision,W4A4,expanded-20261007-v3,intern-decision-2b,rtn,RTN,jevbench,JevBench new eligible public tasks,authored_scenario_suite,authored_scenario_gold,48,48,0.2708333333333333,27.083333333333332,27.08,False,False,0.3405482010627672,34.054820106276715,34.05,False,False
expanded-v3-w4a4-22source-20261007,all12,intern-decision-2b,Intern-Decision,W4A4,expanded-20261007-v3,intern-decision-2b,rtn,RTN,mmlu,MMLU,standard_dataset,upstream_dataset_gold,99,99,0.36363636363636365,36.36363636363637,36.36,True,True,0.3405482010627672,34.054820106276715,34.05,False,False
expanded-v3-w4a4-22source-20261007,all12,intern-decision-2b,Intern-Decision,W4A4,expanded-20261007-v3,intern-decision-2b,rtn,RTN,mnli,MNLI,standard_dataset,upstream_dataset_gold,122,122,0.32786885245901637,32.78688524590164,32.79,False,False,0.3405482010627672,34.054820106276715,34.05,False,False
expanded-v3-w4a4-22source-20261007,all12,intern-decision-2b,Intern-Decision,W4A4,expanded-20261007-v3,intern-decision-2b,rtn,RTN,openbookqa,OpenBookQA,standard_dataset,upstream_dataset_gold,128,128,0.3515625,35.15625,35.16,False,False,0.3405482010627672,34.054820106276715,34.05,False,False
expanded-v3-w4a4-22source-20261007,all12,intern-decision-2b,Intern-Decision,W4A4,expanded-20261007-v3,intern-decision-2b,rtn,RTN,paws,PAWS,standard_dataset,upstream_dataset_gold,128,128,0.46875,46.875,46.88,False,False,0.3405482010627672,34.054820106276715,34.05,False,False
expanded-v3-w4a4-22source-20261007,all12,intern-decision-2b,Intern-Decision,W4A4,expanded-20261007-v3,intern-decision-2b,rtn,RTN,qnli,QNLI,standard_dataset,upstream_dataset_gold,128,128,0.421875,42.1875,42.19,False,False,0.3405482010627672,34.054820106276715,34.05,False,False
expanded-v3-w4a4-22source-20261007,all12,intern-decision-2b,Intern-Decision,W4A4,expanded-20261007-v3,intern-decision-2b,rtn,RTN,sciq,SciQ,standard_dataset,upstream_dataset_gold,92,92,0.25,25.0,25.00,False,False,0.3405482010627672,34.054820106276715,34.05,False,False
expanded-v3-w4a4-22source-20261007,all12,intern-decision-2b,Intern-Decision,W4A4,expanded-20261007-v3,intern-decision-2b,rtn,RTN,semif,SemIf authored,authored_rule_suite,authored_scenario_gold,128,32,0.375,37.5,37.50,False,False,0.3405482010627672,34.054820106276715,34.05,False,False
expanded-v3-w4a4-22source-20261007,all12,intern-decision-2b,Intern-Decision,W4A4,expanded-20261007-v3,intern-decision-2b,rtn,RTN,sst5,SST-5,standard_dataset,upstream_dataset_gold,128,128,0.1953125,19.53125,19.53,False,False,0.3405482010627672,34.054820106276715,34.05,False,False
expanded-v3-w4a4-22source-20261007,all12,intern-decision-2b,Intern-Decision,W4A4,expanded-20261007-v3,intern-decision-2b,rtn,RTN,toolace,ToolACE tool-choice classification,domain_decision_suite,native_annotation,68,68,0.39705882352941174,39.705882352941174,39.71,False,False,0.3405482010627672,34.054820106276715,34.05,False,False
expanded-v3-w4a4-22source-20261007,all12,intern-decision-2b,Intern-Decision,W4A4,expanded-20261007-v3,intern-decision-2b,rtn,RTN,trec,TREC,standard_dataset,upstream_dataset_gold,121,121,0.1322314049586777,13.223140495867769,13.22,False,False,0.3405482010627672,34.054820106276715,34.05,False,False
expanded-v3-w4a4-22source-20261007,all12,intern-decision-2b,Intern-Decision,W4A4,expanded-20261007-v3,intern-decision-2b,rtn,RTN,tweet-offensive,TweetEval Offensive,standard_dataset,upstream_dataset_gold,128,128,0.578125,57.8125,57.81,False,False,0.3405482010627672,34.054820106276715,34.05,False,False
expanded-v3-w4a4-22source-20261007,all12,intern-decision-2b,Intern-Decision,W4A4,expanded-20261007-v3,intern-decision-2b,rtn,RTN,wanli,WANLI,standard_dataset,upstream_dataset_gold,256,256,0.33203125,33.203125,33.20,False,False,0.3405482010627672,34.054820106276715,34.05,False,False
expanded-v3-w4a4-22source-20261007,all12,intern-decision-2b,Intern-Decision,W4A4,expanded-20261007-v3,intern-decision-2b,rtn,RTN,wildjailbreak,WildJailBreak harmful/benign classification,domain_decision_suite,native_annotation,128,128,0.625,62.5,62.50,False,False,0.3405482010627672,34.054820106276715,34.05,False,False
expanded-v3-w4a4-22source-20261007,all12,intern-decision-2b,Intern-Decision,W4A4,expanded-20261007-v3,intern-decision-2b,rtn,RTN,yelp,Yelp,standard_dataset,upstream_dataset_gold,132,66,0.32575757575757575,32.57575757575758,32.58,False,False,0.3405482010627672,34.054820106276715,34.05,False,False
expanded-v3-w4a4-22source-20261007,all12,intern-decision-2b,Intern-Decision,W4A4,expanded-20261007-v3,intern-decision-2b,s1q-local,S1Qv1,agnews,AG News,standard_dataset,upstream_dataset_gold,360,120,0.4666666666666667,46.666666666666664,46.67,False,False,0.34652511852676526,34.652511852676525,34.65,False,False
expanded-v3-w4a4-22source-20261007,all12,intern-decision-2b,Intern-Decision,W4A4,expanded-20261007-v3,intern-decision-2b,s1q-local,S1Qv1,amazon,Amazon Reviews,standard_dataset,upstream_dataset_gold,128,128,0.203125,20.3125,20.31,False,False,0.34652511852676526,34.652511852676525,34.65,False,False
expanded-v3-w4a4-22source-20261007,all12,intern-decision-2b,Intern-Decision,W4A4,expanded-20261007-v3,intern-decision-2b,s1q-local,S1Qv1,arc,ARC,standard_dataset,upstream_dataset_gold,128,128,0.1796875,17.96875,17.97,False,False,0.34652511852676526,34.652511852676525,34.65,False,False
expanded-v3-w4a4-22source-20261007,all12,intern-decision-2b,Intern-Decision,W4A4,expanded-20261007-v3,intern-decision-2b,s1q-local,S1Qv1,boolq,BoolQ,standard_dataset,upstream_dataset_gold,120,120,0.55,55.00000000000001,55.00,True,True,0.34652511852676526,34.652511852676525,34.65,False,False
expanded-v3-w4a4-22source-20261007,all12,intern-decision-2b,Intern-Decision,W4A4,expanded-20261007-v3,intern-decision-2b,s1q-local,S1Qv1,csqa,CommonsenseQA,standard_dataset,upstream_dataset_gold,128,128,0.1875,18.75,18.75,False,False,0.34652511852676526,34.652511852676525,34.65,False,False
expanded-v3-w4a4-22source-20261007,all12,intern-decision-2b,Intern-Decision,W4A4,expanded-20261007-v3,intern-decision-2b,s1q-local,S1Qv1,emotion,Emotion,standard_dataset,upstream_dataset_gold,120,120,0.25,25.0,25.00,False,False,0.34652511852676526,34.652511852676525,34.65,False,False
expanded-v3-w4a4-22source-20261007,all12,intern-decision-2b,Intern-Decision,W4A4,expanded-20261007-v3,intern-decision-2b,s1q-local,S1Qv1,imdb,IMDb,standard_dataset,upstream_dataset_gold,53,53,0.5660377358490566,56.60377358490566,56.60,False,False,0.34652511852676526,34.652511852676525,34.65,False,False
expanded-v3-w4a4-22source-20261007,all12,intern-decision-2b,Intern-Decision,W4A4,expanded-20261007-v3,intern-decision-2b,s1q-local,S1Qv1,jevbench,JevBench new eligible public tasks,authored_scenario_suite,authored_scenario_gold,48,48,0.2916666666666667,29.166666666666668,29.17,False,False,0.34652511852676526,34.652511852676525,34.65,False,False
expanded-v3-w4a4-22source-20261007,all12,intern-decision-2b,Intern-Decision,W4A4,expanded-20261007-v3,intern-decision-2b,s1q-local,S1Qv1,mmlu,MMLU,standard_dataset,upstream_dataset_gold,99,99,0.2222222222222222,22.22222222222222,22.22,False,False,0.34652511852676526,34.652511852676525,34.65,False,False
expanded-v3-w4a4-22source-20261007,all12,intern-decision-2b,Intern-Decision,W4A4,expanded-20261007-v3,intern-decision-2b,s1q-local,S1Qv1,mnli,MNLI,standard_dataset,upstream_dataset_gold,122,122,0.3770491803278688,37.704918032786885,37.70,True,True,0.34652511852676526,34.652511852676525,34.65,False,False
expanded-v3-w4a4-22source-20261007,all12,intern-decision-2b,Intern-Decision,W4A4,expanded-20261007-v3,intern-decision-2b,s1q-local,S1Qv1,openbookqa,OpenBookQA,standard_dataset,upstream_dataset_gold,128,128,0.234375,23.4375,23.44,False,False,0.34652511852676526,34.652511852676525,34.65,False,False
expanded-v3-w4a4-22source-20261007,all12,intern-decision-2b,Intern-Decision,W4A4,expanded-20261007-v3,intern-decision-2b,s1q-local,S1Qv1,paws,PAWS,standard_dataset,upstream_dataset_gold,128,128,0.4921875,49.21875,49.22,False,False,0.34652511852676526,34.652511852676525,34.65,False,False
expanded-v3-w4a4-22source-20261007,all12,intern-decision-2b,Intern-Decision,W4A4,expanded-20261007-v3,intern-decision-2b,s1q-local,S1Qv1,qnli,QNLI,standard_dataset,upstream_dataset_gold,128,128,0.46875,46.875,46.88,False,False,0.34652511852676526,34.652511852676525,34.65,False,False
expanded-v3-w4a4-22source-20261007,all12,intern-decision-2b,Intern-Decision,W4A4,expanded-20261007-v3,intern-decision-2b,s1q-local,S1Qv1,sciq,SciQ,standard_dataset,upstream_dataset_gold,92,92,0.2826086956521739,28.26086956521739,28.26,False,False,0.34652511852676526,34.652511852676525,34.65,False,False
expanded-v3-w4a4-22source-20261007,all12,intern-decision-2b,Intern-Decision,W4A4,expanded-20261007-v3,intern-decision-2b,s1q-local,S1Qv1,semif,SemIf authored,authored_rule_suite,authored_scenario_gold,128,32,0.34375,34.375,34.38,False,False,0.34652511852676526,34.652511852676525,34.65,False,False
expanded-v3-w4a4-22source-20261007,all12,intern-decision-2b,Intern-Decision,W4A4,expanded-20261007-v3,intern-decision-2b,s1q-local,S1Qv1,sst5,SST-5,standard_dataset,upstream_dataset_gold,128,128,0.1796875,17.96875,17.97,False,False,0.34652511852676526,34.652511852676525,34.65,False,False
expanded-v3-w4a4-22source-20261007,all12,intern-decision-2b,Intern-Decision,W4A4,expanded-20261007-v3,intern-decision-2b,s1q-local,S1Qv1,toolace,ToolACE tool-choice classification,domain_decision_suite,native_annotation,68,68,0.5147058823529411,51.470588235294116,51.47,False,False,0.34652511852676526,34.652511852676525,34.65,False,False
expanded-v3-w4a4-22source-20261007,all12,intern-decision-2b,Intern-Decision,W4A4,expanded-20261007-v3,intern-decision-2b,s1q-local,S1Qv1,trec,TREC,standard_dataset,upstream_dataset_gold,121,121,0.05785123966942149,5.785123966942149,5.79,False,False,0.34652511852676526,34.652511852676525,34.65,False,False
expanded-v3-w4a4-22source-20261007,all12,intern-decision-2b,Intern-Decision,W4A4,expanded-20261007-v3,intern-decision-2b,s1q-local,S1Qv1,tweet-offensive,TweetEval Offensive,standard_dataset,upstream_dataset_gold,128,128,0.546875,54.6875,54.69,False,False,0.34652511852676526,34.652511852676525,34.65,False,False
expanded-v3-w4a4-22source-20261007,all12,intern-decision-2b,Intern-Decision,W4A4,expanded-20261007-v3,intern-decision-2b,s1q-local,S1Qv1,wanli,WANLI,standard_dataset,upstream_dataset_gold,256,256,0.296875,29.6875,29.69,False,False,0.34652511852676526,34.652511852676525,34.65,False,False
expanded-v3-w4a4-22source-20261007,all12,intern-decision-2b,Intern-Decision,W4A4,expanded-20261007-v3,intern-decision-2b,s1q-local,S1Qv1,wildjailbreak,WildJailBreak harmful/benign classification,domain_decision_suite,native_annotation,128,128,0.59375,59.375,59.38,False,False,0.34652511852676526,34.652511852676525,34.65,False,False
expanded-v3-w4a4-22source-20261007,all12,intern-decision-2b,Intern-Decision,W4A4,expanded-20261007-v3,intern-decision-2b,s1q-local,S1Qv1,yelp,Yelp,standard_dataset,upstream_dataset_gold,132,66,0.3181818181818182,31.818181818181817,31.82,False,False,0.34652511852676526,34.652511852676525,34.65,False,False
expanded-v3-w4a4-22source-20261007,all12,intern-decision-2b,Intern-Decision,W4A4,expanded-20261007-v3,intern-decision-2b,s1q2-beta05,S1Qv2,agnews,AG News,standard_dataset,upstream_dataset_gold,360,120,0.44166666666666665,44.166666666666664,44.17,False,False,0.35871637930458244,35.87163793045824,35.87,False,False
expanded-v3-w4a4-22source-20261007,all12,intern-decision-2b,Intern-Decision,W4A4,expanded-20261007-v3,intern-decision-2b,s1q2-beta05,S1Qv2,amazon,Amazon Reviews,standard_dataset,upstream_dataset_gold,128,128,0.203125,20.3125,20.31,False,False,0.35871637930458244,35.87163793045824,35.87,False,False
expanded-v3-w4a4-22source-20261007,all12,intern-decision-2b,Intern-Decision,W4A4,expanded-20261007-v3,intern-decision-2b,s1q2-beta05,S1Qv2,arc,ARC,standard_dataset,upstream_dataset_gold,128,128,0.21875,21.875,21.88,False,False,0.35871637930458244,35.87163793045824,35.87,False,False
expanded-v3-w4a4-22source-20261007,all12,intern-decision-2b,Intern-Decision,W4A4,expanded-20261007-v3,intern-decision-2b,s1q2-beta05,S1Qv2,boolq,BoolQ,standard_dataset,upstream_dataset_gold,120,120,0.525,52.5,52.50,False,False,0.35871637930458244,35.87163793045824,35.87,False,False
expanded-v3-w4a4-22source-20261007,all12,intern-decision-2b,Intern-Decision,W4A4,expanded-20261007-v3,intern-decision-2b,s1q2-beta05,S1Qv2,csqa,CommonsenseQA,standard_dataset,upstream_dataset_gold,128,128,0.203125,20.3125,20.31,False,False,0.35871637930458244,35.87163793045824,35.87,False,False
expanded-v3-w4a4-22source-20261007,all12,intern-decision-2b,Intern-Decision,W4A4,expanded-20261007-v3,intern-decision-2b,s1q2-beta05,S1Qv2,emotion,Emotion,standard_dataset,upstream_dataset_gold,120,120,0.25,25.0,25.00,False,False,0.35871637930458244,35.87163793045824,35.87,False,False
expanded-v3-w4a4-22source-20261007,all12,intern-decision-2b,Intern-Decision,W4A4,expanded-20261007-v3,intern-decision-2b,s1q2-beta05,S1Qv2,imdb,IMDb,standard_dataset,upstream_dataset_gold,53,53,0.6037735849056604,60.37735849056604,60.38,False,False,0.35871637930458244,35.87163793045824,35.87,False,False
expanded-v3-w4a4-22source-20261007,all12,intern-decision-2b,Intern-Decision,W4A4,expanded-20261007-v3,intern-decision-2b,s1q2-beta05,S1Qv2,jevbench,JevBench new eligible public tasks,authored_scenario_suite,authored_scenario_gold,48,48,0.1875,18.75,18.75,False,False,0.35871637930458244,35.87163793045824,35.87,False,False
expanded-v3-w4a4-22source-20261007,all12,intern-decision-2b,Intern-Decision,W4A4,expanded-20261007-v3,intern-decision-2b,s1q2-beta05,S1Qv2,mmlu,MMLU,standard_dataset,upstream_dataset_gold,99,99,0.20202020202020202,20.2020202020202,20.20,False,False,0.35871637930458244,35.87163793045824,35.87,False,False
expanded-v3-w4a4-22source-20261007,all12,intern-decision-2b,Intern-Decision,W4A4,expanded-20261007-v3,intern-decision-2b,s1q2-beta05,S1Qv2,mnli,MNLI,standard_dataset,upstream_dataset_gold,122,122,0.36065573770491804,36.0655737704918,36.07,False,False,0.35871637930458244,35.87163793045824,35.87,False,False
expanded-v3-w4a4-22source-20261007,all12,intern-decision-2b,Intern-Decision,W4A4,expanded-20261007-v3,intern-decision-2b,s1q2-beta05,S1Qv2,openbookqa,OpenBookQA,standard_dataset,upstream_dataset_gold,128,128,0.359375,35.9375,35.94,False,False,0.35871637930458244,35.87163793045824,35.87,False,False
expanded-v3-w4a4-22source-20261007,all12,intern-decision-2b,Intern-Decision,W4A4,expanded-20261007-v3,intern-decision-2b,s1q2-beta05,S1Qv2,paws,PAWS,standard_dataset,upstream_dataset_gold,128,128,0.515625,51.5625,51.56,False,False,0.35871637930458244,35.87163793045824,35.87,False,False
expanded-v3-w4a4-22source-20261007,all12,intern-decision-2b,Intern-Decision,W4A4,expanded-20261007-v3,intern-decision-2b,s1q2-beta05,S1Qv2,qnli,QNLI,standard_dataset,upstream_dataset_gold,128,128,0.546875,54.6875,54.69,False,False,0.35871637930458244,35.87163793045824,35.87,False,False
expanded-v3-w4a4-22source-20261007,all12,intern-decision-2b,Intern-Decision,W4A4,expanded-20261007-v3,intern-decision-2b,s1q2-beta05,S1Qv2,sciq,SciQ,standard_dataset,upstream_dataset_gold,92,92,0.33695652173913043,33.69565217391305,33.70,False,False,0.35871637930458244,35.87163793045824,35.87,False,False
expanded-v3-w4a4-22source-20261007,all12,intern-decision-2b,Intern-Decision,W4A4,expanded-20261007-v3,intern-decision-2b,s1q2-beta05,S1Qv2,semif,SemIf authored,authored_rule_suite,authored_scenario_gold,128,32,0.359375,35.9375,35.94,False,False,0.35871637930458244,35.87163793045824,35.87,False,False
expanded-v3-w4a4-22source-20261007,all12,intern-decision-2b,Intern-Decision,W4A4,expanded-20261007-v3,intern-decision-2b,s1q2-beta05,S1Qv2,sst5,SST-5,standard_dataset,upstream_dataset_gold,128,128,0.1796875,17.96875,17.97,False,False,0.35871637930458244,35.87163793045824,35.87,False,False
expanded-v3-w4a4-22source-20261007,all12,intern-decision-2b,Intern-Decision,W4A4,expanded-20261007-v3,intern-decision-2b,s1q2-beta05,S1Qv2,toolace,ToolACE tool-choice classification,domain_decision_suite,native_annotation,68,68,0.5147058823529411,51.470588235294116,51.47,False,False,0.35871637930458244,35.87163793045824,35.87,False,False
expanded-v3-w4a4-22source-20261007,all12,intern-decision-2b,Intern-Decision,W4A4,expanded-20261007-v3,intern-decision-2b,s1q2-beta05,S1Qv2,trec,TREC,standard_dataset,upstream_dataset_gold,121,121,0.08264462809917356,8.264462809917356,8.26,False,False,0.35871637930458244,35.87163793045824,35.87,False,False
expanded-v3-w4a4-22source-20261007,all12,intern-decision-2b,Intern-Decision,W4A4,expanded-20261007-v3,intern-decision-2b,s1q2-beta05,S1Qv2,tweet-offensive,TweetEval Offensive,standard_dataset,upstream_dataset_gold,128,128,0.578125,57.8125,57.81,False,False,0.35871637930458244,35.87163793045824,35.87,False,False
expanded-v3-w4a4-22source-20261007,all12,intern-decision-2b,Intern-Decision,W4A4,expanded-20261007-v3,intern-decision-2b,s1q2-beta05,S1Qv2,wanli,WANLI,standard_dataset,upstream_dataset_gold,256,256,0.3515625,35.15625,35.16,False,False,0.35871637930458244,35.87163793045824,35.87,False,False
expanded-v3-w4a4-22source-20261007,all12,intern-decision-2b,Intern-Decision,W4A4,expanded-20261007-v3,intern-decision-2b,s1q2-beta05,S1Qv2,wildjailbreak,WildJailBreak harmful/benign classification,domain_decision_suite,native_annotation,128,128,0.5,50.0,50.00,False,False,0.35871637930458244,35.87163793045824,35.87,False,False
expanded-v3-w4a4-22source-20261007,all12,intern-decision-2b,Intern-Decision,W4A4,expanded-20261007-v3,intern-decision-2b,s1q2-beta05,S1Qv2,yelp,Yelp,standard_dataset,upstream_dataset_gold,132,66,0.3712121212121212,37.121212121212125,37.12,False,False,0.35871637930458244,35.87163793045824,35.87,False,False
expanded-v3-w4a4-22source-20261007,all12,intern-decision-2b,Intern-Decision,W4A4,expanded-20261007-v3,intern-decision-2b,smoothquant-adapted,SmoothQuant*,agnews,AG News,standard_dataset,upstream_dataset_gold,360,120,0.3972222222222222,39.72222222222222,39.72,False,False,0.35998357355788674,35.99835735578868,36.00,False,False
expanded-v3-w4a4-22source-20261007,all12,intern-decision-2b,Intern-Decision,W4A4,expanded-20261007-v3,intern-decision-2b,smoothquant-adapted,SmoothQuant*,amazon,Amazon Reviews,standard_dataset,upstream_dataset_gold,128,128,0.1640625,16.40625,16.41,False,False,0.35998357355788674,35.99835735578868,36.00,False,False
expanded-v3-w4a4-22source-20261007,all12,intern-decision-2b,Intern-Decision,W4A4,expanded-20261007-v3,intern-decision-2b,smoothquant-adapted,SmoothQuant*,arc,ARC,standard_dataset,upstream_dataset_gold,128,128,0.25,25.0,25.00,False,False,0.35998357355788674,35.99835735578868,36.00,False,False
expanded-v3-w4a4-22source-20261007,all12,intern-decision-2b,Intern-Decision,W4A4,expanded-20261007-v3,intern-decision-2b,smoothquant-adapted,SmoothQuant*,boolq,BoolQ,standard_dataset,upstream_dataset_gold,120,120,0.475,47.5,47.50,False,False,0.35998357355788674,35.99835735578868,36.00,False,False
expanded-v3-w4a4-22source-20261007,all12,intern-decision-2b,Intern-Decision,W4A4,expanded-20261007-v3,intern-decision-2b,smoothquant-adapted,SmoothQuant*,csqa,CommonsenseQA,standard_dataset,upstream_dataset_gold,128,128,0.1640625,16.40625,16.41,False,False,0.35998357355788674,35.99835735578868,36.00,False,False
expanded-v3-w4a4-22source-20261007,all12,intern-decision-2b,Intern-Decision,W4A4,expanded-20261007-v3,intern-decision-2b,smoothquant-adapted,SmoothQuant*,emotion,Emotion,standard_dataset,upstream_dataset_gold,120,120,0.15,15.0,15.00,False,False,0.35998357355788674,35.99835735578868,36.00,False,False
expanded-v3-w4a4-22source-20261007,all12,intern-decision-2b,Intern-Decision,W4A4,expanded-20261007-v3,intern-decision-2b,smoothquant-adapted,SmoothQuant*,imdb,IMDb,standard_dataset,upstream_dataset_gold,53,53,0.4528301886792453,45.28301886792453,45.28,False,False,0.35998357355788674,35.99835735578868,36.00,False,False
expanded-v3-w4a4-22source-20261007,all12,intern-decision-2b,Intern-Decision,W4A4,expanded-20261007-v3,intern-decision-2b,smoothquant-adapted,SmoothQuant*,jevbench,JevBench new eligible public tasks,authored_scenario_suite,authored_scenario_gold,48,48,0.3125,31.25,31.25,False,False,0.35998357355788674,35.99835735578868,36.00,False,False
expanded-v3-w4a4-22source-20261007,all12,intern-decision-2b,Intern-Decision,W4A4,expanded-20261007-v3,intern-decision-2b,smoothquant-adapted,SmoothQuant*,mmlu,MMLU,standard_dataset,upstream_dataset_gold,99,99,0.26262626262626265,26.262626262626267,26.26,False,False,0.35998357355788674,35.99835735578868,36.00,False,False
expanded-v3-w4a4-22source-20261007,all12,intern-decision-2b,Intern-Decision,W4A4,expanded-20261007-v3,intern-decision-2b,smoothquant-adapted,SmoothQuant*,mnli,MNLI,standard_dataset,upstream_dataset_gold,122,122,0.26229508196721313,26.229508196721312,26.23,False,False,0.35998357355788674,35.99835735578868,36.00,False,False
expanded-v3-w4a4-22source-20261007,all12,intern-decision-2b,Intern-Decision,W4A4,expanded-20261007-v3,intern-decision-2b,smoothquant-adapted,SmoothQuant*,openbookqa,OpenBookQA,standard_dataset,upstream_dataset_gold,128,128,0.3515625,35.15625,35.16,False,False,0.35998357355788674,35.99835735578868,36.00,False,False
expanded-v3-w4a4-22source-20261007,all12,intern-decision-2b,Intern-Decision,W4A4,expanded-20261007-v3,intern-decision-2b,smoothquant-adapted,SmoothQuant*,paws,PAWS,standard_dataset,upstream_dataset_gold,128,128,0.46875,46.875,46.88,False,False,0.35998357355788674,35.99835735578868,36.00,False,False
expanded-v3-w4a4-22source-20261007,all12,intern-decision-2b,Intern-Decision,W4A4,expanded-20261007-v3,intern-decision-2b,smoothquant-adapted,SmoothQuant*,qnli,QNLI,standard_dataset,upstream_dataset_gold,128,128,0.5546875,55.46875,55.47,False,False,0.35998357355788674,35.99835735578868,36.00,False,False
expanded-v3-w4a4-22source-20261007,all12,intern-decision-2b,Intern-Decision,W4A4,expanded-20261007-v3,intern-decision-2b,smoothquant-adapted,SmoothQuant*,sciq,SciQ,standard_dataset,upstream_dataset_gold,92,92,0.2608695652173913,26.08695652173913,26.09,False,False,0.35998357355788674,35.99835735578868,36.00,False,False
expanded-v3-w4a4-22source-20261007,all12,intern-decision-2b,Intern-Decision,W4A4,expanded-20261007-v3,intern-decision-2b,smoothquant-adapted,SmoothQuant*,semif,SemIf authored,authored_rule_suite,authored_scenario_gold,128,32,0.4296875,42.96875,42.97,False,False,0.35998357355788674,35.99835735578868,36.00,False,False
expanded-v3-w4a4-22source-20261007,all12,intern-decision-2b,Intern-Decision,W4A4,expanded-20261007-v3,intern-decision-2b,smoothquant-adapted,SmoothQuant*,sst5,SST-5,standard_dataset,upstream_dataset_gold,128,128,0.1875,18.75,18.75,False,False,0.35998357355788674,35.99835735578868,36.00,False,False
expanded-v3-w4a4-22source-20261007,all12,intern-decision-2b,Intern-Decision,W4A4,expanded-20261007-v3,intern-decision-2b,smoothquant-adapted,SmoothQuant*,toolace,ToolACE tool-choice classification,domain_decision_suite,native_annotation,68,68,0.5882352941176471,58.82352941176471,58.82,False,False,0.35998357355788674,35.99835735578868,36.00,False,False
expanded-v3-w4a4-22source-20261007,all12,intern-decision-2b,Intern-Decision,W4A4,expanded-20261007-v3,intern-decision-2b,smoothquant-adapted,SmoothQuant*,trec,TREC,standard_dataset,upstream_dataset_gold,121,121,0.1322314049586777,13.223140495867769,13.22,False,False,0.35998357355788674,35.99835735578868,36.00,False,False
expanded-v3-w4a4-22source-20261007,all12,intern-decision-2b,Intern-Decision,W4A4,expanded-20261007-v3,intern-decision-2b,smoothquant-adapted,SmoothQuant*,tweet-offensive,TweetEval Offensive,standard_dataset,upstream_dataset_gold,128,128,0.609375,60.9375,60.94,False,False,0.35998357355788674,35.99835735578868,36.00,False,False
expanded-v3-w4a4-22source-20261007,all12,intern-decision-2b,Intern-Decision,W4A4,expanded-20261007-v3,intern-decision-2b,smoothquant-adapted,SmoothQuant*,wanli,WANLI,standard_dataset,upstream_dataset_gold,256,256,0.30078125,30.078125,30.08,False,False,0.35998357355788674,35.99835735578868,36.00,False,False
expanded-v3-w4a4-22source-20261007,all12,intern-decision-2b,Intern-Decision,W4A4,expanded-20261007-v3,intern-decision-2b,smoothquant-adapted,SmoothQuant*,wildjailbreak,WildJailBreak harmful/benign classification,domain_decision_suite,native_annotation,128,128,0.796875,79.6875,79.69,True,True,0.35998357355788674,35.99835735578868,36.00,False,False
expanded-v3-w4a4-22source-20261007,all12,intern-decision-2b,Intern-Decision,W4A4,expanded-20261007-v3,intern-decision-2b,smoothquant-adapted,SmoothQuant*,yelp,Yelp,standard_dataset,upstream_dataset_gold,132,66,0.3484848484848485,34.84848484848485,34.85,False,False,0.35998357355788674,35.99835735578868,36.00,False,False
expanded-v3-w4a4-22source-20261007,all12,intern-decision-2b,Intern-Decision,W4A4,expanded-20261007-v3,intern-decision-2b,awq-adapted,AWQ*,agnews,AG News,standard_dataset,upstream_dataset_gold,360,120,0.43333333333333335,43.333333333333336,43.33,False,False,0.3591970741327415,35.919707413274146,35.92,False,False
expanded-v3-w4a4-22source-20261007,all12,intern-decision-2b,Intern-Decision,W4A4,expanded-20261007-v3,intern-decision-2b,awq-adapted,AWQ*,amazon,Amazon Reviews,standard_dataset,upstream_dataset_gold,128,128,0.21875,21.875,21.88,False,False,0.3591970741327415,35.919707413274146,35.92,False,False
expanded-v3-w4a4-22source-20261007,all12,intern-decision-2b,Intern-Decision,W4A4,expanded-20261007-v3,intern-decision-2b,awq-adapted,AWQ*,arc,ARC,standard_dataset,upstream_dataset_gold,128,128,0.234375,23.4375,23.44,False,False,0.3591970741327415,35.919707413274146,35.92,False,False
expanded-v3-w4a4-22source-20261007,all12,intern-decision-2b,Intern-Decision,W4A4,expanded-20261007-v3,intern-decision-2b,awq-adapted,AWQ*,boolq,BoolQ,standard_dataset,upstream_dataset_gold,120,120,0.44166666666666665,44.166666666666664,44.17,False,False,0.3591970741327415,35.919707413274146,35.92,False,False
expanded-v3-w4a4-22source-20261007,all12,intern-decision-2b,Intern-Decision,W4A4,expanded-20261007-v3,intern-decision-2b,awq-adapted,AWQ*,csqa,CommonsenseQA,standard_dataset,upstream_dataset_gold,128,128,0.1796875,17.96875,17.97,False,False,0.3591970741327415,35.919707413274146,35.92,False,False
expanded-v3-w4a4-22source-20261007,all12,intern-decision-2b,Intern-Decision,W4A4,expanded-20261007-v3,intern-decision-2b,awq-adapted,AWQ*,emotion,Emotion,standard_dataset,upstream_dataset_gold,120,120,0.11666666666666667,11.666666666666666,11.67,False,False,0.3591970741327415,35.919707413274146,35.92,False,False
expanded-v3-w4a4-22source-20261007,all12,intern-decision-2b,Intern-Decision,W4A4,expanded-20261007-v3,intern-decision-2b,awq-adapted,AWQ*,imdb,IMDb,standard_dataset,upstream_dataset_gold,53,53,0.5471698113207547,54.71698113207547,54.72,False,False,0.3591970741327415,35.919707413274146,35.92,False,False
expanded-v3-w4a4-22source-20261007,all12,intern-decision-2b,Intern-Decision,W4A4,expanded-20261007-v3,intern-decision-2b,awq-adapted,AWQ*,jevbench,JevBench new eligible public tasks,authored_scenario_suite,authored_scenario_gold,48,48,0.3541666666666667,35.41666666666667,35.42,False,False,0.3591970741327415,35.919707413274146,35.92,False,False
expanded-v3-w4a4-22source-20261007,all12,intern-decision-2b,Intern-Decision,W4A4,expanded-20261007-v3,intern-decision-2b,awq-adapted,AWQ*,mmlu,MMLU,standard_dataset,upstream_dataset_gold,99,99,0.2222222222222222,22.22222222222222,22.22,False,False,0.3591970741327415,35.919707413274146,35.92,False,False
expanded-v3-w4a4-22source-20261007,all12,intern-decision-2b,Intern-Decision,W4A4,expanded-20261007-v3,intern-decision-2b,awq-adapted,AWQ*,mnli,MNLI,standard_dataset,upstream_dataset_gold,122,122,0.28688524590163933,28.688524590163933,28.69,False,False,0.3591970741327415,35.919707413274146,35.92,False,False
expanded-v3-w4a4-22source-20261007,all12,intern-decision-2b,Intern-Decision,W4A4,expanded-20261007-v3,intern-decision-2b,awq-adapted,AWQ*,openbookqa,OpenBookQA,standard_dataset,upstream_dataset_gold,128,128,0.3828125,38.28125,38.28,False,False,0.3591970741327415,35.919707413274146,35.92,False,False
expanded-v3-w4a4-22source-20261007,all12,intern-decision-2b,Intern-Decision,W4A4,expanded-20261007-v3,intern-decision-2b,awq-adapted,AWQ*,paws,PAWS,standard_dataset,upstream_dataset_gold,128,128,0.5234375,52.34375,52.34,False,False,0.3591970741327415,35.919707413274146,35.92,False,False
expanded-v3-w4a4-22source-20261007,all12,intern-decision-2b,Intern-Decision,W4A4,expanded-20261007-v3,intern-decision-2b,awq-adapted,AWQ*,qnli,QNLI,standard_dataset,upstream_dataset_gold,128,128,0.5625,56.25,56.25,False,False,0.3591970741327415,35.919707413274146,35.92,False,False
expanded-v3-w4a4-22source-20261007,all12,intern-decision-2b,Intern-Decision,W4A4,expanded-20261007-v3,intern-decision-2b,awq-adapted,AWQ*,sciq,SciQ,standard_dataset,upstream_dataset_gold,92,92,0.2608695652173913,26.08695652173913,26.09,False,False,0.3591970741327415,35.919707413274146,35.92,False,False
expanded-v3-w4a4-22source-20261007,all12,intern-decision-2b,Intern-Decision,W4A4,expanded-20261007-v3,intern-decision-2b,awq-adapted,AWQ*,semif,SemIf authored,authored_rule_suite,authored_scenario_gold,128,32,0.4140625,41.40625,41.41,False,False,0.3591970741327415,35.919707413274146,35.92,False,False
expanded-v3-w4a4-22source-20261007,all12,intern-decision-2b,Intern-Decision,W4A4,expanded-20261007-v3,intern-decision-2b,awq-adapted,AWQ*,sst5,SST-5,standard_dataset,upstream_dataset_gold,128,128,0.1484375,14.84375,14.84,False,False,0.3591970741327415,35.919707413274146,35.92,False,False
expanded-v3-w4a4-22source-20261007,all12,intern-decision-2b,Intern-Decision,W4A4,expanded-20261007-v3,intern-decision-2b,awq-adapted,AWQ*,toolace,ToolACE tool-choice classification,domain_decision_suite,native_annotation,68,68,0.47058823529411764,47.05882352941176,47.06,False,False,0.3591970741327415,35.919707413274146,35.92,False,False
expanded-v3-w4a4-22source-20261007,all12,intern-decision-2b,Intern-Decision,W4A4,expanded-20261007-v3,intern-decision-2b,awq-adapted,AWQ*,trec,TREC,standard_dataset,upstream_dataset_gold,121,121,0.15702479338842976,15.702479338842975,15.70,False,False,0.3591970741327415,35.919707413274146,35.92,False,False
expanded-v3-w4a4-22source-20261007,all12,intern-decision-2b,Intern-Decision,W4A4,expanded-20261007-v3,intern-decision-2b,awq-adapted,AWQ*,tweet-offensive,TweetEval Offensive,standard_dataset,upstream_dataset_gold,128,128,0.578125,57.8125,57.81,False,False,0.3591970741327415,35.919707413274146,35.92,False,False
expanded-v3-w4a4-22source-20261007,all12,intern-decision-2b,Intern-Decision,W4A4,expanded-20261007-v3,intern-decision-2b,awq-adapted,AWQ*,wanli,WANLI,standard_dataset,upstream_dataset_gold,256,256,0.3984375,39.84375,39.84,True,True,0.3591970741327415,35.919707413274146,35.92,False,False
expanded-v3-w4a4-22source-20261007,all12,intern-decision-2b,Intern-Decision,W4A4,expanded-20261007-v3,intern-decision-2b,awq-adapted,AWQ*,wildjailbreak,WildJailBreak harmful/benign classification,domain_decision_suite,native_annotation,128,128,0.546875,54.6875,54.69,False,False,0.3591970741327415,35.919707413274146,35.92,False,False
expanded-v3-w4a4-22source-20261007,all12,intern-decision-2b,Intern-Decision,W4A4,expanded-20261007-v3,intern-decision-2b,awq-adapted,AWQ*,yelp,Yelp,standard_dataset,upstream_dataset_gold,132,66,0.42424242424242425,42.42424242424242,42.42,True,True,0.3591970741327415,35.919707413274146,35.92,False,False
expanded-v3-w4a4-22source-20261007,all12,intern-decision-2b,Intern-Decision,W4A4,expanded-20261007-v3,intern-decision-2b,gptq-blockdiag-adapted,GPTQ-block*,agnews,AG News,standard_dataset,upstream_dataset_gold,360,120,0.5027777777777778,50.27777777777778,50.28,False,False,0.3479903758970661,34.79903758970661,34.80,False,False
expanded-v3-w4a4-22source-20261007,all12,intern-decision-2b,Intern-Decision,W4A4,expanded-20261007-v3,intern-decision-2b,gptq-blockdiag-adapted,GPTQ-block*,amazon,Amazon Reviews,standard_dataset,upstream_dataset_gold,128,128,0.1796875,17.96875,17.97,False,False,0.3479903758970661,34.79903758970661,34.80,False,False
expanded-v3-w4a4-22source-20261007,all12,intern-decision-2b,Intern-Decision,W4A4,expanded-20261007-v3,intern-decision-2b,gptq-blockdiag-adapted,GPTQ-block*,arc,ARC,standard_dataset,upstream_dataset_gold,128,128,0.2109375,21.09375,21.09,False,False,0.3479903758970661,34.79903758970661,34.80,False,False
expanded-v3-w4a4-22source-20261007,all12,intern-decision-2b,Intern-Decision,W4A4,expanded-20261007-v3,intern-decision-2b,gptq-blockdiag-adapted,GPTQ-block*,boolq,BoolQ,standard_dataset,upstream_dataset_gold,120,120,0.5083333333333333,50.83333333333333,50.83,False,False,0.3479903758970661,34.79903758970661,34.80,False,False
expanded-v3-w4a4-22source-20261007,all12,intern-decision-2b,Intern-Decision,W4A4,expanded-20261007-v3,intern-decision-2b,gptq-blockdiag-adapted,GPTQ-block*,csqa,CommonsenseQA,standard_dataset,upstream_dataset_gold,128,128,0.1953125,19.53125,19.53,False,False,0.3479903758970661,34.79903758970661,34.80,False,False
expanded-v3-w4a4-22source-20261007,all12,intern-decision-2b,Intern-Decision,W4A4,expanded-20261007-v3,intern-decision-2b,gptq-blockdiag-adapted,GPTQ-block*,emotion,Emotion,standard_dataset,upstream_dataset_gold,120,120,0.16666666666666666,16.666666666666664,16.67,False,False,0.3479903758970661,34.79903758970661,34.80,False,False
expanded-v3-w4a4-22source-20261007,all12,intern-decision-2b,Intern-Decision,W4A4,expanded-20261007-v3,intern-decision-2b,gptq-blockdiag-adapted,GPTQ-block*,imdb,IMDb,standard_dataset,upstream_dataset_gold,53,53,0.4716981132075472,47.16981132075472,47.17,False,False,0.3479903758970661,34.79903758970661,34.80,False,False
expanded-v3-w4a4-22source-20261007,all12,intern-decision-2b,Intern-Decision,W4A4,expanded-20261007-v3,intern-decision-2b,gptq-blockdiag-adapted,GPTQ-block*,jevbench,JevBench new eligible public tasks,authored_scenario_suite,authored_scenario_gold,48,48,0.3125,31.25,31.25,False,False,0.3479903758970661,34.79903758970661,34.80,False,False
expanded-v3-w4a4-22source-20261007,all12,intern-decision-2b,Intern-Decision,W4A4,expanded-20261007-v3,intern-decision-2b,gptq-blockdiag-adapted,GPTQ-block*,mmlu,MMLU,standard_dataset,upstream_dataset_gold,99,99,0.25252525252525254,25.252525252525253,25.25,False,False,0.3479903758970661,34.79903758970661,34.80,False,False
expanded-v3-w4a4-22source-20261007,all12,intern-decision-2b,Intern-Decision,W4A4,expanded-20261007-v3,intern-decision-2b,gptq-blockdiag-adapted,GPTQ-block*,mnli,MNLI,standard_dataset,upstream_dataset_gold,122,122,0.3770491803278688,37.704918032786885,37.70,True,True,0.3479903758970661,34.79903758970661,34.80,False,False
expanded-v3-w4a4-22source-20261007,all12,intern-decision-2b,Intern-Decision,W4A4,expanded-20261007-v3,intern-decision-2b,gptq-blockdiag-adapted,GPTQ-block*,openbookqa,OpenBookQA,standard_dataset,upstream_dataset_gold,128,128,0.265625,26.5625,26.56,False,False,0.3479903758970661,34.79903758970661,34.80,False,False
expanded-v3-w4a4-22source-20261007,all12,intern-decision-2b,Intern-Decision,W4A4,expanded-20261007-v3,intern-decision-2b,gptq-blockdiag-adapted,GPTQ-block*,paws,PAWS,standard_dataset,upstream_dataset_gold,128,128,0.546875,54.6875,54.69,True,True,0.3479903758970661,34.79903758970661,34.80,False,False
expanded-v3-w4a4-22source-20261007,all12,intern-decision-2b,Intern-Decision,W4A4,expanded-20261007-v3,intern-decision-2b,gptq-blockdiag-adapted,GPTQ-block*,qnli,QNLI,standard_dataset,upstream_dataset_gold,128,128,0.53125,53.125,53.12,False,False,0.3479903758970661,34.79903758970661,34.80,False,False
expanded-v3-w4a4-22source-20261007,all12,intern-decision-2b,Intern-Decision,W4A4,expanded-20261007-v3,intern-decision-2b,gptq-blockdiag-adapted,GPTQ-block*,sciq,SciQ,standard_dataset,upstream_dataset_gold,92,92,0.21739130434782608,21.73913043478261,21.74,False,False,0.3479903758970661,34.79903758970661,34.80,False,False
expanded-v3-w4a4-22source-20261007,all12,intern-decision-2b,Intern-Decision,W4A4,expanded-20261007-v3,intern-decision-2b,gptq-blockdiag-adapted,GPTQ-block*,semif,SemIf authored,authored_rule_suite,authored_scenario_gold,128,32,0.296875,29.6875,29.69,False,False,0.3479903758970661,34.79903758970661,34.80,False,False
expanded-v3-w4a4-22source-20261007,all12,intern-decision-2b,Intern-Decision,W4A4,expanded-20261007-v3,intern-decision-2b,gptq-blockdiag-adapted,GPTQ-block*,sst5,SST-5,standard_dataset,upstream_dataset_gold,128,128,0.1015625,10.15625,10.16,False,False,0.3479903758970661,34.79903758970661,34.80,False,False
expanded-v3-w4a4-22source-20261007,all12,intern-decision-2b,Intern-Decision,W4A4,expanded-20261007-v3,intern-decision-2b,gptq-blockdiag-adapted,GPTQ-block*,toolace,ToolACE tool-choice classification,domain_decision_suite,native_annotation,68,68,0.5441176470588235,54.41176470588235,54.41,False,False,0.3479903758970661,34.79903758970661,34.80,False,False
expanded-v3-w4a4-22source-20261007,all12,intern-decision-2b,Intern-Decision,W4A4,expanded-20261007-v3,intern-decision-2b,gptq-blockdiag-adapted,GPTQ-block*,trec,TREC,standard_dataset,upstream_dataset_gold,121,121,0.11570247933884298,11.570247933884298,11.57,False,False,0.3479903758970661,34.79903758970661,34.80,False,False
expanded-v3-w4a4-22source-20261007,all12,intern-decision-2b,Intern-Decision,W4A4,expanded-20261007-v3,intern-decision-2b,gptq-blockdiag-adapted,GPTQ-block*,tweet-offensive,TweetEval Offensive,standard_dataset,upstream_dataset_gold,128,128,0.59375,59.375,59.38,False,False,0.3479903758970661,34.79903758970661,34.80,False,False
expanded-v3-w4a4-22source-20261007,all12,intern-decision-2b,Intern-Decision,W4A4,expanded-20261007-v3,intern-decision-2b,gptq-blockdiag-adapted,GPTQ-block*,wanli,WANLI,standard_dataset,upstream_dataset_gold,256,256,0.375,37.5,37.50,False,False,0.3479903758970661,34.79903758970661,34.80,False,False
expanded-v3-w4a4-22source-20261007,all12,intern-decision-2b,Intern-Decision,W4A4,expanded-20261007-v3,intern-decision-2b,gptq-blockdiag-adapted,GPTQ-block*,wildjailbreak,WildJailBreak harmful/benign classification,domain_decision_suite,native_annotation,128,128,0.625,62.5,62.50,False,False,0.3479903758970661,34.79903758970661,34.80,False,False
expanded-v3-w4a4-22source-20261007,all12,intern-decision-2b,Intern-Decision,W4A4,expanded-20261007-v3,intern-decision-2b,gptq-blockdiag-adapted,GPTQ-block*,yelp,Yelp,standard_dataset,upstream_dataset_gold,132,66,0.26515151515151514,26.515151515151516,26.52,False,False,0.3479903758970661,34.79903758970661,34.80,False,False
expanded-v3-w4a4-22source-20261007,all12,intern-decision-2b,Intern-Decision,W4A4,expanded-20261007-v3,intern-decision-2b,spinquant-nohad-adapted,SpinQuant no-Had*,agnews,AG News,standard_dataset,upstream_dataset_gold,360,120,0.37222222222222223,37.22222222222222,37.22,False,False,0.3567537103683616,35.67537103683616,35.68,False,False
expanded-v3-w4a4-22source-20261007,all12,intern-decision-2b,Intern-Decision,W4A4,expanded-20261007-v3,intern-decision-2b,spinquant-nohad-adapted,SpinQuant no-Had*,amazon,Amazon Reviews,standard_dataset,upstream_dataset_gold,128,128,0.140625,14.0625,14.06,False,False,0.3567537103683616,35.67537103683616,35.68,False,False
expanded-v3-w4a4-22source-20261007,all12,intern-decision-2b,Intern-Decision,W4A4,expanded-20261007-v3,intern-decision-2b,spinquant-nohad-adapted,SpinQuant no-Had*,arc,ARC,standard_dataset,upstream_dataset_gold,128,128,0.2421875,24.21875,24.22,False,False,0.3567537103683616,35.67537103683616,35.68,False,False
expanded-v3-w4a4-22source-20261007,all12,intern-decision-2b,Intern-Decision,W4A4,expanded-20261007-v3,intern-decision-2b,spinquant-nohad-adapted,SpinQuant no-Had*,boolq,BoolQ,standard_dataset,upstream_dataset_gold,120,120,0.475,47.5,47.50,False,False,0.3567537103683616,35.67537103683616,35.68,False,False
expanded-v3-w4a4-22source-20261007,all12,intern-decision-2b,Intern-Decision,W4A4,expanded-20261007-v3,intern-decision-2b,spinquant-nohad-adapted,SpinQuant no-Had*,csqa,CommonsenseQA,standard_dataset,upstream_dataset_gold,128,128,0.1796875,17.96875,17.97,False,False,0.3567537103683616,35.67537103683616,35.68,False,False
expanded-v3-w4a4-22source-20261007,all12,intern-decision-2b,Intern-Decision,W4A4,expanded-20261007-v3,intern-decision-2b,spinquant-nohad-adapted,SpinQuant no-Had*,emotion,Emotion,standard_dataset,upstream_dataset_gold,120,120,0.30833333333333335,30.833333333333336,30.83,False,False,0.3567537103683616,35.67537103683616,35.68,False,False
expanded-v3-w4a4-22source-20261007,all12,intern-decision-2b,Intern-Decision,W4A4,expanded-20261007-v3,intern-decision-2b,spinquant-nohad-adapted,SpinQuant no-Had*,imdb,IMDb,standard_dataset,upstream_dataset_gold,53,53,0.5283018867924528,52.83018867924528,52.83,False,False,0.3567537103683616,35.67537103683616,35.68,False,False
expanded-v3-w4a4-22source-20261007,all12,intern-decision-2b,Intern-Decision,W4A4,expanded-20261007-v3,intern-decision-2b,spinquant-nohad-adapted,SpinQuant no-Had*,jevbench,JevBench new eligible public tasks,authored_scenario_suite,authored_scenario_gold,48,48,0.2708333333333333,27.083333333333332,27.08,False,False,0.3567537103683616,35.67537103683616,35.68,False,False
expanded-v3-w4a4-22source-20261007,all12,intern-decision-2b,Intern-Decision,W4A4,expanded-20261007-v3,intern-decision-2b,spinquant-nohad-adapted,SpinQuant no-Had*,mmlu,MMLU,standard_dataset,upstream_dataset_gold,99,99,0.26262626262626265,26.262626262626267,26.26,False,False,0.3567537103683616,35.67537103683616,35.68,False,False
expanded-v3-w4a4-22source-20261007,all12,intern-decision-2b,Intern-Decision,W4A4,expanded-20261007-v3,intern-decision-2b,spinquant-nohad-adapted,SpinQuant no-Had*,mnli,MNLI,standard_dataset,upstream_dataset_gold,122,122,0.32786885245901637,32.78688524590164,32.79,False,False,0.3567537103683616,35.67537103683616,35.68,False,False
expanded-v3-w4a4-22source-20261007,all12,intern-decision-2b,Intern-Decision,W4A4,expanded-20261007-v3,intern-decision-2b,spinquant-nohad-adapted,SpinQuant no-Had*,openbookqa,OpenBookQA,standard_dataset,upstream_dataset_gold,128,128,0.390625,39.0625,39.06,True,True,0.3567537103683616,35.67537103683616,35.68,False,False
expanded-v3-w4a4-22source-20261007,all12,intern-decision-2b,Intern-Decision,W4A4,expanded-20261007-v3,intern-decision-2b,spinquant-nohad-adapted,SpinQuant no-Had*,paws,PAWS,standard_dataset,upstream_dataset_gold,128,128,0.484375,48.4375,48.44,False,False,0.3567537103683616,35.67537103683616,35.68,False,False
expanded-v3-w4a4-22source-20261007,all12,intern-decision-2b,Intern-Decision,W4A4,expanded-20261007-v3,intern-decision-2b,spinquant-nohad-adapted,SpinQuant no-Had*,qnli,QNLI,standard_dataset,upstream_dataset_gold,128,128,0.546875,54.6875,54.69,False,False,0.3567537103683616,35.67537103683616,35.68,False,False
expanded-v3-w4a4-22source-20261007,all12,intern-decision-2b,Intern-Decision,W4A4,expanded-20261007-v3,intern-decision-2b,spinquant-nohad-adapted,SpinQuant no-Had*,sciq,SciQ,standard_dataset,upstream_dataset_gold,92,92,0.34782608695652173,34.78260869565217,34.78,False,False,0.3567537103683616,35.67537103683616,35.68,False,False
expanded-v3-w4a4-22source-20261007,all12,intern-decision-2b,Intern-Decision,W4A4,expanded-20261007-v3,intern-decision-2b,spinquant-nohad-adapted,SpinQuant no-Had*,semif,SemIf authored,authored_rule_suite,authored_scenario_gold,128,32,0.390625,39.0625,39.06,False,False,0.3567537103683616,35.67537103683616,35.68,False,False
expanded-v3-w4a4-22source-20261007,all12,intern-decision-2b,Intern-Decision,W4A4,expanded-20261007-v3,intern-decision-2b,spinquant-nohad-adapted,SpinQuant no-Had*,sst5,SST-5,standard_dataset,upstream_dataset_gold,128,128,0.2421875,24.21875,24.22,False,False,0.3567537103683616,35.67537103683616,35.68,False,False
expanded-v3-w4a4-22source-20261007,all12,intern-decision-2b,Intern-Decision,W4A4,expanded-20261007-v3,intern-decision-2b,spinquant-nohad-adapted,SpinQuant no-Had*,toolace,ToolACE tool-choice classification,domain_decision_suite,native_annotation,68,68,0.5294117647058824,52.94117647058824,52.94,False,False,0.3567537103683616,35.67537103683616,35.68,False,False
expanded-v3-w4a4-22source-20261007,all12,intern-decision-2b,Intern-Decision,W4A4,expanded-20261007-v3,intern-decision-2b,spinquant-nohad-adapted,SpinQuant no-Had*,trec,TREC,standard_dataset,upstream_dataset_gold,121,121,0.08264462809917356,8.264462809917356,8.26,False,False,0.3567537103683616,35.67537103683616,35.68,False,False
expanded-v3-w4a4-22source-20261007,all12,intern-decision-2b,Intern-Decision,W4A4,expanded-20261007-v3,intern-decision-2b,spinquant-nohad-adapted,SpinQuant no-Had*,tweet-offensive,TweetEval Offensive,standard_dataset,upstream_dataset_gold,128,128,0.5625,56.25,56.25,False,False,0.3567537103683616,35.67537103683616,35.68,False,False
expanded-v3-w4a4-22source-20261007,all12,intern-decision-2b,Intern-Decision,W4A4,expanded-20261007-v3,intern-decision-2b,spinquant-nohad-adapted,SpinQuant no-Had*,wanli,WANLI,standard_dataset,upstream_dataset_gold,256,256,0.328125,32.8125,32.81,False,False,0.3567537103683616,35.67537103683616,35.68,False,False
expanded-v3-w4a4-22source-20261007,all12,intern-decision-2b,Intern-Decision,W4A4,expanded-20261007-v3,intern-decision-2b,spinquant-nohad-adapted,SpinQuant no-Had*,wildjailbreak,WildJailBreak harmful/benign classification,domain_decision_suite,native_annotation,128,128,0.578125,57.8125,57.81,False,False,0.3567537103683616,35.67537103683616,35.68,False,False
expanded-v3-w4a4-22source-20261007,all12,intern-decision-2b,Intern-Decision,W4A4,expanded-20261007-v3,intern-decision-2b,spinquant-nohad-adapted,SpinQuant no-Had*,yelp,Yelp,standard_dataset,upstream_dataset_gold,132,66,0.25757575757575757,25.757575757575758,25.76,False,False,0.3567537103683616,35.67537103683616,35.68,False,False
expanded-v3-w4a4-22source-20261007,all12,intern-decision-2b,Intern-Decision,W4A4,expanded-20261007-v3,intern-decision-2b,spinquant-had-adapted,SpinQuant Had*,agnews,AG News,standard_dataset,upstream_dataset_gold,360,120,0.5027777777777778,50.27777777777778,50.28,False,False,0.3785847277344979,37.85847277344979,37.86,False,False
expanded-v3-w4a4-22source-20261007,all12,intern-decision-2b,Intern-Decision,W4A4,expanded-20261007-v3,intern-decision-2b,spinquant-had-adapted,SpinQuant Had*,amazon,Amazon Reviews,standard_dataset,upstream_dataset_gold,128,128,0.2265625,22.65625,22.66,False,False,0.3785847277344979,37.85847277344979,37.86,False,False
expanded-v3-w4a4-22source-20261007,all12,intern-decision-2b,Intern-Decision,W4A4,expanded-20261007-v3,intern-decision-2b,spinquant-had-adapted,SpinQuant Had*,arc,ARC,standard_dataset,upstream_dataset_gold,128,128,0.3046875,30.46875,30.47,False,False,0.3785847277344979,37.85847277344979,37.86,False,False
expanded-v3-w4a4-22source-20261007,all12,intern-decision-2b,Intern-Decision,W4A4,expanded-20261007-v3,intern-decision-2b,spinquant-had-adapted,SpinQuant Had*,boolq,BoolQ,standard_dataset,upstream_dataset_gold,120,120,0.49166666666666664,49.166666666666664,49.17,False,False,0.3785847277344979,37.85847277344979,37.86,False,False
expanded-v3-w4a4-22source-20261007,all12,intern-decision-2b,Intern-Decision,W4A4,expanded-20261007-v3,intern-decision-2b,spinquant-had-adapted,SpinQuant Had*,csqa,CommonsenseQA,standard_dataset,upstream_dataset_gold,128,128,0.234375,23.4375,23.44,False,False,0.3785847277344979,37.85847277344979,37.86,False,False
expanded-v3-w4a4-22source-20261007,all12,intern-decision-2b,Intern-Decision,W4A4,expanded-20261007-v3,intern-decision-2b,spinquant-had-adapted,SpinQuant Had*,emotion,Emotion,standard_dataset,upstream_dataset_gold,120,120,0.25,25.0,25.00,False,False,0.3785847277344979,37.85847277344979,37.86,False,False
expanded-v3-w4a4-22source-20261007,all12,intern-decision-2b,Intern-Decision,W4A4,expanded-20261007-v3,intern-decision-2b,spinquant-had-adapted,SpinQuant Had*,imdb,IMDb,standard_dataset,upstream_dataset_gold,53,53,0.5471698113207547,54.71698113207547,54.72,False,False,0.3785847277344979,37.85847277344979,37.86,False,False
expanded-v3-w4a4-22source-20261007,all12,intern-decision-2b,Intern-Decision,W4A4,expanded-20261007-v3,intern-decision-2b,spinquant-had-adapted,SpinQuant Had*,jevbench,JevBench new eligible public tasks,authored_scenario_suite,authored_scenario_gold,48,48,0.5416666666666666,54.166666666666664,54.17,False,False,0.3785847277344979,37.85847277344979,37.86,False,False
expanded-v3-w4a4-22source-20261007,all12,intern-decision-2b,Intern-Decision,W4A4,expanded-20261007-v3,intern-decision-2b,spinquant-had-adapted,SpinQuant Had*,mmlu,MMLU,standard_dataset,upstream_dataset_gold,99,99,0.24242424242424243,24.242424242424242,24.24,False,False,0.3785847277344979,37.85847277344979,37.86,False,False
expanded-v3-w4a4-22source-20261007,all12,intern-decision-2b,Intern-Decision,W4A4,expanded-20261007-v3,intern-decision-2b,spinquant-had-adapted,SpinQuant Had*,mnli,MNLI,standard_dataset,upstream_dataset_gold,122,122,0.3442622950819672,34.42622950819672,34.43,False,False,0.3785847277344979,37.85847277344979,37.86,False,False
expanded-v3-w4a4-22source-20261007,all12,intern-decision-2b,Intern-Decision,W4A4,expanded-20261007-v3,intern-decision-2b,spinquant-had-adapted,SpinQuant Had*,openbookqa,OpenBookQA,standard_dataset,upstream_dataset_gold,128,128,0.2265625,22.65625,22.66,False,False,0.3785847277344979,37.85847277344979,37.86,False,False
expanded-v3-w4a4-22source-20261007,all12,intern-decision-2b,Intern-Decision,W4A4,expanded-20261007-v3,intern-decision-2b,spinquant-had-adapted,SpinQuant Had*,paws,PAWS,standard_dataset,upstream_dataset_gold,128,128,0.46875,46.875,46.88,False,False,0.3785847277344979,37.85847277344979,37.86,False,False
expanded-v3-w4a4-22source-20261007,all12,intern-decision-2b,Intern-Decision,W4A4,expanded-20261007-v3,intern-decision-2b,spinquant-had-adapted,SpinQuant Had*,qnli,QNLI,standard_dataset,upstream_dataset_gold,128,128,0.5390625,53.90625,53.91,False,False,0.3785847277344979,37.85847277344979,37.86,False,False
expanded-v3-w4a4-22source-20261007,all12,intern-decision-2b,Intern-Decision,W4A4,expanded-20261007-v3,intern-decision-2b,spinquant-had-adapted,SpinQuant Had*,sciq,SciQ,standard_dataset,upstream_dataset_gold,92,92,0.5217391304347826,52.17391304347826,52.17,False,False,0.3785847277344979,37.85847277344979,37.86,False,False
expanded-v3-w4a4-22source-20261007,all12,intern-decision-2b,Intern-Decision,W4A4,expanded-20261007-v3,intern-decision-2b,spinquant-had-adapted,SpinQuant Had*,semif,SemIf authored,authored_rule_suite,authored_scenario_gold,128,32,0.390625,39.0625,39.06,False,False,0.3785847277344979,37.85847277344979,37.86,False,False
expanded-v3-w4a4-22source-20261007,all12,intern-decision-2b,Intern-Decision,W4A4,expanded-20261007-v3,intern-decision-2b,spinquant-had-adapted,SpinQuant Had*,sst5,SST-5,standard_dataset,upstream_dataset_gold,128,128,0.1953125,19.53125,19.53,False,False,0.3785847277344979,37.85847277344979,37.86,False,False
expanded-v3-w4a4-22source-20261007,all12,intern-decision-2b,Intern-Decision,W4A4,expanded-20261007-v3,intern-decision-2b,spinquant-had-adapted,SpinQuant Had*,toolace,ToolACE tool-choice classification,domain_decision_suite,native_annotation,68,68,0.5441176470588235,54.41176470588235,54.41,False,False,0.3785847277344979,37.85847277344979,37.86,False,False
expanded-v3-w4a4-22source-20261007,all12,intern-decision-2b,Intern-Decision,W4A4,expanded-20261007-v3,intern-decision-2b,spinquant-had-adapted,SpinQuant Had*,trec,TREC,standard_dataset,upstream_dataset_gold,121,121,0.18181818181818182,18.181818181818183,18.18,False,False,0.3785847277344979,37.85847277344979,37.86,False,False
expanded-v3-w4a4-22source-20261007,all12,intern-decision-2b,Intern-Decision,W4A4,expanded-20261007-v3,intern-decision-2b,spinquant-had-adapted,SpinQuant Had*,tweet-offensive,TweetEval Offensive,standard_dataset,upstream_dataset_gold,128,128,0.5390625,53.90625,53.91,False,False,0.3785847277344979,37.85847277344979,37.86,False,False
expanded-v3-w4a4-22source-20261007,all12,intern-decision-2b,Intern-Decision,W4A4,expanded-20261007-v3,intern-decision-2b,spinquant-had-adapted,SpinQuant Had*,wanli,WANLI,standard_dataset,upstream_dataset_gold,256,256,0.34375,34.375,34.38,False,False,0.3785847277344979,37.85847277344979,37.86,False,False
expanded-v3-w4a4-22source-20261007,all12,intern-decision-2b,Intern-Decision,W4A4,expanded-20261007-v3,intern-decision-2b,spinquant-had-adapted,SpinQuant Had*,wildjailbreak,WildJailBreak harmful/benign classification,domain_decision_suite,native_annotation,128,128,0.3515625,35.15625,35.16,False,False,0.3785847277344979,37.85847277344979,37.86,False,False
expanded-v3-w4a4-22source-20261007,all12,intern-decision-2b,Intern-Decision,W4A4,expanded-20261007-v3,intern-decision-2b,spinquant-had-adapted,SpinQuant Had*,yelp,Yelp,standard_dataset,upstream_dataset_gold,132,66,0.3409090909090909,34.090909090909086,34.09,False,False,0.3785847277344979,37.85847277344979,37.86,False,False
expanded-v3-w4a4-22source-20261007,all12,intern-decision-2b,Intern-Decision,W4A4,expanded-20261007-v3,intern-decision-2b,s1q-joint,S1Q-Joint,agnews,AG News,standard_dataset,upstream_dataset_gold,360,120,0.475,47.5,47.50,False,False,0.3918753723257093,39.18753723257093,39.19,False,False
expanded-v3-w4a4-22source-20261007,all12,intern-decision-2b,Intern-Decision,W4A4,expanded-20261007-v3,intern-decision-2b,s1q-joint,S1Q-Joint,amazon,Amazon Reviews,standard_dataset,upstream_dataset_gold,128,128,0.2265625,22.65625,22.66,False,False,0.3918753723257093,39.18753723257093,39.19,False,False
expanded-v3-w4a4-22source-20261007,all12,intern-decision-2b,Intern-Decision,W4A4,expanded-20261007-v3,intern-decision-2b,s1q-joint,S1Q-Joint,arc,ARC,standard_dataset,upstream_dataset_gold,128,128,0.234375,23.4375,23.44,False,False,0.3918753723257093,39.18753723257093,39.19,False,False
expanded-v3-w4a4-22source-20261007,all12,intern-decision-2b,Intern-Decision,W4A4,expanded-20261007-v3,intern-decision-2b,s1q-joint,S1Q-Joint,boolq,BoolQ,standard_dataset,upstream_dataset_gold,120,120,0.5083333333333333,50.83333333333333,50.83,False,False,0.3918753723257093,39.18753723257093,39.19,False,False
expanded-v3-w4a4-22source-20261007,all12,intern-decision-2b,Intern-Decision,W4A4,expanded-20261007-v3,intern-decision-2b,s1q-joint,S1Q-Joint,csqa,CommonsenseQA,standard_dataset,upstream_dataset_gold,128,128,0.25,25.0,25.00,False,False,0.3918753723257093,39.18753723257093,39.19,False,False
expanded-v3-w4a4-22source-20261007,all12,intern-decision-2b,Intern-Decision,W4A4,expanded-20261007-v3,intern-decision-2b,s1q-joint,S1Q-Joint,emotion,Emotion,standard_dataset,upstream_dataset_gold,120,120,0.325,32.5,32.50,True,True,0.3918753723257093,39.18753723257093,39.19,False,False
expanded-v3-w4a4-22source-20261007,all12,intern-decision-2b,Intern-Decision,W4A4,expanded-20261007-v3,intern-decision-2b,s1q-joint,S1Q-Joint,imdb,IMDb,standard_dataset,upstream_dataset_gold,53,53,0.6226415094339622,62.264150943396224,62.26,False,False,0.3918753723257093,39.18753723257093,39.19,False,False
expanded-v3-w4a4-22source-20261007,all12,intern-decision-2b,Intern-Decision,W4A4,expanded-20261007-v3,intern-decision-2b,s1q-joint,S1Q-Joint,jevbench,JevBench new eligible public tasks,authored_scenario_suite,authored_scenario_gold,48,48,0.6666666666666666,66.66666666666666,66.67,False,False,0.3918753723257093,39.18753723257093,39.19,False,False
expanded-v3-w4a4-22source-20261007,all12,intern-decision-2b,Intern-Decision,W4A4,expanded-20261007-v3,intern-decision-2b,s1q-joint,S1Q-Joint,mmlu,MMLU,standard_dataset,upstream_dataset_gold,99,99,0.24242424242424243,24.242424242424242,24.24,False,False,0.3918753723257093,39.18753723257093,39.19,False,False
expanded-v3-w4a4-22source-20261007,all12,intern-decision-2b,Intern-Decision,W4A4,expanded-20261007-v3,intern-decision-2b,s1q-joint,S1Q-Joint,mnli,MNLI,standard_dataset,upstream_dataset_gold,122,122,0.3360655737704918,33.60655737704918,33.61,False,False,0.3918753723257093,39.18753723257093,39.19,False,False
expanded-v3-w4a4-22source-20261007,all12,intern-decision-2b,Intern-Decision,W4A4,expanded-20261007-v3,intern-decision-2b,s1q-joint,S1Q-Joint,openbookqa,OpenBookQA,standard_dataset,upstream_dataset_gold,128,128,0.2578125,25.78125,25.78,False,False,0.3918753723257093,39.18753723257093,39.19,False,False
expanded-v3-w4a4-22source-20261007,all12,intern-decision-2b,Intern-Decision,W4A4,expanded-20261007-v3,intern-decision-2b,s1q-joint,S1Q-Joint,paws,PAWS,standard_dataset,upstream_dataset_gold,128,128,0.4140625,41.40625,41.41,False,False,0.3918753723257093,39.18753723257093,39.19,False,False
expanded-v3-w4a4-22source-20261007,all12,intern-decision-2b,Intern-Decision,W4A4,expanded-20261007-v3,intern-decision-2b,s1q-joint,S1Q-Joint,qnli,QNLI,standard_dataset,upstream_dataset_gold,128,128,0.4453125,44.53125,44.53,False,False,0.3918753723257093,39.18753723257093,39.19,False,False
expanded-v3-w4a4-22source-20261007,all12,intern-decision-2b,Intern-Decision,W4A4,expanded-20261007-v3,intern-decision-2b,s1q-joint,S1Q-Joint,sciq,SciQ,standard_dataset,upstream_dataset_gold,92,92,0.6304347826086957,63.04347826086957,63.04,False,False,0.3918753723257093,39.18753723257093,39.19,False,False
expanded-v3-w4a4-22source-20261007,all12,intern-decision-2b,Intern-Decision,W4A4,expanded-20261007-v3,intern-decision-2b,s1q-joint,S1Q-Joint,semif,SemIf authored,authored_rule_suite,authored_scenario_gold,128,32,0.4375,43.75,43.75,False,False,0.3918753723257093,39.18753723257093,39.19,False,False
expanded-v3-w4a4-22source-20261007,all12,intern-decision-2b,Intern-Decision,W4A4,expanded-20261007-v3,intern-decision-2b,s1q-joint,S1Q-Joint,sst5,SST-5,standard_dataset,upstream_dataset_gold,128,128,0.2421875,24.21875,24.22,False,False,0.3918753723257093,39.18753723257093,39.19,False,False
expanded-v3-w4a4-22source-20261007,all12,intern-decision-2b,Intern-Decision,W4A4,expanded-20261007-v3,intern-decision-2b,s1q-joint,S1Q-Joint,toolace,ToolACE tool-choice classification,domain_decision_suite,native_annotation,68,68,0.6176470588235294,61.76470588235294,61.76,False,False,0.3918753723257093,39.18753723257093,39.19,False,False
expanded-v3-w4a4-22source-20261007,all12,intern-decision-2b,Intern-Decision,W4A4,expanded-20261007-v3,intern-decision-2b,s1q-joint,S1Q-Joint,trec,TREC,standard_dataset,upstream_dataset_gold,121,121,0.19834710743801653,19.834710743801654,19.83,False,False,0.3918753723257093,39.18753723257093,39.19,False,False
expanded-v3-w4a4-22source-20261007,all12,intern-decision-2b,Intern-Decision,W4A4,expanded-20261007-v3,intern-decision-2b,s1q-joint,S1Q-Joint,tweet-offensive,TweetEval Offensive,standard_dataset,upstream_dataset_gold,128,128,0.4921875,49.21875,49.22,False,False,0.3918753723257093,39.18753723257093,39.19,False,False
expanded-v3-w4a4-22source-20261007,all12,intern-decision-2b,Intern-Decision,W4A4,expanded-20261007-v3,intern-decision-2b,s1q-joint,S1Q-Joint,wanli,WANLI,standard_dataset,upstream_dataset_gold,256,256,0.36328125,36.328125,36.33,False,False,0.3918753723257093,39.18753723257093,39.19,False,False
expanded-v3-w4a4-22source-20261007,all12,intern-decision-2b,Intern-Decision,W4A4,expanded-20261007-v3,intern-decision-2b,s1q-joint,S1Q-Joint,wildjailbreak,WildJailBreak harmful/benign classification,domain_decision_suite,native_annotation,128,128,0.21875,21.875,21.88,False,False,0.3918753723257093,39.18753723257093,39.19,False,False
expanded-v3-w4a4-22source-20261007,all12,intern-decision-2b,Intern-Decision,W4A4,expanded-20261007-v3,intern-decision-2b,s1q-joint,S1Q-Joint,yelp,Yelp,standard_dataset,upstream_dataset_gold,132,66,0.4166666666666667,41.66666666666667,41.67,False,False,0.3918753723257093,39.18753723257093,39.19,False,False
expanded-v3-w4a4-22source-20261007,all12,intern-decision-2b,Intern-Decision,W4A4,expanded-20261007-v3,intern-decision-2b,s1q-ac,S1Q-AC,agnews,AG News,standard_dataset,upstream_dataset_gold,360,120,0.5027777777777778,50.27777777777778,50.28,False,False,0.4180139450289179,41.80139450289179,41.80,False,False
expanded-v3-w4a4-22source-20261007,all12,intern-decision-2b,Intern-Decision,W4A4,expanded-20261007-v3,intern-decision-2b,s1q-ac,S1Q-AC,amazon,Amazon Reviews,standard_dataset,upstream_dataset_gold,128,128,0.2890625,28.90625,28.91,False,False,0.4180139450289179,41.80139450289179,41.80,False,False
expanded-v3-w4a4-22source-20261007,all12,intern-decision-2b,Intern-Decision,W4A4,expanded-20261007-v3,intern-decision-2b,s1q-ac,S1Q-AC,arc,ARC,standard_dataset,upstream_dataset_gold,128,128,0.25,25.0,25.00,False,False,0.4180139450289179,41.80139450289179,41.80,False,False
expanded-v3-w4a4-22source-20261007,all12,intern-decision-2b,Intern-Decision,W4A4,expanded-20261007-v3,intern-decision-2b,s1q-ac,S1Q-AC,boolq,BoolQ,standard_dataset,upstream_dataset_gold,120,120,0.5083333333333333,50.83333333333333,50.83,False,False,0.4180139450289179,41.80139450289179,41.80,False,False
expanded-v3-w4a4-22source-20261007,all12,intern-decision-2b,Intern-Decision,W4A4,expanded-20261007-v3,intern-decision-2b,s1q-ac,S1Q-AC,csqa,CommonsenseQA,standard_dataset,upstream_dataset_gold,128,128,0.25,25.0,25.00,False,False,0.4180139450289179,41.80139450289179,41.80,False,False
expanded-v3-w4a4-22source-20261007,all12,intern-decision-2b,Intern-Decision,W4A4,expanded-20261007-v3,intern-decision-2b,s1q-ac,S1Q-AC,emotion,Emotion,standard_dataset,upstream_dataset_gold,120,120,0.2833333333333333,28.333333333333332,28.33,False,False,0.4180139450289179,41.80139450289179,41.80,False,False
expanded-v3-w4a4-22source-20261007,all12,intern-decision-2b,Intern-Decision,W4A4,expanded-20261007-v3,intern-decision-2b,s1q-ac,S1Q-AC,imdb,IMDb,standard_dataset,upstream_dataset_gold,53,53,0.660377358490566,66.0377358490566,66.04,False,False,0.4180139450289179,41.80139450289179,41.80,False,False
expanded-v3-w4a4-22source-20261007,all12,intern-decision-2b,Intern-Decision,W4A4,expanded-20261007-v3,intern-decision-2b,s1q-ac,S1Q-AC,jevbench,JevBench new eligible public tasks,authored_scenario_suite,authored_scenario_gold,48,48,0.75,75.0,75.00,True,True,0.4180139450289179,41.80139450289179,41.80,False,False
expanded-v3-w4a4-22source-20261007,all12,intern-decision-2b,Intern-Decision,W4A4,expanded-20261007-v3,intern-decision-2b,s1q-ac,S1Q-AC,mmlu,MMLU,standard_dataset,upstream_dataset_gold,99,99,0.25252525252525254,25.252525252525253,25.25,False,False,0.4180139450289179,41.80139450289179,41.80,False,False
expanded-v3-w4a4-22source-20261007,all12,intern-decision-2b,Intern-Decision,W4A4,expanded-20261007-v3,intern-decision-2b,s1q-ac,S1Q-AC,mnli,MNLI,standard_dataset,upstream_dataset_gold,122,122,0.3770491803278688,37.704918032786885,37.70,True,True,0.4180139450289179,41.80139450289179,41.80,False,False
expanded-v3-w4a4-22source-20261007,all12,intern-decision-2b,Intern-Decision,W4A4,expanded-20261007-v3,intern-decision-2b,s1q-ac,S1Q-AC,openbookqa,OpenBookQA,standard_dataset,upstream_dataset_gold,128,128,0.3046875,30.46875,30.47,False,False,0.4180139450289179,41.80139450289179,41.80,False,False
expanded-v3-w4a4-22source-20261007,all12,intern-decision-2b,Intern-Decision,W4A4,expanded-20261007-v3,intern-decision-2b,s1q-ac,S1Q-AC,paws,PAWS,standard_dataset,upstream_dataset_gold,128,128,0.546875,54.6875,54.69,True,True,0.4180139450289179,41.80139450289179,41.80,False,False
expanded-v3-w4a4-22source-20261007,all12,intern-decision-2b,Intern-Decision,W4A4,expanded-20261007-v3,intern-decision-2b,s1q-ac,S1Q-AC,qnli,QNLI,standard_dataset,upstream_dataset_gold,128,128,0.5390625,53.90625,53.91,False,False,0.4180139450289179,41.80139450289179,41.80,False,False
expanded-v3-w4a4-22source-20261007,all12,intern-decision-2b,Intern-Decision,W4A4,expanded-20261007-v3,intern-decision-2b,s1q-ac,S1Q-AC,sciq,SciQ,standard_dataset,upstream_dataset_gold,92,92,0.6956521739130435,69.56521739130434,69.57,False,False,0.4180139450289179,41.80139450289179,41.80,False,False
expanded-v3-w4a4-22source-20261007,all12,intern-decision-2b,Intern-Decision,W4A4,expanded-20261007-v3,intern-decision-2b,s1q-ac,S1Q-AC,semif,SemIf authored,authored_rule_suite,authored_scenario_gold,128,32,0.40625,40.625,40.62,False,False,0.4180139450289179,41.80139450289179,41.80,False,False
expanded-v3-w4a4-22source-20261007,all12,intern-decision-2b,Intern-Decision,W4A4,expanded-20261007-v3,intern-decision-2b,s1q-ac,S1Q-AC,sst5,SST-5,standard_dataset,upstream_dataset_gold,128,128,0.1640625,16.40625,16.41,False,False,0.4180139450289179,41.80139450289179,41.80,False,False
expanded-v3-w4a4-22source-20261007,all12,intern-decision-2b,Intern-Decision,W4A4,expanded-20261007-v3,intern-decision-2b,s1q-ac,S1Q-AC,toolace,ToolACE tool-choice classification,domain_decision_suite,native_annotation,68,68,0.6764705882352942,67.64705882352942,67.65,False,False,0.4180139450289179,41.80139450289179,41.80,False,False
expanded-v3-w4a4-22source-20261007,all12,intern-decision-2b,Intern-Decision,W4A4,expanded-20261007-v3,intern-decision-2b,s1q-ac,S1Q-AC,trec,TREC,standard_dataset,upstream_dataset_gold,121,121,0.2396694214876033,23.96694214876033,23.97,False,False,0.4180139450289179,41.80139450289179,41.80,False,False
expanded-v3-w4a4-22source-20261007,all12,intern-decision-2b,Intern-Decision,W4A4,expanded-20261007-v3,intern-decision-2b,s1q-ac,S1Q-AC,tweet-offensive,TweetEval Offensive,standard_dataset,upstream_dataset_gold,128,128,0.6328125,63.28125,63.28,True,True,0.4180139450289179,41.80139450289179,41.80,False,False
expanded-v3-w4a4-22source-20261007,all12,intern-decision-2b,Intern-Decision,W4A4,expanded-20261007-v3,intern-decision-2b,s1q-ac,S1Q-AC,wanli,WANLI,standard_dataset,upstream_dataset_gold,256,256,0.31640625,31.640625,31.64,False,False,0.4180139450289179,41.80139450289179,41.80,False,False
expanded-v3-w4a4-22source-20261007,all12,intern-decision-2b,Intern-Decision,W4A4,expanded-20261007-v3,intern-decision-2b,s1q-ac,S1Q-AC,wildjailbreak,WildJailBreak harmful/benign classification,domain_decision_suite,native_annotation,128,128,0.1796875,17.96875,17.97,False,False,0.4180139450289179,41.80139450289179,41.80,False,False
expanded-v3-w4a4-22source-20261007,all12,intern-decision-2b,Intern-Decision,W4A4,expanded-20261007-v3,intern-decision-2b,s1q-ac,S1Q-AC,yelp,Yelp,standard_dataset,upstream_dataset_gold,132,66,0.3712121212121212,37.121212121212125,37.12,False,False,0.4180139450289179,41.80139450289179,41.80,False,False
expanded-v3-w4a4-22source-20261007,all12,intern-decision-2b,Intern-Decision,W4A4,expanded-20261007-v3,intern-decision-2b,s1q-margin,S1Q-Margin,agnews,AG News,standard_dataset,upstream_dataset_gold,360,120,0.6527777777777778,65.27777777777779,65.28,True,True,0.4224061706171387,42.24061706171387,42.24,False,False
expanded-v3-w4a4-22source-20261007,all12,intern-decision-2b,Intern-Decision,W4A4,expanded-20261007-v3,intern-decision-2b,s1q-margin,S1Q-Margin,amazon,Amazon Reviews,standard_dataset,upstream_dataset_gold,128,128,0.3359375,33.59375,33.59,True,True,0.4224061706171387,42.24061706171387,42.24,False,False
expanded-v3-w4a4-22source-20261007,all12,intern-decision-2b,Intern-Decision,W4A4,expanded-20261007-v3,intern-decision-2b,s1q-margin,S1Q-Margin,arc,ARC,standard_dataset,upstream_dataset_gold,128,128,0.328125,32.8125,32.81,False,False,0.4224061706171387,42.24061706171387,42.24,False,False
expanded-v3-w4a4-22source-20261007,all12,intern-decision-2b,Intern-Decision,W4A4,expanded-20261007-v3,intern-decision-2b,s1q-margin,S1Q-Margin,boolq,BoolQ,standard_dataset,upstream_dataset_gold,120,120,0.4083333333333333,40.833333333333336,40.83,False,False,0.4224061706171387,42.24061706171387,42.24,False,False
expanded-v3-w4a4-22source-20261007,all12,intern-decision-2b,Intern-Decision,W4A4,expanded-20261007-v3,intern-decision-2b,s1q-margin,S1Q-Margin,csqa,CommonsenseQA,standard_dataset,upstream_dataset_gold,128,128,0.25,25.0,25.00,False,False,0.4224061706171387,42.24061706171387,42.24,False,False
expanded-v3-w4a4-22source-20261007,all12,intern-decision-2b,Intern-Decision,W4A4,expanded-20261007-v3,intern-decision-2b,s1q-margin,S1Q-Margin,emotion,Emotion,standard_dataset,upstream_dataset_gold,120,120,0.2833333333333333,28.333333333333332,28.33,False,False,0.4224061706171387,42.24061706171387,42.24,False,False
expanded-v3-w4a4-22source-20261007,all12,intern-decision-2b,Intern-Decision,W4A4,expanded-20261007-v3,intern-decision-2b,s1q-margin,S1Q-Margin,imdb,IMDb,standard_dataset,upstream_dataset_gold,53,53,0.5094339622641509,50.943396226415096,50.94,False,False,0.4224061706171387,42.24061706171387,42.24,False,False
expanded-v3-w4a4-22source-20261007,all12,intern-decision-2b,Intern-Decision,W4A4,expanded-20261007-v3,intern-decision-2b,s1q-margin,S1Q-Margin,jevbench,JevBench new eligible public tasks,authored_scenario_suite,authored_scenario_gold,48,48,0.625,62.5,62.50,False,False,0.4224061706171387,42.24061706171387,42.24,False,False
expanded-v3-w4a4-22source-20261007,all12,intern-decision-2b,Intern-Decision,W4A4,expanded-20261007-v3,intern-decision-2b,s1q-margin,S1Q-Margin,mmlu,MMLU,standard_dataset,upstream_dataset_gold,99,99,0.31313131313131315,31.313131313131315,31.31,False,False,0.4224061706171387,42.24061706171387,42.24,False,False
expanded-v3-w4a4-22source-20261007,all12,intern-decision-2b,Intern-Decision,W4A4,expanded-20261007-v3,intern-decision-2b,s1q-margin,S1Q-Margin,mnli,MNLI,standard_dataset,upstream_dataset_gold,122,122,0.319672131147541,31.967213114754102,31.97,False,False,0.4224061706171387,42.24061706171387,42.24,False,False
expanded-v3-w4a4-22source-20261007,all12,intern-decision-2b,Intern-Decision,W4A4,expanded-20261007-v3,intern-decision-2b,s1q-margin,S1Q-Margin,openbookqa,OpenBookQA,standard_dataset,upstream_dataset_gold,128,128,0.3203125,32.03125,32.03,False,False,0.4224061706171387,42.24061706171387,42.24,False,False
expanded-v3-w4a4-22source-20261007,all12,intern-decision-2b,Intern-Decision,W4A4,expanded-20261007-v3,intern-decision-2b,s1q-margin,S1Q-Margin,paws,PAWS,standard_dataset,upstream_dataset_gold,128,128,0.515625,51.5625,51.56,False,False,0.4224061706171387,42.24061706171387,42.24,False,False
expanded-v3-w4a4-22source-20261007,all12,intern-decision-2b,Intern-Decision,W4A4,expanded-20261007-v3,intern-decision-2b,s1q-margin,S1Q-Margin,qnli,QNLI,standard_dataset,upstream_dataset_gold,128,128,0.4921875,49.21875,49.22,False,False,0.4224061706171387,42.24061706171387,42.24,False,False
expanded-v3-w4a4-22source-20261007,all12,intern-decision-2b,Intern-Decision,W4A4,expanded-20261007-v3,intern-decision-2b,s1q-margin,S1Q-Margin,sciq,SciQ,standard_dataset,upstream_dataset_gold,92,92,0.717391304347826,71.73913043478261,71.74,True,True,0.4224061706171387,42.24061706171387,42.24,False,False
expanded-v3-w4a4-22source-20261007,all12,intern-decision-2b,Intern-Decision,W4A4,expanded-20261007-v3,intern-decision-2b,s1q-margin,S1Q-Margin,semif,SemIf authored,authored_rule_suite,authored_scenario_gold,128,32,0.4453125,44.53125,44.53,False,False,0.4224061706171387,42.24061706171387,42.24,False,False
expanded-v3-w4a4-22source-20261007,all12,intern-decision-2b,Intern-Decision,W4A4,expanded-20261007-v3,intern-decision-2b,s1q-margin,S1Q-Margin,sst5,SST-5,standard_dataset,upstream_dataset_gold,128,128,0.171875,17.1875,17.19,False,False,0.4224061706171387,42.24061706171387,42.24,False,False
expanded-v3-w4a4-22source-20261007,all12,intern-decision-2b,Intern-Decision,W4A4,expanded-20261007-v3,intern-decision-2b,s1q-margin,S1Q-Margin,toolace,ToolACE tool-choice classification,domain_decision_suite,native_annotation,68,68,0.7205882352941176,72.05882352941177,72.06,False,False,0.4224061706171387,42.24061706171387,42.24,False,False
expanded-v3-w4a4-22source-20261007,all12,intern-decision-2b,Intern-Decision,W4A4,expanded-20261007-v3,intern-decision-2b,s1q-margin,S1Q-Margin,trec,TREC,standard_dataset,upstream_dataset_gold,121,121,0.17355371900826447,17.355371900826448,17.36,False,False,0.4224061706171387,42.24061706171387,42.24,False,False
expanded-v3-w4a4-22source-20261007,all12,intern-decision-2b,Intern-Decision,W4A4,expanded-20261007-v3,intern-decision-2b,s1q-margin,S1Q-Margin,tweet-offensive,TweetEval Offensive,standard_dataset,upstream_dataset_gold,128,128,0.6171875,61.71875,61.72,False,False,0.4224061706171387,42.24061706171387,42.24,False,False
expanded-v3-w4a4-22source-20261007,all12,intern-decision-2b,Intern-Decision,W4A4,expanded-20261007-v3,intern-decision-2b,s1q-margin,S1Q-Margin,wanli,WANLI,standard_dataset,upstream_dataset_gold,256,256,0.37109375,37.109375,37.11,False,False,0.4224061706171387,42.24061706171387,42.24,False,False
expanded-v3-w4a4-22source-20261007,all12,intern-decision-2b,Intern-Decision,W4A4,expanded-20261007-v3,intern-decision-2b,s1q-margin,S1Q-Margin,wildjailbreak,WildJailBreak harmful/benign classification,domain_decision_suite,native_annotation,128,128,0.328125,32.8125,32.81,False,False,0.4224061706171387,42.24061706171387,42.24,False,False
expanded-v3-w4a4-22source-20261007,all12,intern-decision-2b,Intern-Decision,W4A4,expanded-20261007-v3,intern-decision-2b,s1q-margin,S1Q-Margin,yelp,Yelp,standard_dataset,upstream_dataset_gold,132,66,0.3939393939393939,39.39393939393939,39.39,False,False,0.4224061706171387,42.24061706171387,42.24,False,False
expanded-v3-w4a4-22source-20261007,all12,intern-decision-2b,Intern-Decision,W4A4,expanded-20261007-v3,intern-decision-2b,s1q,S1Q (current),agnews,AG News,standard_dataset,upstream_dataset_gold,360,120,0.5638888888888889,56.388888888888886,56.39,False,False,0.4428589280665336,44.28589280665336,44.29,True,True
expanded-v3-w4a4-22source-20261007,all12,intern-decision-2b,Intern-Decision,W4A4,expanded-20261007-v3,intern-decision-2b,s1q,S1Q (current),amazon,Amazon Reviews,standard_dataset,upstream_dataset_gold,128,128,0.2734375,27.34375,27.34,False,False,0.4428589280665336,44.28589280665336,44.29,True,True
expanded-v3-w4a4-22source-20261007,all12,intern-decision-2b,Intern-Decision,W4A4,expanded-20261007-v3,intern-decision-2b,s1q,S1Q (current),arc,ARC,standard_dataset,upstream_dataset_gold,128,128,0.3359375,33.59375,33.59,True,True,0.4428589280665336,44.28589280665336,44.29,True,True
expanded-v3-w4a4-22source-20261007,all12,intern-decision-2b,Intern-Decision,W4A4,expanded-20261007-v3,intern-decision-2b,s1q,S1Q (current),boolq,BoolQ,standard_dataset,upstream_dataset_gold,120,120,0.39166666666666666,39.166666666666664,39.17,False,False,0.4428589280665336,44.28589280665336,44.29,True,True
expanded-v3-w4a4-22source-20261007,all12,intern-decision-2b,Intern-Decision,W4A4,expanded-20261007-v3,intern-decision-2b,s1q,S1Q (current),csqa,CommonsenseQA,standard_dataset,upstream_dataset_gold,128,128,0.296875,29.6875,29.69,True,True,0.4428589280665336,44.28589280665336,44.29,True,True
expanded-v3-w4a4-22source-20261007,all12,intern-decision-2b,Intern-Decision,W4A4,expanded-20261007-v3,intern-decision-2b,s1q,S1Q (current),emotion,Emotion,standard_dataset,upstream_dataset_gold,120,120,0.26666666666666666,26.666666666666668,26.67,False,False,0.4428589280665336,44.28589280665336,44.29,True,True
expanded-v3-w4a4-22source-20261007,all12,intern-decision-2b,Intern-Decision,W4A4,expanded-20261007-v3,intern-decision-2b,s1q,S1Q (current),imdb,IMDb,standard_dataset,upstream_dataset_gold,53,53,0.6792452830188679,67.9245283018868,67.92,True,True,0.4428589280665336,44.28589280665336,44.29,True,True
expanded-v3-w4a4-22source-20261007,all12,intern-decision-2b,Intern-Decision,W4A4,expanded-20261007-v3,intern-decision-2b,s1q,S1Q (current),jevbench,JevBench new eligible public tasks,authored_scenario_suite,authored_scenario_gold,48,48,0.7083333333333334,70.83333333333334,70.83,False,False,0.4428589280665336,44.28589280665336,44.29,True,True
expanded-v3-w4a4-22source-20261007,all12,intern-decision-2b,Intern-Decision,W4A4,expanded-20261007-v3,intern-decision-2b,s1q,S1Q (current),mmlu,MMLU,standard_dataset,upstream_dataset_gold,99,99,0.23232323232323232,23.232323232323232,23.23,False,False,0.4428589280665336,44.28589280665336,44.29,True,True
expanded-v3-w4a4-22source-20261007,all12,intern-decision-2b,Intern-Decision,W4A4,expanded-20261007-v3,intern-decision-2b,s1q,S1Q (current),mnli,MNLI,standard_dataset,upstream_dataset_gold,122,122,0.319672131147541,31.967213114754102,31.97,False,False,0.4428589280665336,44.28589280665336,44.29,True,True
expanded-v3-w4a4-22source-20261007,all12,intern-decision-2b,Intern-Decision,W4A4,expanded-20261007-v3,intern-decision-2b,s1q,S1Q (current),openbookqa,OpenBookQA,standard_dataset,upstream_dataset_gold,128,128,0.296875,29.6875,29.69,False,False,0.4428589280665336,44.28589280665336,44.29,True,True
expanded-v3-w4a4-22source-20261007,all12,intern-decision-2b,Intern-Decision,W4A4,expanded-20261007-v3,intern-decision-2b,s1q,S1Q (current),paws,PAWS,standard_dataset,upstream_dataset_gold,128,128,0.515625,51.5625,51.56,False,False,0.4428589280665336,44.28589280665336,44.29,True,True
expanded-v3-w4a4-22source-20261007,all12,intern-decision-2b,Intern-Decision,W4A4,expanded-20261007-v3,intern-decision-2b,s1q,S1Q (current),qnli,QNLI,standard_dataset,upstream_dataset_gold,128,128,0.59375,59.375,59.38,True,True,0.4428589280665336,44.28589280665336,44.29,True,True
expanded-v3-w4a4-22source-20261007,all12,intern-decision-2b,Intern-Decision,W4A4,expanded-20261007-v3,intern-decision-2b,s1q,S1Q (current),sciq,SciQ,standard_dataset,upstream_dataset_gold,92,92,0.6630434782608695,66.30434782608695,66.30,False,False,0.4428589280665336,44.28589280665336,44.29,True,True
expanded-v3-w4a4-22source-20261007,all12,intern-decision-2b,Intern-Decision,W4A4,expanded-20261007-v3,intern-decision-2b,s1q,S1Q (current),semif,SemIf authored,authored_rule_suite,authored_scenario_gold,128,32,0.484375,48.4375,48.44,True,True,0.4428589280665336,44.28589280665336,44.29,True,True
expanded-v3-w4a4-22source-20261007,all12,intern-decision-2b,Intern-Decision,W4A4,expanded-20261007-v3,intern-decision-2b,s1q,S1Q (current),sst5,SST-5,standard_dataset,upstream_dataset_gold,128,128,0.2578125,25.78125,25.78,True,True,0.4428589280665336,44.28589280665336,44.29,True,True
expanded-v3-w4a4-22source-20261007,all12,intern-decision-2b,Intern-Decision,W4A4,expanded-20261007-v3,intern-decision-2b,s1q,S1Q (current),toolace,ToolACE tool-choice classification,domain_decision_suite,native_annotation,68,68,0.7794117647058824,77.94117647058823,77.94,True,True,0.4428589280665336,44.28589280665336,44.29,True,True
expanded-v3-w4a4-22source-20261007,all12,intern-decision-2b,Intern-Decision,W4A4,expanded-20261007-v3,intern-decision-2b,s1q,S1Q (current),trec,TREC,standard_dataset,upstream_dataset_gold,121,121,0.30578512396694213,30.57851239669421,30.58,True,True,0.4428589280665336,44.28589280665336,44.29,True,True
expanded-v3-w4a4-22source-20261007,all12,intern-decision-2b,Intern-Decision,W4A4,expanded-20261007-v3,intern-decision-2b,s1q,S1Q (current),tweet-offensive,TweetEval Offensive,standard_dataset,upstream_dataset_gold,128,128,0.625,62.5,62.50,False,False,0.4428589280665336,44.28589280665336,44.29,True,True
expanded-v3-w4a4-22source-20261007,all12,intern-decision-2b,Intern-Decision,W4A4,expanded-20261007-v3,intern-decision-2b,s1q,S1Q (current),wanli,WANLI,standard_dataset,upstream_dataset_gold,256,256,0.359375,35.9375,35.94,False,False,0.4428589280665336,44.28589280665336,44.29,True,True
expanded-v3-w4a4-22source-20261007,all12,intern-decision-2b,Intern-Decision,W4A4,expanded-20261007-v3,intern-decision-2b,s1q,S1Q (current),wildjailbreak,WildJailBreak harmful/benign classification,domain_decision_suite,native_annotation,128,128,0.4453125,44.53125,44.53,False,False,0.4428589280665336,44.28589280665336,44.29,True,True
expanded-v3-w4a4-22source-20261007,all12,intern-decision-2b,Intern-Decision,W4A4,expanded-20261007-v3,intern-decision-2b,s1q,S1Q (current),yelp,Yelp,standard_dataset,upstream_dataset_gold,132,66,0.3484848484848485,34.84848484848485,34.85,False,False,0.4428589280665336,44.28589280665336,44.29,True,True
expanded-v3-w4a4-22source-20261007,all12,intern-decision-4b,Intern-Decision,W4A4,expanded-20261007-v3,intern-decision-4b,native,Native,agnews,AG News,standard_dataset,upstream_dataset_gold,360,120,0.8611111111111112,86.11111111111111,86.11,False,False,0.8063151050763594,80.63151050763594,80.63,False,False
expanded-v3-w4a4-22source-20261007,all12,intern-decision-4b,Intern-Decision,W4A4,expanded-20261007-v3,intern-decision-4b,native,Native,amazon,Amazon Reviews,standard_dataset,upstream_dataset_gold,128,128,0.5078125,50.78125,50.78,False,False,0.8063151050763594,80.63151050763594,80.63,False,False
expanded-v3-w4a4-22source-20261007,all12,intern-decision-4b,Intern-Decision,W4A4,expanded-20261007-v3,intern-decision-4b,native,Native,arc,ARC,standard_dataset,upstream_dataset_gold,128,128,0.9296875,92.96875,92.97,False,False,0.8063151050763594,80.63151050763594,80.63,False,False
expanded-v3-w4a4-22source-20261007,all12,intern-decision-4b,Intern-Decision,W4A4,expanded-20261007-v3,intern-decision-4b,native,Native,boolq,BoolQ,standard_dataset,upstream_dataset_gold,120,120,0.8833333333333333,88.33333333333333,88.33,False,False,0.8063151050763594,80.63151050763594,80.63,False,False
expanded-v3-w4a4-22source-20261007,all12,intern-decision-4b,Intern-Decision,W4A4,expanded-20261007-v3,intern-decision-4b,native,Native,csqa,CommonsenseQA,standard_dataset,upstream_dataset_gold,128,128,0.765625,76.5625,76.56,False,False,0.8063151050763594,80.63151050763594,80.63,False,False
expanded-v3-w4a4-22source-20261007,all12,intern-decision-4b,Intern-Decision,W4A4,expanded-20261007-v3,intern-decision-4b,native,Native,emotion,Emotion,standard_dataset,upstream_dataset_gold,120,120,0.5666666666666667,56.666666666666664,56.67,False,False,0.8063151050763594,80.63151050763594,80.63,False,False
expanded-v3-w4a4-22source-20261007,all12,intern-decision-4b,Intern-Decision,W4A4,expanded-20261007-v3,intern-decision-4b,native,Native,imdb,IMDb,standard_dataset,upstream_dataset_gold,53,53,0.9433962264150944,94.33962264150944,94.34,False,False,0.8063151050763594,80.63151050763594,80.63,False,False
expanded-v3-w4a4-22source-20261007,all12,intern-decision-4b,Intern-Decision,W4A4,expanded-20261007-v3,intern-decision-4b,native,Native,jevbench,JevBench new eligible public tasks,authored_scenario_suite,authored_scenario_gold,48,48,1.0,100.0,100.00,False,False,0.8063151050763594,80.63151050763594,80.63,False,False
expanded-v3-w4a4-22source-20261007,all12,intern-decision-4b,Intern-Decision,W4A4,expanded-20261007-v3,intern-decision-4b,native,Native,mmlu,MMLU,standard_dataset,upstream_dataset_gold,99,99,0.696969696969697,69.6969696969697,69.70,False,False,0.8063151050763594,80.63151050763594,80.63,False,False
expanded-v3-w4a4-22source-20261007,all12,intern-decision-4b,Intern-Decision,W4A4,expanded-20261007-v3,intern-decision-4b,native,Native,mnli,MNLI,standard_dataset,upstream_dataset_gold,122,122,0.7868852459016393,78.68852459016394,78.69,False,False,0.8063151050763594,80.63151050763594,80.63,False,False
expanded-v3-w4a4-22source-20261007,all12,intern-decision-4b,Intern-Decision,W4A4,expanded-20261007-v3,intern-decision-4b,native,Native,openbookqa,OpenBookQA,standard_dataset,upstream_dataset_gold,128,128,0.796875,79.6875,79.69,False,False,0.8063151050763594,80.63151050763594,80.63,False,False
expanded-v3-w4a4-22source-20261007,all12,intern-decision-4b,Intern-Decision,W4A4,expanded-20261007-v3,intern-decision-4b,native,Native,paws,PAWS,standard_dataset,upstream_dataset_gold,128,128,0.828125,82.8125,82.81,False,False,0.8063151050763594,80.63151050763594,80.63,False,False
expanded-v3-w4a4-22source-20261007,all12,intern-decision-4b,Intern-Decision,W4A4,expanded-20261007-v3,intern-decision-4b,native,Native,qnli,QNLI,standard_dataset,upstream_dataset_gold,128,128,0.875,87.5,87.50,False,False,0.8063151050763594,80.63151050763594,80.63,False,False
expanded-v3-w4a4-22source-20261007,all12,intern-decision-4b,Intern-Decision,W4A4,expanded-20261007-v3,intern-decision-4b,native,Native,sciq,SciQ,standard_dataset,upstream_dataset_gold,92,92,0.9891304347826086,98.91304347826086,98.91,False,False,0.8063151050763594,80.63151050763594,80.63,False,False
expanded-v3-w4a4-22source-20261007,all12,intern-decision-4b,Intern-Decision,W4A4,expanded-20261007-v3,intern-decision-4b,native,Native,semif,SemIf authored,authored_rule_suite,authored_scenario_gold,128,32,0.921875,92.1875,92.19,False,False,0.8063151050763594,80.63151050763594,80.63,False,False
expanded-v3-w4a4-22source-20261007,all12,intern-decision-4b,Intern-Decision,W4A4,expanded-20261007-v3,intern-decision-4b,native,Native,sst5,SST-5,standard_dataset,upstream_dataset_gold,128,128,0.5546875,55.46875,55.47,False,False,0.8063151050763594,80.63151050763594,80.63,False,False
expanded-v3-w4a4-22source-20261007,all12,intern-decision-4b,Intern-Decision,W4A4,expanded-20261007-v3,intern-decision-4b,native,Native,toolace,ToolACE tool-choice classification,domain_decision_suite,native_annotation,68,68,0.9264705882352942,92.64705882352942,92.65,False,False,0.8063151050763594,80.63151050763594,80.63,False,False
expanded-v3-w4a4-22source-20261007,all12,intern-decision-4b,Intern-Decision,W4A4,expanded-20261007-v3,intern-decision-4b,native,Native,trec,TREC,standard_dataset,upstream_dataset_gold,121,121,0.8264462809917356,82.64462809917356,82.64,False,False,0.8063151050763594,80.63151050763594,80.63,False,False
expanded-v3-w4a4-22source-20261007,all12,intern-decision-4b,Intern-Decision,W4A4,expanded-20261007-v3,intern-decision-4b,native,Native,tweet-offensive,TweetEval Offensive,standard_dataset,upstream_dataset_gold,128,128,0.8125,81.25,81.25,False,False,0.8063151050763594,80.63151050763594,80.63,False,False
expanded-v3-w4a4-22source-20261007,all12,intern-decision-4b,Intern-Decision,W4A4,expanded-20261007-v3,intern-decision-4b,native,Native,wanli,WANLI,standard_dataset,upstream_dataset_gold,256,256,0.671875,67.1875,67.19,False,False,0.8063151050763594,80.63151050763594,80.63,False,False
expanded-v3-w4a4-22source-20261007,all12,intern-decision-4b,Intern-Decision,W4A4,expanded-20261007-v3,intern-decision-4b,native,Native,wildjailbreak,WildJailBreak harmful/benign classification,domain_decision_suite,native_annotation,128,128,0.8671875,86.71875,86.72,False,False,0.8063151050763594,80.63151050763594,80.63,False,False
expanded-v3-w4a4-22source-20261007,all12,intern-decision-4b,Intern-Decision,W4A4,expanded-20261007-v3,intern-decision-4b,native,Native,yelp,Yelp,standard_dataset,upstream_dataset_gold,132,66,0.7272727272727273,72.72727272727273,72.73,False,False,0.8063151050763594,80.63151050763594,80.63,False,False
expanded-v3-w4a4-22source-20261007,all12,intern-decision-4b,Intern-Decision,W4A4,expanded-20261007-v3,intern-decision-4b,rtn,RTN,agnews,AG News,standard_dataset,upstream_dataset_gold,360,120,0.43333333333333335,43.333333333333336,43.33,False,False,0.33096663682285493,33.096663682285495,33.10,False,False
expanded-v3-w4a4-22source-20261007,all12,intern-decision-4b,Intern-Decision,W4A4,expanded-20261007-v3,intern-decision-4b,rtn,RTN,amazon,Amazon Reviews,standard_dataset,upstream_dataset_gold,128,128,0.2109375,21.09375,21.09,False,False,0.33096663682285493,33.096663682285495,33.10,False,False
expanded-v3-w4a4-22source-20261007,all12,intern-decision-4b,Intern-Decision,W4A4,expanded-20261007-v3,intern-decision-4b,rtn,RTN,arc,ARC,standard_dataset,upstream_dataset_gold,128,128,0.234375,23.4375,23.44,False,False,0.33096663682285493,33.096663682285495,33.10,False,False
expanded-v3-w4a4-22source-20261007,all12,intern-decision-4b,Intern-Decision,W4A4,expanded-20261007-v3,intern-decision-4b,rtn,RTN,boolq,BoolQ,standard_dataset,upstream_dataset_gold,120,120,0.5083333333333333,50.83333333333333,50.83,False,False,0.33096663682285493,33.096663682285495,33.10,False,False
expanded-v3-w4a4-22source-20261007,all12,intern-decision-4b,Intern-Decision,W4A4,expanded-20261007-v3,intern-decision-4b,rtn,RTN,csqa,CommonsenseQA,standard_dataset,upstream_dataset_gold,128,128,0.1171875,11.71875,11.72,False,False,0.33096663682285493,33.096663682285495,33.10,False,False
expanded-v3-w4a4-22source-20261007,all12,intern-decision-4b,Intern-Decision,W4A4,expanded-20261007-v3,intern-decision-4b,rtn,RTN,emotion,Emotion,standard_dataset,upstream_dataset_gold,120,120,0.175,17.5,17.50,False,False,0.33096663682285493,33.096663682285495,33.10,False,False
expanded-v3-w4a4-22source-20261007,all12,intern-decision-4b,Intern-Decision,W4A4,expanded-20261007-v3,intern-decision-4b,rtn,RTN,imdb,IMDb,standard_dataset,upstream_dataset_gold,53,53,0.4528301886792453,45.28301886792453,45.28,False,False,0.33096663682285493,33.096663682285495,33.10,False,False
expanded-v3-w4a4-22source-20261007,all12,intern-decision-4b,Intern-Decision,W4A4,expanded-20261007-v3,intern-decision-4b,rtn,RTN,jevbench,JevBench new eligible public tasks,authored_scenario_suite,authored_scenario_gold,48,48,0.20833333333333334,20.833333333333336,20.83,False,False,0.33096663682285493,33.096663682285495,33.10,False,False
expanded-v3-w4a4-22source-20261007,all12,intern-decision-4b,Intern-Decision,W4A4,expanded-20261007-v3,intern-decision-4b,rtn,RTN,mmlu,MMLU,standard_dataset,upstream_dataset_gold,99,99,0.24242424242424243,24.242424242424242,24.24,False,False,0.33096663682285493,33.096663682285495,33.10,False,False
expanded-v3-w4a4-22source-20261007,all12,intern-decision-4b,Intern-Decision,W4A4,expanded-20261007-v3,intern-decision-4b,rtn,RTN,mnli,MNLI,standard_dataset,upstream_dataset_gold,122,122,0.30327868852459017,30.327868852459016,30.33,False,False,0.33096663682285493,33.096663682285495,33.10,False,False
expanded-v3-w4a4-22source-20261007,all12,intern-decision-4b,Intern-Decision,W4A4,expanded-20261007-v3,intern-decision-4b,rtn,RTN,openbookqa,OpenBookQA,standard_dataset,upstream_dataset_gold,128,128,0.3046875,30.46875,30.47,False,False,0.33096663682285493,33.096663682285495,33.10,False,False
expanded-v3-w4a4-22source-20261007,all12,intern-decision-4b,Intern-Decision,W4A4,expanded-20261007-v3,intern-decision-4b,rtn,RTN,paws,PAWS,standard_dataset,upstream_dataset_gold,128,128,0.515625,51.5625,51.56,False,False,0.33096663682285493,33.096663682285495,33.10,False,False
expanded-v3-w4a4-22source-20261007,all12,intern-decision-4b,Intern-Decision,W4A4,expanded-20261007-v3,intern-decision-4b,rtn,RTN,qnli,QNLI,standard_dataset,upstream_dataset_gold,128,128,0.5078125,50.78125,50.78,False,False,0.33096663682285493,33.096663682285495,33.10,False,False
expanded-v3-w4a4-22source-20261007,all12,intern-decision-4b,Intern-Decision,W4A4,expanded-20261007-v3,intern-decision-4b,rtn,RTN,sciq,SciQ,standard_dataset,upstream_dataset_gold,92,92,0.2826086956521739,28.26086956521739,28.26,False,False,0.33096663682285493,33.096663682285495,33.10,False,False
expanded-v3-w4a4-22source-20261007,all12,intern-decision-4b,Intern-Decision,W4A4,expanded-20261007-v3,intern-decision-4b,rtn,RTN,semif,SemIf authored,authored_rule_suite,authored_scenario_gold,128,32,0.28125,28.125,28.12,False,False,0.33096663682285493,33.096663682285495,33.10,False,False
expanded-v3-w4a4-22source-20261007,all12,intern-decision-4b,Intern-Decision,W4A4,expanded-20261007-v3,intern-decision-4b,rtn,RTN,sst5,SST-5,standard_dataset,upstream_dataset_gold,128,128,0.1875,18.75,18.75,False,False,0.33096663682285493,33.096663682285495,33.10,False,False
expanded-v3-w4a4-22source-20261007,all12,intern-decision-4b,Intern-Decision,W4A4,expanded-20261007-v3,intern-decision-4b,rtn,RTN,toolace,ToolACE tool-choice classification,domain_decision_suite,native_annotation,68,68,0.3235294117647059,32.35294117647059,32.35,False,False,0.33096663682285493,33.096663682285495,33.10,False,False
expanded-v3-w4a4-22source-20261007,all12,intern-decision-4b,Intern-Decision,W4A4,expanded-20261007-v3,intern-decision-4b,rtn,RTN,trec,TREC,standard_dataset,upstream_dataset_gold,121,121,0.12396694214876033,12.396694214876034,12.40,False,False,0.33096663682285493,33.096663682285495,33.10,False,False
expanded-v3-w4a4-22source-20261007,all12,intern-decision-4b,Intern-Decision,W4A4,expanded-20261007-v3,intern-decision-4b,rtn,RTN,tweet-offensive,TweetEval Offensive,standard_dataset,upstream_dataset_gold,128,128,0.578125,57.8125,57.81,False,False,0.33096663682285493,33.096663682285495,33.10,False,False
expanded-v3-w4a4-22source-20261007,all12,intern-decision-4b,Intern-Decision,W4A4,expanded-20261007-v3,intern-decision-4b,rtn,RTN,wanli,WANLI,standard_dataset,upstream_dataset_gold,256,256,0.33984375,33.984375,33.98,False,False,0.33096663682285493,33.096663682285495,33.10,False,False
expanded-v3-w4a4-22source-20261007,all12,intern-decision-4b,Intern-Decision,W4A4,expanded-20261007-v3,intern-decision-4b,rtn,RTN,wildjailbreak,WildJailBreak harmful/benign classification,domain_decision_suite,native_annotation,128,128,0.609375,60.9375,60.94,False,False,0.33096663682285493,33.096663682285495,33.10,False,False
expanded-v3-w4a4-22source-20261007,all12,intern-decision-4b,Intern-Decision,W4A4,expanded-20261007-v3,intern-decision-4b,rtn,RTN,yelp,Yelp,standard_dataset,upstream_dataset_gold,132,66,0.3409090909090909,34.090909090909086,34.09,False,False,0.33096663682285493,33.096663682285495,33.10,False,False
expanded-v3-w4a4-22source-20261007,all12,intern-decision-4b,Intern-Decision,W4A4,expanded-20261007-v3,intern-decision-4b,s1q-local,S1Qv1,agnews,AG News,standard_dataset,upstream_dataset_gold,360,120,0.4388888888888889,43.888888888888886,43.89,False,False,0.355014091107638,35.501409110763795,35.50,False,False
expanded-v3-w4a4-22source-20261007,all12,intern-decision-4b,Intern-Decision,W4A4,expanded-20261007-v3,intern-decision-4b,s1q-local,S1Qv1,amazon,Amazon Reviews,standard_dataset,upstream_dataset_gold,128,128,0.203125,20.3125,20.31,False,False,0.355014091107638,35.501409110763795,35.50,False,False
expanded-v3-w4a4-22source-20261007,all12,intern-decision-4b,Intern-Decision,W4A4,expanded-20261007-v3,intern-decision-4b,s1q-local,S1Qv1,arc,ARC,standard_dataset,upstream_dataset_gold,128,128,0.25,25.0,25.00,False,False,0.355014091107638,35.501409110763795,35.50,False,False
expanded-v3-w4a4-22source-20261007,all12,intern-decision-4b,Intern-Decision,W4A4,expanded-20261007-v3,intern-decision-4b,s1q-local,S1Qv1,boolq,BoolQ,standard_dataset,upstream_dataset_gold,120,120,0.49166666666666664,49.166666666666664,49.17,False,False,0.355014091107638,35.501409110763795,35.50,False,False
expanded-v3-w4a4-22source-20261007,all12,intern-decision-4b,Intern-Decision,W4A4,expanded-20261007-v3,intern-decision-4b,s1q-local,S1Qv1,csqa,CommonsenseQA,standard_dataset,upstream_dataset_gold,128,128,0.1640625,16.40625,16.41,False,False,0.355014091107638,35.501409110763795,35.50,False,False
expanded-v3-w4a4-22source-20261007,all12,intern-decision-4b,Intern-Decision,W4A4,expanded-20261007-v3,intern-decision-4b,s1q-local,S1Qv1,emotion,Emotion,standard_dataset,upstream_dataset_gold,120,120,0.21666666666666667,21.666666666666668,21.67,False,False,0.355014091107638,35.501409110763795,35.50,False,False
expanded-v3-w4a4-22source-20261007,all12,intern-decision-4b,Intern-Decision,W4A4,expanded-20261007-v3,intern-decision-4b,s1q-local,S1Qv1,imdb,IMDb,standard_dataset,upstream_dataset_gold,53,53,0.4528301886792453,45.28301886792453,45.28,False,False,0.355014091107638,35.501409110763795,35.50,False,False
expanded-v3-w4a4-22source-20261007,all12,intern-decision-4b,Intern-Decision,W4A4,expanded-20261007-v3,intern-decision-4b,s1q-local,S1Qv1,jevbench,JevBench new eligible public tasks,authored_scenario_suite,authored_scenario_gold,48,48,0.4375,43.75,43.75,False,False,0.355014091107638,35.501409110763795,35.50,False,False
expanded-v3-w4a4-22source-20261007,all12,intern-decision-4b,Intern-Decision,W4A4,expanded-20261007-v3,intern-decision-4b,s1q-local,S1Qv1,mmlu,MMLU,standard_dataset,upstream_dataset_gold,99,99,0.2222222222222222,22.22222222222222,22.22,False,False,0.355014091107638,35.501409110763795,35.50,False,False
expanded-v3-w4a4-22source-20261007,all12,intern-decision-4b,Intern-Decision,W4A4,expanded-20261007-v3,intern-decision-4b,s1q-local,S1Qv1,mnli,MNLI,standard_dataset,upstream_dataset_gold,122,122,0.36885245901639346,36.885245901639344,36.89,False,False,0.355014091107638,35.501409110763795,35.50,False,False
expanded-v3-w4a4-22source-20261007,all12,intern-decision-4b,Intern-Decision,W4A4,expanded-20261007-v3,intern-decision-4b,s1q-local,S1Qv1,openbookqa,OpenBookQA,standard_dataset,upstream_dataset_gold,128,128,0.2734375,27.34375,27.34,False,False,0.355014091107638,35.501409110763795,35.50,False,False
expanded-v3-w4a4-22source-20261007,all12,intern-decision-4b,Intern-Decision,W4A4,expanded-20261007-v3,intern-decision-4b,s1q-local,S1Qv1,paws,PAWS,standard_dataset,upstream_dataset_gold,128,128,0.46875,46.875,46.88,False,False,0.355014091107638,35.501409110763795,35.50,False,False
expanded-v3-w4a4-22source-20261007,all12,intern-decision-4b,Intern-Decision,W4A4,expanded-20261007-v3,intern-decision-4b,s1q-local,S1Qv1,qnli,QNLI,standard_dataset,upstream_dataset_gold,128,128,0.484375,48.4375,48.44,False,False,0.355014091107638,35.501409110763795,35.50,False,False
expanded-v3-w4a4-22source-20261007,all12,intern-decision-4b,Intern-Decision,W4A4,expanded-20261007-v3,intern-decision-4b,s1q-local,S1Qv1,sciq,SciQ,standard_dataset,upstream_dataset_gold,92,92,0.34782608695652173,34.78260869565217,34.78,False,False,0.355014091107638,35.501409110763795,35.50,False,False
expanded-v3-w4a4-22source-20261007,all12,intern-decision-4b,Intern-Decision,W4A4,expanded-20261007-v3,intern-decision-4b,s1q-local,S1Qv1,semif,SemIf authored,authored_rule_suite,authored_scenario_gold,128,32,0.3671875,36.71875,36.72,False,False,0.355014091107638,35.501409110763795,35.50,False,False
expanded-v3-w4a4-22source-20261007,all12,intern-decision-4b,Intern-Decision,W4A4,expanded-20261007-v3,intern-decision-4b,s1q-local,S1Qv1,sst5,SST-5,standard_dataset,upstream_dataset_gold,128,128,0.1953125,19.53125,19.53,False,False,0.355014091107638,35.501409110763795,35.50,False,False
expanded-v3-w4a4-22source-20261007,all12,intern-decision-4b,Intern-Decision,W4A4,expanded-20261007-v3,intern-decision-4b,s1q-local,S1Qv1,toolace,ToolACE tool-choice classification,domain_decision_suite,native_annotation,68,68,0.4411764705882353,44.11764705882353,44.12,False,False,0.355014091107638,35.501409110763795,35.50,False,False
expanded-v3-w4a4-22source-20261007,all12,intern-decision-4b,Intern-Decision,W4A4,expanded-20261007-v3,intern-decision-4b,s1q-local,S1Qv1,trec,TREC,standard_dataset,upstream_dataset_gold,121,121,0.1652892561983471,16.528925619834713,16.53,False,False,0.355014091107638,35.501409110763795,35.50,False,False
expanded-v3-w4a4-22source-20261007,all12,intern-decision-4b,Intern-Decision,W4A4,expanded-20261007-v3,intern-decision-4b,s1q-local,S1Qv1,tweet-offensive,TweetEval Offensive,standard_dataset,upstream_dataset_gold,128,128,0.5625,56.25,56.25,False,False,0.355014091107638,35.501409110763795,35.50,False,False
expanded-v3-w4a4-22source-20261007,all12,intern-decision-4b,Intern-Decision,W4A4,expanded-20261007-v3,intern-decision-4b,s1q-local,S1Qv1,wanli,WANLI,standard_dataset,upstream_dataset_gold,256,256,0.34765625,34.765625,34.77,False,False,0.355014091107638,35.501409110763795,35.50,False,False
expanded-v3-w4a4-22source-20261007,all12,intern-decision-4b,Intern-Decision,W4A4,expanded-20261007-v3,intern-decision-4b,s1q-local,S1Qv1,wildjailbreak,WildJailBreak harmful/benign classification,domain_decision_suite,native_annotation,128,128,0.5625,56.25,56.25,False,False,0.355014091107638,35.501409110763795,35.50,False,False
expanded-v3-w4a4-22source-20261007,all12,intern-decision-4b,Intern-Decision,W4A4,expanded-20261007-v3,intern-decision-4b,s1q-local,S1Qv1,yelp,Yelp,standard_dataset,upstream_dataset_gold,132,66,0.3484848484848485,34.84848484848485,34.85,False,False,0.355014091107638,35.501409110763795,35.50,False,False
expanded-v3-w4a4-22source-20261007,all12,intern-decision-4b,Intern-Decision,W4A4,expanded-20261007-v3,intern-decision-4b,s1q2-beta05,S1Qv2,agnews,AG News,standard_dataset,upstream_dataset_gold,360,120,0.46111111111111114,46.111111111111114,46.11,False,False,0.3468863714007991,34.68863714007991,34.69,False,False
expanded-v3-w4a4-22source-20261007,all12,intern-decision-4b,Intern-Decision,W4A4,expanded-20261007-v3,intern-decision-4b,s1q2-beta05,S1Qv2,amazon,Amazon Reviews,standard_dataset,upstream_dataset_gold,128,128,0.1953125,19.53125,19.53,False,False,0.3468863714007991,34.68863714007991,34.69,False,False
expanded-v3-w4a4-22source-20261007,all12,intern-decision-4b,Intern-Decision,W4A4,expanded-20261007-v3,intern-decision-4b,s1q2-beta05,S1Qv2,arc,ARC,standard_dataset,upstream_dataset_gold,128,128,0.1953125,19.53125,19.53,False,False,0.3468863714007991,34.68863714007991,34.69,False,False
expanded-v3-w4a4-22source-20261007,all12,intern-decision-4b,Intern-Decision,W4A4,expanded-20261007-v3,intern-decision-4b,s1q2-beta05,S1Qv2,boolq,BoolQ,standard_dataset,upstream_dataset_gold,120,120,0.5083333333333333,50.83333333333333,50.83,False,False,0.3468863714007991,34.68863714007991,34.69,False,False
expanded-v3-w4a4-22source-20261007,all12,intern-decision-4b,Intern-Decision,W4A4,expanded-20261007-v3,intern-decision-4b,s1q2-beta05,S1Qv2,csqa,CommonsenseQA,standard_dataset,upstream_dataset_gold,128,128,0.25,25.0,25.00,False,False,0.3468863714007991,34.68863714007991,34.69,False,False
expanded-v3-w4a4-22source-20261007,all12,intern-decision-4b,Intern-Decision,W4A4,expanded-20261007-v3,intern-decision-4b,s1q2-beta05,S1Qv2,emotion,Emotion,standard_dataset,upstream_dataset_gold,120,120,0.26666666666666666,26.666666666666668,26.67,False,False,0.3468863714007991,34.68863714007991,34.69,False,False
expanded-v3-w4a4-22source-20261007,all12,intern-decision-4b,Intern-Decision,W4A4,expanded-20261007-v3,intern-decision-4b,s1q2-beta05,S1Qv2,imdb,IMDb,standard_dataset,upstream_dataset_gold,53,53,0.37735849056603776,37.735849056603776,37.74,False,False,0.3468863714007991,34.68863714007991,34.69,False,False
expanded-v3-w4a4-22source-20261007,all12,intern-decision-4b,Intern-Decision,W4A4,expanded-20261007-v3,intern-decision-4b,s1q2-beta05,S1Qv2,jevbench,JevBench new eligible public tasks,authored_scenario_suite,authored_scenario_gold,48,48,0.3125,31.25,31.25,False,False,0.3468863714007991,34.68863714007991,34.69,False,False
expanded-v3-w4a4-22source-20261007,all12,intern-decision-4b,Intern-Decision,W4A4,expanded-20261007-v3,intern-decision-4b,s1q2-beta05,S1Qv2,mmlu,MMLU,standard_dataset,upstream_dataset_gold,99,99,0.23232323232323232,23.232323232323232,23.23,False,False,0.3468863714007991,34.68863714007991,34.69,False,False
expanded-v3-w4a4-22source-20261007,all12,intern-decision-4b,Intern-Decision,W4A4,expanded-20261007-v3,intern-decision-4b,s1q2-beta05,S1Qv2,mnli,MNLI,standard_dataset,upstream_dataset_gold,122,122,0.3770491803278688,37.704918032786885,37.70,False,False,0.3468863714007991,34.68863714007991,34.69,False,False
expanded-v3-w4a4-22source-20261007,all12,intern-decision-4b,Intern-Decision,W4A4,expanded-20261007-v3,intern-decision-4b,s1q2-beta05,S1Qv2,openbookqa,OpenBookQA,standard_dataset,upstream_dataset_gold,128,128,0.3046875,30.46875,30.47,False,False,0.3468863714007991,34.68863714007991,34.69,False,False
expanded-v3-w4a4-22source-20261007,all12,intern-decision-4b,Intern-Decision,W4A4,expanded-20261007-v3,intern-decision-4b,s1q2-beta05,S1Qv2,paws,PAWS,standard_dataset,upstream_dataset_gold,128,128,0.5,50.0,50.00,False,False,0.3468863714007991,34.68863714007991,34.69,False,False
expanded-v3-w4a4-22source-20261007,all12,intern-decision-4b,Intern-Decision,W4A4,expanded-20261007-v3,intern-decision-4b,s1q2-beta05,S1Qv2,qnli,QNLI,standard_dataset,upstream_dataset_gold,128,128,0.5078125,50.78125,50.78,False,False,0.3468863714007991,34.68863714007991,34.69,False,False
expanded-v3-w4a4-22source-20261007,all12,intern-decision-4b,Intern-Decision,W4A4,expanded-20261007-v3,intern-decision-4b,s1q2-beta05,S1Qv2,sciq,SciQ,standard_dataset,upstream_dataset_gold,92,92,0.32608695652173914,32.608695652173914,32.61,False,False,0.3468863714007991,34.68863714007991,34.69,False,False
expanded-v3-w4a4-22source-20261007,all12,intern-decision-4b,Intern-Decision,W4A4,expanded-20261007-v3,intern-decision-4b,s1q2-beta05,S1Qv2,semif,SemIf authored,authored_rule_suite,authored_scenario_gold,128,32,0.3515625,35.15625,35.16,False,False,0.3468863714007991,34.68863714007991,34.69,False,False
expanded-v3-w4a4-22source-20261007,all12,intern-decision-4b,Intern-Decision,W4A4,expanded-20261007-v3,intern-decision-4b,s1q2-beta05,S1Qv2,sst5,SST-5,standard_dataset,upstream_dataset_gold,128,128,0.203125,20.3125,20.31,False,False,0.3468863714007991,34.68863714007991,34.69,False,False
expanded-v3-w4a4-22source-20261007,all12,intern-decision-4b,Intern-Decision,W4A4,expanded-20261007-v3,intern-decision-4b,s1q2-beta05,S1Qv2,toolace,ToolACE tool-choice classification,domain_decision_suite,native_annotation,68,68,0.5294117647058824,52.94117647058824,52.94,False,False,0.3468863714007991,34.68863714007991,34.69,False,False
expanded-v3-w4a4-22source-20261007,all12,intern-decision-4b,Intern-Decision,W4A4,expanded-20261007-v3,intern-decision-4b,s1q2-beta05,S1Qv2,trec,TREC,standard_dataset,upstream_dataset_gold,121,121,0.1322314049586777,13.223140495867769,13.22,False,False,0.3468863714007991,34.68863714007991,34.69,False,False
expanded-v3-w4a4-22source-20261007,all12,intern-decision-4b,Intern-Decision,W4A4,expanded-20261007-v3,intern-decision-4b,s1q2-beta05,S1Qv2,tweet-offensive,TweetEval Offensive,standard_dataset,upstream_dataset_gold,128,128,0.515625,51.5625,51.56,False,False,0.3468863714007991,34.68863714007991,34.69,False,False
expanded-v3-w4a4-22source-20261007,all12,intern-decision-4b,Intern-Decision,W4A4,expanded-20261007-v3,intern-decision-4b,s1q2-beta05,S1Qv2,wanli,WANLI,standard_dataset,upstream_dataset_gold,256,256,0.3125,31.25,31.25,False,False,0.3468863714007991,34.68863714007991,34.69,False,False
expanded-v3-w4a4-22source-20261007,all12,intern-decision-4b,Intern-Decision,W4A4,expanded-20261007-v3,intern-decision-4b,s1q2-beta05,S1Qv2,wildjailbreak,WildJailBreak harmful/benign classification,domain_decision_suite,native_annotation,128,128,0.4921875,49.21875,49.22,False,False,0.3468863714007991,34.68863714007991,34.69,False,False
expanded-v3-w4a4-22source-20261007,all12,intern-decision-4b,Intern-Decision,W4A4,expanded-20261007-v3,intern-decision-4b,s1q2-beta05,S1Qv2,yelp,Yelp,standard_dataset,upstream_dataset_gold,132,66,0.2803030303030303,28.030303030303028,28.03,False,False,0.3468863714007991,34.68863714007991,34.69,False,False
expanded-v3-w4a4-22source-20261007,all12,intern-decision-4b,Intern-Decision,W4A4,expanded-20261007-v3,intern-decision-4b,smoothquant-adapted,SmoothQuant*,agnews,AG News,standard_dataset,upstream_dataset_gold,360,120,0.4361111111111111,43.611111111111114,43.61,False,False,0.33690676928287716,33.690676928287715,33.69,False,False
expanded-v3-w4a4-22source-20261007,all12,intern-decision-4b,Intern-Decision,W4A4,expanded-20261007-v3,intern-decision-4b,smoothquant-adapted,SmoothQuant*,amazon,Amazon Reviews,standard_dataset,upstream_dataset_gold,128,128,0.171875,17.1875,17.19,False,False,0.33690676928287716,33.690676928287715,33.69,False,False
expanded-v3-w4a4-22source-20261007,all12,intern-decision-4b,Intern-Decision,W4A4,expanded-20261007-v3,intern-decision-4b,smoothquant-adapted,SmoothQuant*,arc,ARC,standard_dataset,upstream_dataset_gold,128,128,0.2265625,22.65625,22.66,False,False,0.33690676928287716,33.690676928287715,33.69,False,False
expanded-v3-w4a4-22source-20261007,all12,intern-decision-4b,Intern-Decision,W4A4,expanded-20261007-v3,intern-decision-4b,smoothquant-adapted,SmoothQuant*,boolq,BoolQ,standard_dataset,upstream_dataset_gold,120,120,0.43333333333333335,43.333333333333336,43.33,False,False,0.33690676928287716,33.690676928287715,33.69,False,False
expanded-v3-w4a4-22source-20261007,all12,intern-decision-4b,Intern-Decision,W4A4,expanded-20261007-v3,intern-decision-4b,smoothquant-adapted,SmoothQuant*,csqa,CommonsenseQA,standard_dataset,upstream_dataset_gold,128,128,0.25,25.0,25.00,False,False,0.33690676928287716,33.690676928287715,33.69,False,False
expanded-v3-w4a4-22source-20261007,all12,intern-decision-4b,Intern-Decision,W4A4,expanded-20261007-v3,intern-decision-4b,smoothquant-adapted,SmoothQuant*,emotion,Emotion,standard_dataset,upstream_dataset_gold,120,120,0.24166666666666667,24.166666666666668,24.17,False,False,0.33690676928287716,33.690676928287715,33.69,False,False
expanded-v3-w4a4-22source-20261007,all12,intern-decision-4b,Intern-Decision,W4A4,expanded-20261007-v3,intern-decision-4b,smoothquant-adapted,SmoothQuant*,imdb,IMDb,standard_dataset,upstream_dataset_gold,53,53,0.4528301886792453,45.28301886792453,45.28,False,False,0.33690676928287716,33.690676928287715,33.69,False,False
expanded-v3-w4a4-22source-20261007,all12,intern-decision-4b,Intern-Decision,W4A4,expanded-20261007-v3,intern-decision-4b,smoothquant-adapted,SmoothQuant*,jevbench,JevBench new eligible public tasks,authored_scenario_suite,authored_scenario_gold,48,48,0.2708333333333333,27.083333333333332,27.08,False,False,0.33690676928287716,33.690676928287715,33.69,False,False
expanded-v3-w4a4-22source-20261007,all12,intern-decision-4b,Intern-Decision,W4A4,expanded-20261007-v3,intern-decision-4b,smoothquant-adapted,SmoothQuant*,mmlu,MMLU,standard_dataset,upstream_dataset_gold,99,99,0.29292929292929293,29.292929292929294,29.29,False,False,0.33690676928287716,33.690676928287715,33.69,False,False
expanded-v3-w4a4-22source-20261007,all12,intern-decision-4b,Intern-Decision,W4A4,expanded-20261007-v3,intern-decision-4b,smoothquant-adapted,SmoothQuant*,mnli,MNLI,standard_dataset,upstream_dataset_gold,122,122,0.28688524590163933,28.688524590163933,28.69,False,False,0.33690676928287716,33.690676928287715,33.69,False,False
expanded-v3-w4a4-22source-20261007,all12,intern-decision-4b,Intern-Decision,W4A4,expanded-20261007-v3,intern-decision-4b,smoothquant-adapted,SmoothQuant*,openbookqa,OpenBookQA,standard_dataset,upstream_dataset_gold,128,128,0.2890625,28.90625,28.91,False,False,0.33690676928287716,33.690676928287715,33.69,False,False
expanded-v3-w4a4-22source-20261007,all12,intern-decision-4b,Intern-Decision,W4A4,expanded-20261007-v3,intern-decision-4b,smoothquant-adapted,SmoothQuant*,paws,PAWS,standard_dataset,upstream_dataset_gold,128,128,0.4765625,47.65625,47.66,False,False,0.33690676928287716,33.690676928287715,33.69,False,False
expanded-v3-w4a4-22source-20261007,all12,intern-decision-4b,Intern-Decision,W4A4,expanded-20261007-v3,intern-decision-4b,smoothquant-adapted,SmoothQuant*,qnli,QNLI,standard_dataset,upstream_dataset_gold,128,128,0.484375,48.4375,48.44,False,False,0.33690676928287716,33.690676928287715,33.69,False,False
expanded-v3-w4a4-22source-20261007,all12,intern-decision-4b,Intern-Decision,W4A4,expanded-20261007-v3,intern-decision-4b,smoothquant-adapted,SmoothQuant*,sciq,SciQ,standard_dataset,upstream_dataset_gold,92,92,0.25,25.0,25.00,False,False,0.33690676928287716,33.690676928287715,33.69,False,False
expanded-v3-w4a4-22source-20261007,all12,intern-decision-4b,Intern-Decision,W4A4,expanded-20261007-v3,intern-decision-4b,smoothquant-adapted,SmoothQuant*,semif,SemIf authored,authored_rule_suite,authored_scenario_gold,128,32,0.2890625,28.90625,28.91,False,False,0.33690676928287716,33.690676928287715,33.69,False,False
expanded-v3-w4a4-22source-20261007,all12,intern-decision-4b,Intern-Decision,W4A4,expanded-20261007-v3,intern-decision-4b,smoothquant-adapted,SmoothQuant*,sst5,SST-5,standard_dataset,upstream_dataset_gold,128,128,0.1796875,17.96875,17.97,False,False,0.33690676928287716,33.690676928287715,33.69,False,False
expanded-v3-w4a4-22source-20261007,all12,intern-decision-4b,Intern-Decision,W4A4,expanded-20261007-v3,intern-decision-4b,smoothquant-adapted,SmoothQuant*,toolace,ToolACE tool-choice classification,domain_decision_suite,native_annotation,68,68,0.4411764705882353,44.11764705882353,44.12,False,False,0.33690676928287716,33.690676928287715,33.69,False,False
expanded-v3-w4a4-22source-20261007,all12,intern-decision-4b,Intern-Decision,W4A4,expanded-20261007-v3,intern-decision-4b,smoothquant-adapted,SmoothQuant*,trec,TREC,standard_dataset,upstream_dataset_gold,121,121,0.10743801652892562,10.743801652892563,10.74,False,False,0.33690676928287716,33.690676928287715,33.69,False,False
expanded-v3-w4a4-22source-20261007,all12,intern-decision-4b,Intern-Decision,W4A4,expanded-20261007-v3,intern-decision-4b,smoothquant-adapted,SmoothQuant*,tweet-offensive,TweetEval Offensive,standard_dataset,upstream_dataset_gold,128,128,0.640625,64.0625,64.06,False,False,0.33690676928287716,33.690676928287715,33.69,False,False
expanded-v3-w4a4-22source-20261007,all12,intern-decision-4b,Intern-Decision,W4A4,expanded-20261007-v3,intern-decision-4b,smoothquant-adapted,SmoothQuant*,wanli,WANLI,standard_dataset,upstream_dataset_gold,256,256,0.30859375,30.859375,30.86,False,False,0.33690676928287716,33.690676928287715,33.69,False,False
expanded-v3-w4a4-22source-20261007,all12,intern-decision-4b,Intern-Decision,W4A4,expanded-20261007-v3,intern-decision-4b,smoothquant-adapted,SmoothQuant*,wildjailbreak,WildJailBreak harmful/benign classification,domain_decision_suite,native_annotation,128,128,0.6171875,61.71875,61.72,False,False,0.33690676928287716,33.690676928287715,33.69,False,False
expanded-v3-w4a4-22source-20261007,all12,intern-decision-4b,Intern-Decision,W4A4,expanded-20261007-v3,intern-decision-4b,smoothquant-adapted,SmoothQuant*,yelp,Yelp,standard_dataset,upstream_dataset_gold,132,66,0.26515151515151514,26.515151515151516,26.52,False,False,0.33690676928287716,33.690676928287715,33.69,False,False
expanded-v3-w4a4-22source-20261007,all12,intern-decision-4b,Intern-Decision,W4A4,expanded-20261007-v3,intern-decision-4b,awq-adapted,AWQ*,agnews,AG News,standard_dataset,upstream_dataset_gold,360,120,0.49166666666666664,49.166666666666664,49.17,False,False,0.3502239708885127,35.02239708885127,35.02,False,False
expanded-v3-w4a4-22source-20261007,all12,intern-decision-4b,Intern-Decision,W4A4,expanded-20261007-v3,intern-decision-4b,awq-adapted,AWQ*,amazon,Amazon Reviews,standard_dataset,upstream_dataset_gold,128,128,0.1484375,14.84375,14.84,False,False,0.3502239708885127,35.02239708885127,35.02,False,False
expanded-v3-w4a4-22source-20261007,all12,intern-decision-4b,Intern-Decision,W4A4,expanded-20261007-v3,intern-decision-4b,awq-adapted,AWQ*,arc,ARC,standard_dataset,upstream_dataset_gold,128,128,0.21875,21.875,21.88,False,False,0.3502239708885127,35.02239708885127,35.02,False,False
expanded-v3-w4a4-22source-20261007,all12,intern-decision-4b,Intern-Decision,W4A4,expanded-20261007-v3,intern-decision-4b,awq-adapted,AWQ*,boolq,BoolQ,standard_dataset,upstream_dataset_gold,120,120,0.5,50.0,50.00,False,False,0.3502239708885127,35.02239708885127,35.02,False,False
expanded-v3-w4a4-22source-20261007,all12,intern-decision-4b,Intern-Decision,W4A4,expanded-20261007-v3,intern-decision-4b,awq-adapted,AWQ*,csqa,CommonsenseQA,standard_dataset,upstream_dataset_gold,128,128,0.234375,23.4375,23.44,False,False,0.3502239708885127,35.02239708885127,35.02,False,False
expanded-v3-w4a4-22source-20261007,all12,intern-decision-4b,Intern-Decision,W4A4,expanded-20261007-v3,intern-decision-4b,awq-adapted,AWQ*,emotion,Emotion,standard_dataset,upstream_dataset_gold,120,120,0.3333333333333333,33.33333333333333,33.33,False,False,0.3502239708885127,35.02239708885127,35.02,False,False
expanded-v3-w4a4-22source-20261007,all12,intern-decision-4b,Intern-Decision,W4A4,expanded-20261007-v3,intern-decision-4b,awq-adapted,AWQ*,imdb,IMDb,standard_dataset,upstream_dataset_gold,53,53,0.6037735849056604,60.37735849056604,60.38,False,False,0.3502239708885127,35.02239708885127,35.02,False,False
expanded-v3-w4a4-22source-20261007,all12,intern-decision-4b,Intern-Decision,W4A4,expanded-20261007-v3,intern-decision-4b,awq-adapted,AWQ*,jevbench,JevBench new eligible public tasks,authored_scenario_suite,authored_scenario_gold,48,48,0.2708333333333333,27.083333333333332,27.08,False,False,0.3502239708885127,35.02239708885127,35.02,False,False
expanded-v3-w4a4-22source-20261007,all12,intern-decision-4b,Intern-Decision,W4A4,expanded-20261007-v3,intern-decision-4b,awq-adapted,AWQ*,mmlu,MMLU,standard_dataset,upstream_dataset_gold,99,99,0.30303030303030304,30.303030303030305,30.30,True,True,0.3502239708885127,35.02239708885127,35.02,False,False
expanded-v3-w4a4-22source-20261007,all12,intern-decision-4b,Intern-Decision,W4A4,expanded-20261007-v3,intern-decision-4b,awq-adapted,AWQ*,mnli,MNLI,standard_dataset,upstream_dataset_gold,122,122,0.29508196721311475,29.508196721311474,29.51,False,False,0.3502239708885127,35.02239708885127,35.02,False,False
expanded-v3-w4a4-22source-20261007,all12,intern-decision-4b,Intern-Decision,W4A4,expanded-20261007-v3,intern-decision-4b,awq-adapted,AWQ*,openbookqa,OpenBookQA,standard_dataset,upstream_dataset_gold,128,128,0.3046875,30.46875,30.47,False,False,0.3502239708885127,35.02239708885127,35.02,False,False
expanded-v3-w4a4-22source-20261007,all12,intern-decision-4b,Intern-Decision,W4A4,expanded-20261007-v3,intern-decision-4b,awq-adapted,AWQ*,paws,PAWS,standard_dataset,upstream_dataset_gold,128,128,0.53125,53.125,53.12,False,False,0.3502239708885127,35.02239708885127,35.02,False,False
expanded-v3-w4a4-22source-20261007,all12,intern-decision-4b,Intern-Decision,W4A4,expanded-20261007-v3,intern-decision-4b,awq-adapted,AWQ*,qnli,QNLI,standard_dataset,upstream_dataset_gold,128,128,0.3984375,39.84375,39.84,False,False,0.3502239708885127,35.02239708885127,35.02,False,False
expanded-v3-w4a4-22source-20261007,all12,intern-decision-4b,Intern-Decision,W4A4,expanded-20261007-v3,intern-decision-4b,awq-adapted,AWQ*,sciq,SciQ,standard_dataset,upstream_dataset_gold,92,92,0.40217391304347827,40.21739130434783,40.22,False,False,0.3502239708885127,35.02239708885127,35.02,False,False
expanded-v3-w4a4-22source-20261007,all12,intern-decision-4b,Intern-Decision,W4A4,expanded-20261007-v3,intern-decision-4b,awq-adapted,AWQ*,semif,SemIf authored,authored_rule_suite,authored_scenario_gold,128,32,0.421875,42.1875,42.19,False,False,0.3502239708885127,35.02239708885127,35.02,False,False
expanded-v3-w4a4-22source-20261007,all12,intern-decision-4b,Intern-Decision,W4A4,expanded-20261007-v3,intern-decision-4b,awq-adapted,AWQ*,sst5,SST-5,standard_dataset,upstream_dataset_gold,128,128,0.1640625,16.40625,16.41,False,False,0.3502239708885127,35.02239708885127,35.02,False,False
expanded-v3-w4a4-22source-20261007,all12,intern-decision-4b,Intern-Decision,W4A4,expanded-20261007-v3,intern-decision-4b,awq-adapted,AWQ*,toolace,ToolACE tool-choice classification,domain_decision_suite,native_annotation,68,68,0.47058823529411764,47.05882352941176,47.06,False,False,0.3502239708885127,35.02239708885127,35.02,False,False
expanded-v3-w4a4-22source-20261007,all12,intern-decision-4b,Intern-Decision,W4A4,expanded-20261007-v3,intern-decision-4b,awq-adapted,AWQ*,trec,TREC,standard_dataset,upstream_dataset_gold,121,121,0.18181818181818182,18.181818181818183,18.18,False,False,0.3502239708885127,35.02239708885127,35.02,False,False
expanded-v3-w4a4-22source-20261007,all12,intern-decision-4b,Intern-Decision,W4A4,expanded-20261007-v3,intern-decision-4b,awq-adapted,AWQ*,tweet-offensive,TweetEval Offensive,standard_dataset,upstream_dataset_gold,128,128,0.46875,46.875,46.88,False,False,0.3502239708885127,35.02239708885127,35.02,False,False
expanded-v3-w4a4-22source-20261007,all12,intern-decision-4b,Intern-Decision,W4A4,expanded-20261007-v3,intern-decision-4b,awq-adapted,AWQ*,wanli,WANLI,standard_dataset,upstream_dataset_gold,256,256,0.30078125,30.078125,30.08,False,False,0.3502239708885127,35.02239708885127,35.02,False,False
expanded-v3-w4a4-22source-20261007,all12,intern-decision-4b,Intern-Decision,W4A4,expanded-20261007-v3,intern-decision-4b,awq-adapted,AWQ*,wildjailbreak,WildJailBreak harmful/benign classification,domain_decision_suite,native_annotation,128,128,0.3203125,32.03125,32.03,False,False,0.3502239708885127,35.02239708885127,35.02,False,False
expanded-v3-w4a4-22source-20261007,all12,intern-decision-4b,Intern-Decision,W4A4,expanded-20261007-v3,intern-decision-4b,awq-adapted,AWQ*,yelp,Yelp,standard_dataset,upstream_dataset_gold,132,66,0.3409090909090909,34.090909090909086,34.09,False,False,0.3502239708885127,35.02239708885127,35.02,False,False
expanded-v3-w4a4-22source-20261007,all12,intern-decision-4b,Intern-Decision,W4A4,expanded-20261007-v3,intern-decision-4b,gptq-blockdiag-adapted,GPTQ-block*,agnews,AG News,standard_dataset,upstream_dataset_gold,360,120,0.4722222222222222,47.22222222222222,47.22,False,False,0.3463773820219565,34.63773820219565,34.64,False,False
expanded-v3-w4a4-22source-20261007,all12,intern-decision-4b,Intern-Decision,W4A4,expanded-20261007-v3,intern-decision-4b,gptq-blockdiag-adapted,GPTQ-block*,amazon,Amazon Reviews,standard_dataset,upstream_dataset_gold,128,128,0.1796875,17.96875,17.97,False,False,0.3463773820219565,34.63773820219565,34.64,False,False
expanded-v3-w4a4-22source-20261007,all12,intern-decision-4b,Intern-Decision,W4A4,expanded-20261007-v3,intern-decision-4b,gptq-blockdiag-adapted,GPTQ-block*,arc,ARC,standard_dataset,upstream_dataset_gold,128,128,0.2421875,24.21875,24.22,False,False,0.3463773820219565,34.63773820219565,34.64,False,False
expanded-v3-w4a4-22source-20261007,all12,intern-decision-4b,Intern-Decision,W4A4,expanded-20261007-v3,intern-decision-4b,gptq-blockdiag-adapted,GPTQ-block*,boolq,BoolQ,standard_dataset,upstream_dataset_gold,120,120,0.45,45.0,45.00,False,False,0.3463773820219565,34.63773820219565,34.64,False,False
expanded-v3-w4a4-22source-20261007,all12,intern-decision-4b,Intern-Decision,W4A4,expanded-20261007-v3,intern-decision-4b,gptq-blockdiag-adapted,GPTQ-block*,csqa,CommonsenseQA,standard_dataset,upstream_dataset_gold,128,128,0.2265625,22.65625,22.66,False,False,0.3463773820219565,34.63773820219565,34.64,False,False
expanded-v3-w4a4-22source-20261007,all12,intern-decision-4b,Intern-Decision,W4A4,expanded-20261007-v3,intern-decision-4b,gptq-blockdiag-adapted,GPTQ-block*,emotion,Emotion,standard_dataset,upstream_dataset_gold,120,120,0.25,25.0,25.00,False,False,0.3463773820219565,34.63773820219565,34.64,False,False
expanded-v3-w4a4-22source-20261007,all12,intern-decision-4b,Intern-Decision,W4A4,expanded-20261007-v3,intern-decision-4b,gptq-blockdiag-adapted,GPTQ-block*,imdb,IMDb,standard_dataset,upstream_dataset_gold,53,53,0.37735849056603776,37.735849056603776,37.74,False,False,0.3463773820219565,34.63773820219565,34.64,False,False
expanded-v3-w4a4-22source-20261007,all12,intern-decision-4b,Intern-Decision,W4A4,expanded-20261007-v3,intern-decision-4b,gptq-blockdiag-adapted,GPTQ-block*,jevbench,JevBench new eligible public tasks,authored_scenario_suite,authored_scenario_gold,48,48,0.1875,18.75,18.75,False,False,0.3463773820219565,34.63773820219565,34.64,False,False
expanded-v3-w4a4-22source-20261007,all12,intern-decision-4b,Intern-Decision,W4A4,expanded-20261007-v3,intern-decision-4b,gptq-blockdiag-adapted,GPTQ-block*,mmlu,MMLU,standard_dataset,upstream_dataset_gold,99,99,0.2727272727272727,27.27272727272727,27.27,False,False,0.3463773820219565,34.63773820219565,34.64,False,False
expanded-v3-w4a4-22source-20261007,all12,intern-decision-4b,Intern-Decision,W4A4,expanded-20261007-v3,intern-decision-4b,gptq-blockdiag-adapted,GPTQ-block*,mnli,MNLI,standard_dataset,upstream_dataset_gold,122,122,0.32786885245901637,32.78688524590164,32.79,False,False,0.3463773820219565,34.63773820219565,34.64,False,False
expanded-v3-w4a4-22source-20261007,all12,intern-decision-4b,Intern-Decision,W4A4,expanded-20261007-v3,intern-decision-4b,gptq-blockdiag-adapted,GPTQ-block*,openbookqa,OpenBookQA,standard_dataset,upstream_dataset_gold,128,128,0.359375,35.9375,35.94,False,False,0.3463773820219565,34.63773820219565,34.64,False,False
expanded-v3-w4a4-22source-20261007,all12,intern-decision-4b,Intern-Decision,W4A4,expanded-20261007-v3,intern-decision-4b,gptq-blockdiag-adapted,GPTQ-block*,paws,PAWS,standard_dataset,upstream_dataset_gold,128,128,0.5390625,53.90625,53.91,True,True,0.3463773820219565,34.63773820219565,34.64,False,False
expanded-v3-w4a4-22source-20261007,all12,intern-decision-4b,Intern-Decision,W4A4,expanded-20261007-v3,intern-decision-4b,gptq-blockdiag-adapted,GPTQ-block*,qnli,QNLI,standard_dataset,upstream_dataset_gold,128,128,0.5,50.0,50.00,False,False,0.3463773820219565,34.63773820219565,34.64,False,False
expanded-v3-w4a4-22source-20261007,all12,intern-decision-4b,Intern-Decision,W4A4,expanded-20261007-v3,intern-decision-4b,gptq-blockdiag-adapted,GPTQ-block*,sciq,SciQ,standard_dataset,upstream_dataset_gold,92,92,0.20652173913043478,20.652173913043477,20.65,False,False,0.3463773820219565,34.63773820219565,34.64,False,False
expanded-v3-w4a4-22source-20261007,all12,intern-decision-4b,Intern-Decision,W4A4,expanded-20261007-v3,intern-decision-4b,gptq-blockdiag-adapted,GPTQ-block*,semif,SemIf authored,authored_rule_suite,authored_scenario_gold,128,32,0.328125,32.8125,32.81,False,False,0.3463773820219565,34.63773820219565,34.64,False,False
expanded-v3-w4a4-22source-20261007,all12,intern-decision-4b,Intern-Decision,W4A4,expanded-20261007-v3,intern-decision-4b,gptq-blockdiag-adapted,GPTQ-block*,sst5,SST-5,standard_dataset,upstream_dataset_gold,128,128,0.1171875,11.71875,11.72,False,False,0.3463773820219565,34.63773820219565,34.64,False,False
expanded-v3-w4a4-22source-20261007,all12,intern-decision-4b,Intern-Decision,W4A4,expanded-20261007-v3,intern-decision-4b,gptq-blockdiag-adapted,GPTQ-block*,toolace,ToolACE tool-choice classification,domain_decision_suite,native_annotation,68,68,0.5294117647058824,52.94117647058824,52.94,False,False,0.3463773820219565,34.63773820219565,34.64,False,False
expanded-v3-w4a4-22source-20261007,all12,intern-decision-4b,Intern-Decision,W4A4,expanded-20261007-v3,intern-decision-4b,gptq-blockdiag-adapted,GPTQ-block*,trec,TREC,standard_dataset,upstream_dataset_gold,121,121,0.11570247933884298,11.570247933884298,11.57,False,False,0.3463773820219565,34.63773820219565,34.64,False,False
expanded-v3-w4a4-22source-20261007,all12,intern-decision-4b,Intern-Decision,W4A4,expanded-20261007-v3,intern-decision-4b,gptq-blockdiag-adapted,GPTQ-block*,tweet-offensive,TweetEval Offensive,standard_dataset,upstream_dataset_gold,128,128,0.59375,59.375,59.38,False,False,0.3463773820219565,34.63773820219565,34.64,False,False
expanded-v3-w4a4-22source-20261007,all12,intern-decision-4b,Intern-Decision,W4A4,expanded-20261007-v3,intern-decision-4b,gptq-blockdiag-adapted,GPTQ-block*,wanli,WANLI,standard_dataset,upstream_dataset_gold,256,256,0.38671875,38.671875,38.67,False,False,0.3463773820219565,34.63773820219565,34.64,False,False
expanded-v3-w4a4-22source-20261007,all12,intern-decision-4b,Intern-Decision,W4A4,expanded-20261007-v3,intern-decision-4b,gptq-blockdiag-adapted,GPTQ-block*,wildjailbreak,WildJailBreak harmful/benign classification,domain_decision_suite,native_annotation,128,128,0.625,62.5,62.50,True,True,0.3463773820219565,34.63773820219565,34.64,False,False
expanded-v3-w4a4-22source-20261007,all12,intern-decision-4b,Intern-Decision,W4A4,expanded-20261007-v3,intern-decision-4b,gptq-blockdiag-adapted,GPTQ-block*,yelp,Yelp,standard_dataset,upstream_dataset_gold,132,66,0.3333333333333333,33.33333333333333,33.33,False,False,0.3463773820219565,34.63773820219565,34.64,False,False
expanded-v3-w4a4-22source-20261007,all12,intern-decision-4b,Intern-Decision,W4A4,expanded-20261007-v3,intern-decision-4b,spinquant-nohad-adapted,SpinQuant no-Had*,agnews,AG News,standard_dataset,upstream_dataset_gold,360,120,0.4166666666666667,41.66666666666667,41.67,False,False,0.3429740477319216,34.297404773192156,34.30,False,False
expanded-v3-w4a4-22source-20261007,all12,intern-decision-4b,Intern-Decision,W4A4,expanded-20261007-v3,intern-decision-4b,spinquant-nohad-adapted,SpinQuant no-Had*,amazon,Amazon Reviews,standard_dataset,upstream_dataset_gold,128,128,0.1953125,19.53125,19.53,False,False,0.3429740477319216,34.297404773192156,34.30,False,False
expanded-v3-w4a4-22source-20261007,all12,intern-decision-4b,Intern-Decision,W4A4,expanded-20261007-v3,intern-decision-4b,spinquant-nohad-adapted,SpinQuant no-Had*,arc,ARC,standard_dataset,upstream_dataset_gold,128,128,0.171875,17.1875,17.19,False,False,0.3429740477319216,34.297404773192156,34.30,False,False
expanded-v3-w4a4-22source-20261007,all12,intern-decision-4b,Intern-Decision,W4A4,expanded-20261007-v3,intern-decision-4b,spinquant-nohad-adapted,SpinQuant no-Had*,boolq,BoolQ,standard_dataset,upstream_dataset_gold,120,120,0.55,55.00000000000001,55.00,False,False,0.3429740477319216,34.297404773192156,34.30,False,False
expanded-v3-w4a4-22source-20261007,all12,intern-decision-4b,Intern-Decision,W4A4,expanded-20261007-v3,intern-decision-4b,spinquant-nohad-adapted,SpinQuant no-Had*,csqa,CommonsenseQA,standard_dataset,upstream_dataset_gold,128,128,0.203125,20.3125,20.31,False,False,0.3429740477319216,34.297404773192156,34.30,False,False
expanded-v3-w4a4-22source-20261007,all12,intern-decision-4b,Intern-Decision,W4A4,expanded-20261007-v3,intern-decision-4b,spinquant-nohad-adapted,SpinQuant no-Had*,emotion,Emotion,standard_dataset,upstream_dataset_gold,120,120,0.35,35.0,35.00,False,False,0.3429740477319216,34.297404773192156,34.30,False,False
expanded-v3-w4a4-22source-20261007,all12,intern-decision-4b,Intern-Decision,W4A4,expanded-20261007-v3,intern-decision-4b,spinquant-nohad-adapted,SpinQuant no-Had*,imdb,IMDb,standard_dataset,upstream_dataset_gold,53,53,0.4339622641509434,43.39622641509434,43.40,False,False,0.3429740477319216,34.297404773192156,34.30,False,False
expanded-v3-w4a4-22source-20261007,all12,intern-decision-4b,Intern-Decision,W4A4,expanded-20261007-v3,intern-decision-4b,spinquant-nohad-adapted,SpinQuant no-Had*,jevbench,JevBench new eligible public tasks,authored_scenario_suite,authored_scenario_gold,48,48,0.3125,31.25,31.25,False,False,0.3429740477319216,34.297404773192156,34.30,False,False
expanded-v3-w4a4-22source-20261007,all12,intern-decision-4b,Intern-Decision,W4A4,expanded-20261007-v3,intern-decision-4b,spinquant-nohad-adapted,SpinQuant no-Had*,mmlu,MMLU,standard_dataset,upstream_dataset_gold,99,99,0.2727272727272727,27.27272727272727,27.27,False,False,0.3429740477319216,34.297404773192156,34.30,False,False
expanded-v3-w4a4-22source-20261007,all12,intern-decision-4b,Intern-Decision,W4A4,expanded-20261007-v3,intern-decision-4b,spinquant-nohad-adapted,SpinQuant no-Had*,mnli,MNLI,standard_dataset,upstream_dataset_gold,122,122,0.4016393442622951,40.16393442622951,40.16,False,False,0.3429740477319216,34.297404773192156,34.30,False,False
expanded-v3-w4a4-22source-20261007,all12,intern-decision-4b,Intern-Decision,W4A4,expanded-20261007-v3,intern-decision-4b,spinquant-nohad-adapted,SpinQuant no-Had*,openbookqa,OpenBookQA,standard_dataset,upstream_dataset_gold,128,128,0.328125,32.8125,32.81,False,False,0.3429740477319216,34.297404773192156,34.30,False,False
expanded-v3-w4a4-22source-20261007,all12,intern-decision-4b,Intern-Decision,W4A4,expanded-20261007-v3,intern-decision-4b,spinquant-nohad-adapted,SpinQuant no-Had*,paws,PAWS,standard_dataset,upstream_dataset_gold,128,128,0.5390625,53.90625,53.91,True,True,0.3429740477319216,34.297404773192156,34.30,False,False
expanded-v3-w4a4-22source-20261007,all12,intern-decision-4b,Intern-Decision,W4A4,expanded-20261007-v3,intern-decision-4b,spinquant-nohad-adapted,SpinQuant no-Had*,qnli,QNLI,standard_dataset,upstream_dataset_gold,128,128,0.515625,51.5625,51.56,False,False,0.3429740477319216,34.297404773192156,34.30,False,False
expanded-v3-w4a4-22source-20261007,all12,intern-decision-4b,Intern-Decision,W4A4,expanded-20261007-v3,intern-decision-4b,spinquant-nohad-adapted,SpinQuant no-Had*,sciq,SciQ,standard_dataset,upstream_dataset_gold,92,92,0.2717391304347826,27.173913043478258,27.17,False,False,0.3429740477319216,34.297404773192156,34.30,False,False
expanded-v3-w4a4-22source-20261007,all12,intern-decision-4b,Intern-Decision,W4A4,expanded-20261007-v3,intern-decision-4b,spinquant-nohad-adapted,SpinQuant no-Had*,semif,SemIf authored,authored_rule_suite,authored_scenario_gold,128,32,0.34375,34.375,34.38,False,False,0.3429740477319216,34.297404773192156,34.30,False,False
expanded-v3-w4a4-22source-20261007,all12,intern-decision-4b,Intern-Decision,W4A4,expanded-20261007-v3,intern-decision-4b,spinquant-nohad-adapted,SpinQuant no-Had*,sst5,SST-5,standard_dataset,upstream_dataset_gold,128,128,0.171875,17.1875,17.19,False,False,0.3429740477319216,34.297404773192156,34.30,False,False
expanded-v3-w4a4-22source-20261007,all12,intern-decision-4b,Intern-Decision,W4A4,expanded-20261007-v3,intern-decision-4b,spinquant-nohad-adapted,SpinQuant no-Had*,toolace,ToolACE tool-choice classification,domain_decision_suite,native_annotation,68,68,0.4117647058823529,41.17647058823529,41.18,False,False,0.3429740477319216,34.297404773192156,34.30,False,False
expanded-v3-w4a4-22source-20261007,all12,intern-decision-4b,Intern-Decision,W4A4,expanded-20261007-v3,intern-decision-4b,spinquant-nohad-adapted,SpinQuant no-Had*,trec,TREC,standard_dataset,upstream_dataset_gold,121,121,0.08264462809917356,8.264462809917356,8.26,False,False,0.3429740477319216,34.297404773192156,34.30,False,False
expanded-v3-w4a4-22source-20261007,all12,intern-decision-4b,Intern-Decision,W4A4,expanded-20261007-v3,intern-decision-4b,spinquant-nohad-adapted,SpinQuant no-Had*,tweet-offensive,TweetEval Offensive,standard_dataset,upstream_dataset_gold,128,128,0.5,50.0,50.00,False,False,0.3429740477319216,34.297404773192156,34.30,False,False
expanded-v3-w4a4-22source-20261007,all12,intern-decision-4b,Intern-Decision,W4A4,expanded-20261007-v3,intern-decision-4b,spinquant-nohad-adapted,SpinQuant no-Had*,wanli,WANLI,standard_dataset,upstream_dataset_gold,256,256,0.34765625,34.765625,34.77,False,False,0.3429740477319216,34.297404773192156,34.30,False,False
expanded-v3-w4a4-22source-20261007,all12,intern-decision-4b,Intern-Decision,W4A4,expanded-20261007-v3,intern-decision-4b,spinquant-nohad-adapted,SpinQuant no-Had*,wildjailbreak,WildJailBreak harmful/benign classification,domain_decision_suite,native_annotation,128,128,0.4375,43.75,43.75,False,False,0.3429740477319216,34.297404773192156,34.30,False,False
expanded-v3-w4a4-22source-20261007,all12,intern-decision-4b,Intern-Decision,W4A4,expanded-20261007-v3,intern-decision-4b,spinquant-nohad-adapted,SpinQuant no-Had*,yelp,Yelp,standard_dataset,upstream_dataset_gold,132,66,0.2878787878787879,28.78787878787879,28.79,False,False,0.3429740477319216,34.297404773192156,34.30,False,False
expanded-v3-w4a4-22source-20261007,all12,intern-decision-4b,Intern-Decision,W4A4,expanded-20261007-v3,intern-decision-4b,spinquant-had-adapted,SpinQuant Had*,agnews,AG News,standard_dataset,upstream_dataset_gold,360,120,0.4861111111111111,48.61111111111111,48.61,False,False,0.3627949849543764,36.27949849543764,36.28,False,False
expanded-v3-w4a4-22source-20261007,all12,intern-decision-4b,Intern-Decision,W4A4,expanded-20261007-v3,intern-decision-4b,spinquant-had-adapted,SpinQuant Had*,amazon,Amazon Reviews,standard_dataset,upstream_dataset_gold,128,128,0.2421875,24.21875,24.22,False,False,0.3627949849543764,36.27949849543764,36.28,False,False
expanded-v3-w4a4-22source-20261007,all12,intern-decision-4b,Intern-Decision,W4A4,expanded-20261007-v3,intern-decision-4b,spinquant-had-adapted,SpinQuant Had*,arc,ARC,standard_dataset,upstream_dataset_gold,128,128,0.203125,20.3125,20.31,False,False,0.3627949849543764,36.27949849543764,36.28,False,False
expanded-v3-w4a4-22source-20261007,all12,intern-decision-4b,Intern-Decision,W4A4,expanded-20261007-v3,intern-decision-4b,spinquant-had-adapted,SpinQuant Had*,boolq,BoolQ,standard_dataset,upstream_dataset_gold,120,120,0.5583333333333333,55.833333333333336,55.83,True,True,0.3627949849543764,36.27949849543764,36.28,False,False
expanded-v3-w4a4-22source-20261007,all12,intern-decision-4b,Intern-Decision,W4A4,expanded-20261007-v3,intern-decision-4b,spinquant-had-adapted,SpinQuant Had*,csqa,CommonsenseQA,standard_dataset,upstream_dataset_gold,128,128,0.1953125,19.53125,19.53,False,False,0.3627949849543764,36.27949849543764,36.28,False,False
expanded-v3-w4a4-22source-20261007,all12,intern-decision-4b,Intern-Decision,W4A4,expanded-20261007-v3,intern-decision-4b,spinquant-had-adapted,SpinQuant Had*,emotion,Emotion,standard_dataset,upstream_dataset_gold,120,120,0.2833333333333333,28.333333333333332,28.33,False,False,0.3627949849543764,36.27949849543764,36.28,False,False
expanded-v3-w4a4-22source-20261007,all12,intern-decision-4b,Intern-Decision,W4A4,expanded-20261007-v3,intern-decision-4b,spinquant-had-adapted,SpinQuant Had*,imdb,IMDb,standard_dataset,upstream_dataset_gold,53,53,0.5471698113207547,54.71698113207547,54.72,False,False,0.3627949849543764,36.27949849543764,36.28,False,False
expanded-v3-w4a4-22source-20261007,all12,intern-decision-4b,Intern-Decision,W4A4,expanded-20261007-v3,intern-decision-4b,spinquant-had-adapted,SpinQuant Had*,jevbench,JevBench new eligible public tasks,authored_scenario_suite,authored_scenario_gold,48,48,0.3541666666666667,35.41666666666667,35.42,False,False,0.3627949849543764,36.27949849543764,36.28,False,False
expanded-v3-w4a4-22source-20261007,all12,intern-decision-4b,Intern-Decision,W4A4,expanded-20261007-v3,intern-decision-4b,spinquant-had-adapted,SpinQuant Had*,mmlu,MMLU,standard_dataset,upstream_dataset_gold,99,99,0.24242424242424243,24.242424242424242,24.24,False,False,0.3627949849543764,36.27949849543764,36.28,False,False
expanded-v3-w4a4-22source-20261007,all12,intern-decision-4b,Intern-Decision,W4A4,expanded-20261007-v3,intern-decision-4b,spinquant-had-adapted,SpinQuant Had*,mnli,MNLI,standard_dataset,upstream_dataset_gold,122,122,0.38524590163934425,38.52459016393443,38.52,False,False,0.3627949849543764,36.27949849543764,36.28,False,False
expanded-v3-w4a4-22source-20261007,all12,intern-decision-4b,Intern-Decision,W4A4,expanded-20261007-v3,intern-decision-4b,spinquant-had-adapted,SpinQuant Had*,openbookqa,OpenBookQA,standard_dataset,upstream_dataset_gold,128,128,0.328125,32.8125,32.81,False,False,0.3627949849543764,36.27949849543764,36.28,False,False
expanded-v3-w4a4-22source-20261007,all12,intern-decision-4b,Intern-Decision,W4A4,expanded-20261007-v3,intern-decision-4b,spinquant-had-adapted,SpinQuant Had*,paws,PAWS,standard_dataset,upstream_dataset_gold,128,128,0.515625,51.5625,51.56,False,False,0.3627949849543764,36.27949849543764,36.28,False,False
expanded-v3-w4a4-22source-20261007,all12,intern-decision-4b,Intern-Decision,W4A4,expanded-20261007-v3,intern-decision-4b,spinquant-had-adapted,SpinQuant Had*,qnli,QNLI,standard_dataset,upstream_dataset_gold,128,128,0.4375,43.75,43.75,False,False,0.3627949849543764,36.27949849543764,36.28,False,False
expanded-v3-w4a4-22source-20261007,all12,intern-decision-4b,Intern-Decision,W4A4,expanded-20261007-v3,intern-decision-4b,spinquant-had-adapted,SpinQuant Had*,sciq,SciQ,standard_dataset,upstream_dataset_gold,92,92,0.30434782608695654,30.434782608695656,30.43,False,False,0.3627949849543764,36.27949849543764,36.28,False,False
expanded-v3-w4a4-22source-20261007,all12,intern-decision-4b,Intern-Decision,W4A4,expanded-20261007-v3,intern-decision-4b,spinquant-had-adapted,SpinQuant Had*,semif,SemIf authored,authored_rule_suite,authored_scenario_gold,128,32,0.359375,35.9375,35.94,False,False,0.3627949849543764,36.27949849543764,36.28,False,False
expanded-v3-w4a4-22source-20261007,all12,intern-decision-4b,Intern-Decision,W4A4,expanded-20261007-v3,intern-decision-4b,spinquant-had-adapted,SpinQuant Had*,sst5,SST-5,standard_dataset,upstream_dataset_gold,128,128,0.1640625,16.40625,16.41,False,False,0.3627949849543764,36.27949849543764,36.28,False,False
expanded-v3-w4a4-22source-20261007,all12,intern-decision-4b,Intern-Decision,W4A4,expanded-20261007-v3,intern-decision-4b,spinquant-had-adapted,SpinQuant Had*,toolace,ToolACE tool-choice classification,domain_decision_suite,native_annotation,68,68,0.5294117647058824,52.94117647058824,52.94,False,False,0.3627949849543764,36.27949849543764,36.28,False,False
expanded-v3-w4a4-22source-20261007,all12,intern-decision-4b,Intern-Decision,W4A4,expanded-20261007-v3,intern-decision-4b,spinquant-had-adapted,SpinQuant Had*,trec,TREC,standard_dataset,upstream_dataset_gold,121,121,0.14049586776859505,14.049586776859504,14.05,False,False,0.3627949849543764,36.27949849543764,36.28,False,False
expanded-v3-w4a4-22source-20261007,all12,intern-decision-4b,Intern-Decision,W4A4,expanded-20261007-v3,intern-decision-4b,spinquant-had-adapted,SpinQuant Had*,tweet-offensive,TweetEval Offensive,standard_dataset,upstream_dataset_gold,128,128,0.5546875,55.46875,55.47,False,False,0.3627949849543764,36.27949849543764,36.28,False,False
expanded-v3-w4a4-22source-20261007,all12,intern-decision-4b,Intern-Decision,W4A4,expanded-20261007-v3,intern-decision-4b,spinquant-had-adapted,SpinQuant Had*,wanli,WANLI,standard_dataset,upstream_dataset_gold,256,256,0.30078125,30.078125,30.08,False,False,0.3627949849543764,36.27949849543764,36.28,False,False
expanded-v3-w4a4-22source-20261007,all12,intern-decision-4b,Intern-Decision,W4A4,expanded-20261007-v3,intern-decision-4b,spinquant-had-adapted,SpinQuant Had*,wildjailbreak,WildJailBreak harmful/benign classification,domain_decision_suite,native_annotation,128,128,0.5390625,53.90625,53.91,False,False,0.3627949849543764,36.27949849543764,36.28,False,False
expanded-v3-w4a4-22source-20261007,all12,intern-decision-4b,Intern-Decision,W4A4,expanded-20261007-v3,intern-decision-4b,spinquant-had-adapted,SpinQuant Had*,yelp,Yelp,standard_dataset,upstream_dataset_gold,132,66,0.3106060606060606,31.060606060606062,31.06,False,False,0.3627949849543764,36.27949849543764,36.28,False,False
expanded-v3-w4a4-22source-20261007,all12,intern-decision-4b,Intern-Decision,W4A4,expanded-20261007-v3,intern-decision-4b,s1q-joint,S1Q-Joint,agnews,AG News,standard_dataset,upstream_dataset_gold,360,120,0.6916666666666667,69.16666666666667,69.17,False,False,0.4633457673271807,46.33457673271807,46.33,False,False
expanded-v3-w4a4-22source-20261007,all12,intern-decision-4b,Intern-Decision,W4A4,expanded-20261007-v3,intern-decision-4b,s1q-joint,S1Q-Joint,amazon,Amazon Reviews,standard_dataset,upstream_dataset_gold,128,128,0.2734375,27.34375,27.34,False,False,0.4633457673271807,46.33457673271807,46.33,False,False
expanded-v3-w4a4-22source-20261007,all12,intern-decision-4b,Intern-Decision,W4A4,expanded-20261007-v3,intern-decision-4b,s1q-joint,S1Q-Joint,arc,ARC,standard_dataset,upstream_dataset_gold,128,128,0.3828125,38.28125,38.28,False,False,0.4633457673271807,46.33457673271807,46.33,False,False
expanded-v3-w4a4-22source-20261007,all12,intern-decision-4b,Intern-Decision,W4A4,expanded-20261007-v3,intern-decision-4b,s1q-joint,S1Q-Joint,boolq,BoolQ,standard_dataset,upstream_dataset_gold,120,120,0.44166666666666665,44.166666666666664,44.17,False,False,0.4633457673271807,46.33457673271807,46.33,False,False
expanded-v3-w4a4-22source-20261007,all12,intern-decision-4b,Intern-Decision,W4A4,expanded-20261007-v3,intern-decision-4b,s1q-joint,S1Q-Joint,csqa,CommonsenseQA,standard_dataset,upstream_dataset_gold,128,128,0.2734375,27.34375,27.34,False,False,0.4633457673271807,46.33457673271807,46.33,False,False
expanded-v3-w4a4-22source-20261007,all12,intern-decision-4b,Intern-Decision,W4A4,expanded-20261007-v3,intern-decision-4b,s1q-joint,S1Q-Joint,emotion,Emotion,standard_dataset,upstream_dataset_gold,120,120,0.3416666666666667,34.166666666666664,34.17,False,False,0.4633457673271807,46.33457673271807,46.33,False,False
expanded-v3-w4a4-22source-20261007,all12,intern-decision-4b,Intern-Decision,W4A4,expanded-20261007-v3,intern-decision-4b,s1q-joint,S1Q-Joint,imdb,IMDb,standard_dataset,upstream_dataset_gold,53,53,0.6037735849056604,60.37735849056604,60.38,False,False,0.4633457673271807,46.33457673271807,46.33,False,False
expanded-v3-w4a4-22source-20261007,all12,intern-decision-4b,Intern-Decision,W4A4,expanded-20261007-v3,intern-decision-4b,s1q-joint,S1Q-Joint,jevbench,JevBench new eligible public tasks,authored_scenario_suite,authored_scenario_gold,48,48,0.9166666666666666,91.66666666666666,91.67,False,False,0.4633457673271807,46.33457673271807,46.33,False,False
expanded-v3-w4a4-22source-20261007,all12,intern-decision-4b,Intern-Decision,W4A4,expanded-20261007-v3,intern-decision-4b,s1q-joint,S1Q-Joint,mmlu,MMLU,standard_dataset,upstream_dataset_gold,99,99,0.20202020202020202,20.2020202020202,20.20,False,False,0.4633457673271807,46.33457673271807,46.33,False,False
expanded-v3-w4a4-22source-20261007,all12,intern-decision-4b,Intern-Decision,W4A4,expanded-20261007-v3,intern-decision-4b,s1q-joint,S1Q-Joint,mnli,MNLI,standard_dataset,upstream_dataset_gold,122,122,0.36885245901639346,36.885245901639344,36.89,False,False,0.4633457673271807,46.33457673271807,46.33,False,False
expanded-v3-w4a4-22source-20261007,all12,intern-decision-4b,Intern-Decision,W4A4,expanded-20261007-v3,intern-decision-4b,s1q-joint,S1Q-Joint,openbookqa,OpenBookQA,standard_dataset,upstream_dataset_gold,128,128,0.2578125,25.78125,25.78,False,False,0.4633457673271807,46.33457673271807,46.33,False,False
expanded-v3-w4a4-22source-20261007,all12,intern-decision-4b,Intern-Decision,W4A4,expanded-20261007-v3,intern-decision-4b,s1q-joint,S1Q-Joint,paws,PAWS,standard_dataset,upstream_dataset_gold,128,128,0.5234375,52.34375,52.34,False,False,0.4633457673271807,46.33457673271807,46.33,False,False
expanded-v3-w4a4-22source-20261007,all12,intern-decision-4b,Intern-Decision,W4A4,expanded-20261007-v3,intern-decision-4b,s1q-joint,S1Q-Joint,qnli,QNLI,standard_dataset,upstream_dataset_gold,128,128,0.578125,57.8125,57.81,True,True,0.4633457673271807,46.33457673271807,46.33,False,False
expanded-v3-w4a4-22source-20261007,all12,intern-decision-4b,Intern-Decision,W4A4,expanded-20261007-v3,intern-decision-4b,s1q-joint,S1Q-Joint,sciq,SciQ,standard_dataset,upstream_dataset_gold,92,92,0.7717391304347826,77.17391304347827,77.17,False,False,0.4633457673271807,46.33457673271807,46.33,False,False
expanded-v3-w4a4-22source-20261007,all12,intern-decision-4b,Intern-Decision,W4A4,expanded-20261007-v3,intern-decision-4b,s1q-joint,S1Q-Joint,semif,SemIf authored,authored_rule_suite,authored_scenario_gold,128,32,0.5,50.0,50.00,False,False,0.4633457673271807,46.33457673271807,46.33,False,False
expanded-v3-w4a4-22source-20261007,all12,intern-decision-4b,Intern-Decision,W4A4,expanded-20261007-v3,intern-decision-4b,s1q-joint,S1Q-Joint,sst5,SST-5,standard_dataset,upstream_dataset_gold,128,128,0.3125,31.25,31.25,True,True,0.4633457673271807,46.33457673271807,46.33,False,False
expanded-v3-w4a4-22source-20261007,all12,intern-decision-4b,Intern-Decision,W4A4,expanded-20261007-v3,intern-decision-4b,s1q-joint,S1Q-Joint,toolace,ToolACE tool-choice classification,domain_decision_suite,native_annotation,68,68,0.75,75.0,75.00,False,False,0.4633457673271807,46.33457673271807,46.33,False,False
expanded-v3-w4a4-22source-20261007,all12,intern-decision-4b,Intern-Decision,W4A4,expanded-20261007-v3,intern-decision-4b,s1q-joint,S1Q-Joint,trec,TREC,standard_dataset,upstream_dataset_gold,121,121,0.4214876033057851,42.14876033057851,42.15,False,False,0.4633457673271807,46.33457673271807,46.33,False,False
expanded-v3-w4a4-22source-20261007,all12,intern-decision-4b,Intern-Decision,W4A4,expanded-20261007-v3,intern-decision-4b,s1q-joint,S1Q-Joint,tweet-offensive,TweetEval Offensive,standard_dataset,upstream_dataset_gold,128,128,0.40625,40.625,40.62,False,False,0.4633457673271807,46.33457673271807,46.33,False,False
expanded-v3-w4a4-22source-20261007,all12,intern-decision-4b,Intern-Decision,W4A4,expanded-20261007-v3,intern-decision-4b,s1q-joint,S1Q-Joint,wanli,WANLI,standard_dataset,upstream_dataset_gold,256,256,0.39453125,39.453125,39.45,False,False,0.4633457673271807,46.33457673271807,46.33,False,False
expanded-v3-w4a4-22source-20261007,all12,intern-decision-4b,Intern-Decision,W4A4,expanded-20261007-v3,intern-decision-4b,s1q-joint,S1Q-Joint,wildjailbreak,WildJailBreak harmful/benign classification,domain_decision_suite,native_annotation,128,128,0.296875,29.6875,29.69,False,False,0.4633457673271807,46.33457673271807,46.33,False,False
expanded-v3-w4a4-22source-20261007,all12,intern-decision-4b,Intern-Decision,W4A4,expanded-20261007-v3,intern-decision-4b,s1q-joint,S1Q-Joint,yelp,Yelp,standard_dataset,upstream_dataset_gold,132,66,0.48484848484848486,48.484848484848484,48.48,False,False,0.4633457673271807,46.33457673271807,46.33,False,False
expanded-v3-w4a4-22source-20261007,all12,intern-decision-4b,Intern-Decision,W4A4,expanded-20261007-v3,intern-decision-4b,s1q-ac,S1Q-AC,agnews,AG News,standard_dataset,upstream_dataset_gold,360,120,0.7222222222222222,72.22222222222221,72.22,False,False,0.5122425206831585,51.22425206831585,51.22,True,True
expanded-v3-w4a4-22source-20261007,all12,intern-decision-4b,Intern-Decision,W4A4,expanded-20261007-v3,intern-decision-4b,s1q-ac,S1Q-AC,amazon,Amazon Reviews,standard_dataset,upstream_dataset_gold,128,128,0.2734375,27.34375,27.34,False,False,0.5122425206831585,51.22425206831585,51.22,True,True
expanded-v3-w4a4-22source-20261007,all12,intern-decision-4b,Intern-Decision,W4A4,expanded-20261007-v3,intern-decision-4b,s1q-ac,S1Q-AC,arc,ARC,standard_dataset,upstream_dataset_gold,128,128,0.4375,43.75,43.75,True,True,0.5122425206831585,51.22425206831585,51.22,True,True
expanded-v3-w4a4-22source-20261007,all12,intern-decision-4b,Intern-Decision,W4A4,expanded-20261007-v3,intern-decision-4b,s1q-ac,S1Q-AC,boolq,BoolQ,standard_dataset,upstream_dataset_gold,120,120,0.45,45.0,45.00,False,False,0.5122425206831585,51.22425206831585,51.22,True,True
expanded-v3-w4a4-22source-20261007,all12,intern-decision-4b,Intern-Decision,W4A4,expanded-20261007-v3,intern-decision-4b,s1q-ac,S1Q-AC,csqa,CommonsenseQA,standard_dataset,upstream_dataset_gold,128,128,0.3671875,36.71875,36.72,True,True,0.5122425206831585,51.22425206831585,51.22,True,True
expanded-v3-w4a4-22source-20261007,all12,intern-decision-4b,Intern-Decision,W4A4,expanded-20261007-v3,intern-decision-4b,s1q-ac,S1Q-AC,emotion,Emotion,standard_dataset,upstream_dataset_gold,120,120,0.4583333333333333,45.83333333333333,45.83,True,True,0.5122425206831585,51.22425206831585,51.22,True,True
expanded-v3-w4a4-22source-20261007,all12,intern-decision-4b,Intern-Decision,W4A4,expanded-20261007-v3,intern-decision-4b,s1q-ac,S1Q-AC,imdb,IMDb,standard_dataset,upstream_dataset_gold,53,53,0.7924528301886793,79.24528301886792,79.25,True,True,0.5122425206831585,51.22425206831585,51.22,True,True
expanded-v3-w4a4-22source-20261007,all12,intern-decision-4b,Intern-Decision,W4A4,expanded-20261007-v3,intern-decision-4b,s1q-ac,S1Q-AC,jevbench,JevBench new eligible public tasks,authored_scenario_suite,authored_scenario_gold,48,48,0.9583333333333334,95.83333333333334,95.83,True,True,0.5122425206831585,51.22425206831585,51.22,True,True
expanded-v3-w4a4-22source-20261007,all12,intern-decision-4b,Intern-Decision,W4A4,expanded-20261007-v3,intern-decision-4b,s1q-ac,S1Q-AC,mmlu,MMLU,standard_dataset,upstream_dataset_gold,99,99,0.25252525252525254,25.252525252525253,25.25,False,False,0.5122425206831585,51.22425206831585,51.22,True,True
expanded-v3-w4a4-22source-20261007,all12,intern-decision-4b,Intern-Decision,W4A4,expanded-20261007-v3,intern-decision-4b,s1q-ac,S1Q-AC,mnli,MNLI,standard_dataset,upstream_dataset_gold,122,122,0.48360655737704916,48.36065573770492,48.36,True,True,0.5122425206831585,51.22425206831585,51.22,True,True
expanded-v3-w4a4-22source-20261007,all12,intern-decision-4b,Intern-Decision,W4A4,expanded-20261007-v3,intern-decision-4b,s1q-ac,S1Q-AC,openbookqa,OpenBookQA,standard_dataset,upstream_dataset_gold,128,128,0.3046875,30.46875,30.47,False,False,0.5122425206831585,51.22425206831585,51.22,True,True
expanded-v3-w4a4-22source-20261007,all12,intern-decision-4b,Intern-Decision,W4A4,expanded-20261007-v3,intern-decision-4b,s1q-ac,S1Q-AC,paws,PAWS,standard_dataset,upstream_dataset_gold,128,128,0.4765625,47.65625,47.66,False,False,0.5122425206831585,51.22425206831585,51.22,True,True
expanded-v3-w4a4-22source-20261007,all12,intern-decision-4b,Intern-Decision,W4A4,expanded-20261007-v3,intern-decision-4b,s1q-ac,S1Q-AC,qnli,QNLI,standard_dataset,upstream_dataset_gold,128,128,0.5546875,55.46875,55.47,False,False,0.5122425206831585,51.22425206831585,51.22,True,True
expanded-v3-w4a4-22source-20261007,all12,intern-decision-4b,Intern-Decision,W4A4,expanded-20261007-v3,intern-decision-4b,s1q-ac,S1Q-AC,sciq,SciQ,standard_dataset,upstream_dataset_gold,92,92,0.8369565217391305,83.69565217391305,83.70,True,True,0.5122425206831585,51.22425206831585,51.22,True,True
expanded-v3-w4a4-22source-20261007,all12,intern-decision-4b,Intern-Decision,W4A4,expanded-20261007-v3,intern-decision-4b,s1q-ac,S1Q-AC,semif,SemIf authored,authored_rule_suite,authored_scenario_gold,128,32,0.4921875,49.21875,49.22,False,False,0.5122425206831585,51.22425206831585,51.22,True,True
expanded-v3-w4a4-22source-20261007,all12,intern-decision-4b,Intern-Decision,W4A4,expanded-20261007-v3,intern-decision-4b,s1q-ac,S1Q-AC,sst5,SST-5,standard_dataset,upstream_dataset_gold,128,128,0.234375,23.4375,23.44,False,False,0.5122425206831585,51.22425206831585,51.22,True,True
expanded-v3-w4a4-22source-20261007,all12,intern-decision-4b,Intern-Decision,W4A4,expanded-20261007-v3,intern-decision-4b,s1q-ac,S1Q-AC,toolace,ToolACE tool-choice classification,domain_decision_suite,native_annotation,68,68,0.8382352941176471,83.82352941176471,83.82,True,True,0.5122425206831585,51.22425206831585,51.22,True,True
expanded-v3-w4a4-22source-20261007,all12,intern-decision-4b,Intern-Decision,W4A4,expanded-20261007-v3,intern-decision-4b,s1q-ac,S1Q-AC,trec,TREC,standard_dataset,upstream_dataset_gold,121,121,0.4132231404958678,41.32231404958678,41.32,False,False,0.5122425206831585,51.22425206831585,51.22,True,True
expanded-v3-w4a4-22source-20261007,all12,intern-decision-4b,Intern-Decision,W4A4,expanded-20261007-v3,intern-decision-4b,s1q-ac,S1Q-AC,tweet-offensive,TweetEval Offensive,standard_dataset,upstream_dataset_gold,128,128,0.5703125,57.03125,57.03,False,False,0.5122425206831585,51.22425206831585,51.22,True,True
expanded-v3-w4a4-22source-20261007,all12,intern-decision-4b,Intern-Decision,W4A4,expanded-20261007-v3,intern-decision-4b,s1q-ac,S1Q-AC,wanli,WANLI,standard_dataset,upstream_dataset_gold,256,256,0.4140625,41.40625,41.41,False,False,0.5122425206831585,51.22425206831585,51.22,True,True
expanded-v3-w4a4-22source-20261007,all12,intern-decision-4b,Intern-Decision,W4A4,expanded-20261007-v3,intern-decision-4b,s1q-ac,S1Q-AC,wildjailbreak,WildJailBreak harmful/benign classification,domain_decision_suite,native_annotation,128,128,0.46875,46.875,46.88,False,False,0.5122425206831585,51.22425206831585,51.22,True,True
expanded-v3-w4a4-22source-20261007,all12,intern-decision-4b,Intern-Decision,W4A4,expanded-20261007-v3,intern-decision-4b,s1q-ac,S1Q-AC,yelp,Yelp,standard_dataset,upstream_dataset_gold,132,66,0.4696969696969697,46.96969696969697,46.97,False,False,0.5122425206831585,51.22425206831585,51.22,True,True
expanded-v3-w4a4-22source-20261007,all12,intern-decision-4b,Intern-Decision,W4A4,expanded-20261007-v3,intern-decision-4b,s1q-margin,S1Q-Margin,agnews,AG News,standard_dataset,upstream_dataset_gold,360,120,0.6694444444444444,66.94444444444444,66.94,False,False,0.48681872914888924,48.68187291488893,48.68,False,False
expanded-v3-w4a4-22source-20261007,all12,intern-decision-4b,Intern-Decision,W4A4,expanded-20261007-v3,intern-decision-4b,s1q-margin,S1Q-Margin,amazon,Amazon Reviews,standard_dataset,upstream_dataset_gold,128,128,0.328125,32.8125,32.81,True,True,0.48681872914888924,48.68187291488893,48.68,False,False
expanded-v3-w4a4-22source-20261007,all12,intern-decision-4b,Intern-Decision,W4A4,expanded-20261007-v3,intern-decision-4b,s1q-margin,S1Q-Margin,arc,ARC,standard_dataset,upstream_dataset_gold,128,128,0.40625,40.625,40.62,False,False,0.48681872914888924,48.68187291488893,48.68,False,False
expanded-v3-w4a4-22source-20261007,all12,intern-decision-4b,Intern-Decision,W4A4,expanded-20261007-v3,intern-decision-4b,s1q-margin,S1Q-Margin,boolq,BoolQ,standard_dataset,upstream_dataset_gold,120,120,0.4666666666666667,46.666666666666664,46.67,False,False,0.48681872914888924,48.68187291488893,48.68,False,False
expanded-v3-w4a4-22source-20261007,all12,intern-decision-4b,Intern-Decision,W4A4,expanded-20261007-v3,intern-decision-4b,s1q-margin,S1Q-Margin,csqa,CommonsenseQA,standard_dataset,upstream_dataset_gold,128,128,0.34375,34.375,34.38,False,False,0.48681872914888924,48.68187291488893,48.68,False,False
expanded-v3-w4a4-22source-20261007,all12,intern-decision-4b,Intern-Decision,W4A4,expanded-20261007-v3,intern-decision-4b,s1q-margin,S1Q-Margin,emotion,Emotion,standard_dataset,upstream_dataset_gold,120,120,0.45,45.0,45.00,False,False,0.48681872914888924,48.68187291488893,48.68,False,False
expanded-v3-w4a4-22source-20261007,all12,intern-decision-4b,Intern-Decision,W4A4,expanded-20261007-v3,intern-decision-4b,s1q-margin,S1Q-Margin,imdb,IMDb,standard_dataset,upstream_dataset_gold,53,53,0.7547169811320755,75.47169811320755,75.47,False,False,0.48681872914888924,48.68187291488893,48.68,False,False
expanded-v3-w4a4-22source-20261007,all12,intern-decision-4b,Intern-Decision,W4A4,expanded-20261007-v3,intern-decision-4b,s1q-margin,S1Q-Margin,jevbench,JevBench new eligible public tasks,authored_scenario_suite,authored_scenario_gold,48,48,0.9375,93.75,93.75,False,False,0.48681872914888924,48.68187291488893,48.68,False,False
expanded-v3-w4a4-22source-20261007,all12,intern-decision-4b,Intern-Decision,W4A4,expanded-20261007-v3,intern-decision-4b,s1q-margin,S1Q-Margin,mmlu,MMLU,standard_dataset,upstream_dataset_gold,99,99,0.30303030303030304,30.303030303030305,30.30,True,True,0.48681872914888924,48.68187291488893,48.68,False,False
expanded-v3-w4a4-22source-20261007,all12,intern-decision-4b,Intern-Decision,W4A4,expanded-20261007-v3,intern-decision-4b,s1q-margin,S1Q-Margin,mnli,MNLI,standard_dataset,upstream_dataset_gold,122,122,0.3114754098360656,31.147540983606557,31.15,False,False,0.48681872914888924,48.68187291488893,48.68,False,False
expanded-v3-w4a4-22source-20261007,all12,intern-decision-4b,Intern-Decision,W4A4,expanded-20261007-v3,intern-decision-4b,s1q-margin,S1Q-Margin,openbookqa,OpenBookQA,standard_dataset,upstream_dataset_gold,128,128,0.3515625,35.15625,35.16,False,False,0.48681872914888924,48.68187291488893,48.68,False,False
expanded-v3-w4a4-22source-20261007,all12,intern-decision-4b,Intern-Decision,W4A4,expanded-20261007-v3,intern-decision-4b,s1q-margin,S1Q-Margin,paws,PAWS,standard_dataset,upstream_dataset_gold,128,128,0.5,50.0,50.00,False,False,0.48681872914888924,48.68187291488893,48.68,False,False
expanded-v3-w4a4-22source-20261007,all12,intern-decision-4b,Intern-Decision,W4A4,expanded-20261007-v3,intern-decision-4b,s1q-margin,S1Q-Margin,qnli,QNLI,standard_dataset,upstream_dataset_gold,128,128,0.5390625,53.90625,53.91,False,False,0.48681872914888924,48.68187291488893,48.68,False,False
expanded-v3-w4a4-22source-20261007,all12,intern-decision-4b,Intern-Decision,W4A4,expanded-20261007-v3,intern-decision-4b,s1q-margin,S1Q-Margin,sciq,SciQ,standard_dataset,upstream_dataset_gold,92,92,0.717391304347826,71.73913043478261,71.74,False,False,0.48681872914888924,48.68187291488893,48.68,False,False
expanded-v3-w4a4-22source-20261007,all12,intern-decision-4b,Intern-Decision,W4A4,expanded-20261007-v3,intern-decision-4b,s1q-margin,S1Q-Margin,semif,SemIf authored,authored_rule_suite,authored_scenario_gold,128,32,0.5,50.0,50.00,False,False,0.48681872914888924,48.68187291488893,48.68,False,False
expanded-v3-w4a4-22source-20261007,all12,intern-decision-4b,Intern-Decision,W4A4,expanded-20261007-v3,intern-decision-4b,s1q-margin,S1Q-Margin,sst5,SST-5,standard_dataset,upstream_dataset_gold,128,128,0.234375,23.4375,23.44,False,False,0.48681872914888924,48.68187291488893,48.68,False,False
expanded-v3-w4a4-22source-20261007,all12,intern-decision-4b,Intern-Decision,W4A4,expanded-20261007-v3,intern-decision-4b,s1q-margin,S1Q-Margin,toolace,ToolACE tool-choice classification,domain_decision_suite,native_annotation,68,68,0.75,75.0,75.00,False,False,0.48681872914888924,48.68187291488893,48.68,False,False
expanded-v3-w4a4-22source-20261007,all12,intern-decision-4b,Intern-Decision,W4A4,expanded-20261007-v3,intern-decision-4b,s1q-margin,S1Q-Margin,trec,TREC,standard_dataset,upstream_dataset_gold,121,121,0.45454545454545453,45.45454545454545,45.45,True,True,0.48681872914888924,48.68187291488893,48.68,False,False
expanded-v3-w4a4-22source-20261007,all12,intern-decision-4b,Intern-Decision,W4A4,expanded-20261007-v3,intern-decision-4b,s1q-margin,S1Q-Margin,tweet-offensive,TweetEval Offensive,standard_dataset,upstream_dataset_gold,128,128,0.5546875,55.46875,55.47,False,False,0.48681872914888924,48.68187291488893,48.68,False,False
expanded-v3-w4a4-22source-20261007,all12,intern-decision-4b,Intern-Decision,W4A4,expanded-20261007-v3,intern-decision-4b,s1q-margin,S1Q-Margin,wanli,WANLI,standard_dataset,upstream_dataset_gold,256,256,0.43359375,43.359375,43.36,True,True,0.48681872914888924,48.68187291488893,48.68,False,False
expanded-v3-w4a4-22source-20261007,all12,intern-decision-4b,Intern-Decision,W4A4,expanded-20261007-v3,intern-decision-4b,s1q-margin,S1Q-Margin,wildjailbreak,WildJailBreak harmful/benign classification,domain_decision_suite,native_annotation,128,128,0.2265625,22.65625,22.66,False,False,0.48681872914888924,48.68187291488893,48.68,False,False
expanded-v3-w4a4-22source-20261007,all12,intern-decision-4b,Intern-Decision,W4A4,expanded-20261007-v3,intern-decision-4b,s1q-margin,S1Q-Margin,yelp,Yelp,standard_dataset,upstream_dataset_gold,132,66,0.4772727272727273,47.72727272727273,47.73,False,False,0.48681872914888924,48.68187291488893,48.68,False,False
expanded-v3-w4a4-22source-20261007,all12,intern-decision-4b,Intern-Decision,W4A4,expanded-20261007-v3,intern-decision-4b,s1q,S1Q (current),agnews,AG News,standard_dataset,upstream_dataset_gold,360,120,0.75,75.0,75.00,True,True,0.5117075659874999,51.17075659874999,51.17,False,False
expanded-v3-w4a4-22source-20261007,all12,intern-decision-4b,Intern-Decision,W4A4,expanded-20261007-v3,intern-decision-4b,s1q,S1Q (current),amazon,Amazon Reviews,standard_dataset,upstream_dataset_gold,128,128,0.2734375,27.34375,27.34,False,False,0.5117075659874999,51.17075659874999,51.17,False,False
expanded-v3-w4a4-22source-20261007,all12,intern-decision-4b,Intern-Decision,W4A4,expanded-20261007-v3,intern-decision-4b,s1q,S1Q (current),arc,ARC,standard_dataset,upstream_dataset_gold,128,128,0.40625,40.625,40.62,False,False,0.5117075659874999,51.17075659874999,51.17,False,False
expanded-v3-w4a4-22source-20261007,all12,intern-decision-4b,Intern-Decision,W4A4,expanded-20261007-v3,intern-decision-4b,s1q,S1Q (current),boolq,BoolQ,standard_dataset,upstream_dataset_gold,120,120,0.45,45.0,45.00,False,False,0.5117075659874999,51.17075659874999,51.17,False,False
expanded-v3-w4a4-22source-20261007,all12,intern-decision-4b,Intern-Decision,W4A4,expanded-20261007-v3,intern-decision-4b,s1q,S1Q (current),csqa,CommonsenseQA,standard_dataset,upstream_dataset_gold,128,128,0.34375,34.375,34.38,False,False,0.5117075659874999,51.17075659874999,51.17,False,False
expanded-v3-w4a4-22source-20261007,all12,intern-decision-4b,Intern-Decision,W4A4,expanded-20261007-v3,intern-decision-4b,s1q,S1Q (current),emotion,Emotion,standard_dataset,upstream_dataset_gold,120,120,0.375,37.5,37.50,False,False,0.5117075659874999,51.17075659874999,51.17,False,False
expanded-v3-w4a4-22source-20261007,all12,intern-decision-4b,Intern-Decision,W4A4,expanded-20261007-v3,intern-decision-4b,s1q,S1Q (current),imdb,IMDb,standard_dataset,upstream_dataset_gold,53,53,0.7547169811320755,75.47169811320755,75.47,False,False,0.5117075659874999,51.17075659874999,51.17,False,False
expanded-v3-w4a4-22source-20261007,all12,intern-decision-4b,Intern-Decision,W4A4,expanded-20261007-v3,intern-decision-4b,s1q,S1Q (current),jevbench,JevBench new eligible public tasks,authored_scenario_suite,authored_scenario_gold,48,48,0.9375,93.75,93.75,False,False,0.5117075659874999,51.17075659874999,51.17,False,False
expanded-v3-w4a4-22source-20261007,all12,intern-decision-4b,Intern-Decision,W4A4,expanded-20261007-v3,intern-decision-4b,s1q,S1Q (current),mmlu,MMLU,standard_dataset,upstream_dataset_gold,99,99,0.29292929292929293,29.292929292929294,29.29,False,False,0.5117075659874999,51.17075659874999,51.17,False,False
expanded-v3-w4a4-22source-20261007,all12,intern-decision-4b,Intern-Decision,W4A4,expanded-20261007-v3,intern-decision-4b,s1q,S1Q (current),mnli,MNLI,standard_dataset,upstream_dataset_gold,122,122,0.4098360655737705,40.98360655737705,40.98,False,False,0.5117075659874999,51.17075659874999,51.17,False,False
expanded-v3-w4a4-22source-20261007,all12,intern-decision-4b,Intern-Decision,W4A4,expanded-20261007-v3,intern-decision-4b,s1q,S1Q (current),openbookqa,OpenBookQA,standard_dataset,upstream_dataset_gold,128,128,0.4296875,42.96875,42.97,True,True,0.5117075659874999,51.17075659874999,51.17,False,False
expanded-v3-w4a4-22source-20261007,all12,intern-decision-4b,Intern-Decision,W4A4,expanded-20261007-v3,intern-decision-4b,s1q,S1Q (current),paws,PAWS,standard_dataset,upstream_dataset_gold,128,128,0.484375,48.4375,48.44,False,False,0.5117075659874999,51.17075659874999,51.17,False,False
expanded-v3-w4a4-22source-20261007,all12,intern-decision-4b,Intern-Decision,W4A4,expanded-20261007-v3,intern-decision-4b,s1q,S1Q (current),qnli,QNLI,standard_dataset,upstream_dataset_gold,128,128,0.5625,56.25,56.25,False,False,0.5117075659874999,51.17075659874999,51.17,False,False
expanded-v3-w4a4-22source-20261007,all12,intern-decision-4b,Intern-Decision,W4A4,expanded-20261007-v3,intern-decision-4b,s1q,S1Q (current),sciq,SciQ,standard_dataset,upstream_dataset_gold,92,92,0.7608695652173914,76.08695652173914,76.09,False,False,0.5117075659874999,51.17075659874999,51.17,False,False
expanded-v3-w4a4-22source-20261007,all12,intern-decision-4b,Intern-Decision,W4A4,expanded-20261007-v3,intern-decision-4b,s1q,S1Q (current),semif,SemIf authored,authored_rule_suite,authored_scenario_gold,128,32,0.546875,54.6875,54.69,True,True,0.5117075659874999,51.17075659874999,51.17,False,False
expanded-v3-w4a4-22source-20261007,all12,intern-decision-4b,Intern-Decision,W4A4,expanded-20261007-v3,intern-decision-4b,s1q,S1Q (current),sst5,SST-5,standard_dataset,upstream_dataset_gold,128,128,0.2578125,25.78125,25.78,False,False,0.5117075659874999,51.17075659874999,51.17,False,False
expanded-v3-w4a4-22source-20261007,all12,intern-decision-4b,Intern-Decision,W4A4,expanded-20261007-v3,intern-decision-4b,s1q,S1Q (current),toolace,ToolACE tool-choice classification,domain_decision_suite,native_annotation,68,68,0.8382352941176471,83.82352941176471,83.82,True,True,0.5117075659874999,51.17075659874999,51.17,False,False
expanded-v3-w4a4-22source-20261007,all12,intern-decision-4b,Intern-Decision,W4A4,expanded-20261007-v3,intern-decision-4b,s1q,S1Q (current),trec,TREC,standard_dataset,upstream_dataset_gold,121,121,0.39669421487603307,39.66942148760331,39.67,False,False,0.5117075659874999,51.17075659874999,51.17,False,False
expanded-v3-w4a4-22source-20261007,all12,intern-decision-4b,Intern-Decision,W4A4,expanded-20261007-v3,intern-decision-4b,s1q,S1Q (current),tweet-offensive,TweetEval Offensive,standard_dataset,upstream_dataset_gold,128,128,0.6796875,67.96875,67.97,True,True,0.5117075659874999,51.17075659874999,51.17,False,False
expanded-v3-w4a4-22source-20261007,all12,intern-decision-4b,Intern-Decision,W4A4,expanded-20261007-v3,intern-decision-4b,s1q,S1Q (current),wanli,WANLI,standard_dataset,upstream_dataset_gold,256,256,0.41796875,41.796875,41.80,False,False,0.5117075659874999,51.17075659874999,51.17,False,False
expanded-v3-w4a4-22source-20261007,all12,intern-decision-4b,Intern-Decision,W4A4,expanded-20261007-v3,intern-decision-4b,s1q,S1Q (current),wildjailbreak,WildJailBreak harmful/benign classification,domain_decision_suite,native_annotation,128,128,0.3515625,35.15625,35.16,False,False,0.5117075659874999,51.17075659874999,51.17,False,False
expanded-v3-w4a4-22source-20261007,all12,intern-decision-4b,Intern-Decision,W4A4,expanded-20261007-v3,intern-decision-4b,s1q,S1Q (current),yelp,Yelp,standard_dataset,upstream_dataset_gold,132,66,0.5378787878787878,53.78787878787878,53.79,True,True,0.5117075659874999,51.17075659874999,51.17,False,False
expanded-v3-w4a4-22source-20261007,all12,kev-0.8b,Kev,W4A4,expanded-20261007-v3,kev-0.8b,native,Native,agnews,AG News,standard_dataset,upstream_dataset_gold,360,120,0.8888888888888888,88.88888888888889,88.89,False,False,0.7013222017025709,70.13222017025709,70.13,False,False
expanded-v3-w4a4-22source-20261007,all12,kev-0.8b,Kev,W4A4,expanded-20261007-v3,kev-0.8b,native,Native,amazon,Amazon Reviews,standard_dataset,upstream_dataset_gold,128,128,0.546875,54.6875,54.69,False,False,0.7013222017025709,70.13222017025709,70.13,False,False
expanded-v3-w4a4-22source-20261007,all12,kev-0.8b,Kev,W4A4,expanded-20261007-v3,kev-0.8b,native,Native,arc,ARC,standard_dataset,upstream_dataset_gold,128,128,0.6015625,60.15625,60.16,False,False,0.7013222017025709,70.13222017025709,70.13,False,False
expanded-v3-w4a4-22source-20261007,all12,kev-0.8b,Kev,W4A4,expanded-20261007-v3,kev-0.8b,native,Native,boolq,BoolQ,standard_dataset,upstream_dataset_gold,120,120,0.7333333333333333,73.33333333333333,73.33,False,False,0.7013222017025709,70.13222017025709,70.13,False,False
expanded-v3-w4a4-22source-20261007,all12,kev-0.8b,Kev,W4A4,expanded-20261007-v3,kev-0.8b,native,Native,csqa,CommonsenseQA,standard_dataset,upstream_dataset_gold,128,128,0.6484375,64.84375,64.84,False,False,0.7013222017025709,70.13222017025709,70.13,False,False
expanded-v3-w4a4-22source-20261007,all12,kev-0.8b,Kev,W4A4,expanded-20261007-v3,kev-0.8b,native,Native,emotion,Emotion,standard_dataset,upstream_dataset_gold,120,120,0.5333333333333333,53.333333333333336,53.33,False,False,0.7013222017025709,70.13222017025709,70.13,False,False
expanded-v3-w4a4-22source-20261007,all12,kev-0.8b,Kev,W4A4,expanded-20261007-v3,kev-0.8b,native,Native,imdb,IMDb,standard_dataset,upstream_dataset_gold,53,53,0.9245283018867925,92.45283018867924,92.45,False,False,0.7013222017025709,70.13222017025709,70.13,False,False
expanded-v3-w4a4-22source-20261007,all12,kev-0.8b,Kev,W4A4,expanded-20261007-v3,kev-0.8b,native,Native,jevbench,JevBench new eligible public tasks,authored_scenario_suite,authored_scenario_gold,48,48,1.0,100.0,100.00,False,False,0.7013222017025709,70.13222017025709,70.13,False,False
expanded-v3-w4a4-22source-20261007,all12,kev-0.8b,Kev,W4A4,expanded-20261007-v3,kev-0.8b,native,Native,mmlu,MMLU,standard_dataset,upstream_dataset_gold,99,99,0.41414141414141414,41.41414141414141,41.41,False,False,0.7013222017025709,70.13222017025709,70.13,False,False
expanded-v3-w4a4-22source-20261007,all12,kev-0.8b,Kev,W4A4,expanded-20261007-v3,kev-0.8b,native,Native,mnli,MNLI,standard_dataset,upstream_dataset_gold,122,122,0.8688524590163934,86.88524590163934,86.89,False,False,0.7013222017025709,70.13222017025709,70.13,False,False
expanded-v3-w4a4-22source-20261007,all12,kev-0.8b,Kev,W4A4,expanded-20261007-v3,kev-0.8b,native,Native,openbookqa,OpenBookQA,standard_dataset,upstream_dataset_gold,128,128,0.421875,42.1875,42.19,False,False,0.7013222017025709,70.13222017025709,70.13,False,False
expanded-v3-w4a4-22source-20261007,all12,kev-0.8b,Kev,W4A4,expanded-20261007-v3,kev-0.8b,native,Native,paws,PAWS,standard_dataset,upstream_dataset_gold,128,128,0.640625,64.0625,64.06,False,False,0.7013222017025709,70.13222017025709,70.13,False,False
expanded-v3-w4a4-22source-20261007,all12,kev-0.8b,Kev,W4A4,expanded-20261007-v3,kev-0.8b,native,Native,qnli,QNLI,standard_dataset,upstream_dataset_gold,128,128,0.8359375,83.59375,83.59,False,False,0.7013222017025709,70.13222017025709,70.13,False,False
expanded-v3-w4a4-22source-20261007,all12,kev-0.8b,Kev,W4A4,expanded-20261007-v3,kev-0.8b,native,Native,sciq,SciQ,standard_dataset,upstream_dataset_gold,92,92,0.9347826086956522,93.47826086956522,93.48,False,False,0.7013222017025709,70.13222017025709,70.13,False,False
expanded-v3-w4a4-22source-20261007,all12,kev-0.8b,Kev,W4A4,expanded-20261007-v3,kev-0.8b,native,Native,semif,SemIf authored,authored_rule_suite,authored_scenario_gold,128,32,0.7578125,75.78125,75.78,False,False,0.7013222017025709,70.13222017025709,70.13,False,False
expanded-v3-w4a4-22source-20261007,all12,kev-0.8b,Kev,W4A4,expanded-20261007-v3,kev-0.8b,native,Native,sst5,SST-5,standard_dataset,upstream_dataset_gold,128,128,0.53125,53.125,53.12,False,False,0.7013222017025709,70.13222017025709,70.13,False,False
expanded-v3-w4a4-22source-20261007,all12,kev-0.8b,Kev,W4A4,expanded-20261007-v3,kev-0.8b,native,Native,toolace,ToolACE tool-choice classification,domain_decision_suite,native_annotation,68,68,0.7941176470588235,79.41176470588235,79.41,False,False,0.7013222017025709,70.13222017025709,70.13,False,False
expanded-v3-w4a4-22source-20261007,all12,kev-0.8b,Kev,W4A4,expanded-20261007-v3,kev-0.8b,native,Native,trec,TREC,standard_dataset,upstream_dataset_gold,121,121,0.9586776859504132,95.86776859504133,95.87,False,False,0.7013222017025709,70.13222017025709,70.13,False,False
expanded-v3-w4a4-22source-20261007,all12,kev-0.8b,Kev,W4A4,expanded-20261007-v3,kev-0.8b,native,Native,tweet-offensive,TweetEval Offensive,standard_dataset,upstream_dataset_gold,128,128,0.734375,73.4375,73.44,False,False,0.7013222017025709,70.13222017025709,70.13,False,False
expanded-v3-w4a4-22source-20261007,all12,kev-0.8b,Kev,W4A4,expanded-20261007-v3,kev-0.8b,native,Native,wanli,WANLI,standard_dataset,upstream_dataset_gold,256,256,0.60546875,60.546875,60.55,False,False,0.7013222017025709,70.13222017025709,70.13,False,False
expanded-v3-w4a4-22source-20261007,all12,kev-0.8b,Kev,W4A4,expanded-20261007-v3,kev-0.8b,native,Native,wildjailbreak,WildJailBreak harmful/benign classification,domain_decision_suite,native_annotation,128,128,0.2890625,28.90625,28.91,False,False,0.7013222017025709,70.13222017025709,70.13,False,False
expanded-v3-w4a4-22source-20261007,all12,kev-0.8b,Kev,W4A4,expanded-20261007-v3,kev-0.8b,native,Native,yelp,Yelp,standard_dataset,upstream_dataset_gold,132,66,0.7651515151515151,76.51515151515152,76.52,False,False,0.7013222017025709,70.13222017025709,70.13,False,False
expanded-v3-w4a4-22source-20261007,all12,kev-0.8b,Kev,W4A4,expanded-20261007-v3,kev-0.8b,rtn,RTN,agnews,AG News,standard_dataset,upstream_dataset_gold,360,120,0.4777777777777778,47.77777777777778,47.78,False,False,0.34627228578952274,34.62722857895228,34.63,False,False
expanded-v3-w4a4-22source-20261007,all12,kev-0.8b,Kev,W4A4,expanded-20261007-v3,kev-0.8b,rtn,RTN,amazon,Amazon Reviews,standard_dataset,upstream_dataset_gold,128,128,0.21875,21.875,21.88,False,False,0.34627228578952274,34.62722857895228,34.63,False,False
expanded-v3-w4a4-22source-20261007,all12,kev-0.8b,Kev,W4A4,expanded-20261007-v3,kev-0.8b,rtn,RTN,arc,ARC,standard_dataset,upstream_dataset_gold,128,128,0.25,25.0,25.00,False,False,0.34627228578952274,34.62722857895228,34.63,False,False
expanded-v3-w4a4-22source-20261007,all12,kev-0.8b,Kev,W4A4,expanded-20261007-v3,kev-0.8b,rtn,RTN,boolq,BoolQ,standard_dataset,upstream_dataset_gold,120,120,0.48333333333333334,48.333333333333336,48.33,False,False,0.34627228578952274,34.62722857895228,34.63,False,False
expanded-v3-w4a4-22source-20261007,all12,kev-0.8b,Kev,W4A4,expanded-20261007-v3,kev-0.8b,rtn,RTN,csqa,CommonsenseQA,standard_dataset,upstream_dataset_gold,128,128,0.234375,23.4375,23.44,False,False,0.34627228578952274,34.62722857895228,34.63,False,False
expanded-v3-w4a4-22source-20261007,all12,kev-0.8b,Kev,W4A4,expanded-20261007-v3,kev-0.8b,rtn,RTN,emotion,Emotion,standard_dataset,upstream_dataset_gold,120,120,0.16666666666666666,16.666666666666664,16.67,False,False,0.34627228578952274,34.62722857895228,34.63,False,False
expanded-v3-w4a4-22source-20261007,all12,kev-0.8b,Kev,W4A4,expanded-20261007-v3,kev-0.8b,rtn,RTN,imdb,IMDb,standard_dataset,upstream_dataset_gold,53,53,0.5849056603773585,58.490566037735846,58.49,False,False,0.34627228578952274,34.62722857895228,34.63,False,False
expanded-v3-w4a4-22source-20261007,all12,kev-0.8b,Kev,W4A4,expanded-20261007-v3,kev-0.8b,rtn,RTN,jevbench,JevBench new eligible public tasks,authored_scenario_suite,authored_scenario_gold,48,48,0.25,25.0,25.00,False,False,0.34627228578952274,34.62722857895228,34.63,False,False
expanded-v3-w4a4-22source-20261007,all12,kev-0.8b,Kev,W4A4,expanded-20261007-v3,kev-0.8b,rtn,RTN,mmlu,MMLU,standard_dataset,upstream_dataset_gold,99,99,0.26262626262626265,26.262626262626267,26.26,False,False,0.34627228578952274,34.62722857895228,34.63,False,False
expanded-v3-w4a4-22source-20261007,all12,kev-0.8b,Kev,W4A4,expanded-20261007-v3,kev-0.8b,rtn,RTN,mnli,MNLI,standard_dataset,upstream_dataset_gold,122,122,0.29508196721311475,29.508196721311474,29.51,False,False,0.34627228578952274,34.62722857895228,34.63,False,False
expanded-v3-w4a4-22source-20261007,all12,kev-0.8b,Kev,W4A4,expanded-20261007-v3,kev-0.8b,rtn,RTN,openbookqa,OpenBookQA,standard_dataset,upstream_dataset_gold,128,128,0.25,25.0,25.00,False,False,0.34627228578952274,34.62722857895228,34.63,False,False
expanded-v3-w4a4-22source-20261007,all12,kev-0.8b,Kev,W4A4,expanded-20261007-v3,kev-0.8b,rtn,RTN,paws,PAWS,standard_dataset,upstream_dataset_gold,128,128,0.4921875,49.21875,49.22,False,False,0.34627228578952274,34.62722857895228,34.63,False,False
expanded-v3-w4a4-22source-20261007,all12,kev-0.8b,Kev,W4A4,expanded-20261007-v3,kev-0.8b,rtn,RTN,qnli,QNLI,standard_dataset,upstream_dataset_gold,128,128,0.515625,51.5625,51.56,False,False,0.34627228578952274,34.62722857895228,34.63,False,False
expanded-v3-w4a4-22source-20261007,all12,kev-0.8b,Kev,W4A4,expanded-20261007-v3,kev-0.8b,rtn,RTN,sciq,SciQ,standard_dataset,upstream_dataset_gold,92,92,0.2717391304347826,27.173913043478258,27.17,False,False,0.34627228578952274,34.62722857895228,34.63,False,False
expanded-v3-w4a4-22source-20261007,all12,kev-0.8b,Kev,W4A4,expanded-20261007-v3,kev-0.8b,rtn,RTN,semif,SemIf authored,authored_rule_suite,authored_scenario_gold,128,32,0.3203125,32.03125,32.03,False,False,0.34627228578952274,34.62722857895228,34.63,False,False
expanded-v3-w4a4-22source-20261007,all12,kev-0.8b,Kev,W4A4,expanded-20261007-v3,kev-0.8b,rtn,RTN,sst5,SST-5,standard_dataset,upstream_dataset_gold,128,128,0.3046875,30.46875,30.47,False,False,0.34627228578952274,34.62722857895228,34.63,False,False
expanded-v3-w4a4-22source-20261007,all12,kev-0.8b,Kev,W4A4,expanded-20261007-v3,kev-0.8b,rtn,RTN,toolace,ToolACE tool-choice classification,domain_decision_suite,native_annotation,68,68,0.4117647058823529,41.17647058823529,41.18,False,False,0.34627228578952274,34.62722857895228,34.63,False,False
expanded-v3-w4a4-22source-20261007,all12,kev-0.8b,Kev,W4A4,expanded-20261007-v3,kev-0.8b,rtn,RTN,trec,TREC,standard_dataset,upstream_dataset_gold,121,121,0.12396694214876033,12.396694214876034,12.40,False,False,0.34627228578952274,34.62722857895228,34.63,False,False
expanded-v3-w4a4-22source-20261007,all12,kev-0.8b,Kev,W4A4,expanded-20261007-v3,kev-0.8b,rtn,RTN,tweet-offensive,TweetEval Offensive,standard_dataset,upstream_dataset_gold,128,128,0.53125,53.125,53.12,False,False,0.34627228578952274,34.62722857895228,34.63,False,False
expanded-v3-w4a4-22source-20261007,all12,kev-0.8b,Kev,W4A4,expanded-20261007-v3,kev-0.8b,rtn,RTN,wanli,WANLI,standard_dataset,upstream_dataset_gold,256,256,0.35546875,35.546875,35.55,False,False,0.34627228578952274,34.62722857895228,34.63,False,False
expanded-v3-w4a4-22source-20261007,all12,kev-0.8b,Kev,W4A4,expanded-20261007-v3,kev-0.8b,rtn,RTN,wildjailbreak,WildJailBreak harmful/benign classification,domain_decision_suite,native_annotation,128,128,0.4765625,47.65625,47.66,False,False,0.34627228578952274,34.62722857895228,34.63,False,False
expanded-v3-w4a4-22source-20261007,all12,kev-0.8b,Kev,W4A4,expanded-20261007-v3,kev-0.8b,rtn,RTN,yelp,Yelp,standard_dataset,upstream_dataset_gold,132,66,0.3409090909090909,34.090909090909086,34.09,False,False,0.34627228578952274,34.62722857895228,34.63,False,False
expanded-v3-w4a4-22source-20261007,all12,kev-0.8b,Kev,W4A4,expanded-20261007-v3,kev-0.8b,s1q-local,S1Qv1,agnews,AG News,standard_dataset,upstream_dataset_gold,360,120,0.8083333333333333,80.83333333333333,80.83,False,False,0.5365278599335034,53.652785993350335,53.65,False,False
expanded-v3-w4a4-22source-20261007,all12,kev-0.8b,Kev,W4A4,expanded-20261007-v3,kev-0.8b,s1q-local,S1Qv1,amazon,Amazon Reviews,standard_dataset,upstream_dataset_gold,128,128,0.3828125,38.28125,38.28,False,False,0.5365278599335034,53.652785993350335,53.65,False,False
expanded-v3-w4a4-22source-20261007,all12,kev-0.8b,Kev,W4A4,expanded-20261007-v3,kev-0.8b,s1q-local,S1Qv1,arc,ARC,standard_dataset,upstream_dataset_gold,128,128,0.3046875,30.46875,30.47,False,False,0.5365278599335034,53.652785993350335,53.65,False,False
expanded-v3-w4a4-22source-20261007,all12,kev-0.8b,Kev,W4A4,expanded-20261007-v3,kev-0.8b,s1q-local,S1Qv1,boolq,BoolQ,standard_dataset,upstream_dataset_gold,120,120,0.6,60.0,60.00,False,False,0.5365278599335034,53.652785993350335,53.65,False,False
expanded-v3-w4a4-22source-20261007,all12,kev-0.8b,Kev,W4A4,expanded-20261007-v3,kev-0.8b,s1q-local,S1Qv1,csqa,CommonsenseQA,standard_dataset,upstream_dataset_gold,128,128,0.28125,28.125,28.12,False,False,0.5365278599335034,53.652785993350335,53.65,False,False
expanded-v3-w4a4-22source-20261007,all12,kev-0.8b,Kev,W4A4,expanded-20261007-v3,kev-0.8b,s1q-local,S1Qv1,emotion,Emotion,standard_dataset,upstream_dataset_gold,120,120,0.325,32.5,32.50,False,False,0.5365278599335034,53.652785993350335,53.65,False,False
expanded-v3-w4a4-22source-20261007,all12,kev-0.8b,Kev,W4A4,expanded-20261007-v3,kev-0.8b,s1q-local,S1Qv1,imdb,IMDb,standard_dataset,upstream_dataset_gold,53,53,0.8490566037735849,84.90566037735849,84.91,False,False,0.5365278599335034,53.652785993350335,53.65,False,False
expanded-v3-w4a4-22source-20261007,all12,kev-0.8b,Kev,W4A4,expanded-20261007-v3,kev-0.8b,s1q-local,S1Qv1,jevbench,JevBench new eligible public tasks,authored_scenario_suite,authored_scenario_gold,48,48,0.8541666666666666,85.41666666666666,85.42,False,False,0.5365278599335034,53.652785993350335,53.65,False,False
expanded-v3-w4a4-22source-20261007,all12,kev-0.8b,Kev,W4A4,expanded-20261007-v3,kev-0.8b,s1q-local,S1Qv1,mmlu,MMLU,standard_dataset,upstream_dataset_gold,99,99,0.25252525252525254,25.252525252525253,25.25,False,False,0.5365278599335034,53.652785993350335,53.65,False,False
expanded-v3-w4a4-22source-20261007,all12,kev-0.8b,Kev,W4A4,expanded-20261007-v3,kev-0.8b,s1q-local,S1Qv1,mnli,MNLI,standard_dataset,upstream_dataset_gold,122,122,0.5491803278688525,54.91803278688525,54.92,False,False,0.5365278599335034,53.652785993350335,53.65,False,False
expanded-v3-w4a4-22source-20261007,all12,kev-0.8b,Kev,W4A4,expanded-20261007-v3,kev-0.8b,s1q-local,S1Qv1,openbookqa,OpenBookQA,standard_dataset,upstream_dataset_gold,128,128,0.2734375,27.34375,27.34,False,False,0.5365278599335034,53.652785993350335,53.65,False,False
expanded-v3-w4a4-22source-20261007,all12,kev-0.8b,Kev,W4A4,expanded-20261007-v3,kev-0.8b,s1q-local,S1Qv1,paws,PAWS,standard_dataset,upstream_dataset_gold,128,128,0.4453125,44.53125,44.53,False,False,0.5365278599335034,53.652785993350335,53.65,False,False
expanded-v3-w4a4-22source-20261007,all12,kev-0.8b,Kev,W4A4,expanded-20261007-v3,kev-0.8b,s1q-local,S1Qv1,qnli,QNLI,standard_dataset,upstream_dataset_gold,128,128,0.65625,65.625,65.62,False,False,0.5365278599335034,53.652785993350335,53.65,False,False
expanded-v3-w4a4-22source-20261007,all12,kev-0.8b,Kev,W4A4,expanded-20261007-v3,kev-0.8b,s1q-local,S1Qv1,sciq,SciQ,standard_dataset,upstream_dataset_gold,92,92,0.7391304347826086,73.91304347826086,73.91,False,False,0.5365278599335034,53.652785993350335,53.65,False,False
expanded-v3-w4a4-22source-20261007,all12,kev-0.8b,Kev,W4A4,expanded-20261007-v3,kev-0.8b,s1q-local,S1Qv1,semif,SemIf authored,authored_rule_suite,authored_scenario_gold,128,32,0.5390625,53.90625,53.91,False,False,0.5365278599335034,53.652785993350335,53.65,False,False
expanded-v3-w4a4-22source-20261007,all12,kev-0.8b,Kev,W4A4,expanded-20261007-v3,kev-0.8b,s1q-local,S1Qv1,sst5,SST-5,standard_dataset,upstream_dataset_gold,128,128,0.3671875,36.71875,36.72,False,False,0.5365278599335034,53.652785993350335,53.65,False,False
expanded-v3-w4a4-22source-20261007,all12,kev-0.8b,Kev,W4A4,expanded-20261007-v3,kev-0.8b,s1q-local,S1Qv1,toolace,ToolACE tool-choice classification,domain_decision_suite,native_annotation,68,68,0.75,75.0,75.00,False,False,0.5365278599335034,53.652785993350335,53.65,False,False
expanded-v3-w4a4-22source-20261007,all12,kev-0.8b,Kev,W4A4,expanded-20261007-v3,kev-0.8b,s1q-local,S1Qv1,trec,TREC,standard_dataset,upstream_dataset_gold,121,121,0.6859504132231405,68.59504132231406,68.60,False,False,0.5365278599335034,53.652785993350335,53.65,False,False
expanded-v3-w4a4-22source-20261007,all12,kev-0.8b,Kev,W4A4,expanded-20261007-v3,kev-0.8b,s1q-local,S1Qv1,tweet-offensive,TweetEval Offensive,standard_dataset,upstream_dataset_gold,128,128,0.7265625,72.65625,72.66,False,False,0.5365278599335034,53.652785993350335,53.65,False,False
expanded-v3-w4a4-22source-20261007,all12,kev-0.8b,Kev,W4A4,expanded-20261007-v3,kev-0.8b,s1q-local,S1Qv1,wanli,WANLI,standard_dataset,upstream_dataset_gold,256,256,0.44921875,44.921875,44.92,False,False,0.5365278599335034,53.652785993350335,53.65,False,False
expanded-v3-w4a4-22source-20261007,all12,kev-0.8b,Kev,W4A4,expanded-20261007-v3,kev-0.8b,s1q-local,S1Qv1,wildjailbreak,WildJailBreak harmful/benign classification,domain_decision_suite,native_annotation,128,128,0.328125,32.8125,32.81,False,False,0.5365278599335034,53.652785993350335,53.65,False,False
expanded-v3-w4a4-22source-20261007,all12,kev-0.8b,Kev,W4A4,expanded-20261007-v3,kev-0.8b,s1q-local,S1Qv1,yelp,Yelp,standard_dataset,upstream_dataset_gold,132,66,0.6363636363636364,63.63636363636363,63.64,False,False,0.5365278599335034,53.652785993350335,53.65,False,False
expanded-v3-w4a4-22source-20261007,all12,kev-0.8b,Kev,W4A4,expanded-20261007-v3,kev-0.8b,s1q2-beta05,S1Qv2,agnews,AG News,standard_dataset,upstream_dataset_gold,360,120,0.7861111111111111,78.61111111111111,78.61,False,False,0.5293362668469138,52.93362668469138,52.93,False,False
expanded-v3-w4a4-22source-20261007,all12,kev-0.8b,Kev,W4A4,expanded-20261007-v3,kev-0.8b,s1q2-beta05,S1Qv2,amazon,Amazon Reviews,standard_dataset,upstream_dataset_gold,128,128,0.359375,35.9375,35.94,False,False,0.5293362668469138,52.93362668469138,52.93,False,False
expanded-v3-w4a4-22source-20261007,all12,kev-0.8b,Kev,W4A4,expanded-20261007-v3,kev-0.8b,s1q2-beta05,S1Qv2,arc,ARC,standard_dataset,upstream_dataset_gold,128,128,0.359375,35.9375,35.94,False,False,0.5293362668469138,52.93362668469138,52.93,False,False
expanded-v3-w4a4-22source-20261007,all12,kev-0.8b,Kev,W4A4,expanded-20261007-v3,kev-0.8b,s1q2-beta05,S1Qv2,boolq,BoolQ,standard_dataset,upstream_dataset_gold,120,120,0.6083333333333333,60.83333333333333,60.83,False,False,0.5293362668469138,52.93362668469138,52.93,False,False
expanded-v3-w4a4-22source-20261007,all12,kev-0.8b,Kev,W4A4,expanded-20261007-v3,kev-0.8b,s1q2-beta05,S1Qv2,csqa,CommonsenseQA,standard_dataset,upstream_dataset_gold,128,128,0.328125,32.8125,32.81,False,False,0.5293362668469138,52.93362668469138,52.93,False,False
expanded-v3-w4a4-22source-20261007,all12,kev-0.8b,Kev,W4A4,expanded-20261007-v3,kev-0.8b,s1q2-beta05,S1Qv2,emotion,Emotion,standard_dataset,upstream_dataset_gold,120,120,0.275,27.500000000000004,27.50,False,False,0.5293362668469138,52.93362668469138,52.93,False,False
expanded-v3-w4a4-22source-20261007,all12,kev-0.8b,Kev,W4A4,expanded-20261007-v3,kev-0.8b,s1q2-beta05,S1Qv2,imdb,IMDb,standard_dataset,upstream_dataset_gold,53,53,0.8490566037735849,84.90566037735849,84.91,False,False,0.5293362668469138,52.93362668469138,52.93,False,False
expanded-v3-w4a4-22source-20261007,all12,kev-0.8b,Kev,W4A4,expanded-20261007-v3,kev-0.8b,s1q2-beta05,S1Qv2,jevbench,JevBench new eligible public tasks,authored_scenario_suite,authored_scenario_gold,48,48,0.8125,81.25,81.25,False,False,0.5293362668469138,52.93362668469138,52.93,False,False
expanded-v3-w4a4-22source-20261007,all12,kev-0.8b,Kev,W4A4,expanded-20261007-v3,kev-0.8b,s1q2-beta05,S1Qv2,mmlu,MMLU,standard_dataset,upstream_dataset_gold,99,99,0.30303030303030304,30.303030303030305,30.30,True,True,0.5293362668469138,52.93362668469138,52.93,False,False
expanded-v3-w4a4-22source-20261007,all12,kev-0.8b,Kev,W4A4,expanded-20261007-v3,kev-0.8b,s1q2-beta05,S1Qv2,mnli,MNLI,standard_dataset,upstream_dataset_gold,122,122,0.48360655737704916,48.36065573770492,48.36,False,False,0.5293362668469138,52.93362668469138,52.93,False,False
expanded-v3-w4a4-22source-20261007,all12,kev-0.8b,Kev,W4A4,expanded-20261007-v3,kev-0.8b,s1q2-beta05,S1Qv2,openbookqa,OpenBookQA,standard_dataset,upstream_dataset_gold,128,128,0.2421875,24.21875,24.22,False,False,0.5293362668469138,52.93362668469138,52.93,False,False
expanded-v3-w4a4-22source-20261007,all12,kev-0.8b,Kev,W4A4,expanded-20261007-v3,kev-0.8b,s1q2-beta05,S1Qv2,paws,PAWS,standard_dataset,upstream_dataset_gold,128,128,0.4921875,49.21875,49.22,False,False,0.5293362668469138,52.93362668469138,52.93,False,False
expanded-v3-w4a4-22source-20261007,all12,kev-0.8b,Kev,W4A4,expanded-20261007-v3,kev-0.8b,s1q2-beta05,S1Qv2,qnli,QNLI,standard_dataset,upstream_dataset_gold,128,128,0.625,62.5,62.50,False,False,0.5293362668469138,52.93362668469138,52.93,False,False
expanded-v3-w4a4-22source-20261007,all12,kev-0.8b,Kev,W4A4,expanded-20261007-v3,kev-0.8b,s1q2-beta05,S1Qv2,sciq,SciQ,standard_dataset,upstream_dataset_gold,92,92,0.7391304347826086,73.91304347826086,73.91,False,False,0.5293362668469138,52.93362668469138,52.93,False,False
expanded-v3-w4a4-22source-20261007,all12,kev-0.8b,Kev,W4A4,expanded-20261007-v3,kev-0.8b,s1q2-beta05,S1Qv2,semif,SemIf authored,authored_rule_suite,authored_scenario_gold,128,32,0.5078125,50.78125,50.78,False,False,0.5293362668469138,52.93362668469138,52.93,False,False
expanded-v3-w4a4-22source-20261007,all12,kev-0.8b,Kev,W4A4,expanded-20261007-v3,kev-0.8b,s1q2-beta05,S1Qv2,sst5,SST-5,standard_dataset,upstream_dataset_gold,128,128,0.34375,34.375,34.38,False,False,0.5293362668469138,52.93362668469138,52.93,False,False
expanded-v3-w4a4-22source-20261007,all12,kev-0.8b,Kev,W4A4,expanded-20261007-v3,kev-0.8b,s1q2-beta05,S1Qv2,toolace,ToolACE tool-choice classification,domain_decision_suite,native_annotation,68,68,0.7941176470588235,79.41176470588235,79.41,True,True,0.5293362668469138,52.93362668469138,52.93,False,False
expanded-v3-w4a4-22source-20261007,all12,kev-0.8b,Kev,W4A4,expanded-20261007-v3,kev-0.8b,s1q2-beta05,S1Qv2,trec,TREC,standard_dataset,upstream_dataset_gold,121,121,0.6528925619834711,65.28925619834712,65.29,False,False,0.5293362668469138,52.93362668469138,52.93,False,False
expanded-v3-w4a4-22source-20261007,all12,kev-0.8b,Kev,W4A4,expanded-20261007-v3,kev-0.8b,s1q2-beta05,S1Qv2,tweet-offensive,TweetEval Offensive,standard_dataset,upstream_dataset_gold,128,128,0.7109375,71.09375,71.09,False,False,0.5293362668469138,52.93362668469138,52.93,False,False
expanded-v3-w4a4-22source-20261007,all12,kev-0.8b,Kev,W4A4,expanded-20261007-v3,kev-0.8b,s1q2-beta05,S1Qv2,wanli,WANLI,standard_dataset,upstream_dataset_gold,256,256,0.453125,45.3125,45.31,False,False,0.5293362668469138,52.93362668469138,52.93,False,False
expanded-v3-w4a4-22source-20261007,all12,kev-0.8b,Kev,W4A4,expanded-20261007-v3,kev-0.8b,s1q2-beta05,S1Qv2,wildjailbreak,WildJailBreak harmful/benign classification,domain_decision_suite,native_annotation,128,128,0.3515625,35.15625,35.16,False,False,0.5293362668469138,52.93362668469138,52.93,False,False
expanded-v3-w4a4-22source-20261007,all12,kev-0.8b,Kev,W4A4,expanded-20261007-v3,kev-0.8b,s1q2-beta05,S1Qv2,yelp,Yelp,standard_dataset,upstream_dataset_gold,132,66,0.5681818181818182,56.81818181818182,56.82,False,False,0.5293362668469138,52.93362668469138,52.93,False,False
expanded-v3-w4a4-22source-20261007,all12,kev-0.8b,Kev,W4A4,expanded-20261007-v3,kev-0.8b,smoothquant-adapted,SmoothQuant*,agnews,AG News,standard_dataset,upstream_dataset_gold,360,120,0.5611111111111111,56.111111111111114,56.11,False,False,0.39863392206842985,39.86339220684299,39.86,False,False
expanded-v3-w4a4-22source-20261007,all12,kev-0.8b,Kev,W4A4,expanded-20261007-v3,kev-0.8b,smoothquant-adapted,SmoothQuant*,amazon,Amazon Reviews,standard_dataset,upstream_dataset_gold,128,128,0.359375,35.9375,35.94,False,False,0.39863392206842985,39.86339220684299,39.86,False,False
expanded-v3-w4a4-22source-20261007,all12,kev-0.8b,Kev,W4A4,expanded-20261007-v3,kev-0.8b,smoothquant-adapted,SmoothQuant*,arc,ARC,standard_dataset,upstream_dataset_gold,128,128,0.2578125,25.78125,25.78,False,False,0.39863392206842985,39.86339220684299,39.86,False,False
expanded-v3-w4a4-22source-20261007,all12,kev-0.8b,Kev,W4A4,expanded-20261007-v3,kev-0.8b,smoothquant-adapted,SmoothQuant*,boolq,BoolQ,standard_dataset,upstream_dataset_gold,120,120,0.5083333333333333,50.83333333333333,50.83,False,False,0.39863392206842985,39.86339220684299,39.86,False,False
expanded-v3-w4a4-22source-20261007,all12,kev-0.8b,Kev,W4A4,expanded-20261007-v3,kev-0.8b,smoothquant-adapted,SmoothQuant*,csqa,CommonsenseQA,standard_dataset,upstream_dataset_gold,128,128,0.2734375,27.34375,27.34,False,False,0.39863392206842985,39.86339220684299,39.86,False,False
expanded-v3-w4a4-22source-20261007,all12,kev-0.8b,Kev,W4A4,expanded-20261007-v3,kev-0.8b,smoothquant-adapted,SmoothQuant*,emotion,Emotion,standard_dataset,upstream_dataset_gold,120,120,0.225,22.5,22.50,False,False,0.39863392206842985,39.86339220684299,39.86,False,False
expanded-v3-w4a4-22source-20261007,all12,kev-0.8b,Kev,W4A4,expanded-20261007-v3,kev-0.8b,smoothquant-adapted,SmoothQuant*,imdb,IMDb,standard_dataset,upstream_dataset_gold,53,53,0.6792452830188679,67.9245283018868,67.92,False,False,0.39863392206842985,39.86339220684299,39.86,False,False
expanded-v3-w4a4-22source-20261007,all12,kev-0.8b,Kev,W4A4,expanded-20261007-v3,kev-0.8b,smoothquant-adapted,SmoothQuant*,jevbench,JevBench new eligible public tasks,authored_scenario_suite,authored_scenario_gold,48,48,0.6875,68.75,68.75,False,False,0.39863392206842985,39.86339220684299,39.86,False,False
expanded-v3-w4a4-22source-20261007,all12,kev-0.8b,Kev,W4A4,expanded-20261007-v3,kev-0.8b,smoothquant-adapted,SmoothQuant*,mmlu,MMLU,standard_dataset,upstream_dataset_gold,99,99,0.23232323232323232,23.232323232323232,23.23,False,False,0.39863392206842985,39.86339220684299,39.86,False,False
expanded-v3-w4a4-22source-20261007,all12,kev-0.8b,Kev,W4A4,expanded-20261007-v3,kev-0.8b,smoothquant-adapted,SmoothQuant*,mnli,MNLI,standard_dataset,upstream_dataset_gold,122,122,0.3114754098360656,31.147540983606557,31.15,False,False,0.39863392206842985,39.86339220684299,39.86,False,False
expanded-v3-w4a4-22source-20261007,all12,kev-0.8b,Kev,W4A4,expanded-20261007-v3,kev-0.8b,smoothquant-adapted,SmoothQuant*,openbookqa,OpenBookQA,standard_dataset,upstream_dataset_gold,128,128,0.296875,29.6875,29.69,False,False,0.39863392206842985,39.86339220684299,39.86,False,False
expanded-v3-w4a4-22source-20261007,all12,kev-0.8b,Kev,W4A4,expanded-20261007-v3,kev-0.8b,smoothquant-adapted,SmoothQuant*,paws,PAWS,standard_dataset,upstream_dataset_gold,128,128,0.515625,51.5625,51.56,False,False,0.39863392206842985,39.86339220684299,39.86,False,False
expanded-v3-w4a4-22source-20261007,all12,kev-0.8b,Kev,W4A4,expanded-20261007-v3,kev-0.8b,smoothquant-adapted,SmoothQuant*,qnli,QNLI,standard_dataset,upstream_dataset_gold,128,128,0.4765625,47.65625,47.66,False,False,0.39863392206842985,39.86339220684299,39.86,False,False
expanded-v3-w4a4-22source-20261007,all12,kev-0.8b,Kev,W4A4,expanded-20261007-v3,kev-0.8b,smoothquant-adapted,SmoothQuant*,sciq,SciQ,standard_dataset,upstream_dataset_gold,92,92,0.5217391304347826,52.17391304347826,52.17,False,False,0.39863392206842985,39.86339220684299,39.86,False,False
expanded-v3-w4a4-22source-20261007,all12,kev-0.8b,Kev,W4A4,expanded-20261007-v3,kev-0.8b,smoothquant-adapted,SmoothQuant*,semif,SemIf authored,authored_rule_suite,authored_scenario_gold,128,32,0.34375,34.375,34.38,False,False,0.39863392206842985,39.86339220684299,39.86,False,False
expanded-v3-w4a4-22source-20261007,all12,kev-0.8b,Kev,W4A4,expanded-20261007-v3,kev-0.8b,smoothquant-adapted,SmoothQuant*,sst5,SST-5,standard_dataset,upstream_dataset_gold,128,128,0.3046875,30.46875,30.47,False,False,0.39863392206842985,39.86339220684299,39.86,False,False
expanded-v3-w4a4-22source-20261007,all12,kev-0.8b,Kev,W4A4,expanded-20261007-v3,kev-0.8b,smoothquant-adapted,SmoothQuant*,toolace,ToolACE tool-choice classification,domain_decision_suite,native_annotation,68,68,0.45588235294117646,45.588235294117645,45.59,False,False,0.39863392206842985,39.86339220684299,39.86,False,False
expanded-v3-w4a4-22source-20261007,all12,kev-0.8b,Kev,W4A4,expanded-20261007-v3,kev-0.8b,smoothquant-adapted,SmoothQuant*,trec,TREC,standard_dataset,upstream_dataset_gold,121,121,0.19008264462809918,19.00826446280992,19.01,False,False,0.39863392206842985,39.86339220684299,39.86,False,False
expanded-v3-w4a4-22source-20261007,all12,kev-0.8b,Kev,W4A4,expanded-20261007-v3,kev-0.8b,smoothquant-adapted,SmoothQuant*,tweet-offensive,TweetEval Offensive,standard_dataset,upstream_dataset_gold,128,128,0.515625,51.5625,51.56,False,False,0.39863392206842985,39.86339220684299,39.86,False,False
expanded-v3-w4a4-22source-20261007,all12,kev-0.8b,Kev,W4A4,expanded-20261007-v3,kev-0.8b,smoothquant-adapted,SmoothQuant*,wanli,WANLI,standard_dataset,upstream_dataset_gold,256,256,0.3203125,32.03125,32.03,False,False,0.39863392206842985,39.86339220684299,39.86,False,False
expanded-v3-w4a4-22source-20261007,all12,kev-0.8b,Kev,W4A4,expanded-20261007-v3,kev-0.8b,smoothquant-adapted,SmoothQuant*,wildjailbreak,WildJailBreak harmful/benign classification,domain_decision_suite,native_annotation,128,128,0.1953125,19.53125,19.53,False,False,0.39863392206842985,39.86339220684299,39.86,False,False
expanded-v3-w4a4-22source-20261007,all12,kev-0.8b,Kev,W4A4,expanded-20261007-v3,kev-0.8b,smoothquant-adapted,SmoothQuant*,yelp,Yelp,standard_dataset,upstream_dataset_gold,132,66,0.5378787878787878,53.78787878787878,53.79,False,False,0.39863392206842985,39.86339220684299,39.86,False,False
expanded-v3-w4a4-22source-20261007,all12,kev-0.8b,Kev,W4A4,expanded-20261007-v3,kev-0.8b,awq-adapted,AWQ*,agnews,AG News,standard_dataset,upstream_dataset_gold,360,120,0.8222222222222222,82.22222222222221,82.22,False,False,0.5227743613405442,52.277436134054426,52.28,False,False
expanded-v3-w4a4-22source-20261007,all12,kev-0.8b,Kev,W4A4,expanded-20261007-v3,kev-0.8b,awq-adapted,AWQ*,amazon,Amazon Reviews,standard_dataset,upstream_dataset_gold,128,128,0.421875,42.1875,42.19,False,False,0.5227743613405442,52.277436134054426,52.28,False,False
expanded-v3-w4a4-22source-20261007,all12,kev-0.8b,Kev,W4A4,expanded-20261007-v3,kev-0.8b,awq-adapted,AWQ*,arc,ARC,standard_dataset,upstream_dataset_gold,128,128,0.2890625,28.90625,28.91,False,False,0.5227743613405442,52.277436134054426,52.28,False,False
expanded-v3-w4a4-22source-20261007,all12,kev-0.8b,Kev,W4A4,expanded-20261007-v3,kev-0.8b,awq-adapted,AWQ*,boolq,BoolQ,standard_dataset,upstream_dataset_gold,120,120,0.5916666666666667,59.166666666666664,59.17,False,False,0.5227743613405442,52.277436134054426,52.28,False,False
expanded-v3-w4a4-22source-20261007,all12,kev-0.8b,Kev,W4A4,expanded-20261007-v3,kev-0.8b,awq-adapted,AWQ*,csqa,CommonsenseQA,standard_dataset,upstream_dataset_gold,128,128,0.2890625,28.90625,28.91,False,False,0.5227743613405442,52.277436134054426,52.28,False,False
expanded-v3-w4a4-22source-20261007,all12,kev-0.8b,Kev,W4A4,expanded-20261007-v3,kev-0.8b,awq-adapted,AWQ*,emotion,Emotion,standard_dataset,upstream_dataset_gold,120,120,0.35,35.0,35.00,False,False,0.5227743613405442,52.277436134054426,52.28,False,False
expanded-v3-w4a4-22source-20261007,all12,kev-0.8b,Kev,W4A4,expanded-20261007-v3,kev-0.8b,awq-adapted,AWQ*,imdb,IMDb,standard_dataset,upstream_dataset_gold,53,53,0.8301886792452831,83.01886792452831,83.02,False,False,0.5227743613405442,52.277436134054426,52.28,False,False
expanded-v3-w4a4-22source-20261007,all12,kev-0.8b,Kev,W4A4,expanded-20261007-v3,kev-0.8b,awq-adapted,AWQ*,jevbench,JevBench new eligible public tasks,authored_scenario_suite,authored_scenario_gold,48,48,0.875,87.5,87.50,False,False,0.5227743613405442,52.277436134054426,52.28,False,False
expanded-v3-w4a4-22source-20261007,all12,kev-0.8b,Kev,W4A4,expanded-20261007-v3,kev-0.8b,awq-adapted,AWQ*,mmlu,MMLU,standard_dataset,upstream_dataset_gold,99,99,0.25252525252525254,25.252525252525253,25.25,False,False,0.5227743613405442,52.277436134054426,52.28,False,False
expanded-v3-w4a4-22source-20261007,all12,kev-0.8b,Kev,W4A4,expanded-20261007-v3,kev-0.8b,awq-adapted,AWQ*,mnli,MNLI,standard_dataset,upstream_dataset_gold,122,122,0.45081967213114754,45.08196721311475,45.08,False,False,0.5227743613405442,52.277436134054426,52.28,False,False
expanded-v3-w4a4-22source-20261007,all12,kev-0.8b,Kev,W4A4,expanded-20261007-v3,kev-0.8b,awq-adapted,AWQ*,openbookqa,OpenBookQA,standard_dataset,upstream_dataset_gold,128,128,0.3046875,30.46875,30.47,False,False,0.5227743613405442,52.277436134054426,52.28,False,False
expanded-v3-w4a4-22source-20261007,all12,kev-0.8b,Kev,W4A4,expanded-20261007-v3,kev-0.8b,awq-adapted,AWQ*,paws,PAWS,standard_dataset,upstream_dataset_gold,128,128,0.5,50.0,50.00,False,False,0.5227743613405442,52.277436134054426,52.28,False,False
expanded-v3-w4a4-22source-20261007,all12,kev-0.8b,Kev,W4A4,expanded-20261007-v3,kev-0.8b,awq-adapted,AWQ*,qnli,QNLI,standard_dataset,upstream_dataset_gold,128,128,0.609375,60.9375,60.94,False,False,0.5227743613405442,52.277436134054426,52.28,False,False
expanded-v3-w4a4-22source-20261007,all12,kev-0.8b,Kev,W4A4,expanded-20261007-v3,kev-0.8b,awq-adapted,AWQ*,sciq,SciQ,standard_dataset,upstream_dataset_gold,92,92,0.6739130434782609,67.3913043478261,67.39,False,False,0.5227743613405442,52.277436134054426,52.28,False,False
expanded-v3-w4a4-22source-20261007,all12,kev-0.8b,Kev,W4A4,expanded-20261007-v3,kev-0.8b,awq-adapted,AWQ*,semif,SemIf authored,authored_rule_suite,authored_scenario_gold,128,32,0.4609375,46.09375,46.09,False,False,0.5227743613405442,52.277436134054426,52.28,False,False
expanded-v3-w4a4-22source-20261007,all12,kev-0.8b,Kev,W4A4,expanded-20261007-v3,kev-0.8b,awq-adapted,AWQ*,sst5,SST-5,standard_dataset,upstream_dataset_gold,128,128,0.3671875,36.71875,36.72,False,False,0.5227743613405442,52.277436134054426,52.28,False,False
expanded-v3-w4a4-22source-20261007,all12,kev-0.8b,Kev,W4A4,expanded-20261007-v3,kev-0.8b,awq-adapted,AWQ*,toolace,ToolACE tool-choice classification,domain_decision_suite,native_annotation,68,68,0.75,75.0,75.00,False,False,0.5227743613405442,52.277436134054426,52.28,False,False
expanded-v3-w4a4-22source-20261007,all12,kev-0.8b,Kev,W4A4,expanded-20261007-v3,kev-0.8b,awq-adapted,AWQ*,trec,TREC,standard_dataset,upstream_dataset_gold,121,121,0.6859504132231405,68.59504132231406,68.60,False,False,0.5227743613405442,52.277436134054426,52.28,False,False
expanded-v3-w4a4-22source-20261007,all12,kev-0.8b,Kev,W4A4,expanded-20261007-v3,kev-0.8b,awq-adapted,AWQ*,tweet-offensive,TweetEval Offensive,standard_dataset,upstream_dataset_gold,128,128,0.75,75.0,75.00,False,False,0.5227743613405442,52.277436134054426,52.28,False,False
expanded-v3-w4a4-22source-20261007,all12,kev-0.8b,Kev,W4A4,expanded-20261007-v3,kev-0.8b,awq-adapted,AWQ*,wanli,WANLI,standard_dataset,upstream_dataset_gold,256,256,0.375,37.5,37.50,False,False,0.5227743613405442,52.277436134054426,52.28,False,False
expanded-v3-w4a4-22source-20261007,all12,kev-0.8b,Kev,W4A4,expanded-20261007-v3,kev-0.8b,awq-adapted,AWQ*,wildjailbreak,WildJailBreak harmful/benign classification,domain_decision_suite,native_annotation,128,128,0.3515625,35.15625,35.16,False,False,0.5227743613405442,52.277436134054426,52.28,False,False
expanded-v3-w4a4-22source-20261007,all12,kev-0.8b,Kev,W4A4,expanded-20261007-v3,kev-0.8b,awq-adapted,AWQ*,yelp,Yelp,standard_dataset,upstream_dataset_gold,132,66,0.5,50.0,50.00,False,False,0.5227743613405442,52.277436134054426,52.28,False,False
expanded-v3-w4a4-22source-20261007,all12,kev-0.8b,Kev,W4A4,expanded-20261007-v3,kev-0.8b,gptq-blockdiag-adapted,GPTQ-block*,agnews,AG News,standard_dataset,upstream_dataset_gold,360,120,0.40555555555555556,40.55555555555556,40.56,False,False,0.34656127920087004,34.656127920087,34.66,False,False
expanded-v3-w4a4-22source-20261007,all12,kev-0.8b,Kev,W4A4,expanded-20261007-v3,kev-0.8b,gptq-blockdiag-adapted,GPTQ-block*,amazon,Amazon Reviews,standard_dataset,upstream_dataset_gold,128,128,0.1484375,14.84375,14.84,False,False,0.34656127920087004,34.656127920087,34.66,False,False
expanded-v3-w4a4-22source-20261007,all12,kev-0.8b,Kev,W4A4,expanded-20261007-v3,kev-0.8b,gptq-blockdiag-adapted,GPTQ-block*,arc,ARC,standard_dataset,upstream_dataset_gold,128,128,0.2421875,24.21875,24.22,False,False,0.34656127920087004,34.656127920087,34.66,False,False
expanded-v3-w4a4-22source-20261007,all12,kev-0.8b,Kev,W4A4,expanded-20261007-v3,kev-0.8b,gptq-blockdiag-adapted,GPTQ-block*,boolq,BoolQ,standard_dataset,upstream_dataset_gold,120,120,0.6083333333333333,60.83333333333333,60.83,False,False,0.34656127920087004,34.656127920087,34.66,False,False
expanded-v3-w4a4-22source-20261007,all12,kev-0.8b,Kev,W4A4,expanded-20261007-v3,kev-0.8b,gptq-blockdiag-adapted,GPTQ-block*,csqa,CommonsenseQA,standard_dataset,upstream_dataset_gold,128,128,0.2109375,21.09375,21.09,False,False,0.34656127920087004,34.656127920087,34.66,False,False
expanded-v3-w4a4-22source-20261007,all12,kev-0.8b,Kev,W4A4,expanded-20261007-v3,kev-0.8b,gptq-blockdiag-adapted,GPTQ-block*,emotion,Emotion,standard_dataset,upstream_dataset_gold,120,120,0.15,15.0,15.00,False,False,0.34656127920087004,34.656127920087,34.66,False,False
expanded-v3-w4a4-22source-20261007,all12,kev-0.8b,Kev,W4A4,expanded-20261007-v3,kev-0.8b,gptq-blockdiag-adapted,GPTQ-block*,imdb,IMDb,standard_dataset,upstream_dataset_gold,53,53,0.41509433962264153,41.509433962264154,41.51,False,False,0.34656127920087004,34.656127920087,34.66,False,False
expanded-v3-w4a4-22source-20261007,all12,kev-0.8b,Kev,W4A4,expanded-20261007-v3,kev-0.8b,gptq-blockdiag-adapted,GPTQ-block*,jevbench,JevBench new eligible public tasks,authored_scenario_suite,authored_scenario_gold,48,48,0.3541666666666667,35.41666666666667,35.42,False,False,0.34656127920087004,34.656127920087,34.66,False,False
expanded-v3-w4a4-22source-20261007,all12,kev-0.8b,Kev,W4A4,expanded-20261007-v3,kev-0.8b,gptq-blockdiag-adapted,GPTQ-block*,mmlu,MMLU,standard_dataset,upstream_dataset_gold,99,99,0.26262626262626265,26.262626262626267,26.26,False,False,0.34656127920087004,34.656127920087,34.66,False,False
expanded-v3-w4a4-22source-20261007,all12,kev-0.8b,Kev,W4A4,expanded-20261007-v3,kev-0.8b,gptq-blockdiag-adapted,GPTQ-block*,mnli,MNLI,standard_dataset,upstream_dataset_gold,122,122,0.32786885245901637,32.78688524590164,32.79,False,False,0.34656127920087004,34.656127920087,34.66,False,False
expanded-v3-w4a4-22source-20261007,all12,kev-0.8b,Kev,W4A4,expanded-20261007-v3,kev-0.8b,gptq-blockdiag-adapted,GPTQ-block*,openbookqa,OpenBookQA,standard_dataset,upstream_dataset_gold,128,128,0.3203125,32.03125,32.03,True,True,0.34656127920087004,34.656127920087,34.66,False,False
expanded-v3-w4a4-22source-20261007,all12,kev-0.8b,Kev,W4A4,expanded-20261007-v3,kev-0.8b,gptq-blockdiag-adapted,GPTQ-block*,paws,PAWS,standard_dataset,upstream_dataset_gold,128,128,0.5078125,50.78125,50.78,False,False,0.34656127920087004,34.656127920087,34.66,False,False
expanded-v3-w4a4-22source-20261007,all12,kev-0.8b,Kev,W4A4,expanded-20261007-v3,kev-0.8b,gptq-blockdiag-adapted,GPTQ-block*,qnli,QNLI,standard_dataset,upstream_dataset_gold,128,128,0.5625,56.25,56.25,False,False,0.34656127920087004,34.656127920087,34.66,False,False
expanded-v3-w4a4-22source-20261007,all12,kev-0.8b,Kev,W4A4,expanded-20261007-v3,kev-0.8b,gptq-blockdiag-adapted,GPTQ-block*,sciq,SciQ,standard_dataset,upstream_dataset_gold,92,92,0.30434782608695654,30.434782608695656,30.43,False,False,0.34656127920087004,34.656127920087,34.66,False,False
expanded-v3-w4a4-22source-20261007,all12,kev-0.8b,Kev,W4A4,expanded-20261007-v3,kev-0.8b,gptq-blockdiag-adapted,GPTQ-block*,semif,SemIf authored,authored_rule_suite,authored_scenario_gold,128,32,0.3203125,32.03125,32.03,False,False,0.34656127920087004,34.656127920087,34.66,False,False
expanded-v3-w4a4-22source-20261007,all12,kev-0.8b,Kev,W4A4,expanded-20261007-v3,kev-0.8b,gptq-blockdiag-adapted,GPTQ-block*,sst5,SST-5,standard_dataset,upstream_dataset_gold,128,128,0.2109375,21.09375,21.09,False,False,0.34656127920087004,34.656127920087,34.66,False,False
expanded-v3-w4a4-22source-20261007,all12,kev-0.8b,Kev,W4A4,expanded-20261007-v3,kev-0.8b,gptq-blockdiag-adapted,GPTQ-block*,toolace,ToolACE tool-choice classification,domain_decision_suite,native_annotation,68,68,0.36764705882352944,36.76470588235294,36.76,False,False,0.34656127920087004,34.656127920087,34.66,False,False
expanded-v3-w4a4-22source-20261007,all12,kev-0.8b,Kev,W4A4,expanded-20261007-v3,kev-0.8b,gptq-blockdiag-adapted,GPTQ-block*,trec,TREC,standard_dataset,upstream_dataset_gold,121,121,0.2396694214876033,23.96694214876033,23.97,False,False,0.34656127920087004,34.656127920087,34.66,False,False
expanded-v3-w4a4-22source-20261007,all12,kev-0.8b,Kev,W4A4,expanded-20261007-v3,kev-0.8b,gptq-blockdiag-adapted,GPTQ-block*,tweet-offensive,TweetEval Offensive,standard_dataset,upstream_dataset_gold,128,128,0.5,50.0,50.00,False,False,0.34656127920087004,34.656127920087,34.66,False,False
expanded-v3-w4a4-22source-20261007,all12,kev-0.8b,Kev,W4A4,expanded-20261007-v3,kev-0.8b,gptq-blockdiag-adapted,GPTQ-block*,wanli,WANLI,standard_dataset,upstream_dataset_gold,256,256,0.37890625,37.890625,37.89,False,False,0.34656127920087004,34.656127920087,34.66,False,False
expanded-v3-w4a4-22source-20261007,all12,kev-0.8b,Kev,W4A4,expanded-20261007-v3,kev-0.8b,gptq-blockdiag-adapted,GPTQ-block*,wildjailbreak,WildJailBreak harmful/benign classification,domain_decision_suite,native_annotation,128,128,0.4609375,46.09375,46.09,False,False,0.34656127920087004,34.656127920087,34.66,False,False
expanded-v3-w4a4-22source-20261007,all12,kev-0.8b,Kev,W4A4,expanded-20261007-v3,kev-0.8b,gptq-blockdiag-adapted,GPTQ-block*,yelp,Yelp,standard_dataset,upstream_dataset_gold,132,66,0.32575757575757575,32.57575757575758,32.58,False,False,0.34656127920087004,34.656127920087,34.66,False,False
expanded-v3-w4a4-22source-20261007,all12,kev-0.8b,Kev,W4A4,expanded-20261007-v3,kev-0.8b,spinquant-nohad-adapted,SpinQuant no-Had*,agnews,AG News,standard_dataset,upstream_dataset_gold,360,120,0.4888888888888889,48.888888888888886,48.89,False,False,0.4292766156290424,42.92766156290424,42.93,False,False
expanded-v3-w4a4-22source-20261007,all12,kev-0.8b,Kev,W4A4,expanded-20261007-v3,kev-0.8b,spinquant-nohad-adapted,SpinQuant no-Had*,amazon,Amazon Reviews,standard_dataset,upstream_dataset_gold,128,128,0.328125,32.8125,32.81,False,False,0.4292766156290424,42.92766156290424,42.93,False,False
expanded-v3-w4a4-22source-20261007,all12,kev-0.8b,Kev,W4A4,expanded-20261007-v3,kev-0.8b,spinquant-nohad-adapted,SpinQuant no-Had*,arc,ARC,standard_dataset,upstream_dataset_gold,128,128,0.2421875,24.21875,24.22,False,False,0.4292766156290424,42.92766156290424,42.93,False,False
expanded-v3-w4a4-22source-20261007,all12,kev-0.8b,Kev,W4A4,expanded-20261007-v3,kev-0.8b,spinquant-nohad-adapted,SpinQuant no-Had*,boolq,BoolQ,standard_dataset,upstream_dataset_gold,120,120,0.5416666666666666,54.166666666666664,54.17,False,False,0.4292766156290424,42.92766156290424,42.93,False,False
expanded-v3-w4a4-22source-20261007,all12,kev-0.8b,Kev,W4A4,expanded-20261007-v3,kev-0.8b,spinquant-nohad-adapted,SpinQuant no-Had*,csqa,CommonsenseQA,standard_dataset,upstream_dataset_gold,128,128,0.2734375,27.34375,27.34,False,False,0.4292766156290424,42.92766156290424,42.93,False,False
expanded-v3-w4a4-22source-20261007,all12,kev-0.8b,Kev,W4A4,expanded-20261007-v3,kev-0.8b,spinquant-nohad-adapted,SpinQuant no-Had*,emotion,Emotion,standard_dataset,upstream_dataset_gold,120,120,0.175,17.5,17.50,False,False,0.4292766156290424,42.92766156290424,42.93,False,False
expanded-v3-w4a4-22source-20261007,all12,kev-0.8b,Kev,W4A4,expanded-20261007-v3,kev-0.8b,spinquant-nohad-adapted,SpinQuant no-Had*,imdb,IMDb,standard_dataset,upstream_dataset_gold,53,53,0.6981132075471698,69.81132075471697,69.81,False,False,0.4292766156290424,42.92766156290424,42.93,False,False
expanded-v3-w4a4-22source-20261007,all12,kev-0.8b,Kev,W4A4,expanded-20261007-v3,kev-0.8b,spinquant-nohad-adapted,SpinQuant no-Had*,jevbench,JevBench new eligible public tasks,authored_scenario_suite,authored_scenario_gold,48,48,0.75,75.0,75.00,False,False,0.4292766156290424,42.92766156290424,42.93,False,False
expanded-v3-w4a4-22source-20261007,all12,kev-0.8b,Kev,W4A4,expanded-20261007-v3,kev-0.8b,spinquant-nohad-adapted,SpinQuant no-Had*,mmlu,MMLU,standard_dataset,upstream_dataset_gold,99,99,0.2222222222222222,22.22222222222222,22.22,False,False,0.4292766156290424,42.92766156290424,42.93,False,False
expanded-v3-w4a4-22source-20261007,all12,kev-0.8b,Kev,W4A4,expanded-20261007-v3,kev-0.8b,spinquant-nohad-adapted,SpinQuant no-Had*,mnli,MNLI,standard_dataset,upstream_dataset_gold,122,122,0.32786885245901637,32.78688524590164,32.79,False,False,0.4292766156290424,42.92766156290424,42.93,False,False
expanded-v3-w4a4-22source-20261007,all12,kev-0.8b,Kev,W4A4,expanded-20261007-v3,kev-0.8b,spinquant-nohad-adapted,SpinQuant no-Had*,openbookqa,OpenBookQA,standard_dataset,upstream_dataset_gold,128,128,0.3046875,30.46875,30.47,False,False,0.4292766156290424,42.92766156290424,42.93,False,False
expanded-v3-w4a4-22source-20261007,all12,kev-0.8b,Kev,W4A4,expanded-20261007-v3,kev-0.8b,spinquant-nohad-adapted,SpinQuant no-Had*,paws,PAWS,standard_dataset,upstream_dataset_gold,128,128,0.46875,46.875,46.88,False,False,0.4292766156290424,42.92766156290424,42.93,False,False
expanded-v3-w4a4-22source-20261007,all12,kev-0.8b,Kev,W4A4,expanded-20261007-v3,kev-0.8b,spinquant-nohad-adapted,SpinQuant no-Had*,qnli,QNLI,standard_dataset,upstream_dataset_gold,128,128,0.5859375,58.59375,58.59,False,False,0.4292766156290424,42.92766156290424,42.93,False,False
expanded-v3-w4a4-22source-20261007,all12,kev-0.8b,Kev,W4A4,expanded-20261007-v3,kev-0.8b,spinquant-nohad-adapted,SpinQuant no-Had*,sciq,SciQ,standard_dataset,upstream_dataset_gold,92,92,0.6086956521739131,60.86956521739131,60.87,False,False,0.4292766156290424,42.92766156290424,42.93,False,False
expanded-v3-w4a4-22source-20261007,all12,kev-0.8b,Kev,W4A4,expanded-20261007-v3,kev-0.8b,spinquant-nohad-adapted,SpinQuant no-Had*,semif,SemIf authored,authored_rule_suite,authored_scenario_gold,128,32,0.421875,42.1875,42.19,False,False,0.4292766156290424,42.92766156290424,42.93,False,False
expanded-v3-w4a4-22source-20261007,all12,kev-0.8b,Kev,W4A4,expanded-20261007-v3,kev-0.8b,spinquant-nohad-adapted,SpinQuant no-Had*,sst5,SST-5,standard_dataset,upstream_dataset_gold,128,128,0.28125,28.125,28.12,False,False,0.4292766156290424,42.92766156290424,42.93,False,False
expanded-v3-w4a4-22source-20261007,all12,kev-0.8b,Kev,W4A4,expanded-20261007-v3,kev-0.8b,spinquant-nohad-adapted,SpinQuant no-Had*,toolace,ToolACE tool-choice classification,domain_decision_suite,native_annotation,68,68,0.6029411764705882,60.29411764705882,60.29,False,False,0.4292766156290424,42.92766156290424,42.93,False,False
expanded-v3-w4a4-22source-20261007,all12,kev-0.8b,Kev,W4A4,expanded-20261007-v3,kev-0.8b,spinquant-nohad-adapted,SpinQuant no-Had*,trec,TREC,standard_dataset,upstream_dataset_gold,121,121,0.34710743801652894,34.710743801652896,34.71,False,False,0.4292766156290424,42.92766156290424,42.93,False,False
expanded-v3-w4a4-22source-20261007,all12,kev-0.8b,Kev,W4A4,expanded-20261007-v3,kev-0.8b,spinquant-nohad-adapted,SpinQuant no-Had*,tweet-offensive,TweetEval Offensive,standard_dataset,upstream_dataset_gold,128,128,0.625,62.5,62.50,False,False,0.4292766156290424,42.92766156290424,42.93,False,False
expanded-v3-w4a4-22source-20261007,all12,kev-0.8b,Kev,W4A4,expanded-20261007-v3,kev-0.8b,spinquant-nohad-adapted,SpinQuant no-Had*,wanli,WANLI,standard_dataset,upstream_dataset_gold,256,256,0.3671875,36.71875,36.72,False,False,0.4292766156290424,42.92766156290424,42.93,False,False
expanded-v3-w4a4-22source-20261007,all12,kev-0.8b,Kev,W4A4,expanded-20261007-v3,kev-0.8b,spinquant-nohad-adapted,SpinQuant no-Had*,wildjailbreak,WildJailBreak harmful/benign classification,domain_decision_suite,native_annotation,128,128,0.34375,34.375,34.38,False,False,0.4292766156290424,42.92766156290424,42.93,False,False
expanded-v3-w4a4-22source-20261007,all12,kev-0.8b,Kev,W4A4,expanded-20261007-v3,kev-0.8b,spinquant-nohad-adapted,SpinQuant no-Had*,yelp,Yelp,standard_dataset,upstream_dataset_gold,132,66,0.4393939393939394,43.93939393939394,43.94,False,False,0.4292766156290424,42.92766156290424,42.93,False,False
expanded-v3-w4a4-22source-20261007,all12,kev-0.8b,Kev,W4A4,expanded-20261007-v3,kev-0.8b,spinquant-had-adapted,SpinQuant Had*,agnews,AG News,standard_dataset,upstream_dataset_gold,360,120,0.7888888888888889,78.88888888888889,78.89,False,False,0.5114831822789448,51.148318227894485,51.15,False,False
expanded-v3-w4a4-22source-20261007,all12,kev-0.8b,Kev,W4A4,expanded-20261007-v3,kev-0.8b,spinquant-had-adapted,SpinQuant Had*,amazon,Amazon Reviews,standard_dataset,upstream_dataset_gold,128,128,0.375,37.5,37.50,False,False,0.5114831822789448,51.148318227894485,51.15,False,False
expanded-v3-w4a4-22source-20261007,all12,kev-0.8b,Kev,W4A4,expanded-20261007-v3,kev-0.8b,spinquant-had-adapted,SpinQuant Had*,arc,ARC,standard_dataset,upstream_dataset_gold,128,128,0.3203125,32.03125,32.03,False,False,0.5114831822789448,51.148318227894485,51.15,False,False
expanded-v3-w4a4-22source-20261007,all12,kev-0.8b,Kev,W4A4,expanded-20261007-v3,kev-0.8b,spinquant-had-adapted,SpinQuant Had*,boolq,BoolQ,standard_dataset,upstream_dataset_gold,120,120,0.5333333333333333,53.333333333333336,53.33,False,False,0.5114831822789448,51.148318227894485,51.15,False,False
expanded-v3-w4a4-22source-20261007,all12,kev-0.8b,Kev,W4A4,expanded-20261007-v3,kev-0.8b,spinquant-had-adapted,SpinQuant Had*,csqa,CommonsenseQA,standard_dataset,upstream_dataset_gold,128,128,0.3359375,33.59375,33.59,False,False,0.5114831822789448,51.148318227894485,51.15,False,False
expanded-v3-w4a4-22source-20261007,all12,kev-0.8b,Kev,W4A4,expanded-20261007-v3,kev-0.8b,spinquant-had-adapted,SpinQuant Had*,emotion,Emotion,standard_dataset,upstream_dataset_gold,120,120,0.31666666666666665,31.666666666666664,31.67,False,False,0.5114831822789448,51.148318227894485,51.15,False,False
expanded-v3-w4a4-22source-20261007,all12,kev-0.8b,Kev,W4A4,expanded-20261007-v3,kev-0.8b,spinquant-had-adapted,SpinQuant Had*,imdb,IMDb,standard_dataset,upstream_dataset_gold,53,53,0.8490566037735849,84.90566037735849,84.91,False,False,0.5114831822789448,51.148318227894485,51.15,False,False
expanded-v3-w4a4-22source-20261007,all12,kev-0.8b,Kev,W4A4,expanded-20261007-v3,kev-0.8b,spinquant-had-adapted,SpinQuant Had*,jevbench,JevBench new eligible public tasks,authored_scenario_suite,authored_scenario_gold,48,48,0.8541666666666666,85.41666666666666,85.42,False,False,0.5114831822789448,51.148318227894485,51.15,False,False
expanded-v3-w4a4-22source-20261007,all12,kev-0.8b,Kev,W4A4,expanded-20261007-v3,kev-0.8b,spinquant-had-adapted,SpinQuant Had*,mmlu,MMLU,standard_dataset,upstream_dataset_gold,99,99,0.26262626262626265,26.262626262626267,26.26,False,False,0.5114831822789448,51.148318227894485,51.15,False,False
expanded-v3-w4a4-22source-20261007,all12,kev-0.8b,Kev,W4A4,expanded-20261007-v3,kev-0.8b,spinquant-had-adapted,SpinQuant Had*,mnli,MNLI,standard_dataset,upstream_dataset_gold,122,122,0.4918032786885246,49.18032786885246,49.18,False,False,0.5114831822789448,51.148318227894485,51.15,False,False
expanded-v3-w4a4-22source-20261007,all12,kev-0.8b,Kev,W4A4,expanded-20261007-v3,kev-0.8b,spinquant-had-adapted,SpinQuant Had*,openbookqa,OpenBookQA,standard_dataset,upstream_dataset_gold,128,128,0.21875,21.875,21.88,False,False,0.5114831822789448,51.148318227894485,51.15,False,False
expanded-v3-w4a4-22source-20261007,all12,kev-0.8b,Kev,W4A4,expanded-20261007-v3,kev-0.8b,spinquant-had-adapted,SpinQuant Had*,paws,PAWS,standard_dataset,upstream_dataset_gold,128,128,0.5390625,53.90625,53.91,True,True,0.5114831822789448,51.148318227894485,51.15,False,False
expanded-v3-w4a4-22source-20261007,all12,kev-0.8b,Kev,W4A4,expanded-20261007-v3,kev-0.8b,spinquant-had-adapted,SpinQuant Had*,qnli,QNLI,standard_dataset,upstream_dataset_gold,128,128,0.6484375,64.84375,64.84,False,False,0.5114831822789448,51.148318227894485,51.15,False,False
expanded-v3-w4a4-22source-20261007,all12,kev-0.8b,Kev,W4A4,expanded-20261007-v3,kev-0.8b,spinquant-had-adapted,SpinQuant Had*,sciq,SciQ,standard_dataset,upstream_dataset_gold,92,92,0.717391304347826,71.73913043478261,71.74,False,False,0.5114831822789448,51.148318227894485,51.15,False,False
expanded-v3-w4a4-22source-20261007,all12,kev-0.8b,Kev,W4A4,expanded-20261007-v3,kev-0.8b,spinquant-had-adapted,SpinQuant Had*,semif,SemIf authored,authored_rule_suite,authored_scenario_gold,128,32,0.4609375,46.09375,46.09,False,False,0.5114831822789448,51.148318227894485,51.15,False,False
expanded-v3-w4a4-22source-20261007,all12,kev-0.8b,Kev,W4A4,expanded-20261007-v3,kev-0.8b,spinquant-had-adapted,SpinQuant Had*,sst5,SST-5,standard_dataset,upstream_dataset_gold,128,128,0.2890625,28.90625,28.91,False,False,0.5114831822789448,51.148318227894485,51.15,False,False
expanded-v3-w4a4-22source-20261007,all12,kev-0.8b,Kev,W4A4,expanded-20261007-v3,kev-0.8b,spinquant-had-adapted,SpinQuant Had*,toolace,ToolACE tool-choice classification,domain_decision_suite,native_annotation,68,68,0.7058823529411765,70.58823529411765,70.59,False,False,0.5114831822789448,51.148318227894485,51.15,False,False
expanded-v3-w4a4-22source-20261007,all12,kev-0.8b,Kev,W4A4,expanded-20261007-v3,kev-0.8b,spinquant-had-adapted,SpinQuant Had*,trec,TREC,standard_dataset,upstream_dataset_gold,121,121,0.6446280991735537,64.46280991735537,64.46,False,False,0.5114831822789448,51.148318227894485,51.15,False,False
expanded-v3-w4a4-22source-20261007,all12,kev-0.8b,Kev,W4A4,expanded-20261007-v3,kev-0.8b,spinquant-had-adapted,SpinQuant Had*,tweet-offensive,TweetEval Offensive,standard_dataset,upstream_dataset_gold,128,128,0.703125,70.3125,70.31,False,False,0.5114831822789448,51.148318227894485,51.15,False,False
expanded-v3-w4a4-22source-20261007,all12,kev-0.8b,Kev,W4A4,expanded-20261007-v3,kev-0.8b,spinquant-had-adapted,SpinQuant Had*,wanli,WANLI,standard_dataset,upstream_dataset_gold,256,256,0.34765625,34.765625,34.77,False,False,0.5114831822789448,51.148318227894485,51.15,False,False
expanded-v3-w4a4-22source-20261007,all12,kev-0.8b,Kev,W4A4,expanded-20261007-v3,kev-0.8b,spinquant-had-adapted,SpinQuant Had*,wildjailbreak,WildJailBreak harmful/benign classification,domain_decision_suite,native_annotation,128,128,0.296875,29.6875,29.69,False,False,0.5114831822789448,51.148318227894485,51.15,False,False
expanded-v3-w4a4-22source-20261007,all12,kev-0.8b,Kev,W4A4,expanded-20261007-v3,kev-0.8b,spinquant-had-adapted,SpinQuant Had*,yelp,Yelp,standard_dataset,upstream_dataset_gold,132,66,0.553030303030303,55.3030303030303,55.30,False,False,0.5114831822789448,51.148318227894485,51.15,False,False
expanded-v3-w4a4-22source-20261007,all12,kev-0.8b,Kev,W4A4,expanded-20261007-v3,kev-0.8b,s1q-joint,S1Q-Joint,agnews,AG News,standard_dataset,upstream_dataset_gold,360,120,0.7972222222222223,79.72222222222223,79.72,False,False,0.5663184504763356,56.631845047633554,56.63,True,True
expanded-v3-w4a4-22source-20261007,all12,kev-0.8b,Kev,W4A4,expanded-20261007-v3,kev-0.8b,s1q-joint,S1Q-Joint,amazon,Amazon Reviews,standard_dataset,upstream_dataset_gold,128,128,0.484375,48.4375,48.44,False,False,0.5663184504763356,56.631845047633554,56.63,True,True
expanded-v3-w4a4-22source-20261007,all12,kev-0.8b,Kev,W4A4,expanded-20261007-v3,kev-0.8b,s1q-joint,S1Q-Joint,arc,ARC,standard_dataset,upstream_dataset_gold,128,128,0.375,37.5,37.50,True,True,0.5663184504763356,56.631845047633554,56.63,True,True
expanded-v3-w4a4-22source-20261007,all12,kev-0.8b,Kev,W4A4,expanded-20261007-v3,kev-0.8b,s1q-joint,S1Q-Joint,boolq,BoolQ,standard_dataset,upstream_dataset_gold,120,120,0.6333333333333333,63.33333333333333,63.33,True,True,0.5663184504763356,56.631845047633554,56.63,True,True
expanded-v3-w4a4-22source-20261007,all12,kev-0.8b,Kev,W4A4,expanded-20261007-v3,kev-0.8b,s1q-joint,S1Q-Joint,csqa,CommonsenseQA,standard_dataset,upstream_dataset_gold,128,128,0.3125,31.25,31.25,False,False,0.5663184504763356,56.631845047633554,56.63,True,True
expanded-v3-w4a4-22source-20261007,all12,kev-0.8b,Kev,W4A4,expanded-20261007-v3,kev-0.8b,s1q-joint,S1Q-Joint,emotion,Emotion,standard_dataset,upstream_dataset_gold,120,120,0.475,47.5,47.50,True,True,0.5663184504763356,56.631845047633554,56.63,True,True
expanded-v3-w4a4-22source-20261007,all12,kev-0.8b,Kev,W4A4,expanded-20261007-v3,kev-0.8b,s1q-joint,S1Q-Joint,imdb,IMDb,standard_dataset,upstream_dataset_gold,53,53,0.8679245283018868,86.79245283018868,86.79,True,True,0.5663184504763356,56.631845047633554,56.63,True,True
expanded-v3-w4a4-22source-20261007,all12,kev-0.8b,Kev,W4A4,expanded-20261007-v3,kev-0.8b,s1q-joint,S1Q-Joint,jevbench,JevBench new eligible public tasks,authored_scenario_suite,authored_scenario_gold,48,48,0.875,87.5,87.50,False,False,0.5663184504763356,56.631845047633554,56.63,True,True
expanded-v3-w4a4-22source-20261007,all12,kev-0.8b,Kev,W4A4,expanded-20261007-v3,kev-0.8b,s1q-joint,S1Q-Joint,mmlu,MMLU,standard_dataset,upstream_dataset_gold,99,99,0.26262626262626265,26.262626262626267,26.26,False,False,0.5663184504763356,56.631845047633554,56.63,True,True
expanded-v3-w4a4-22source-20261007,all12,kev-0.8b,Kev,W4A4,expanded-20261007-v3,kev-0.8b,s1q-joint,S1Q-Joint,mnli,MNLI,standard_dataset,upstream_dataset_gold,122,122,0.4918032786885246,49.18032786885246,49.18,False,False,0.5663184504763356,56.631845047633554,56.63,True,True
expanded-v3-w4a4-22source-20261007,all12,kev-0.8b,Kev,W4A4,expanded-20261007-v3,kev-0.8b,s1q-joint,S1Q-Joint,openbookqa,OpenBookQA,standard_dataset,upstream_dataset_gold,128,128,0.28125,28.125,28.12,False,False,0.5663184504763356,56.631845047633554,56.63,True,True
expanded-v3-w4a4-22source-20261007,all12,kev-0.8b,Kev,W4A4,expanded-20261007-v3,kev-0.8b,s1q-joint,S1Q-Joint,paws,PAWS,standard_dataset,upstream_dataset_gold,128,128,0.5078125,50.78125,50.78,False,False,0.5663184504763356,56.631845047633554,56.63,True,True
expanded-v3-w4a4-22source-20261007,all12,kev-0.8b,Kev,W4A4,expanded-20261007-v3,kev-0.8b,s1q-joint,S1Q-Joint,qnli,QNLI,standard_dataset,upstream_dataset_gold,128,128,0.6640625,66.40625,66.41,False,False,0.5663184504763356,56.631845047633554,56.63,True,True
expanded-v3-w4a4-22source-20261007,all12,kev-0.8b,Kev,W4A4,expanded-20261007-v3,kev-0.8b,s1q-joint,S1Q-Joint,sciq,SciQ,standard_dataset,upstream_dataset_gold,92,92,0.717391304347826,71.73913043478261,71.74,False,False,0.5663184504763356,56.631845047633554,56.63,True,True
expanded-v3-w4a4-22source-20261007,all12,kev-0.8b,Kev,W4A4,expanded-20261007-v3,kev-0.8b,s1q-joint,S1Q-Joint,semif,SemIf authored,authored_rule_suite,authored_scenario_gold,128,32,0.5859375,58.59375,58.59,True,True,0.5663184504763356,56.631845047633554,56.63,True,True
expanded-v3-w4a4-22source-20261007,all12,kev-0.8b,Kev,W4A4,expanded-20261007-v3,kev-0.8b,s1q-joint,S1Q-Joint,sst5,SST-5,standard_dataset,upstream_dataset_gold,128,128,0.4140625,41.40625,41.41,False,False,0.5663184504763356,56.631845047633554,56.63,True,True
expanded-v3-w4a4-22source-20261007,all12,kev-0.8b,Kev,W4A4,expanded-20261007-v3,kev-0.8b,s1q-joint,S1Q-Joint,toolace,ToolACE tool-choice classification,domain_decision_suite,native_annotation,68,68,0.7794117647058824,77.94117647058823,77.94,False,False,0.5663184504763356,56.631845047633554,56.63,True,True
expanded-v3-w4a4-22source-20261007,all12,kev-0.8b,Kev,W4A4,expanded-20261007-v3,kev-0.8b,s1q-joint,S1Q-Joint,trec,TREC,standard_dataset,upstream_dataset_gold,121,121,0.7768595041322314,77.68595041322314,77.69,True,True,0.5663184504763356,56.631845047633554,56.63,True,True
expanded-v3-w4a4-22source-20261007,all12,kev-0.8b,Kev,W4A4,expanded-20261007-v3,kev-0.8b,s1q-joint,S1Q-Joint,tweet-offensive,TweetEval Offensive,standard_dataset,upstream_dataset_gold,128,128,0.7578125,75.78125,75.78,True,True,0.5663184504763356,56.631845047633554,56.63,True,True
expanded-v3-w4a4-22source-20261007,all12,kev-0.8b,Kev,W4A4,expanded-20261007-v3,kev-0.8b,s1q-joint,S1Q-Joint,wanli,WANLI,standard_dataset,upstream_dataset_gold,256,256,0.4453125,44.53125,44.53,False,False,0.5663184504763356,56.631845047633554,56.63,True,True
expanded-v3-w4a4-22source-20261007,all12,kev-0.8b,Kev,W4A4,expanded-20261007-v3,kev-0.8b,s1q-joint,S1Q-Joint,wildjailbreak,WildJailBreak harmful/benign classification,domain_decision_suite,native_annotation,128,128,0.2421875,24.21875,24.22,False,False,0.5663184504763356,56.631845047633554,56.63,True,True
expanded-v3-w4a4-22source-20261007,all12,kev-0.8b,Kev,W4A4,expanded-20261007-v3,kev-0.8b,s1q-joint,S1Q-Joint,yelp,Yelp,standard_dataset,upstream_dataset_gold,132,66,0.7121212121212122,71.21212121212122,71.21,True,True,0.5663184504763356,56.631845047633554,56.63,True,True
expanded-v3-w4a4-22source-20261007,all12,kev-0.8b,Kev,W4A4,expanded-20261007-v3,kev-0.8b,s1q-ac,S1Q-AC,agnews,AG News,standard_dataset,upstream_dataset_gold,360,120,0.8083333333333333,80.83333333333333,80.83,False,False,0.5426447734804253,54.264477348042526,54.26,False,False
expanded-v3-w4a4-22source-20261007,all12,kev-0.8b,Kev,W4A4,expanded-20261007-v3,kev-0.8b,s1q-ac,S1Q-AC,amazon,Amazon Reviews,standard_dataset,upstream_dataset_gold,128,128,0.4296875,42.96875,42.97,False,False,0.5426447734804253,54.264477348042526,54.26,False,False
expanded-v3-w4a4-22source-20261007,all12,kev-0.8b,Kev,W4A4,expanded-20261007-v3,kev-0.8b,s1q-ac,S1Q-AC,arc,ARC,standard_dataset,upstream_dataset_gold,128,128,0.296875,29.6875,29.69,False,False,0.5426447734804253,54.264477348042526,54.26,False,False
expanded-v3-w4a4-22source-20261007,all12,kev-0.8b,Kev,W4A4,expanded-20261007-v3,kev-0.8b,s1q-ac,S1Q-AC,boolq,BoolQ,standard_dataset,upstream_dataset_gold,120,120,0.6,60.0,60.00,False,False,0.5426447734804253,54.264477348042526,54.26,False,False
expanded-v3-w4a4-22source-20261007,all12,kev-0.8b,Kev,W4A4,expanded-20261007-v3,kev-0.8b,s1q-ac,S1Q-AC,csqa,CommonsenseQA,standard_dataset,upstream_dataset_gold,128,128,0.3125,31.25,31.25,False,False,0.5426447734804253,54.264477348042526,54.26,False,False
expanded-v3-w4a4-22source-20261007,all12,kev-0.8b,Kev,W4A4,expanded-20261007-v3,kev-0.8b,s1q-ac,S1Q-AC,emotion,Emotion,standard_dataset,upstream_dataset_gold,120,120,0.375,37.5,37.50,False,False,0.5426447734804253,54.264477348042526,54.26,False,False
expanded-v3-w4a4-22source-20261007,all12,kev-0.8b,Kev,W4A4,expanded-20261007-v3,kev-0.8b,s1q-ac,S1Q-AC,imdb,IMDb,standard_dataset,upstream_dataset_gold,53,53,0.8113207547169812,81.13207547169812,81.13,False,False,0.5426447734804253,54.264477348042526,54.26,False,False
expanded-v3-w4a4-22source-20261007,all12,kev-0.8b,Kev,W4A4,expanded-20261007-v3,kev-0.8b,s1q-ac,S1Q-AC,jevbench,JevBench new eligible public tasks,authored_scenario_suite,authored_scenario_gold,48,48,0.8541666666666666,85.41666666666666,85.42,False,False,0.5426447734804253,54.264477348042526,54.26,False,False
expanded-v3-w4a4-22source-20261007,all12,kev-0.8b,Kev,W4A4,expanded-20261007-v3,kev-0.8b,s1q-ac,S1Q-AC,mmlu,MMLU,standard_dataset,upstream_dataset_gold,99,99,0.26262626262626265,26.262626262626267,26.26,False,False,0.5426447734804253,54.264477348042526,54.26,False,False
expanded-v3-w4a4-22source-20261007,all12,kev-0.8b,Kev,W4A4,expanded-20261007-v3,kev-0.8b,s1q-ac,S1Q-AC,mnli,MNLI,standard_dataset,upstream_dataset_gold,122,122,0.5491803278688525,54.91803278688525,54.92,False,False,0.5426447734804253,54.264477348042526,54.26,False,False
expanded-v3-w4a4-22source-20261007,all12,kev-0.8b,Kev,W4A4,expanded-20261007-v3,kev-0.8b,s1q-ac,S1Q-AC,openbookqa,OpenBookQA,standard_dataset,upstream_dataset_gold,128,128,0.3125,31.25,31.25,False,False,0.5426447734804253,54.264477348042526,54.26,False,False
expanded-v3-w4a4-22source-20261007,all12,kev-0.8b,Kev,W4A4,expanded-20261007-v3,kev-0.8b,s1q-ac,S1Q-AC,paws,PAWS,standard_dataset,upstream_dataset_gold,128,128,0.515625,51.5625,51.56,False,False,0.5426447734804253,54.264477348042526,54.26,False,False
expanded-v3-w4a4-22source-20261007,all12,kev-0.8b,Kev,W4A4,expanded-20261007-v3,kev-0.8b,s1q-ac,S1Q-AC,qnli,QNLI,standard_dataset,upstream_dataset_gold,128,128,0.734375,73.4375,73.44,True,True,0.5426447734804253,54.264477348042526,54.26,False,False
expanded-v3-w4a4-22source-20261007,all12,kev-0.8b,Kev,W4A4,expanded-20261007-v3,kev-0.8b,s1q-ac,S1Q-AC,sciq,SciQ,standard_dataset,upstream_dataset_gold,92,92,0.8260869565217391,82.6086956521739,82.61,True,True,0.5426447734804253,54.264477348042526,54.26,False,False
expanded-v3-w4a4-22source-20261007,all12,kev-0.8b,Kev,W4A4,expanded-20261007-v3,kev-0.8b,s1q-ac,S1Q-AC,semif,SemIf authored,authored_rule_suite,authored_scenario_gold,128,32,0.5,50.0,50.00,False,False,0.5426447734804253,54.264477348042526,54.26,False,False
expanded-v3-w4a4-22source-20261007,all12,kev-0.8b,Kev,W4A4,expanded-20261007-v3,kev-0.8b,s1q-ac,S1Q-AC,sst5,SST-5,standard_dataset,upstream_dataset_gold,128,128,0.359375,35.9375,35.94,False,False,0.5426447734804253,54.264477348042526,54.26,False,False
expanded-v3-w4a4-22source-20261007,all12,kev-0.8b,Kev,W4A4,expanded-20261007-v3,kev-0.8b,s1q-ac,S1Q-AC,toolace,ToolACE tool-choice classification,domain_decision_suite,native_annotation,68,68,0.6617647058823529,66.17647058823529,66.18,False,False,0.5426447734804253,54.264477348042526,54.26,False,False
expanded-v3-w4a4-22source-20261007,all12,kev-0.8b,Kev,W4A4,expanded-20261007-v3,kev-0.8b,s1q-ac,S1Q-AC,trec,TREC,standard_dataset,upstream_dataset_gold,121,121,0.743801652892562,74.3801652892562,74.38,False,False,0.5426447734804253,54.264477348042526,54.26,False,False
expanded-v3-w4a4-22source-20261007,all12,kev-0.8b,Kev,W4A4,expanded-20261007-v3,kev-0.8b,s1q-ac,S1Q-AC,tweet-offensive,TweetEval Offensive,standard_dataset,upstream_dataset_gold,128,128,0.6875,68.75,68.75,False,False,0.5426447734804253,54.264477348042526,54.26,False,False
expanded-v3-w4a4-22source-20261007,all12,kev-0.8b,Kev,W4A4,expanded-20261007-v3,kev-0.8b,s1q-ac,S1Q-AC,wanli,WANLI,standard_dataset,upstream_dataset_gold,256,256,0.45703125,45.703125,45.70,True,True,0.5426447734804253,54.264477348042526,54.26,False,False
expanded-v3-w4a4-22source-20261007,all12,kev-0.8b,Kev,W4A4,expanded-20261007-v3,kev-0.8b,s1q-ac,S1Q-AC,wildjailbreak,WildJailBreak harmful/benign classification,domain_decision_suite,native_annotation,128,128,0.234375,23.4375,23.44,False,False,0.5426447734804253,54.264477348042526,54.26,False,False
expanded-v3-w4a4-22source-20261007,all12,kev-0.8b,Kev,W4A4,expanded-20261007-v3,kev-0.8b,s1q-ac,S1Q-AC,yelp,Yelp,standard_dataset,upstream_dataset_gold,132,66,0.6060606060606061,60.60606060606061,60.61,False,False,0.5426447734804253,54.264477348042526,54.26,False,False
expanded-v3-w4a4-22source-20261007,all12,kev-0.8b,Kev,W4A4,expanded-20261007-v3,kev-0.8b,s1q-margin,S1Q-Margin,agnews,AG News,standard_dataset,upstream_dataset_gold,360,120,0.8,80.0,80.00,False,False,0.5598182596662039,55.98182596662039,55.98,False,False
expanded-v3-w4a4-22source-20261007,all12,kev-0.8b,Kev,W4A4,expanded-20261007-v3,kev-0.8b,s1q-margin,S1Q-Margin,amazon,Amazon Reviews,standard_dataset,upstream_dataset_gold,128,128,0.515625,51.5625,51.56,True,True,0.5598182596662039,55.98182596662039,55.98,False,False
expanded-v3-w4a4-22source-20261007,all12,kev-0.8b,Kev,W4A4,expanded-20261007-v3,kev-0.8b,s1q-margin,S1Q-Margin,arc,ARC,standard_dataset,upstream_dataset_gold,128,128,0.359375,35.9375,35.94,False,False,0.5598182596662039,55.98182596662039,55.98,False,False
expanded-v3-w4a4-22source-20261007,all12,kev-0.8b,Kev,W4A4,expanded-20261007-v3,kev-0.8b,s1q-margin,S1Q-Margin,boolq,BoolQ,standard_dataset,upstream_dataset_gold,120,120,0.55,55.00000000000001,55.00,False,False,0.5598182596662039,55.98182596662039,55.98,False,False
expanded-v3-w4a4-22source-20261007,all12,kev-0.8b,Kev,W4A4,expanded-20261007-v3,kev-0.8b,s1q-margin,S1Q-Margin,csqa,CommonsenseQA,standard_dataset,upstream_dataset_gold,128,128,0.3046875,30.46875,30.47,False,False,0.5598182596662039,55.98182596662039,55.98,False,False
expanded-v3-w4a4-22source-20261007,all12,kev-0.8b,Kev,W4A4,expanded-20261007-v3,kev-0.8b,s1q-margin,S1Q-Margin,emotion,Emotion,standard_dataset,upstream_dataset_gold,120,120,0.38333333333333336,38.333333333333336,38.33,False,False,0.5598182596662039,55.98182596662039,55.98,False,False
expanded-v3-w4a4-22source-20261007,all12,kev-0.8b,Kev,W4A4,expanded-20261007-v3,kev-0.8b,s1q-margin,S1Q-Margin,imdb,IMDb,standard_dataset,upstream_dataset_gold,53,53,0.8679245283018868,86.79245283018868,86.79,True,True,0.5598182596662039,55.98182596662039,55.98,False,False
expanded-v3-w4a4-22source-20261007,all12,kev-0.8b,Kev,W4A4,expanded-20261007-v3,kev-0.8b,s1q-margin,S1Q-Margin,jevbench,JevBench new eligible public tasks,authored_scenario_suite,authored_scenario_gold,48,48,0.8958333333333334,89.58333333333334,89.58,False,False,0.5598182596662039,55.98182596662039,55.98,False,False
expanded-v3-w4a4-22source-20261007,all12,kev-0.8b,Kev,W4A4,expanded-20261007-v3,kev-0.8b,s1q-margin,S1Q-Margin,mmlu,MMLU,standard_dataset,upstream_dataset_gold,99,99,0.26262626262626265,26.262626262626267,26.26,False,False,0.5598182596662039,55.98182596662039,55.98,False,False
expanded-v3-w4a4-22source-20261007,all12,kev-0.8b,Kev,W4A4,expanded-20261007-v3,kev-0.8b,s1q-margin,S1Q-Margin,mnli,MNLI,standard_dataset,upstream_dataset_gold,122,122,0.5901639344262295,59.01639344262295,59.02,True,True,0.5598182596662039,55.98182596662039,55.98,False,False
expanded-v3-w4a4-22source-20261007,all12,kev-0.8b,Kev,W4A4,expanded-20261007-v3,kev-0.8b,s1q-margin,S1Q-Margin,openbookqa,OpenBookQA,standard_dataset,upstream_dataset_gold,128,128,0.3125,31.25,31.25,False,False,0.5598182596662039,55.98182596662039,55.98,False,False
expanded-v3-w4a4-22source-20261007,all12,kev-0.8b,Kev,W4A4,expanded-20261007-v3,kev-0.8b,s1q-margin,S1Q-Margin,paws,PAWS,standard_dataset,upstream_dataset_gold,128,128,0.515625,51.5625,51.56,False,False,0.5598182596662039,55.98182596662039,55.98,False,False
expanded-v3-w4a4-22source-20261007,all12,kev-0.8b,Kev,W4A4,expanded-20261007-v3,kev-0.8b,s1q-margin,S1Q-Margin,qnli,QNLI,standard_dataset,upstream_dataset_gold,128,128,0.6640625,66.40625,66.41,False,False,0.5598182596662039,55.98182596662039,55.98,False,False
expanded-v3-w4a4-22source-20261007,all12,kev-0.8b,Kev,W4A4,expanded-20261007-v3,kev-0.8b,s1q-margin,S1Q-Margin,sciq,SciQ,standard_dataset,upstream_dataset_gold,92,92,0.6521739130434783,65.21739130434783,65.22,False,False,0.5598182596662039,55.98182596662039,55.98,False,False
expanded-v3-w4a4-22source-20261007,all12,kev-0.8b,Kev,W4A4,expanded-20261007-v3,kev-0.8b,s1q-margin,S1Q-Margin,semif,SemIf authored,authored_rule_suite,authored_scenario_gold,128,32,0.5703125,57.03125,57.03,False,False,0.5598182596662039,55.98182596662039,55.98,False,False
expanded-v3-w4a4-22source-20261007,all12,kev-0.8b,Kev,W4A4,expanded-20261007-v3,kev-0.8b,s1q-margin,S1Q-Margin,sst5,SST-5,standard_dataset,upstream_dataset_gold,128,128,0.359375,35.9375,35.94,False,False,0.5598182596662039,55.98182596662039,55.98,False,False
expanded-v3-w4a4-22source-20261007,all12,kev-0.8b,Kev,W4A4,expanded-20261007-v3,kev-0.8b,s1q-margin,S1Q-Margin,toolace,ToolACE tool-choice classification,domain_decision_suite,native_annotation,68,68,0.7352941176470589,73.52941176470588,73.53,False,False,0.5598182596662039,55.98182596662039,55.98,False,False
expanded-v3-w4a4-22source-20261007,all12,kev-0.8b,Kev,W4A4,expanded-20261007-v3,kev-0.8b,s1q-margin,S1Q-Margin,trec,TREC,standard_dataset,upstream_dataset_gold,121,121,0.7520661157024794,75.20661157024794,75.21,False,False,0.5598182596662039,55.98182596662039,55.98,False,False
expanded-v3-w4a4-22source-20261007,all12,kev-0.8b,Kev,W4A4,expanded-20261007-v3,kev-0.8b,s1q-margin,S1Q-Margin,tweet-offensive,TweetEval Offensive,standard_dataset,upstream_dataset_gold,128,128,0.6875,68.75,68.75,False,False,0.5598182596662039,55.98182596662039,55.98,False,False
expanded-v3-w4a4-22source-20261007,all12,kev-0.8b,Kev,W4A4,expanded-20261007-v3,kev-0.8b,s1q-margin,S1Q-Margin,wanli,WANLI,standard_dataset,upstream_dataset_gold,256,256,0.41796875,41.796875,41.80,False,False,0.5598182596662039,55.98182596662039,55.98,False,False
expanded-v3-w4a4-22source-20261007,all12,kev-0.8b,Kev,W4A4,expanded-20261007-v3,kev-0.8b,s1q-margin,S1Q-Margin,wildjailbreak,WildJailBreak harmful/benign classification,domain_decision_suite,native_annotation,128,128,0.4453125,44.53125,44.53,False,False,0.5598182596662039,55.98182596662039,55.98,False,False
expanded-v3-w4a4-22source-20261007,all12,kev-0.8b,Kev,W4A4,expanded-20261007-v3,kev-0.8b,s1q-margin,S1Q-Margin,yelp,Yelp,standard_dataset,upstream_dataset_gold,132,66,0.6742424242424242,67.42424242424242,67.42,False,False,0.5598182596662039,55.98182596662039,55.98,False,False
expanded-v3-w4a4-22source-20261007,all12,kev-0.8b,Kev,W4A4,expanded-20261007-v3,kev-0.8b,s1q,S1Q (current),agnews,AG News,standard_dataset,upstream_dataset_gold,360,120,0.8277777777777777,82.77777777777777,82.78,True,True,0.5641286455142661,56.41286455142661,56.41,False,False
expanded-v3-w4a4-22source-20261007,all12,kev-0.8b,Kev,W4A4,expanded-20261007-v3,kev-0.8b,s1q,S1Q (current),amazon,Amazon Reviews,standard_dataset,upstream_dataset_gold,128,128,0.5,50.0,50.00,False,False,0.5641286455142661,56.41286455142661,56.41,False,False
expanded-v3-w4a4-22source-20261007,all12,kev-0.8b,Kev,W4A4,expanded-20261007-v3,kev-0.8b,s1q,S1Q (current),arc,ARC,standard_dataset,upstream_dataset_gold,128,128,0.3359375,33.59375,33.59,False,False,0.5641286455142661,56.41286455142661,56.41,False,False
expanded-v3-w4a4-22source-20261007,all12,kev-0.8b,Kev,W4A4,expanded-20261007-v3,kev-0.8b,s1q,S1Q (current),boolq,BoolQ,standard_dataset,upstream_dataset_gold,120,120,0.6333333333333333,63.33333333333333,63.33,True,True,0.5641286455142661,56.41286455142661,56.41,False,False
expanded-v3-w4a4-22source-20261007,all12,kev-0.8b,Kev,W4A4,expanded-20261007-v3,kev-0.8b,s1q,S1Q (current),csqa,CommonsenseQA,standard_dataset,upstream_dataset_gold,128,128,0.34375,34.375,34.38,True,True,0.5641286455142661,56.41286455142661,56.41,False,False
expanded-v3-w4a4-22source-20261007,all12,kev-0.8b,Kev,W4A4,expanded-20261007-v3,kev-0.8b,s1q,S1Q (current),emotion,Emotion,standard_dataset,upstream_dataset_gold,120,120,0.44166666666666665,44.166666666666664,44.17,False,False,0.5641286455142661,56.41286455142661,56.41,False,False
expanded-v3-w4a4-22source-20261007,all12,kev-0.8b,Kev,W4A4,expanded-20261007-v3,kev-0.8b,s1q,S1Q (current),imdb,IMDb,standard_dataset,upstream_dataset_gold,53,53,0.7735849056603774,77.35849056603774,77.36,False,False,0.5641286455142661,56.41286455142661,56.41,False,False
expanded-v3-w4a4-22source-20261007,all12,kev-0.8b,Kev,W4A4,expanded-20261007-v3,kev-0.8b,s1q,S1Q (current),jevbench,JevBench new eligible public tasks,authored_scenario_suite,authored_scenario_gold,48,48,0.9166666666666666,91.66666666666666,91.67,True,True,0.5641286455142661,56.41286455142661,56.41,False,False
expanded-v3-w4a4-22source-20261007,all12,kev-0.8b,Kev,W4A4,expanded-20261007-v3,kev-0.8b,s1q,S1Q (current),mmlu,MMLU,standard_dataset,upstream_dataset_gold,99,99,0.21212121212121213,21.21212121212121,21.21,False,False,0.5641286455142661,56.41286455142661,56.41,False,False
expanded-v3-w4a4-22source-20261007,all12,kev-0.8b,Kev,W4A4,expanded-20261007-v3,kev-0.8b,s1q,S1Q (current),mnli,MNLI,standard_dataset,upstream_dataset_gold,122,122,0.5081967213114754,50.81967213114754,50.82,False,False,0.5641286455142661,56.41286455142661,56.41,False,False
expanded-v3-w4a4-22source-20261007,all12,kev-0.8b,Kev,W4A4,expanded-20261007-v3,kev-0.8b,s1q,S1Q (current),openbookqa,OpenBookQA,standard_dataset,upstream_dataset_gold,128,128,0.28125,28.125,28.12,False,False,0.5641286455142661,56.41286455142661,56.41,False,False
expanded-v3-w4a4-22source-20261007,all12,kev-0.8b,Kev,W4A4,expanded-20261007-v3,kev-0.8b,s1q,S1Q (current),paws,PAWS,standard_dataset,upstream_dataset_gold,128,128,0.5234375,52.34375,52.34,False,False,0.5641286455142661,56.41286455142661,56.41,False,False
expanded-v3-w4a4-22source-20261007,all12,kev-0.8b,Kev,W4A4,expanded-20261007-v3,kev-0.8b,s1q,S1Q (current),qnli,QNLI,standard_dataset,upstream_dataset_gold,128,128,0.703125,70.3125,70.31,False,False,0.5641286455142661,56.41286455142661,56.41,False,False
expanded-v3-w4a4-22source-20261007,all12,kev-0.8b,Kev,W4A4,expanded-20261007-v3,kev-0.8b,s1q,S1Q (current),sciq,SciQ,standard_dataset,upstream_dataset_gold,92,92,0.6630434782608695,66.30434782608695,66.30,False,False,0.5641286455142661,56.41286455142661,56.41,False,False
expanded-v3-w4a4-22source-20261007,all12,kev-0.8b,Kev,W4A4,expanded-20261007-v3,kev-0.8b,s1q,S1Q (current),semif,SemIf authored,authored_rule_suite,authored_scenario_gold,128,32,0.5625,56.25,56.25,False,False,0.5641286455142661,56.41286455142661,56.41,False,False
expanded-v3-w4a4-22source-20261007,all12,kev-0.8b,Kev,W4A4,expanded-20261007-v3,kev-0.8b,s1q,S1Q (current),sst5,SST-5,standard_dataset,upstream_dataset_gold,128,128,0.4375,43.75,43.75,True,True,0.5641286455142661,56.41286455142661,56.41,False,False
expanded-v3-w4a4-22source-20261007,all12,kev-0.8b,Kev,W4A4,expanded-20261007-v3,kev-0.8b,s1q,S1Q (current),toolace,ToolACE tool-choice classification,domain_decision_suite,native_annotation,68,68,0.7647058823529411,76.47058823529412,76.47,False,False,0.5641286455142661,56.41286455142661,56.41,False,False
expanded-v3-w4a4-22source-20261007,all12,kev-0.8b,Kev,W4A4,expanded-20261007-v3,kev-0.8b,s1q,S1Q (current),trec,TREC,standard_dataset,upstream_dataset_gold,121,121,0.6859504132231405,68.59504132231406,68.60,False,False,0.5641286455142661,56.41286455142661,56.41,False,False
expanded-v3-w4a4-22source-20261007,all12,kev-0.8b,Kev,W4A4,expanded-20261007-v3,kev-0.8b,s1q,S1Q (current),tweet-offensive,TweetEval Offensive,standard_dataset,upstream_dataset_gold,128,128,0.7265625,72.65625,72.66,False,False,0.5641286455142661,56.41286455142661,56.41,False,False
expanded-v3-w4a4-22source-20261007,all12,kev-0.8b,Kev,W4A4,expanded-20261007-v3,kev-0.8b,s1q,S1Q (current),wanli,WANLI,standard_dataset,upstream_dataset_gold,256,256,0.39453125,39.453125,39.45,False,False,0.5641286455142661,56.41286455142661,56.41,False,False
expanded-v3-w4a4-22source-20261007,all12,kev-0.8b,Kev,W4A4,expanded-20261007-v3,kev-0.8b,s1q,S1Q (current),wildjailbreak,WildJailBreak harmful/benign classification,domain_decision_suite,native_annotation,128,128,0.53125,53.125,53.12,True,True,0.5641286455142661,56.41286455142661,56.41,False,False
expanded-v3-w4a4-22source-20261007,all12,kev-0.8b,Kev,W4A4,expanded-20261007-v3,kev-0.8b,s1q,S1Q (current),yelp,Yelp,standard_dataset,upstream_dataset_gold,132,66,0.6439393939393939,64.39393939393939,64.39,False,False,0.5641286455142661,56.41286455142661,56.41,False,False
expanded-v3-w4a4-22source-20261007,all12,kev-4b,Kev,W4A4,expanded-20261007-v3,kev-4b,native,Native,agnews,AG News,standard_dataset,upstream_dataset_gold,360,120,0.8944444444444445,89.44444444444444,89.44,False,False,0.8344370287575351,83.44370287575352,83.44,False,False
expanded-v3-w4a4-22source-20261007,all12,kev-4b,Kev,W4A4,expanded-20261007-v3,kev-4b,native,Native,amazon,Amazon Reviews,standard_dataset,upstream_dataset_gold,128,128,0.6171875,61.71875,61.72,False,False,0.8344370287575351,83.44370287575352,83.44,False,False
expanded-v3-w4a4-22source-20261007,all12,kev-4b,Kev,W4A4,expanded-20261007-v3,kev-4b,native,Native,arc,ARC,standard_dataset,upstream_dataset_gold,128,128,0.9296875,92.96875,92.97,False,False,0.8344370287575351,83.44370287575352,83.44,False,False
expanded-v3-w4a4-22source-20261007,all12,kev-4b,Kev,W4A4,expanded-20261007-v3,kev-4b,native,Native,boolq,BoolQ,standard_dataset,upstream_dataset_gold,120,120,0.8833333333333333,88.33333333333333,88.33,False,False,0.8344370287575351,83.44370287575352,83.44,False,False
expanded-v3-w4a4-22source-20261007,all12,kev-4b,Kev,W4A4,expanded-20261007-v3,kev-4b,native,Native,csqa,CommonsenseQA,standard_dataset,upstream_dataset_gold,128,128,0.8359375,83.59375,83.59,False,False,0.8344370287575351,83.44370287575352,83.44,False,False
expanded-v3-w4a4-22source-20261007,all12,kev-4b,Kev,W4A4,expanded-20261007-v3,kev-4b,native,Native,emotion,Emotion,standard_dataset,upstream_dataset_gold,120,120,0.6166666666666667,61.66666666666667,61.67,False,False,0.8344370287575351,83.44370287575352,83.44,False,False
expanded-v3-w4a4-22source-20261007,all12,kev-4b,Kev,W4A4,expanded-20261007-v3,kev-4b,native,Native,imdb,IMDb,standard_dataset,upstream_dataset_gold,53,53,0.9622641509433962,96.22641509433963,96.23,False,False,0.8344370287575351,83.44370287575352,83.44,False,False
expanded-v3-w4a4-22source-20261007,all12,kev-4b,Kev,W4A4,expanded-20261007-v3,kev-4b,native,Native,jevbench,JevBench new eligible public tasks,authored_scenario_suite,authored_scenario_gold,48,48,1.0,100.0,100.00,False,False,0.8344370287575351,83.44370287575352,83.44,False,False
expanded-v3-w4a4-22source-20261007,all12,kev-4b,Kev,W4A4,expanded-20261007-v3,kev-4b,native,Native,mmlu,MMLU,standard_dataset,upstream_dataset_gold,99,99,0.6868686868686869,68.68686868686868,68.69,False,False,0.8344370287575351,83.44370287575352,83.44,False,False
expanded-v3-w4a4-22source-20261007,all12,kev-4b,Kev,W4A4,expanded-20261007-v3,kev-4b,native,Native,mnli,MNLI,standard_dataset,upstream_dataset_gold,122,122,0.9262295081967213,92.62295081967213,92.62,False,False,0.8344370287575351,83.44370287575352,83.44,False,False
expanded-v3-w4a4-22source-20261007,all12,kev-4b,Kev,W4A4,expanded-20261007-v3,kev-4b,native,Native,openbookqa,OpenBookQA,standard_dataset,upstream_dataset_gold,128,128,0.78125,78.125,78.12,False,False,0.8344370287575351,83.44370287575352,83.44,False,False
expanded-v3-w4a4-22source-20261007,all12,kev-4b,Kev,W4A4,expanded-20261007-v3,kev-4b,native,Native,paws,PAWS,standard_dataset,upstream_dataset_gold,128,128,0.8203125,82.03125,82.03,False,False,0.8344370287575351,83.44370287575352,83.44,False,False
expanded-v3-w4a4-22source-20261007,all12,kev-4b,Kev,W4A4,expanded-20261007-v3,kev-4b,native,Native,qnli,QNLI,standard_dataset,upstream_dataset_gold,128,128,0.90625,90.625,90.62,False,False,0.8344370287575351,83.44370287575352,83.44,False,False
expanded-v3-w4a4-22source-20261007,all12,kev-4b,Kev,W4A4,expanded-20261007-v3,kev-4b,native,Native,sciq,SciQ,standard_dataset,upstream_dataset_gold,92,92,0.9891304347826086,98.91304347826086,98.91,False,False,0.8344370287575351,83.44370287575352,83.44,False,False
expanded-v3-w4a4-22source-20261007,all12,kev-4b,Kev,W4A4,expanded-20261007-v3,kev-4b,native,Native,semif,SemIf authored,authored_rule_suite,authored_scenario_gold,128,32,0.8828125,88.28125,88.28,False,False,0.8344370287575351,83.44370287575352,83.44,False,False
expanded-v3-w4a4-22source-20261007,all12,kev-4b,Kev,W4A4,expanded-20261007-v3,kev-4b,native,Native,sst5,SST-5,standard_dataset,upstream_dataset_gold,128,128,0.6328125,63.28125,63.28,False,False,0.8344370287575351,83.44370287575352,83.44,False,False
expanded-v3-w4a4-22source-20261007,all12,kev-4b,Kev,W4A4,expanded-20261007-v3,kev-4b,native,Native,toolace,ToolACE tool-choice classification,domain_decision_suite,native_annotation,68,68,0.8823529411764706,88.23529411764706,88.24,False,False,0.8344370287575351,83.44370287575352,83.44,False,False
expanded-v3-w4a4-22source-20261007,all12,kev-4b,Kev,W4A4,expanded-20261007-v3,kev-4b,native,Native,trec,TREC,standard_dataset,upstream_dataset_gold,121,121,0.9586776859504132,95.86776859504133,95.87,False,False,0.8344370287575351,83.44370287575352,83.44,False,False
expanded-v3-w4a4-22source-20261007,all12,kev-4b,Kev,W4A4,expanded-20261007-v3,kev-4b,native,Native,tweet-offensive,TweetEval Offensive,standard_dataset,upstream_dataset_gold,128,128,0.78125,78.125,78.12,False,False,0.8344370287575351,83.44370287575352,83.44,False,False
expanded-v3-w4a4-22source-20261007,all12,kev-4b,Kev,W4A4,expanded-20261007-v3,kev-4b,native,Native,wanli,WANLI,standard_dataset,upstream_dataset_gold,256,256,0.66796875,66.796875,66.80,False,False,0.8344370287575351,83.44370287575352,83.44,False,False
expanded-v3-w4a4-22source-20261007,all12,kev-4b,Kev,W4A4,expanded-20261007-v3,kev-4b,native,Native,wildjailbreak,WildJailBreak harmful/benign classification,domain_decision_suite,native_annotation,128,128,0.921875,92.1875,92.19,False,False,0.8344370287575351,83.44370287575352,83.44,False,False
expanded-v3-w4a4-22source-20261007,all12,kev-4b,Kev,W4A4,expanded-20261007-v3,kev-4b,native,Native,yelp,Yelp,standard_dataset,upstream_dataset_gold,132,66,0.7803030303030303,78.03030303030303,78.03,False,False,0.8344370287575351,83.44370287575352,83.44,False,False
expanded-v3-w4a4-22source-20261007,all12,kev-4b,Kev,W4A4,expanded-20261007-v3,kev-4b,rtn,RTN,agnews,AG News,standard_dataset,upstream_dataset_gold,360,120,0.41944444444444445,41.94444444444444,41.94,False,False,0.3203648138077945,32.03648138077945,32.04,False,False
expanded-v3-w4a4-22source-20261007,all12,kev-4b,Kev,W4A4,expanded-20261007-v3,kev-4b,rtn,RTN,amazon,Amazon Reviews,standard_dataset,upstream_dataset_gold,128,128,0.171875,17.1875,17.19,False,False,0.3203648138077945,32.03648138077945,32.04,False,False
expanded-v3-w4a4-22source-20261007,all12,kev-4b,Kev,W4A4,expanded-20261007-v3,kev-4b,rtn,RTN,arc,ARC,standard_dataset,upstream_dataset_gold,128,128,0.2578125,25.78125,25.78,False,False,0.3203648138077945,32.03648138077945,32.04,False,False
expanded-v3-w4a4-22source-20261007,all12,kev-4b,Kev,W4A4,expanded-20261007-v3,kev-4b,rtn,RTN,boolq,BoolQ,standard_dataset,upstream_dataset_gold,120,120,0.5166666666666667,51.66666666666667,51.67,False,False,0.3203648138077945,32.03648138077945,32.04,False,False
expanded-v3-w4a4-22source-20261007,all12,kev-4b,Kev,W4A4,expanded-20261007-v3,kev-4b,rtn,RTN,csqa,CommonsenseQA,standard_dataset,upstream_dataset_gold,128,128,0.09375,9.375,9.38,False,False,0.3203648138077945,32.03648138077945,32.04,False,False
expanded-v3-w4a4-22source-20261007,all12,kev-4b,Kev,W4A4,expanded-20261007-v3,kev-4b,rtn,RTN,emotion,Emotion,standard_dataset,upstream_dataset_gold,120,120,0.175,17.5,17.50,False,False,0.3203648138077945,32.03648138077945,32.04,False,False
expanded-v3-w4a4-22source-20261007,all12,kev-4b,Kev,W4A4,expanded-20261007-v3,kev-4b,rtn,RTN,imdb,IMDb,standard_dataset,upstream_dataset_gold,53,53,0.5471698113207547,54.71698113207547,54.72,False,False,0.3203648138077945,32.03648138077945,32.04,False,False
expanded-v3-w4a4-22source-20261007,all12,kev-4b,Kev,W4A4,expanded-20261007-v3,kev-4b,rtn,RTN,jevbench,JevBench new eligible public tasks,authored_scenario_suite,authored_scenario_gold,48,48,0.2916666666666667,29.166666666666668,29.17,False,False,0.3203648138077945,32.03648138077945,32.04,False,False
expanded-v3-w4a4-22source-20261007,all12,kev-4b,Kev,W4A4,expanded-20261007-v3,kev-4b,rtn,RTN,mmlu,MMLU,standard_dataset,upstream_dataset_gold,99,99,0.21212121212121213,21.21212121212121,21.21,False,False,0.3203648138077945,32.03648138077945,32.04,False,False
expanded-v3-w4a4-22source-20261007,all12,kev-4b,Kev,W4A4,expanded-20261007-v3,kev-4b,rtn,RTN,mnli,MNLI,standard_dataset,upstream_dataset_gold,122,122,0.3770491803278688,37.704918032786885,37.70,False,False,0.3203648138077945,32.03648138077945,32.04,False,False
expanded-v3-w4a4-22source-20261007,all12,kev-4b,Kev,W4A4,expanded-20261007-v3,kev-4b,rtn,RTN,openbookqa,OpenBookQA,standard_dataset,upstream_dataset_gold,128,128,0.1953125,19.53125,19.53,False,False,0.3203648138077945,32.03648138077945,32.04,False,False
expanded-v3-w4a4-22source-20261007,all12,kev-4b,Kev,W4A4,expanded-20261007-v3,kev-4b,rtn,RTN,paws,PAWS,standard_dataset,upstream_dataset_gold,128,128,0.4609375,46.09375,46.09,False,False,0.3203648138077945,32.03648138077945,32.04,False,False
expanded-v3-w4a4-22source-20261007,all12,kev-4b,Kev,W4A4,expanded-20261007-v3,kev-4b,rtn,RTN,qnli,QNLI,standard_dataset,upstream_dataset_gold,128,128,0.4609375,46.09375,46.09,False,False,0.3203648138077945,32.03648138077945,32.04,False,False
expanded-v3-w4a4-22source-20261007,all12,kev-4b,Kev,W4A4,expanded-20261007-v3,kev-4b,rtn,RTN,sciq,SciQ,standard_dataset,upstream_dataset_gold,92,92,0.2391304347826087,23.91304347826087,23.91,False,False,0.3203648138077945,32.03648138077945,32.04,False,False
expanded-v3-w4a4-22source-20261007,all12,kev-4b,Kev,W4A4,expanded-20261007-v3,kev-4b,rtn,RTN,semif,SemIf authored,authored_rule_suite,authored_scenario_gold,128,32,0.3125,31.25,31.25,False,False,0.3203648138077945,32.03648138077945,32.04,False,False
expanded-v3-w4a4-22source-20261007,all12,kev-4b,Kev,W4A4,expanded-20261007-v3,kev-4b,rtn,RTN,sst5,SST-5,standard_dataset,upstream_dataset_gold,128,128,0.1875,18.75,18.75,False,False,0.3203648138077945,32.03648138077945,32.04,False,False
expanded-v3-w4a4-22source-20261007,all12,kev-4b,Kev,W4A4,expanded-20261007-v3,kev-4b,rtn,RTN,toolace,ToolACE tool-choice classification,domain_decision_suite,native_annotation,68,68,0.39705882352941174,39.705882352941174,39.71,False,False,0.3203648138077945,32.03648138077945,32.04,False,False
expanded-v3-w4a4-22source-20261007,all12,kev-4b,Kev,W4A4,expanded-20261007-v3,kev-4b,rtn,RTN,trec,TREC,standard_dataset,upstream_dataset_gold,121,121,0.1487603305785124,14.87603305785124,14.88,False,False,0.3203648138077945,32.03648138077945,32.04,False,False
expanded-v3-w4a4-22source-20261007,all12,kev-4b,Kev,W4A4,expanded-20261007-v3,kev-4b,rtn,RTN,tweet-offensive,TweetEval Offensive,standard_dataset,upstream_dataset_gold,128,128,0.4609375,46.09375,46.09,False,False,0.3203648138077945,32.03648138077945,32.04,False,False
expanded-v3-w4a4-22source-20261007,all12,kev-4b,Kev,W4A4,expanded-20261007-v3,kev-4b,rtn,RTN,wanli,WANLI,standard_dataset,upstream_dataset_gold,256,256,0.3203125,32.03125,32.03,False,False,0.3203648138077945,32.03648138077945,32.04,False,False
expanded-v3-w4a4-22source-20261007,all12,kev-4b,Kev,W4A4,expanded-20261007-v3,kev-4b,rtn,RTN,wildjailbreak,WildJailBreak harmful/benign classification,domain_decision_suite,native_annotation,128,128,0.46875,46.875,46.88,False,False,0.3203648138077945,32.03648138077945,32.04,False,False
expanded-v3-w4a4-22source-20261007,all12,kev-4b,Kev,W4A4,expanded-20261007-v3,kev-4b,rtn,RTN,yelp,Yelp,standard_dataset,upstream_dataset_gold,132,66,0.3333333333333333,33.33333333333333,33.33,False,False,0.3203648138077945,32.03648138077945,32.04,False,False
expanded-v3-w4a4-22source-20261007,all12,kev-4b,Kev,W4A4,expanded-20261007-v3,kev-4b,s1q-local,S1Qv1,agnews,AG News,standard_dataset,upstream_dataset_gold,360,120,0.7305555555555555,73.05555555555556,73.06,False,False,0.4811883568627595,48.11883568627595,48.12,False,False
expanded-v3-w4a4-22source-20261007,all12,kev-4b,Kev,W4A4,expanded-20261007-v3,kev-4b,s1q-local,S1Qv1,amazon,Amazon Reviews,standard_dataset,upstream_dataset_gold,128,128,0.359375,35.9375,35.94,False,False,0.4811883568627595,48.11883568627595,48.12,False,False
expanded-v3-w4a4-22source-20261007,all12,kev-4b,Kev,W4A4,expanded-20261007-v3,kev-4b,s1q-local,S1Qv1,arc,ARC,standard_dataset,upstream_dataset_gold,128,128,0.3203125,32.03125,32.03,False,False,0.4811883568627595,48.11883568627595,48.12,False,False
expanded-v3-w4a4-22source-20261007,all12,kev-4b,Kev,W4A4,expanded-20261007-v3,kev-4b,s1q-local,S1Qv1,boolq,BoolQ,standard_dataset,upstream_dataset_gold,120,120,0.5083333333333333,50.83333333333333,50.83,False,False,0.4811883568627595,48.11883568627595,48.12,False,False
expanded-v3-w4a4-22source-20261007,all12,kev-4b,Kev,W4A4,expanded-20261007-v3,kev-4b,s1q-local,S1Qv1,csqa,CommonsenseQA,standard_dataset,upstream_dataset_gold,128,128,0.265625,26.5625,26.56,False,False,0.4811883568627595,48.11883568627595,48.12,False,False
expanded-v3-w4a4-22source-20261007,all12,kev-4b,Kev,W4A4,expanded-20261007-v3,kev-4b,s1q-local,S1Qv1,emotion,Emotion,standard_dataset,upstream_dataset_gold,120,120,0.35833333333333334,35.833333333333336,35.83,False,False,0.4811883568627595,48.11883568627595,48.12,False,False
expanded-v3-w4a4-22source-20261007,all12,kev-4b,Kev,W4A4,expanded-20261007-v3,kev-4b,s1q-local,S1Qv1,imdb,IMDb,standard_dataset,upstream_dataset_gold,53,53,0.7169811320754716,71.69811320754717,71.70,False,False,0.4811883568627595,48.11883568627595,48.12,False,False
expanded-v3-w4a4-22source-20261007,all12,kev-4b,Kev,W4A4,expanded-20261007-v3,kev-4b,s1q-local,S1Qv1,jevbench,JevBench new eligible public tasks,authored_scenario_suite,authored_scenario_gold,48,48,0.7916666666666666,79.16666666666666,79.17,False,False,0.4811883568627595,48.11883568627595,48.12,False,False
expanded-v3-w4a4-22source-20261007,all12,kev-4b,Kev,W4A4,expanded-20261007-v3,kev-4b,s1q-local,S1Qv1,mmlu,MMLU,standard_dataset,upstream_dataset_gold,99,99,0.32323232323232326,32.323232323232325,32.32,False,False,0.4811883568627595,48.11883568627595,48.12,False,False
expanded-v3-w4a4-22source-20261007,all12,kev-4b,Kev,W4A4,expanded-20261007-v3,kev-4b,s1q-local,S1Qv1,mnli,MNLI,standard_dataset,upstream_dataset_gold,122,122,0.38524590163934425,38.52459016393443,38.52,False,False,0.4811883568627595,48.11883568627595,48.12,False,False
expanded-v3-w4a4-22source-20261007,all12,kev-4b,Kev,W4A4,expanded-20261007-v3,kev-4b,s1q-local,S1Qv1,openbookqa,OpenBookQA,standard_dataset,upstream_dataset_gold,128,128,0.28125,28.125,28.12,False,False,0.4811883568627595,48.11883568627595,48.12,False,False
expanded-v3-w4a4-22source-20261007,all12,kev-4b,Kev,W4A4,expanded-20261007-v3,kev-4b,s1q-local,S1Qv1,paws,PAWS,standard_dataset,upstream_dataset_gold,128,128,0.3671875,36.71875,36.72,False,False,0.4811883568627595,48.11883568627595,48.12,False,False
expanded-v3-w4a4-22source-20261007,all12,kev-4b,Kev,W4A4,expanded-20261007-v3,kev-4b,s1q-local,S1Qv1,qnli,QNLI,standard_dataset,upstream_dataset_gold,128,128,0.5546875,55.46875,55.47,False,False,0.4811883568627595,48.11883568627595,48.12,False,False
expanded-v3-w4a4-22source-20261007,all12,kev-4b,Kev,W4A4,expanded-20261007-v3,kev-4b,s1q-local,S1Qv1,sciq,SciQ,standard_dataset,upstream_dataset_gold,92,92,0.6630434782608695,66.30434782608695,66.30,False,False,0.4811883568627595,48.11883568627595,48.12,False,False
expanded-v3-w4a4-22source-20261007,all12,kev-4b,Kev,W4A4,expanded-20261007-v3,kev-4b,s1q-local,S1Qv1,semif,SemIf authored,authored_rule_suite,authored_scenario_gold,128,32,0.328125,32.8125,32.81,False,False,0.4811883568627595,48.11883568627595,48.12,False,False
expanded-v3-w4a4-22source-20261007,all12,kev-4b,Kev,W4A4,expanded-20261007-v3,kev-4b,s1q-local,S1Qv1,sst5,SST-5,standard_dataset,upstream_dataset_gold,128,128,0.3671875,36.71875,36.72,False,False,0.4811883568627595,48.11883568627595,48.12,False,False
expanded-v3-w4a4-22source-20261007,all12,kev-4b,Kev,W4A4,expanded-20261007-v3,kev-4b,s1q-local,S1Qv1,toolace,ToolACE tool-choice classification,domain_decision_suite,native_annotation,68,68,0.6029411764705882,60.29411764705882,60.29,False,False,0.4811883568627595,48.11883568627595,48.12,False,False
expanded-v3-w4a4-22source-20261007,all12,kev-4b,Kev,W4A4,expanded-20261007-v3,kev-4b,s1q-local,S1Qv1,trec,TREC,standard_dataset,upstream_dataset_gold,121,121,0.6776859504132231,67.76859504132231,67.77,False,False,0.4811883568627595,48.11883568627595,48.12,False,False
expanded-v3-w4a4-22source-20261007,all12,kev-4b,Kev,W4A4,expanded-20261007-v3,kev-4b,s1q-local,S1Qv1,tweet-offensive,TweetEval Offensive,standard_dataset,upstream_dataset_gold,128,128,0.6953125,69.53125,69.53,False,False,0.4811883568627595,48.11883568627595,48.12,False,False
expanded-v3-w4a4-22source-20261007,all12,kev-4b,Kev,W4A4,expanded-20261007-v3,kev-4b,s1q-local,S1Qv1,wanli,WANLI,standard_dataset,upstream_dataset_gold,256,256,0.375,37.5,37.50,False,False,0.4811883568627595,48.11883568627595,48.12,False,False
expanded-v3-w4a4-22source-20261007,all12,kev-4b,Kev,W4A4,expanded-20261007-v3,kev-4b,s1q-local,S1Qv1,wildjailbreak,WildJailBreak harmful/benign classification,domain_decision_suite,native_annotation,128,128,0.4140625,41.40625,41.41,False,False,0.4811883568627595,48.11883568627595,48.12,False,False
expanded-v3-w4a4-22source-20261007,all12,kev-4b,Kev,W4A4,expanded-20261007-v3,kev-4b,s1q-local,S1Qv1,yelp,Yelp,standard_dataset,upstream_dataset_gold,132,66,0.5,50.0,50.00,False,False,0.4811883568627595,48.11883568627595,48.12,False,False
expanded-v3-w4a4-22source-20261007,all12,kev-4b,Kev,W4A4,expanded-20261007-v3,kev-4b,s1q2-beta05,S1Qv2,agnews,AG News,standard_dataset,upstream_dataset_gold,360,120,0.75,75.0,75.00,False,False,0.5016968547756187,50.16968547756186,50.17,False,False
expanded-v3-w4a4-22source-20261007,all12,kev-4b,Kev,W4A4,expanded-20261007-v3,kev-4b,s1q2-beta05,S1Qv2,amazon,Amazon Reviews,standard_dataset,upstream_dataset_gold,128,128,0.4140625,41.40625,41.41,False,False,0.5016968547756187,50.16968547756186,50.17,False,False
expanded-v3-w4a4-22source-20261007,all12,kev-4b,Kev,W4A4,expanded-20261007-v3,kev-4b,s1q2-beta05,S1Qv2,arc,ARC,standard_dataset,upstream_dataset_gold,128,128,0.34375,34.375,34.38,False,False,0.5016968547756187,50.16968547756186,50.17,False,False
expanded-v3-w4a4-22source-20261007,all12,kev-4b,Kev,W4A4,expanded-20261007-v3,kev-4b,s1q2-beta05,S1Qv2,boolq,BoolQ,standard_dataset,upstream_dataset_gold,120,120,0.4666666666666667,46.666666666666664,46.67,False,False,0.5016968547756187,50.16968547756186,50.17,False,False
expanded-v3-w4a4-22source-20261007,all12,kev-4b,Kev,W4A4,expanded-20261007-v3,kev-4b,s1q2-beta05,S1Qv2,csqa,CommonsenseQA,standard_dataset,upstream_dataset_gold,128,128,0.3515625,35.15625,35.16,False,False,0.5016968547756187,50.16968547756186,50.17,False,False
expanded-v3-w4a4-22source-20261007,all12,kev-4b,Kev,W4A4,expanded-20261007-v3,kev-4b,s1q2-beta05,S1Qv2,emotion,Emotion,standard_dataset,upstream_dataset_gold,120,120,0.2916666666666667,29.166666666666668,29.17,False,False,0.5016968547756187,50.16968547756186,50.17,False,False
expanded-v3-w4a4-22source-20261007,all12,kev-4b,Kev,W4A4,expanded-20261007-v3,kev-4b,s1q2-beta05,S1Qv2,imdb,IMDb,standard_dataset,upstream_dataset_gold,53,53,0.7924528301886793,79.24528301886792,79.25,False,False,0.5016968547756187,50.16968547756186,50.17,False,False
expanded-v3-w4a4-22source-20261007,all12,kev-4b,Kev,W4A4,expanded-20261007-v3,kev-4b,s1q2-beta05,S1Qv2,jevbench,JevBench new eligible public tasks,authored_scenario_suite,authored_scenario_gold,48,48,0.7916666666666666,79.16666666666666,79.17,False,False,0.5016968547756187,50.16968547756186,50.17,False,False
expanded-v3-w4a4-22source-20261007,all12,kev-4b,Kev,W4A4,expanded-20261007-v3,kev-4b,s1q2-beta05,S1Qv2,mmlu,MMLU,standard_dataset,upstream_dataset_gold,99,99,0.41414141414141414,41.41414141414141,41.41,True,True,0.5016968547756187,50.16968547756186,50.17,False,False
expanded-v3-w4a4-22source-20261007,all12,kev-4b,Kev,W4A4,expanded-20261007-v3,kev-4b,s1q2-beta05,S1Qv2,mnli,MNLI,standard_dataset,upstream_dataset_gold,122,122,0.45081967213114754,45.08196721311475,45.08,False,False,0.5016968547756187,50.16968547756186,50.17,False,False
expanded-v3-w4a4-22source-20261007,all12,kev-4b,Kev,W4A4,expanded-20261007-v3,kev-4b,s1q2-beta05,S1Qv2,openbookqa,OpenBookQA,standard_dataset,upstream_dataset_gold,128,128,0.2578125,25.78125,25.78,False,False,0.5016968547756187,50.16968547756186,50.17,False,False
expanded-v3-w4a4-22source-20261007,all12,kev-4b,Kev,W4A4,expanded-20261007-v3,kev-4b,s1q2-beta05,S1Qv2,paws,PAWS,standard_dataset,upstream_dataset_gold,128,128,0.578125,57.8125,57.81,False,False,0.5016968547756187,50.16968547756186,50.17,False,False
expanded-v3-w4a4-22source-20261007,all12,kev-4b,Kev,W4A4,expanded-20261007-v3,kev-4b,s1q2-beta05,S1Qv2,qnli,QNLI,standard_dataset,upstream_dataset_gold,128,128,0.5859375,58.59375,58.59,False,False,0.5016968547756187,50.16968547756186,50.17,False,False
expanded-v3-w4a4-22source-20261007,all12,kev-4b,Kev,W4A4,expanded-20261007-v3,kev-4b,s1q2-beta05,S1Qv2,sciq,SciQ,standard_dataset,upstream_dataset_gold,92,92,0.6086956521739131,60.86956521739131,60.87,False,False,0.5016968547756187,50.16968547756186,50.17,False,False
expanded-v3-w4a4-22source-20261007,all12,kev-4b,Kev,W4A4,expanded-20261007-v3,kev-4b,s1q2-beta05,S1Qv2,semif,SemIf authored,authored_rule_suite,authored_scenario_gold,128,32,0.40625,40.625,40.62,False,False,0.5016968547756187,50.16968547756186,50.17,False,False
expanded-v3-w4a4-22source-20261007,all12,kev-4b,Kev,W4A4,expanded-20261007-v3,kev-4b,s1q2-beta05,S1Qv2,sst5,SST-5,standard_dataset,upstream_dataset_gold,128,128,0.328125,32.8125,32.81,False,False,0.5016968547756187,50.16968547756186,50.17,False,False
expanded-v3-w4a4-22source-20261007,all12,kev-4b,Kev,W4A4,expanded-20261007-v3,kev-4b,s1q2-beta05,S1Qv2,toolace,ToolACE tool-choice classification,domain_decision_suite,native_annotation,68,68,0.6911764705882353,69.11764705882352,69.12,False,False,0.5016968547756187,50.16968547756186,50.17,False,False
expanded-v3-w4a4-22source-20261007,all12,kev-4b,Kev,W4A4,expanded-20261007-v3,kev-4b,s1q2-beta05,S1Qv2,trec,TREC,standard_dataset,upstream_dataset_gold,121,121,0.5537190082644629,55.371900826446286,55.37,False,False,0.5016968547756187,50.16968547756186,50.17,False,False
expanded-v3-w4a4-22source-20261007,all12,kev-4b,Kev,W4A4,expanded-20261007-v3,kev-4b,s1q2-beta05,S1Qv2,tweet-offensive,TweetEval Offensive,standard_dataset,upstream_dataset_gold,128,128,0.7734375,77.34375,77.34,True,True,0.5016968547756187,50.16968547756186,50.17,False,False
expanded-v3-w4a4-22source-20261007,all12,kev-4b,Kev,W4A4,expanded-20261007-v3,kev-4b,s1q2-beta05,S1Qv2,wanli,WANLI,standard_dataset,upstream_dataset_gold,256,256,0.328125,32.8125,32.81,False,False,0.5016968547756187,50.16968547756186,50.17,False,False
expanded-v3-w4a4-22source-20261007,all12,kev-4b,Kev,W4A4,expanded-20261007-v3,kev-4b,s1q2-beta05,S1Qv2,wildjailbreak,WildJailBreak harmful/benign classification,domain_decision_suite,native_annotation,128,128,0.3515625,35.15625,35.16,False,False,0.5016968547756187,50.16968547756186,50.17,False,False
expanded-v3-w4a4-22source-20261007,all12,kev-4b,Kev,W4A4,expanded-20261007-v3,kev-4b,s1q2-beta05,S1Qv2,yelp,Yelp,standard_dataset,upstream_dataset_gold,132,66,0.5075757575757576,50.75757575757576,50.76,False,False,0.5016968547756187,50.16968547756186,50.17,False,False
expanded-v3-w4a4-22source-20261007,all12,kev-4b,Kev,W4A4,expanded-20261007-v3,kev-4b,smoothquant-adapted,SmoothQuant*,agnews,AG News,standard_dataset,upstream_dataset_gold,360,120,0.4444444444444444,44.44444444444444,44.44,False,False,0.3674502170142003,36.74502170142003,36.75,False,False
expanded-v3-w4a4-22source-20261007,all12,kev-4b,Kev,W4A4,expanded-20261007-v3,kev-4b,smoothquant-adapted,SmoothQuant*,amazon,Amazon Reviews,standard_dataset,upstream_dataset_gold,128,128,0.25,25.0,25.00,False,False,0.3674502170142003,36.74502170142003,36.75,False,False
expanded-v3-w4a4-22source-20261007,all12,kev-4b,Kev,W4A4,expanded-20261007-v3,kev-4b,smoothquant-adapted,SmoothQuant*,arc,ARC,standard_dataset,upstream_dataset_gold,128,128,0.28125,28.125,28.12,False,False,0.3674502170142003,36.74502170142003,36.75,False,False
expanded-v3-w4a4-22source-20261007,all12,kev-4b,Kev,W4A4,expanded-20261007-v3,kev-4b,smoothquant-adapted,SmoothQuant*,boolq,BoolQ,standard_dataset,upstream_dataset_gold,120,120,0.44166666666666665,44.166666666666664,44.17,False,False,0.3674502170142003,36.74502170142003,36.75,False,False
expanded-v3-w4a4-22source-20261007,all12,kev-4b,Kev,W4A4,expanded-20261007-v3,kev-4b,smoothquant-adapted,SmoothQuant*,csqa,CommonsenseQA,standard_dataset,upstream_dataset_gold,128,128,0.2265625,22.65625,22.66,False,False,0.3674502170142003,36.74502170142003,36.75,False,False
expanded-v3-w4a4-22source-20261007,all12,kev-4b,Kev,W4A4,expanded-20261007-v3,kev-4b,smoothquant-adapted,SmoothQuant*,emotion,Emotion,standard_dataset,upstream_dataset_gold,120,120,0.23333333333333334,23.333333333333332,23.33,False,False,0.3674502170142003,36.74502170142003,36.75,False,False
expanded-v3-w4a4-22source-20261007,all12,kev-4b,Kev,W4A4,expanded-20261007-v3,kev-4b,smoothquant-adapted,SmoothQuant*,imdb,IMDb,standard_dataset,upstream_dataset_gold,53,53,0.5660377358490566,56.60377358490566,56.60,False,False,0.3674502170142003,36.74502170142003,36.75,False,False
expanded-v3-w4a4-22source-20261007,all12,kev-4b,Kev,W4A4,expanded-20261007-v3,kev-4b,smoothquant-adapted,SmoothQuant*,jevbench,JevBench new eligible public tasks,authored_scenario_suite,authored_scenario_gold,48,48,0.4166666666666667,41.66666666666667,41.67,False,False,0.3674502170142003,36.74502170142003,36.75,False,False
expanded-v3-w4a4-22source-20261007,all12,kev-4b,Kev,W4A4,expanded-20261007-v3,kev-4b,smoothquant-adapted,SmoothQuant*,mmlu,MMLU,standard_dataset,upstream_dataset_gold,99,99,0.24242424242424243,24.242424242424242,24.24,False,False,0.3674502170142003,36.74502170142003,36.75,False,False
expanded-v3-w4a4-22source-20261007,all12,kev-4b,Kev,W4A4,expanded-20261007-v3,kev-4b,smoothquant-adapted,SmoothQuant*,mnli,MNLI,standard_dataset,upstream_dataset_gold,122,122,0.4262295081967213,42.62295081967213,42.62,False,False,0.3674502170142003,36.74502170142003,36.75,False,False
expanded-v3-w4a4-22source-20261007,all12,kev-4b,Kev,W4A4,expanded-20261007-v3,kev-4b,smoothquant-adapted,SmoothQuant*,openbookqa,OpenBookQA,standard_dataset,upstream_dataset_gold,128,128,0.2734375,27.34375,27.34,False,False,0.3674502170142003,36.74502170142003,36.75,False,False
expanded-v3-w4a4-22source-20261007,all12,kev-4b,Kev,W4A4,expanded-20261007-v3,kev-4b,smoothquant-adapted,SmoothQuant*,paws,PAWS,standard_dataset,upstream_dataset_gold,128,128,0.4453125,44.53125,44.53,False,False,0.3674502170142003,36.74502170142003,36.75,False,False
expanded-v3-w4a4-22source-20261007,all12,kev-4b,Kev,W4A4,expanded-20261007-v3,kev-4b,smoothquant-adapted,SmoothQuant*,qnli,QNLI,standard_dataset,upstream_dataset_gold,128,128,0.5546875,55.46875,55.47,False,False,0.3674502170142003,36.74502170142003,36.75,False,False
expanded-v3-w4a4-22source-20261007,all12,kev-4b,Kev,W4A4,expanded-20261007-v3,kev-4b,smoothquant-adapted,SmoothQuant*,sciq,SciQ,standard_dataset,upstream_dataset_gold,92,92,0.34782608695652173,34.78260869565217,34.78,False,False,0.3674502170142003,36.74502170142003,36.75,False,False
expanded-v3-w4a4-22source-20261007,all12,kev-4b,Kev,W4A4,expanded-20261007-v3,kev-4b,smoothquant-adapted,SmoothQuant*,semif,SemIf authored,authored_rule_suite,authored_scenario_gold,128,32,0.375,37.5,37.50,False,False,0.3674502170142003,36.74502170142003,36.75,False,False
expanded-v3-w4a4-22source-20261007,all12,kev-4b,Kev,W4A4,expanded-20261007-v3,kev-4b,smoothquant-adapted,SmoothQuant*,sst5,SST-5,standard_dataset,upstream_dataset_gold,128,128,0.2265625,22.65625,22.66,False,False,0.3674502170142003,36.74502170142003,36.75,False,False
expanded-v3-w4a4-22source-20261007,all12,kev-4b,Kev,W4A4,expanded-20261007-v3,kev-4b,smoothquant-adapted,SmoothQuant*,toolace,ToolACE tool-choice classification,domain_decision_suite,native_annotation,68,68,0.5294117647058824,52.94117647058824,52.94,False,False,0.3674502170142003,36.74502170142003,36.75,False,False
expanded-v3-w4a4-22source-20261007,all12,kev-4b,Kev,W4A4,expanded-20261007-v3,kev-4b,smoothquant-adapted,SmoothQuant*,trec,TREC,standard_dataset,upstream_dataset_gold,121,121,0.17355371900826447,17.355371900826448,17.36,False,False,0.3674502170142003,36.74502170142003,36.75,False,False
expanded-v3-w4a4-22source-20261007,all12,kev-4b,Kev,W4A4,expanded-20261007-v3,kev-4b,smoothquant-adapted,SmoothQuant*,tweet-offensive,TweetEval Offensive,standard_dataset,upstream_dataset_gold,128,128,0.4296875,42.96875,42.97,False,False,0.3674502170142003,36.74502170142003,36.75,False,False
expanded-v3-w4a4-22source-20261007,all12,kev-4b,Kev,W4A4,expanded-20261007-v3,kev-4b,smoothquant-adapted,SmoothQuant*,wanli,WANLI,standard_dataset,upstream_dataset_gold,256,256,0.328125,32.8125,32.81,False,False,0.3674502170142003,36.74502170142003,36.75,False,False
expanded-v3-w4a4-22source-20261007,all12,kev-4b,Kev,W4A4,expanded-20261007-v3,kev-4b,smoothquant-adapted,SmoothQuant*,wildjailbreak,WildJailBreak harmful/benign classification,domain_decision_suite,native_annotation,128,128,0.515625,51.5625,51.56,False,False,0.3674502170142003,36.74502170142003,36.75,False,False
expanded-v3-w4a4-22source-20261007,all12,kev-4b,Kev,W4A4,expanded-20261007-v3,kev-4b,smoothquant-adapted,SmoothQuant*,yelp,Yelp,standard_dataset,upstream_dataset_gold,132,66,0.3560606060606061,35.60606060606061,35.61,False,False,0.3674502170142003,36.74502170142003,36.75,False,False
expanded-v3-w4a4-22source-20261007,all12,kev-4b,Kev,W4A4,expanded-20261007-v3,kev-4b,awq-adapted,AWQ*,agnews,AG News,standard_dataset,upstream_dataset_gold,360,120,0.7722222222222223,77.22222222222223,77.22,False,False,0.499336425375516,49.9336425375516,49.93,False,False
expanded-v3-w4a4-22source-20261007,all12,kev-4b,Kev,W4A4,expanded-20261007-v3,kev-4b,awq-adapted,AWQ*,amazon,Amazon Reviews,standard_dataset,upstream_dataset_gold,128,128,0.3515625,35.15625,35.16,False,False,0.499336425375516,49.9336425375516,49.93,False,False
expanded-v3-w4a4-22source-20261007,all12,kev-4b,Kev,W4A4,expanded-20261007-v3,kev-4b,awq-adapted,AWQ*,arc,ARC,standard_dataset,upstream_dataset_gold,128,128,0.2734375,27.34375,27.34,False,False,0.499336425375516,49.9336425375516,49.93,False,False
expanded-v3-w4a4-22source-20261007,all12,kev-4b,Kev,W4A4,expanded-20261007-v3,kev-4b,awq-adapted,AWQ*,boolq,BoolQ,standard_dataset,upstream_dataset_gold,120,120,0.5833333333333334,58.333333333333336,58.33,False,False,0.499336425375516,49.9336425375516,49.93,False,False
expanded-v3-w4a4-22source-20261007,all12,kev-4b,Kev,W4A4,expanded-20261007-v3,kev-4b,awq-adapted,AWQ*,csqa,CommonsenseQA,standard_dataset,upstream_dataset_gold,128,128,0.296875,29.6875,29.69,False,False,0.499336425375516,49.9336425375516,49.93,False,False
expanded-v3-w4a4-22source-20261007,all12,kev-4b,Kev,W4A4,expanded-20261007-v3,kev-4b,awq-adapted,AWQ*,emotion,Emotion,standard_dataset,upstream_dataset_gold,120,120,0.3416666666666667,34.166666666666664,34.17,False,False,0.499336425375516,49.9336425375516,49.93,False,False
expanded-v3-w4a4-22source-20261007,all12,kev-4b,Kev,W4A4,expanded-20261007-v3,kev-4b,awq-adapted,AWQ*,imdb,IMDb,standard_dataset,upstream_dataset_gold,53,53,0.7924528301886793,79.24528301886792,79.25,False,False,0.499336425375516,49.9336425375516,49.93,False,False
expanded-v3-w4a4-22source-20261007,all12,kev-4b,Kev,W4A4,expanded-20261007-v3,kev-4b,awq-adapted,AWQ*,jevbench,JevBench new eligible public tasks,authored_scenario_suite,authored_scenario_gold,48,48,0.875,87.5,87.50,False,False,0.499336425375516,49.9336425375516,49.93,False,False
expanded-v3-w4a4-22source-20261007,all12,kev-4b,Kev,W4A4,expanded-20261007-v3,kev-4b,awq-adapted,AWQ*,mmlu,MMLU,standard_dataset,upstream_dataset_gold,99,99,0.23232323232323232,23.232323232323232,23.23,False,False,0.499336425375516,49.9336425375516,49.93,False,False
expanded-v3-w4a4-22source-20261007,all12,kev-4b,Kev,W4A4,expanded-20261007-v3,kev-4b,awq-adapted,AWQ*,mnli,MNLI,standard_dataset,upstream_dataset_gold,122,122,0.4426229508196721,44.26229508196721,44.26,False,False,0.499336425375516,49.9336425375516,49.93,False,False
expanded-v3-w4a4-22source-20261007,all12,kev-4b,Kev,W4A4,expanded-20261007-v3,kev-4b,awq-adapted,AWQ*,openbookqa,OpenBookQA,standard_dataset,upstream_dataset_gold,128,128,0.3359375,33.59375,33.59,False,False,0.499336425375516,49.9336425375516,49.93,False,False
expanded-v3-w4a4-22source-20261007,all12,kev-4b,Kev,W4A4,expanded-20261007-v3,kev-4b,awq-adapted,AWQ*,paws,PAWS,standard_dataset,upstream_dataset_gold,128,128,0.4921875,49.21875,49.22,False,False,0.499336425375516,49.9336425375516,49.93,False,False
expanded-v3-w4a4-22source-20261007,all12,kev-4b,Kev,W4A4,expanded-20261007-v3,kev-4b,awq-adapted,AWQ*,qnli,QNLI,standard_dataset,upstream_dataset_gold,128,128,0.53125,53.125,53.12,False,False,0.499336425375516,49.9336425375516,49.93,False,False
expanded-v3-w4a4-22source-20261007,all12,kev-4b,Kev,W4A4,expanded-20261007-v3,kev-4b,awq-adapted,AWQ*,sciq,SciQ,standard_dataset,upstream_dataset_gold,92,92,0.6304347826086957,63.04347826086957,63.04,False,False,0.499336425375516,49.9336425375516,49.93,False,False
expanded-v3-w4a4-22source-20261007,all12,kev-4b,Kev,W4A4,expanded-20261007-v3,kev-4b,awq-adapted,AWQ*,semif,SemIf authored,authored_rule_suite,authored_scenario_gold,128,32,0.359375,35.9375,35.94,False,False,0.499336425375516,49.9336425375516,49.93,False,False
expanded-v3-w4a4-22source-20261007,all12,kev-4b,Kev,W4A4,expanded-20261007-v3,kev-4b,awq-adapted,AWQ*,sst5,SST-5,standard_dataset,upstream_dataset_gold,128,128,0.328125,32.8125,32.81,False,False,0.499336425375516,49.9336425375516,49.93,False,False
expanded-v3-w4a4-22source-20261007,all12,kev-4b,Kev,W4A4,expanded-20261007-v3,kev-4b,awq-adapted,AWQ*,toolace,ToolACE tool-choice classification,domain_decision_suite,native_annotation,68,68,0.7352941176470589,73.52941176470588,73.53,False,False,0.499336425375516,49.9336425375516,49.93,False,False
expanded-v3-w4a4-22source-20261007,all12,kev-4b,Kev,W4A4,expanded-20261007-v3,kev-4b,awq-adapted,AWQ*,trec,TREC,standard_dataset,upstream_dataset_gold,121,121,0.5785123966942148,57.85123966942148,57.85,False,False,0.499336425375516,49.9336425375516,49.93,False,False
expanded-v3-w4a4-22source-20261007,all12,kev-4b,Kev,W4A4,expanded-20261007-v3,kev-4b,awq-adapted,AWQ*,tweet-offensive,TweetEval Offensive,standard_dataset,upstream_dataset_gold,128,128,0.734375,73.4375,73.44,False,False,0.499336425375516,49.9336425375516,49.93,False,False
expanded-v3-w4a4-22source-20261007,all12,kev-4b,Kev,W4A4,expanded-20261007-v3,kev-4b,awq-adapted,AWQ*,wanli,WANLI,standard_dataset,upstream_dataset_gold,256,256,0.37109375,37.109375,37.11,False,False,0.499336425375516,49.9336425375516,49.93,False,False
expanded-v3-w4a4-22source-20261007,all12,kev-4b,Kev,W4A4,expanded-20261007-v3,kev-4b,awq-adapted,AWQ*,wildjailbreak,WildJailBreak harmful/benign classification,domain_decision_suite,native_annotation,128,128,0.3515625,35.15625,35.16,False,False,0.499336425375516,49.9336425375516,49.93,False,False
expanded-v3-w4a4-22source-20261007,all12,kev-4b,Kev,W4A4,expanded-20261007-v3,kev-4b,awq-adapted,AWQ*,yelp,Yelp,standard_dataset,upstream_dataset_gold,132,66,0.5757575757575758,57.57575757575758,57.58,False,False,0.499336425375516,49.9336425375516,49.93,False,False
expanded-v3-w4a4-22source-20261007,all12,kev-4b,Kev,W4A4,expanded-20261007-v3,kev-4b,gptq-blockdiag-adapted,GPTQ-block*,agnews,AG News,standard_dataset,upstream_dataset_gold,360,120,0.3972222222222222,39.72222222222222,39.72,False,False,0.3345448455841635,33.45448455841635,33.45,False,False
expanded-v3-w4a4-22source-20261007,all12,kev-4b,Kev,W4A4,expanded-20261007-v3,kev-4b,gptq-blockdiag-adapted,GPTQ-block*,amazon,Amazon Reviews,standard_dataset,upstream_dataset_gold,128,128,0.2109375,21.09375,21.09,False,False,0.3345448455841635,33.45448455841635,33.45,False,False
expanded-v3-w4a4-22source-20261007,all12,kev-4b,Kev,W4A4,expanded-20261007-v3,kev-4b,gptq-blockdiag-adapted,GPTQ-block*,arc,ARC,standard_dataset,upstream_dataset_gold,128,128,0.234375,23.4375,23.44,False,False,0.3345448455841635,33.45448455841635,33.45,False,False
expanded-v3-w4a4-22source-20261007,all12,kev-4b,Kev,W4A4,expanded-20261007-v3,kev-4b,gptq-blockdiag-adapted,GPTQ-block*,boolq,BoolQ,standard_dataset,upstream_dataset_gold,120,120,0.575,57.49999999999999,57.50,False,False,0.3345448455841635,33.45448455841635,33.45,False,False
expanded-v3-w4a4-22source-20261007,all12,kev-4b,Kev,W4A4,expanded-20261007-v3,kev-4b,gptq-blockdiag-adapted,GPTQ-block*,csqa,CommonsenseQA,standard_dataset,upstream_dataset_gold,128,128,0.1953125,19.53125,19.53,False,False,0.3345448455841635,33.45448455841635,33.45,False,False
expanded-v3-w4a4-22source-20261007,all12,kev-4b,Kev,W4A4,expanded-20261007-v3,kev-4b,gptq-blockdiag-adapted,GPTQ-block*,emotion,Emotion,standard_dataset,upstream_dataset_gold,120,120,0.08333333333333333,8.333333333333332,8.33,False,False,0.3345448455841635,33.45448455841635,33.45,False,False
expanded-v3-w4a4-22source-20261007,all12,kev-4b,Kev,W4A4,expanded-20261007-v3,kev-4b,gptq-blockdiag-adapted,GPTQ-block*,imdb,IMDb,standard_dataset,upstream_dataset_gold,53,53,0.4716981132075472,47.16981132075472,47.17,False,False,0.3345448455841635,33.45448455841635,33.45,False,False
expanded-v3-w4a4-22source-20261007,all12,kev-4b,Kev,W4A4,expanded-20261007-v3,kev-4b,gptq-blockdiag-adapted,GPTQ-block*,jevbench,JevBench new eligible public tasks,authored_scenario_suite,authored_scenario_gold,48,48,0.3333333333333333,33.33333333333333,33.33,False,False,0.3345448455841635,33.45448455841635,33.45,False,False
expanded-v3-w4a4-22source-20261007,all12,kev-4b,Kev,W4A4,expanded-20261007-v3,kev-4b,gptq-blockdiag-adapted,GPTQ-block*,mmlu,MMLU,standard_dataset,upstream_dataset_gold,99,99,0.25252525252525254,25.252525252525253,25.25,False,False,0.3345448455841635,33.45448455841635,33.45,False,False
expanded-v3-w4a4-22source-20261007,all12,kev-4b,Kev,W4A4,expanded-20261007-v3,kev-4b,gptq-blockdiag-adapted,GPTQ-block*,mnli,MNLI,standard_dataset,upstream_dataset_gold,122,122,0.32786885245901637,32.78688524590164,32.79,False,False,0.3345448455841635,33.45448455841635,33.45,False,False
expanded-v3-w4a4-22source-20261007,all12,kev-4b,Kev,W4A4,expanded-20261007-v3,kev-4b,gptq-blockdiag-adapted,GPTQ-block*,openbookqa,OpenBookQA,standard_dataset,upstream_dataset_gold,128,128,0.2109375,21.09375,21.09,False,False,0.3345448455841635,33.45448455841635,33.45,False,False
expanded-v3-w4a4-22source-20261007,all12,kev-4b,Kev,W4A4,expanded-20261007-v3,kev-4b,gptq-blockdiag-adapted,GPTQ-block*,paws,PAWS,standard_dataset,upstream_dataset_gold,128,128,0.4609375,46.09375,46.09,False,False,0.3345448455841635,33.45448455841635,33.45,False,False
expanded-v3-w4a4-22source-20261007,all12,kev-4b,Kev,W4A4,expanded-20261007-v3,kev-4b,gptq-blockdiag-adapted,GPTQ-block*,qnli,QNLI,standard_dataset,upstream_dataset_gold,128,128,0.40625,40.625,40.62,False,False,0.3345448455841635,33.45448455841635,33.45,False,False
expanded-v3-w4a4-22source-20261007,all12,kev-4b,Kev,W4A4,expanded-20261007-v3,kev-4b,gptq-blockdiag-adapted,GPTQ-block*,sciq,SciQ,standard_dataset,upstream_dataset_gold,92,92,0.33695652173913043,33.69565217391305,33.70,False,False,0.3345448455841635,33.45448455841635,33.45,False,False
expanded-v3-w4a4-22source-20261007,all12,kev-4b,Kev,W4A4,expanded-20261007-v3,kev-4b,gptq-blockdiag-adapted,GPTQ-block*,semif,SemIf authored,authored_rule_suite,authored_scenario_gold,128,32,0.375,37.5,37.50,False,False,0.3345448455841635,33.45448455841635,33.45,False,False
expanded-v3-w4a4-22source-20261007,all12,kev-4b,Kev,W4A4,expanded-20261007-v3,kev-4b,gptq-blockdiag-adapted,GPTQ-block*,sst5,SST-5,standard_dataset,upstream_dataset_gold,128,128,0.2578125,25.78125,25.78,False,False,0.3345448455841635,33.45448455841635,33.45,False,False
expanded-v3-w4a4-22source-20261007,all12,kev-4b,Kev,W4A4,expanded-20261007-v3,kev-4b,gptq-blockdiag-adapted,GPTQ-block*,toolace,ToolACE tool-choice classification,domain_decision_suite,native_annotation,68,68,0.4411764705882353,44.11764705882353,44.12,False,False,0.3345448455841635,33.45448455841635,33.45,False,False
expanded-v3-w4a4-22source-20261007,all12,kev-4b,Kev,W4A4,expanded-20261007-v3,kev-4b,gptq-blockdiag-adapted,GPTQ-block*,trec,TREC,standard_dataset,upstream_dataset_gold,121,121,0.1322314049586777,13.223140495867769,13.22,False,False,0.3345448455841635,33.45448455841635,33.45,False,False
expanded-v3-w4a4-22source-20261007,all12,kev-4b,Kev,W4A4,expanded-20261007-v3,kev-4b,gptq-blockdiag-adapted,GPTQ-block*,tweet-offensive,TweetEval Offensive,standard_dataset,upstream_dataset_gold,128,128,0.515625,51.5625,51.56,False,False,0.3345448455841635,33.45448455841635,33.45,False,False
expanded-v3-w4a4-22source-20261007,all12,kev-4b,Kev,W4A4,expanded-20261007-v3,kev-4b,gptq-blockdiag-adapted,GPTQ-block*,wanli,WANLI,standard_dataset,upstream_dataset_gold,256,256,0.31640625,31.640625,31.64,False,False,0.3345448455841635,33.45448455841635,33.45,False,False
expanded-v3-w4a4-22source-20261007,all12,kev-4b,Kev,W4A4,expanded-20261007-v3,kev-4b,gptq-blockdiag-adapted,GPTQ-block*,wildjailbreak,WildJailBreak harmful/benign classification,domain_decision_suite,native_annotation,128,128,0.4765625,47.65625,47.66,False,False,0.3345448455841635,33.45448455841635,33.45,False,False
expanded-v3-w4a4-22source-20261007,all12,kev-4b,Kev,W4A4,expanded-20261007-v3,kev-4b,gptq-blockdiag-adapted,GPTQ-block*,yelp,Yelp,standard_dataset,upstream_dataset_gold,132,66,0.3484848484848485,34.84848484848485,34.85,False,False,0.3345448455841635,33.45448455841635,33.45,False,False
expanded-v3-w4a4-22source-20261007,all12,kev-4b,Kev,W4A4,expanded-20261007-v3,kev-4b,spinquant-nohad-adapted,SpinQuant no-Had*,agnews,AG News,standard_dataset,upstream_dataset_gold,360,120,0.44166666666666665,44.166666666666664,44.17,False,False,0.3223717696180439,32.237176961804394,32.24,False,False
expanded-v3-w4a4-22source-20261007,all12,kev-4b,Kev,W4A4,expanded-20261007-v3,kev-4b,spinquant-nohad-adapted,SpinQuant no-Had*,amazon,Amazon Reviews,standard_dataset,upstream_dataset_gold,128,128,0.234375,23.4375,23.44,False,False,0.3223717696180439,32.237176961804394,32.24,False,False
expanded-v3-w4a4-22source-20261007,all12,kev-4b,Kev,W4A4,expanded-20261007-v3,kev-4b,spinquant-nohad-adapted,SpinQuant no-Had*,arc,ARC,standard_dataset,upstream_dataset_gold,128,128,0.25,25.0,25.00,False,False,0.3223717696180439,32.237176961804394,32.24,False,False
expanded-v3-w4a4-22source-20261007,all12,kev-4b,Kev,W4A4,expanded-20261007-v3,kev-4b,spinquant-nohad-adapted,SpinQuant no-Had*,boolq,BoolQ,standard_dataset,upstream_dataset_gold,120,120,0.475,47.5,47.50,False,False,0.3223717696180439,32.237176961804394,32.24,False,False
expanded-v3-w4a4-22source-20261007,all12,kev-4b,Kev,W4A4,expanded-20261007-v3,kev-4b,spinquant-nohad-adapted,SpinQuant no-Had*,csqa,CommonsenseQA,standard_dataset,upstream_dataset_gold,128,128,0.203125,20.3125,20.31,False,False,0.3223717696180439,32.237176961804394,32.24,False,False
expanded-v3-w4a4-22source-20261007,all12,kev-4b,Kev,W4A4,expanded-20261007-v3,kev-4b,spinquant-nohad-adapted,SpinQuant no-Had*,emotion,Emotion,standard_dataset,upstream_dataset_gold,120,120,0.15,15.0,15.00,False,False,0.3223717696180439,32.237176961804394,32.24,False,False
expanded-v3-w4a4-22source-20261007,all12,kev-4b,Kev,W4A4,expanded-20261007-v3,kev-4b,spinquant-nohad-adapted,SpinQuant no-Had*,imdb,IMDb,standard_dataset,upstream_dataset_gold,53,53,0.5283018867924528,52.83018867924528,52.83,False,False,0.3223717696180439,32.237176961804394,32.24,False,False
expanded-v3-w4a4-22source-20261007,all12,kev-4b,Kev,W4A4,expanded-20261007-v3,kev-4b,spinquant-nohad-adapted,SpinQuant no-Had*,jevbench,JevBench new eligible public tasks,authored_scenario_suite,authored_scenario_gold,48,48,0.1875,18.75,18.75,False,False,0.3223717696180439,32.237176961804394,32.24,False,False
expanded-v3-w4a4-22source-20261007,all12,kev-4b,Kev,W4A4,expanded-20261007-v3,kev-4b,spinquant-nohad-adapted,SpinQuant no-Had*,mmlu,MMLU,standard_dataset,upstream_dataset_gold,99,99,0.26262626262626265,26.262626262626267,26.26,False,False,0.3223717696180439,32.237176961804394,32.24,False,False
expanded-v3-w4a4-22source-20261007,all12,kev-4b,Kev,W4A4,expanded-20261007-v3,kev-4b,spinquant-nohad-adapted,SpinQuant no-Had*,mnli,MNLI,standard_dataset,upstream_dataset_gold,122,122,0.2786885245901639,27.86885245901639,27.87,False,False,0.3223717696180439,32.237176961804394,32.24,False,False
expanded-v3-w4a4-22source-20261007,all12,kev-4b,Kev,W4A4,expanded-20261007-v3,kev-4b,spinquant-nohad-adapted,SpinQuant no-Had*,openbookqa,OpenBookQA,standard_dataset,upstream_dataset_gold,128,128,0.3046875,30.46875,30.47,False,False,0.3223717696180439,32.237176961804394,32.24,False,False
expanded-v3-w4a4-22source-20261007,all12,kev-4b,Kev,W4A4,expanded-20261007-v3,kev-4b,spinquant-nohad-adapted,SpinQuant no-Had*,paws,PAWS,standard_dataset,upstream_dataset_gold,128,128,0.4453125,44.53125,44.53,False,False,0.3223717696180439,32.237176961804394,32.24,False,False
expanded-v3-w4a4-22source-20261007,all12,kev-4b,Kev,W4A4,expanded-20261007-v3,kev-4b,spinquant-nohad-adapted,SpinQuant no-Had*,qnli,QNLI,standard_dataset,upstream_dataset_gold,128,128,0.46875,46.875,46.88,False,False,0.3223717696180439,32.237176961804394,32.24,False,False
expanded-v3-w4a4-22source-20261007,all12,kev-4b,Kev,W4A4,expanded-20261007-v3,kev-4b,spinquant-nohad-adapted,SpinQuant no-Had*,sciq,SciQ,standard_dataset,upstream_dataset_gold,92,92,0.29347826086956524,29.347826086956523,29.35,False,False,0.3223717696180439,32.237176961804394,32.24,False,False
expanded-v3-w4a4-22source-20261007,all12,kev-4b,Kev,W4A4,expanded-20261007-v3,kev-4b,spinquant-nohad-adapted,SpinQuant no-Had*,semif,SemIf authored,authored_rule_suite,authored_scenario_gold,128,32,0.3515625,35.15625,35.16,False,False,0.3223717696180439,32.237176961804394,32.24,False,False
expanded-v3-w4a4-22source-20261007,all12,kev-4b,Kev,W4A4,expanded-20261007-v3,kev-4b,spinquant-nohad-adapted,SpinQuant no-Had*,sst5,SST-5,standard_dataset,upstream_dataset_gold,128,128,0.15625,15.625,15.62,False,False,0.3223717696180439,32.237176961804394,32.24,False,False
expanded-v3-w4a4-22source-20261007,all12,kev-4b,Kev,W4A4,expanded-20261007-v3,kev-4b,spinquant-nohad-adapted,SpinQuant no-Had*,toolace,ToolACE tool-choice classification,domain_decision_suite,native_annotation,68,68,0.35294117647058826,35.294117647058826,35.29,False,False,0.3223717696180439,32.237176961804394,32.24,False,False
expanded-v3-w4a4-22source-20261007,all12,kev-4b,Kev,W4A4,expanded-20261007-v3,kev-4b,spinquant-nohad-adapted,SpinQuant no-Had*,trec,TREC,standard_dataset,upstream_dataset_gold,121,121,0.2066115702479339,20.66115702479339,20.66,False,False,0.3223717696180439,32.237176961804394,32.24,False,False
expanded-v3-w4a4-22source-20261007,all12,kev-4b,Kev,W4A4,expanded-20261007-v3,kev-4b,spinquant-nohad-adapted,SpinQuant no-Had*,tweet-offensive,TweetEval Offensive,standard_dataset,upstream_dataset_gold,128,128,0.4609375,46.09375,46.09,False,False,0.3223717696180439,32.237176961804394,32.24,False,False
expanded-v3-w4a4-22source-20261007,all12,kev-4b,Kev,W4A4,expanded-20261007-v3,kev-4b,spinquant-nohad-adapted,SpinQuant no-Had*,wanli,WANLI,standard_dataset,upstream_dataset_gold,256,256,0.31640625,31.640625,31.64,False,False,0.3223717696180439,32.237176961804394,32.24,False,False
expanded-v3-w4a4-22source-20261007,all12,kev-4b,Kev,W4A4,expanded-20261007-v3,kev-4b,spinquant-nohad-adapted,SpinQuant no-Had*,wildjailbreak,WildJailBreak harmful/benign classification,domain_decision_suite,native_annotation,128,128,0.390625,39.0625,39.06,False,False,0.3223717696180439,32.237176961804394,32.24,False,False
expanded-v3-w4a4-22source-20261007,all12,kev-4b,Kev,W4A4,expanded-20261007-v3,kev-4b,spinquant-nohad-adapted,SpinQuant no-Had*,yelp,Yelp,standard_dataset,upstream_dataset_gold,132,66,0.3333333333333333,33.33333333333333,33.33,False,False,0.3223717696180439,32.237176961804394,32.24,False,False
expanded-v3-w4a4-22source-20261007,all12,kev-4b,Kev,W4A4,expanded-20261007-v3,kev-4b,spinquant-had-adapted,SpinQuant Had*,agnews,AG News,standard_dataset,upstream_dataset_gold,360,120,0.49166666666666664,49.166666666666664,49.17,False,False,0.38620939338037386,38.62093933803739,38.62,False,False
expanded-v3-w4a4-22source-20261007,all12,kev-4b,Kev,W4A4,expanded-20261007-v3,kev-4b,spinquant-had-adapted,SpinQuant Had*,amazon,Amazon Reviews,standard_dataset,upstream_dataset_gold,128,128,0.2109375,21.09375,21.09,False,False,0.38620939338037386,38.62093933803739,38.62,False,False
expanded-v3-w4a4-22source-20261007,all12,kev-4b,Kev,W4A4,expanded-20261007-v3,kev-4b,spinquant-had-adapted,SpinQuant Had*,arc,ARC,standard_dataset,upstream_dataset_gold,128,128,0.203125,20.3125,20.31,False,False,0.38620939338037386,38.62093933803739,38.62,False,False
expanded-v3-w4a4-22source-20261007,all12,kev-4b,Kev,W4A4,expanded-20261007-v3,kev-4b,spinquant-had-adapted,SpinQuant Had*,boolq,BoolQ,standard_dataset,upstream_dataset_gold,120,120,0.48333333333333334,48.333333333333336,48.33,False,False,0.38620939338037386,38.62093933803739,38.62,False,False
expanded-v3-w4a4-22source-20261007,all12,kev-4b,Kev,W4A4,expanded-20261007-v3,kev-4b,spinquant-had-adapted,SpinQuant Had*,csqa,CommonsenseQA,standard_dataset,upstream_dataset_gold,128,128,0.25,25.0,25.00,False,False,0.38620939338037386,38.62093933803739,38.62,False,False
expanded-v3-w4a4-22source-20261007,all12,kev-4b,Kev,W4A4,expanded-20261007-v3,kev-4b,spinquant-had-adapted,SpinQuant Had*,emotion,Emotion,standard_dataset,upstream_dataset_gold,120,120,0.24166666666666667,24.166666666666668,24.17,False,False,0.38620939338037386,38.62093933803739,38.62,False,False
expanded-v3-w4a4-22source-20261007,all12,kev-4b,Kev,W4A4,expanded-20261007-v3,kev-4b,spinquant-had-adapted,SpinQuant Had*,imdb,IMDb,standard_dataset,upstream_dataset_gold,53,53,0.5283018867924528,52.83018867924528,52.83,False,False,0.38620939338037386,38.62093933803739,38.62,False,False
expanded-v3-w4a4-22source-20261007,all12,kev-4b,Kev,W4A4,expanded-20261007-v3,kev-4b,spinquant-had-adapted,SpinQuant Had*,jevbench,JevBench new eligible public tasks,authored_scenario_suite,authored_scenario_gold,48,48,0.5833333333333334,58.333333333333336,58.33,False,False,0.38620939338037386,38.62093933803739,38.62,False,False
expanded-v3-w4a4-22source-20261007,all12,kev-4b,Kev,W4A4,expanded-20261007-v3,kev-4b,spinquant-had-adapted,SpinQuant Had*,mmlu,MMLU,standard_dataset,upstream_dataset_gold,99,99,0.30303030303030304,30.303030303030305,30.30,False,False,0.38620939338037386,38.62093933803739,38.62,False,False
expanded-v3-w4a4-22source-20261007,all12,kev-4b,Kev,W4A4,expanded-20261007-v3,kev-4b,spinquant-had-adapted,SpinQuant Had*,mnli,MNLI,standard_dataset,upstream_dataset_gold,122,122,0.4098360655737705,40.98360655737705,40.98,False,False,0.38620939338037386,38.62093933803739,38.62,False,False
expanded-v3-w4a4-22source-20261007,all12,kev-4b,Kev,W4A4,expanded-20261007-v3,kev-4b,spinquant-had-adapted,SpinQuant Had*,openbookqa,OpenBookQA,standard_dataset,upstream_dataset_gold,128,128,0.3046875,30.46875,30.47,False,False,0.38620939338037386,38.62093933803739,38.62,False,False
expanded-v3-w4a4-22source-20261007,all12,kev-4b,Kev,W4A4,expanded-20261007-v3,kev-4b,spinquant-had-adapted,SpinQuant Had*,paws,PAWS,standard_dataset,upstream_dataset_gold,128,128,0.4765625,47.65625,47.66,False,False,0.38620939338037386,38.62093933803739,38.62,False,False
expanded-v3-w4a4-22source-20261007,all12,kev-4b,Kev,W4A4,expanded-20261007-v3,kev-4b,spinquant-had-adapted,SpinQuant Had*,qnli,QNLI,standard_dataset,upstream_dataset_gold,128,128,0.4140625,41.40625,41.41,False,False,0.38620939338037386,38.62093933803739,38.62,False,False
expanded-v3-w4a4-22source-20261007,all12,kev-4b,Kev,W4A4,expanded-20261007-v3,kev-4b,spinquant-had-adapted,SpinQuant Had*,sciq,SciQ,standard_dataset,upstream_dataset_gold,92,92,0.42391304347826086,42.391304347826086,42.39,False,False,0.38620939338037386,38.62093933803739,38.62,False,False
expanded-v3-w4a4-22source-20261007,all12,kev-4b,Kev,W4A4,expanded-20261007-v3,kev-4b,spinquant-had-adapted,SpinQuant Had*,semif,SemIf authored,authored_rule_suite,authored_scenario_gold,128,32,0.2578125,25.78125,25.78,False,False,0.38620939338037386,38.62093933803739,38.62,False,False
expanded-v3-w4a4-22source-20261007,all12,kev-4b,Kev,W4A4,expanded-20261007-v3,kev-4b,spinquant-had-adapted,SpinQuant Had*,sst5,SST-5,standard_dataset,upstream_dataset_gold,128,128,0.21875,21.875,21.88,False,False,0.38620939338037386,38.62093933803739,38.62,False,False
expanded-v3-w4a4-22source-20261007,all12,kev-4b,Kev,W4A4,expanded-20261007-v3,kev-4b,spinquant-had-adapted,SpinQuant Had*,toolace,ToolACE tool-choice classification,domain_decision_suite,native_annotation,68,68,0.5147058823529411,51.470588235294116,51.47,False,False,0.38620939338037386,38.62093933803739,38.62,False,False
expanded-v3-w4a4-22source-20261007,all12,kev-4b,Kev,W4A4,expanded-20261007-v3,kev-4b,spinquant-had-adapted,SpinQuant Had*,trec,TREC,standard_dataset,upstream_dataset_gold,121,121,0.4049586776859504,40.49586776859504,40.50,False,False,0.38620939338037386,38.62093933803739,38.62,False,False
expanded-v3-w4a4-22source-20261007,all12,kev-4b,Kev,W4A4,expanded-20261007-v3,kev-4b,spinquant-had-adapted,SpinQuant Had*,tweet-offensive,TweetEval Offensive,standard_dataset,upstream_dataset_gold,128,128,0.6796875,67.96875,67.97,False,False,0.38620939338037386,38.62093933803739,38.62,False,False
expanded-v3-w4a4-22source-20261007,all12,kev-4b,Kev,W4A4,expanded-20261007-v3,kev-4b,spinquant-had-adapted,SpinQuant Had*,wanli,WANLI,standard_dataset,upstream_dataset_gold,256,256,0.37109375,37.109375,37.11,False,False,0.38620939338037386,38.62093933803739,38.62,False,False
expanded-v3-w4a4-22source-20261007,all12,kev-4b,Kev,W4A4,expanded-20261007-v3,kev-4b,spinquant-had-adapted,SpinQuant Had*,wildjailbreak,WildJailBreak harmful/benign classification,domain_decision_suite,native_annotation,128,128,0.4296875,42.96875,42.97,False,False,0.38620939338037386,38.62093933803739,38.62,False,False
expanded-v3-w4a4-22source-20261007,all12,kev-4b,Kev,W4A4,expanded-20261007-v3,kev-4b,spinquant-had-adapted,SpinQuant Had*,yelp,Yelp,standard_dataset,upstream_dataset_gold,132,66,0.29545454545454547,29.545454545454547,29.55,False,False,0.38620939338037386,38.62093933803739,38.62,False,False
expanded-v3-w4a4-22source-20261007,all12,kev-4b,Kev,W4A4,expanded-20261007-v3,kev-4b,s1q-joint,S1Q-Joint,agnews,AG News,standard_dataset,upstream_dataset_gold,360,120,0.8388888888888889,83.88888888888889,83.89,False,False,0.6372664891323894,63.72664891323894,63.73,False,False
expanded-v3-w4a4-22source-20261007,all12,kev-4b,Kev,W4A4,expanded-20261007-v3,kev-4b,s1q-joint,S1Q-Joint,amazon,Amazon Reviews,standard_dataset,upstream_dataset_gold,128,128,0.5,50.0,50.00,True,True,0.6372664891323894,63.72664891323894,63.73,False,False
expanded-v3-w4a4-22source-20261007,all12,kev-4b,Kev,W4A4,expanded-20261007-v3,kev-4b,s1q-joint,S1Q-Joint,arc,ARC,standard_dataset,upstream_dataset_gold,128,128,0.5625,56.25,56.25,True,True,0.6372664891323894,63.72664891323894,63.73,False,False
expanded-v3-w4a4-22source-20261007,all12,kev-4b,Kev,W4A4,expanded-20261007-v3,kev-4b,s1q-joint,S1Q-Joint,boolq,BoolQ,standard_dataset,upstream_dataset_gold,120,120,0.625,62.5,62.50,False,False,0.6372664891323894,63.72664891323894,63.73,False,False
expanded-v3-w4a4-22source-20261007,all12,kev-4b,Kev,W4A4,expanded-20261007-v3,kev-4b,s1q-joint,S1Q-Joint,csqa,CommonsenseQA,standard_dataset,upstream_dataset_gold,128,128,0.390625,39.0625,39.06,False,False,0.6372664891323894,63.72664891323894,63.73,False,False
expanded-v3-w4a4-22source-20261007,all12,kev-4b,Kev,W4A4,expanded-20261007-v3,kev-4b,s1q-joint,S1Q-Joint,emotion,Emotion,standard_dataset,upstream_dataset_gold,120,120,0.525,52.5,52.50,False,False,0.6372664891323894,63.72664891323894,63.73,False,False
expanded-v3-w4a4-22source-20261007,all12,kev-4b,Kev,W4A4,expanded-20261007-v3,kev-4b,s1q-joint,S1Q-Joint,imdb,IMDb,standard_dataset,upstream_dataset_gold,53,53,0.8867924528301887,88.67924528301887,88.68,False,False,0.6372664891323894,63.72664891323894,63.73,False,False
expanded-v3-w4a4-22source-20261007,all12,kev-4b,Kev,W4A4,expanded-20261007-v3,kev-4b,s1q-joint,S1Q-Joint,jevbench,JevBench new eligible public tasks,authored_scenario_suite,authored_scenario_gold,48,48,0.9583333333333334,95.83333333333334,95.83,False,False,0.6372664891323894,63.72664891323894,63.73,False,False
expanded-v3-w4a4-22source-20261007,all12,kev-4b,Kev,W4A4,expanded-20261007-v3,kev-4b,s1q-joint,S1Q-Joint,mmlu,MMLU,standard_dataset,upstream_dataset_gold,99,99,0.36363636363636365,36.36363636363637,36.36,False,False,0.6372664891323894,63.72664891323894,63.73,False,False
expanded-v3-w4a4-22source-20261007,all12,kev-4b,Kev,W4A4,expanded-20261007-v3,kev-4b,s1q-joint,S1Q-Joint,mnli,MNLI,standard_dataset,upstream_dataset_gold,122,122,0.6967213114754098,69.67213114754098,69.67,True,True,0.6372664891323894,63.72664891323894,63.73,False,False
expanded-v3-w4a4-22source-20261007,all12,kev-4b,Kev,W4A4,expanded-20261007-v3,kev-4b,s1q-joint,S1Q-Joint,openbookqa,OpenBookQA,standard_dataset,upstream_dataset_gold,128,128,0.3359375,33.59375,33.59,False,False,0.6372664891323894,63.72664891323894,63.73,False,False
expanded-v3-w4a4-22source-20261007,all12,kev-4b,Kev,W4A4,expanded-20261007-v3,kev-4b,s1q-joint,S1Q-Joint,paws,PAWS,standard_dataset,upstream_dataset_gold,128,128,0.5546875,55.46875,55.47,False,False,0.6372664891323894,63.72664891323894,63.73,False,False
expanded-v3-w4a4-22source-20261007,all12,kev-4b,Kev,W4A4,expanded-20261007-v3,kev-4b,s1q-joint,S1Q-Joint,qnli,QNLI,standard_dataset,upstream_dataset_gold,128,128,0.640625,64.0625,64.06,False,False,0.6372664891323894,63.72664891323894,63.73,False,False
expanded-v3-w4a4-22source-20261007,all12,kev-4b,Kev,W4A4,expanded-20261007-v3,kev-4b,s1q-joint,S1Q-Joint,sciq,SciQ,standard_dataset,upstream_dataset_gold,92,92,0.8804347826086957,88.04347826086956,88.04,False,False,0.6372664891323894,63.72664891323894,63.73,False,False
expanded-v3-w4a4-22source-20261007,all12,kev-4b,Kev,W4A4,expanded-20261007-v3,kev-4b,s1q-joint,S1Q-Joint,semif,SemIf authored,authored_rule_suite,authored_scenario_gold,128,32,0.6328125,63.28125,63.28,True,True,0.6372664891323894,63.72664891323894,63.73,False,False
expanded-v3-w4a4-22source-20261007,all12,kev-4b,Kev,W4A4,expanded-20261007-v3,kev-4b,s1q-joint,S1Q-Joint,sst5,SST-5,standard_dataset,upstream_dataset_gold,128,128,0.34375,34.375,34.38,False,False,0.6372664891323894,63.72664891323894,63.73,False,False
expanded-v3-w4a4-22source-20261007,all12,kev-4b,Kev,W4A4,expanded-20261007-v3,kev-4b,s1q-joint,S1Q-Joint,toolace,ToolACE tool-choice classification,domain_decision_suite,native_annotation,68,68,0.8382352941176471,83.82352941176471,83.82,False,False,0.6372664891323894,63.72664891323894,63.73,False,False
expanded-v3-w4a4-22source-20261007,all12,kev-4b,Kev,W4A4,expanded-20261007-v3,kev-4b,s1q-joint,S1Q-Joint,trec,TREC,standard_dataset,upstream_dataset_gold,121,121,0.9173553719008265,91.73553719008265,91.74,True,True,0.6372664891323894,63.72664891323894,63.73,False,False
expanded-v3-w4a4-22source-20261007,all12,kev-4b,Kev,W4A4,expanded-20261007-v3,kev-4b,s1q-joint,S1Q-Joint,tweet-offensive,TweetEval Offensive,standard_dataset,upstream_dataset_gold,128,128,0.7734375,77.34375,77.34,True,True,0.6372664891323894,63.72664891323894,63.73,False,False
expanded-v3-w4a4-22source-20261007,all12,kev-4b,Kev,W4A4,expanded-20261007-v3,kev-4b,s1q-joint,S1Q-Joint,wanli,WANLI,standard_dataset,upstream_dataset_gold,256,256,0.44921875,44.921875,44.92,False,False,0.6372664891323894,63.72664891323894,63.73,False,False
expanded-v3-w4a4-22source-20261007,all12,kev-4b,Kev,W4A4,expanded-20261007-v3,kev-4b,s1q-joint,S1Q-Joint,wildjailbreak,WildJailBreak harmful/benign classification,domain_decision_suite,native_annotation,128,128,0.59375,59.375,59.38,False,False,0.6372664891323894,63.72664891323894,63.73,False,False
expanded-v3-w4a4-22source-20261007,all12,kev-4b,Kev,W4A4,expanded-20261007-v3,kev-4b,s1q-joint,S1Q-Joint,yelp,Yelp,standard_dataset,upstream_dataset_gold,132,66,0.7121212121212122,71.21212121212122,71.21,False,False,0.6372664891323894,63.72664891323894,63.73,False,False
expanded-v3-w4a4-22source-20261007,all12,kev-4b,Kev,W4A4,expanded-20261007-v3,kev-4b,s1q-ac,S1Q-AC,agnews,AG News,standard_dataset,upstream_dataset_gold,360,120,0.8361111111111111,83.61111111111111,83.61,False,False,0.6299246105874492,62.99246105874492,62.99,False,False
expanded-v3-w4a4-22source-20261007,all12,kev-4b,Kev,W4A4,expanded-20261007-v3,kev-4b,s1q-ac,S1Q-AC,amazon,Amazon Reviews,standard_dataset,upstream_dataset_gold,128,128,0.46875,46.875,46.88,False,False,0.6299246105874492,62.99246105874492,62.99,False,False
expanded-v3-w4a4-22source-20261007,all12,kev-4b,Kev,W4A4,expanded-20261007-v3,kev-4b,s1q-ac,S1Q-AC,arc,ARC,standard_dataset,upstream_dataset_gold,128,128,0.5234375,52.34375,52.34,False,False,0.6299246105874492,62.99246105874492,62.99,False,False
expanded-v3-w4a4-22source-20261007,all12,kev-4b,Kev,W4A4,expanded-20261007-v3,kev-4b,s1q-ac,S1Q-AC,boolq,BoolQ,standard_dataset,upstream_dataset_gold,120,120,0.6166666666666667,61.66666666666667,61.67,False,False,0.6299246105874492,62.99246105874492,62.99,False,False
expanded-v3-w4a4-22source-20261007,all12,kev-4b,Kev,W4A4,expanded-20261007-v3,kev-4b,s1q-ac,S1Q-AC,csqa,CommonsenseQA,standard_dataset,upstream_dataset_gold,128,128,0.421875,42.1875,42.19,False,False,0.6299246105874492,62.99246105874492,62.99,False,False
expanded-v3-w4a4-22source-20261007,all12,kev-4b,Kev,W4A4,expanded-20261007-v3,kev-4b,s1q-ac,S1Q-AC,emotion,Emotion,standard_dataset,upstream_dataset_gold,120,120,0.425,42.5,42.50,False,False,0.6299246105874492,62.99246105874492,62.99,False,False
expanded-v3-w4a4-22source-20261007,all12,kev-4b,Kev,W4A4,expanded-20261007-v3,kev-4b,s1q-ac,S1Q-AC,imdb,IMDb,standard_dataset,upstream_dataset_gold,53,53,0.9056603773584906,90.56603773584906,90.57,False,False,0.6299246105874492,62.99246105874492,62.99,False,False
expanded-v3-w4a4-22source-20261007,all12,kev-4b,Kev,W4A4,expanded-20261007-v3,kev-4b,s1q-ac,S1Q-AC,jevbench,JevBench new eligible public tasks,authored_scenario_suite,authored_scenario_gold,48,48,0.9791666666666666,97.91666666666666,97.92,False,False,0.6299246105874492,62.99246105874492,62.99,False,False
expanded-v3-w4a4-22source-20261007,all12,kev-4b,Kev,W4A4,expanded-20261007-v3,kev-4b,s1q-ac,S1Q-AC,mmlu,MMLU,standard_dataset,upstream_dataset_gold,99,99,0.30303030303030304,30.303030303030305,30.30,False,False,0.6299246105874492,62.99246105874492,62.99,False,False
expanded-v3-w4a4-22source-20261007,all12,kev-4b,Kev,W4A4,expanded-20261007-v3,kev-4b,s1q-ac,S1Q-AC,mnli,MNLI,standard_dataset,upstream_dataset_gold,122,122,0.6475409836065574,64.75409836065575,64.75,False,False,0.6299246105874492,62.99246105874492,62.99,False,False
expanded-v3-w4a4-22source-20261007,all12,kev-4b,Kev,W4A4,expanded-20261007-v3,kev-4b,s1q-ac,S1Q-AC,openbookqa,OpenBookQA,standard_dataset,upstream_dataset_gold,128,128,0.359375,35.9375,35.94,False,False,0.6299246105874492,62.99246105874492,62.99,False,False
expanded-v3-w4a4-22source-20261007,all12,kev-4b,Kev,W4A4,expanded-20261007-v3,kev-4b,s1q-ac,S1Q-AC,paws,PAWS,standard_dataset,upstream_dataset_gold,128,128,0.5234375,52.34375,52.34,False,False,0.6299246105874492,62.99246105874492,62.99,False,False
expanded-v3-w4a4-22source-20261007,all12,kev-4b,Kev,W4A4,expanded-20261007-v3,kev-4b,s1q-ac,S1Q-AC,qnli,QNLI,standard_dataset,upstream_dataset_gold,128,128,0.6640625,66.40625,66.41,True,True,0.6299246105874492,62.99246105874492,62.99,False,False
expanded-v3-w4a4-22source-20261007,all12,kev-4b,Kev,W4A4,expanded-20261007-v3,kev-4b,s1q-ac,S1Q-AC,sciq,SciQ,standard_dataset,upstream_dataset_gold,92,92,0.9021739130434783,90.21739130434783,90.22,True,True,0.6299246105874492,62.99246105874492,62.99,False,False
expanded-v3-w4a4-22source-20261007,all12,kev-4b,Kev,W4A4,expanded-20261007-v3,kev-4b,s1q-ac,S1Q-AC,semif,SemIf authored,authored_rule_suite,authored_scenario_gold,128,32,0.609375,60.9375,60.94,False,False,0.6299246105874492,62.99246105874492,62.99,False,False
expanded-v3-w4a4-22source-20261007,all12,kev-4b,Kev,W4A4,expanded-20261007-v3,kev-4b,s1q-ac,S1Q-AC,sst5,SST-5,standard_dataset,upstream_dataset_gold,128,128,0.3984375,39.84375,39.84,False,False,0.6299246105874492,62.99246105874492,62.99,False,False
expanded-v3-w4a4-22source-20261007,all12,kev-4b,Kev,W4A4,expanded-20261007-v3,kev-4b,s1q-ac,S1Q-AC,toolace,ToolACE tool-choice classification,domain_decision_suite,native_annotation,68,68,0.8676470588235294,86.76470588235294,86.76,True,True,0.6299246105874492,62.99246105874492,62.99,False,False
expanded-v3-w4a4-22source-20261007,all12,kev-4b,Kev,W4A4,expanded-20261007-v3,kev-4b,s1q-ac,S1Q-AC,trec,TREC,standard_dataset,upstream_dataset_gold,121,121,0.8677685950413223,86.77685950413223,86.78,False,False,0.6299246105874492,62.99246105874492,62.99,False,False
expanded-v3-w4a4-22source-20261007,all12,kev-4b,Kev,W4A4,expanded-20261007-v3,kev-4b,s1q-ac,S1Q-AC,tweet-offensive,TweetEval Offensive,standard_dataset,upstream_dataset_gold,128,128,0.7578125,75.78125,75.78,False,False,0.6299246105874492,62.99246105874492,62.99,False,False
expanded-v3-w4a4-22source-20261007,all12,kev-4b,Kev,W4A4,expanded-20261007-v3,kev-4b,s1q-ac,S1Q-AC,wanli,WANLI,standard_dataset,upstream_dataset_gold,256,256,0.40625,40.625,40.62,False,False,0.6299246105874492,62.99246105874492,62.99,False,False
expanded-v3-w4a4-22source-20261007,all12,kev-4b,Kev,W4A4,expanded-20261007-v3,kev-4b,s1q-ac,S1Q-AC,wildjailbreak,WildJailBreak harmful/benign classification,domain_decision_suite,native_annotation,128,128,0.6171875,61.71875,61.72,True,True,0.6299246105874492,62.99246105874492,62.99,False,False
expanded-v3-w4a4-22source-20261007,all12,kev-4b,Kev,W4A4,expanded-20261007-v3,kev-4b,s1q-ac,S1Q-AC,yelp,Yelp,standard_dataset,upstream_dataset_gold,132,66,0.7575757575757576,75.75757575757575,75.76,True,True,0.6299246105874492,62.99246105874492,62.99,False,False
expanded-v3-w4a4-22source-20261007,all12,kev-4b,Kev,W4A4,expanded-20261007-v3,kev-4b,s1q-margin,S1Q-Margin,agnews,AG News,standard_dataset,upstream_dataset_gold,360,120,0.85,85.0,85.00,False,False,0.62528521869605,62.528521869605,62.53,False,False
expanded-v3-w4a4-22source-20261007,all12,kev-4b,Kev,W4A4,expanded-20261007-v3,kev-4b,s1q-margin,S1Q-Margin,amazon,Amazon Reviews,standard_dataset,upstream_dataset_gold,128,128,0.4375,43.75,43.75,False,False,0.62528521869605,62.528521869605,62.53,False,False
expanded-v3-w4a4-22source-20261007,all12,kev-4b,Kev,W4A4,expanded-20261007-v3,kev-4b,s1q-margin,S1Q-Margin,arc,ARC,standard_dataset,upstream_dataset_gold,128,128,0.484375,48.4375,48.44,False,False,0.62528521869605,62.528521869605,62.53,False,False
expanded-v3-w4a4-22source-20261007,all12,kev-4b,Kev,W4A4,expanded-20261007-v3,kev-4b,s1q-margin,S1Q-Margin,boolq,BoolQ,standard_dataset,upstream_dataset_gold,120,120,0.625,62.5,62.50,False,False,0.62528521869605,62.528521869605,62.53,False,False
expanded-v3-w4a4-22source-20261007,all12,kev-4b,Kev,W4A4,expanded-20261007-v3,kev-4b,s1q-margin,S1Q-Margin,csqa,CommonsenseQA,standard_dataset,upstream_dataset_gold,128,128,0.46875,46.875,46.88,True,True,0.62528521869605,62.528521869605,62.53,False,False
expanded-v3-w4a4-22source-20261007,all12,kev-4b,Kev,W4A4,expanded-20261007-v3,kev-4b,s1q-margin,S1Q-Margin,emotion,Emotion,standard_dataset,upstream_dataset_gold,120,120,0.48333333333333334,48.333333333333336,48.33,False,False,0.62528521869605,62.528521869605,62.53,False,False
expanded-v3-w4a4-22source-20261007,all12,kev-4b,Kev,W4A4,expanded-20261007-v3,kev-4b,s1q-margin,S1Q-Margin,imdb,IMDb,standard_dataset,upstream_dataset_gold,53,53,0.9245283018867925,92.45283018867924,92.45,True,True,0.62528521869605,62.528521869605,62.53,False,False
expanded-v3-w4a4-22source-20261007,all12,kev-4b,Kev,W4A4,expanded-20261007-v3,kev-4b,s1q-margin,S1Q-Margin,jevbench,JevBench new eligible public tasks,authored_scenario_suite,authored_scenario_gold,48,48,0.9375,93.75,93.75,False,False,0.62528521869605,62.528521869605,62.53,False,False
expanded-v3-w4a4-22source-20261007,all12,kev-4b,Kev,W4A4,expanded-20261007-v3,kev-4b,s1q-margin,S1Q-Margin,mmlu,MMLU,standard_dataset,upstream_dataset_gold,99,99,0.3434343434343434,34.34343434343434,34.34,False,False,0.62528521869605,62.528521869605,62.53,False,False
expanded-v3-w4a4-22source-20261007,all12,kev-4b,Kev,W4A4,expanded-20261007-v3,kev-4b,s1q-margin,S1Q-Margin,mnli,MNLI,standard_dataset,upstream_dataset_gold,122,122,0.6885245901639344,68.85245901639344,68.85,False,False,0.62528521869605,62.528521869605,62.53,False,False
expanded-v3-w4a4-22source-20261007,all12,kev-4b,Kev,W4A4,expanded-20261007-v3,kev-4b,s1q-margin,S1Q-Margin,openbookqa,OpenBookQA,standard_dataset,upstream_dataset_gold,128,128,0.359375,35.9375,35.94,False,False,0.62528521869605,62.528521869605,62.53,False,False
expanded-v3-w4a4-22source-20261007,all12,kev-4b,Kev,W4A4,expanded-20261007-v3,kev-4b,s1q-margin,S1Q-Margin,paws,PAWS,standard_dataset,upstream_dataset_gold,128,128,0.5,50.0,50.00,False,False,0.62528521869605,62.528521869605,62.53,False,False
expanded-v3-w4a4-22source-20261007,all12,kev-4b,Kev,W4A4,expanded-20261007-v3,kev-4b,s1q-margin,S1Q-Margin,qnli,QNLI,standard_dataset,upstream_dataset_gold,128,128,0.59375,59.375,59.38,False,False,0.62528521869605,62.528521869605,62.53,False,False
expanded-v3-w4a4-22source-20261007,all12,kev-4b,Kev,W4A4,expanded-20261007-v3,kev-4b,s1q-margin,S1Q-Margin,sciq,SciQ,standard_dataset,upstream_dataset_gold,92,92,0.8913043478260869,89.13043478260869,89.13,False,False,0.62528521869605,62.528521869605,62.53,False,False
expanded-v3-w4a4-22source-20261007,all12,kev-4b,Kev,W4A4,expanded-20261007-v3,kev-4b,s1q-margin,S1Q-Margin,semif,SemIf authored,authored_rule_suite,authored_scenario_gold,128,32,0.6171875,61.71875,61.72,False,False,0.62528521869605,62.528521869605,62.53,False,False
expanded-v3-w4a4-22source-20261007,all12,kev-4b,Kev,W4A4,expanded-20261007-v3,kev-4b,s1q-margin,S1Q-Margin,sst5,SST-5,standard_dataset,upstream_dataset_gold,128,128,0.3984375,39.84375,39.84,False,False,0.62528521869605,62.528521869605,62.53,False,False
expanded-v3-w4a4-22source-20261007,all12,kev-4b,Kev,W4A4,expanded-20261007-v3,kev-4b,s1q-margin,S1Q-Margin,toolace,ToolACE tool-choice classification,domain_decision_suite,native_annotation,68,68,0.8382352941176471,83.82352941176471,83.82,False,False,0.62528521869605,62.528521869605,62.53,False,False
expanded-v3-w4a4-22source-20261007,all12,kev-4b,Kev,W4A4,expanded-20261007-v3,kev-4b,s1q-margin,S1Q-Margin,trec,TREC,standard_dataset,upstream_dataset_gold,121,121,0.8429752066115702,84.29752066115702,84.30,False,False,0.62528521869605,62.528521869605,62.53,False,False
expanded-v3-w4a4-22source-20261007,all12,kev-4b,Kev,W4A4,expanded-20261007-v3,kev-4b,s1q-margin,S1Q-Margin,tweet-offensive,TweetEval Offensive,standard_dataset,upstream_dataset_gold,128,128,0.7734375,77.34375,77.34,True,True,0.62528521869605,62.528521869605,62.53,False,False
expanded-v3-w4a4-22source-20261007,all12,kev-4b,Kev,W4A4,expanded-20261007-v3,kev-4b,s1q-margin,S1Q-Margin,wanli,WANLI,standard_dataset,upstream_dataset_gold,256,256,0.4609375,46.09375,46.09,False,False,0.62528521869605,62.528521869605,62.53,False,False
expanded-v3-w4a4-22source-20261007,all12,kev-4b,Kev,W4A4,expanded-20261007-v3,kev-4b,s1q-margin,S1Q-Margin,wildjailbreak,WildJailBreak harmful/benign classification,domain_decision_suite,native_annotation,128,128,0.59375,59.375,59.38,False,False,0.62528521869605,62.528521869605,62.53,False,False
expanded-v3-w4a4-22source-20261007,all12,kev-4b,Kev,W4A4,expanded-20261007-v3,kev-4b,s1q-margin,S1Q-Margin,yelp,Yelp,standard_dataset,upstream_dataset_gold,132,66,0.6439393939393939,64.39393939393939,64.39,False,False,0.62528521869605,62.528521869605,62.53,False,False
expanded-v3-w4a4-22source-20261007,all12,kev-4b,Kev,W4A4,expanded-20261007-v3,kev-4b,s1q,S1Q (current),agnews,AG News,standard_dataset,upstream_dataset_gold,360,120,0.8666666666666667,86.66666666666667,86.67,True,True,0.6510175239655805,65.10175239655806,65.10,True,True
expanded-v3-w4a4-22source-20261007,all12,kev-4b,Kev,W4A4,expanded-20261007-v3,kev-4b,s1q,S1Q (current),amazon,Amazon Reviews,standard_dataset,upstream_dataset_gold,128,128,0.46875,46.875,46.88,False,False,0.6510175239655805,65.10175239655806,65.10,True,True
expanded-v3-w4a4-22source-20261007,all12,kev-4b,Kev,W4A4,expanded-20261007-v3,kev-4b,s1q,S1Q (current),arc,ARC,standard_dataset,upstream_dataset_gold,128,128,0.5625,56.25,56.25,True,True,0.6510175239655805,65.10175239655806,65.10,True,True
expanded-v3-w4a4-22source-20261007,all12,kev-4b,Kev,W4A4,expanded-20261007-v3,kev-4b,s1q,S1Q (current),boolq,BoolQ,standard_dataset,upstream_dataset_gold,120,120,0.6583333333333333,65.83333333333333,65.83,True,True,0.6510175239655805,65.10175239655806,65.10,True,True
expanded-v3-w4a4-22source-20261007,all12,kev-4b,Kev,W4A4,expanded-20261007-v3,kev-4b,s1q,S1Q (current),csqa,CommonsenseQA,standard_dataset,upstream_dataset_gold,128,128,0.4609375,46.09375,46.09,False,False,0.6510175239655805,65.10175239655806,65.10,True,True
expanded-v3-w4a4-22source-20261007,all12,kev-4b,Kev,W4A4,expanded-20261007-v3,kev-4b,s1q,S1Q (current),emotion,Emotion,standard_dataset,upstream_dataset_gold,120,120,0.5666666666666667,56.666666666666664,56.67,True,True,0.6510175239655805,65.10175239655806,65.10,True,True
expanded-v3-w4a4-22source-20261007,all12,kev-4b,Kev,W4A4,expanded-20261007-v3,kev-4b,s1q,S1Q (current),imdb,IMDb,standard_dataset,upstream_dataset_gold,53,53,0.8867924528301887,88.67924528301887,88.68,False,False,0.6510175239655805,65.10175239655806,65.10,True,True
expanded-v3-w4a4-22source-20261007,all12,kev-4b,Kev,W4A4,expanded-20261007-v3,kev-4b,s1q,S1Q (current),jevbench,JevBench new eligible public tasks,authored_scenario_suite,authored_scenario_gold,48,48,1.0,100.0,100.00,True,True,0.6510175239655805,65.10175239655806,65.10,True,True
expanded-v3-w4a4-22source-20261007,all12,kev-4b,Kev,W4A4,expanded-20261007-v3,kev-4b,s1q,S1Q (current),mmlu,MMLU,standard_dataset,upstream_dataset_gold,99,99,0.3434343434343434,34.34343434343434,34.34,False,False,0.6510175239655805,65.10175239655806,65.10,True,True
expanded-v3-w4a4-22source-20261007,all12,kev-4b,Kev,W4A4,expanded-20261007-v3,kev-4b,s1q,S1Q (current),mnli,MNLI,standard_dataset,upstream_dataset_gold,122,122,0.6721311475409836,67.21311475409836,67.21,False,False,0.6510175239655805,65.10175239655806,65.10,True,True
expanded-v3-w4a4-22source-20261007,all12,kev-4b,Kev,W4A4,expanded-20261007-v3,kev-4b,s1q,S1Q (current),openbookqa,OpenBookQA,standard_dataset,upstream_dataset_gold,128,128,0.3984375,39.84375,39.84,True,True,0.6510175239655805,65.10175239655806,65.10,True,True
expanded-v3-w4a4-22source-20261007,all12,kev-4b,Kev,W4A4,expanded-20261007-v3,kev-4b,s1q,S1Q (current),paws,PAWS,standard_dataset,upstream_dataset_gold,128,128,0.65625,65.625,65.62,True,True,0.6510175239655805,65.10175239655806,65.10,True,True
expanded-v3-w4a4-22source-20261007,all12,kev-4b,Kev,W4A4,expanded-20261007-v3,kev-4b,s1q,S1Q (current),qnli,QNLI,standard_dataset,upstream_dataset_gold,128,128,0.625,62.5,62.50,False,False,0.6510175239655805,65.10175239655806,65.10,True,True
expanded-v3-w4a4-22source-20261007,all12,kev-4b,Kev,W4A4,expanded-20261007-v3,kev-4b,s1q,S1Q (current),sciq,SciQ,standard_dataset,upstream_dataset_gold,92,92,0.9021739130434783,90.21739130434783,90.22,True,True,0.6510175239655805,65.10175239655806,65.10,True,True
expanded-v3-w4a4-22source-20261007,all12,kev-4b,Kev,W4A4,expanded-20261007-v3,kev-4b,s1q,S1Q (current),semif,SemIf authored,authored_rule_suite,authored_scenario_gold,128,32,0.6015625,60.15625,60.16,False,False,0.6510175239655805,65.10175239655806,65.10,True,True
expanded-v3-w4a4-22source-20261007,all12,kev-4b,Kev,W4A4,expanded-20261007-v3,kev-4b,s1q,S1Q (current),sst5,SST-5,standard_dataset,upstream_dataset_gold,128,128,0.4296875,42.96875,42.97,True,True,0.6510175239655805,65.10175239655806,65.10,True,True
expanded-v3-w4a4-22source-20261007,all12,kev-4b,Kev,W4A4,expanded-20261007-v3,kev-4b,s1q,S1Q (current),toolace,ToolACE tool-choice classification,domain_decision_suite,native_annotation,68,68,0.8676470588235294,86.76470588235294,86.76,True,True,0.6510175239655805,65.10175239655806,65.10,True,True
expanded-v3-w4a4-22source-20261007,all12,kev-4b,Kev,W4A4,expanded-20261007-v3,kev-4b,s1q,S1Q (current),trec,TREC,standard_dataset,upstream_dataset_gold,121,121,0.8842975206611571,88.42975206611571,88.43,False,False,0.6510175239655805,65.10175239655806,65.10,True,True
expanded-v3-w4a4-22source-20261007,all12,kev-4b,Kev,W4A4,expanded-20261007-v3,kev-4b,s1q,S1Q (current),tweet-offensive,TweetEval Offensive,standard_dataset,upstream_dataset_gold,128,128,0.7578125,75.78125,75.78,False,False,0.6510175239655805,65.10175239655806,65.10,True,True
expanded-v3-w4a4-22source-20261007,all12,kev-4b,Kev,W4A4,expanded-20261007-v3,kev-4b,s1q,S1Q (current),wanli,WANLI,standard_dataset,upstream_dataset_gold,256,256,0.4765625,47.65625,47.66,True,True,0.6510175239655805,65.10175239655806,65.10,True,True
expanded-v3-w4a4-22source-20261007,all12,kev-4b,Kev,W4A4,expanded-20261007-v3,kev-4b,s1q,S1Q (current),wildjailbreak,WildJailBreak harmful/benign classification,domain_decision_suite,native_annotation,128,128,0.5625,56.25,56.25,False,False,0.6510175239655805,65.10175239655806,65.10,True,True
expanded-v3-w4a4-22source-20261007,all12,kev-4b,Kev,W4A4,expanded-20261007-v3,kev-4b,s1q,S1Q (current),yelp,Yelp,standard_dataset,upstream_dataset_gold,132,66,0.6742424242424242,67.42424242424242,67.42,False,False,0.6510175239655805,65.10175239655806,65.10,True,True
expanded-v3-w4a4-22source-20261007,all12,kev-9b,Kev,W4A4,expanded-20261007-v3,kev-9b,native,Native,agnews,AG News,standard_dataset,upstream_dataset_gold,360,120,0.8805555555555555,88.05555555555556,88.06,False,False,0.8322812700003767,83.22812700003766,83.23,False,False
expanded-v3-w4a4-22source-20261007,all12,kev-9b,Kev,W4A4,expanded-20261007-v3,kev-9b,native,Native,amazon,Amazon Reviews,standard_dataset,upstream_dataset_gold,128,128,0.671875,67.1875,67.19,False,False,0.8322812700003767,83.22812700003766,83.23,False,False
expanded-v3-w4a4-22source-20261007,all12,kev-9b,Kev,W4A4,expanded-20261007-v3,kev-9b,native,Native,arc,ARC,standard_dataset,upstream_dataset_gold,128,128,0.90625,90.625,90.62,False,False,0.8322812700003767,83.22812700003766,83.23,False,False
expanded-v3-w4a4-22source-20261007,all12,kev-9b,Kev,W4A4,expanded-20261007-v3,kev-9b,native,Native,boolq,BoolQ,standard_dataset,upstream_dataset_gold,120,120,0.8583333333333333,85.83333333333333,85.83,False,False,0.8322812700003767,83.22812700003766,83.23,False,False
expanded-v3-w4a4-22source-20261007,all12,kev-9b,Kev,W4A4,expanded-20261007-v3,kev-9b,native,Native,csqa,CommonsenseQA,standard_dataset,upstream_dataset_gold,128,128,0.8515625,85.15625,85.16,False,False,0.8322812700003767,83.22812700003766,83.23,False,False
expanded-v3-w4a4-22source-20261007,all12,kev-9b,Kev,W4A4,expanded-20261007-v3,kev-9b,native,Native,emotion,Emotion,standard_dataset,upstream_dataset_gold,120,120,0.625,62.5,62.50,False,False,0.8322812700003767,83.22812700003766,83.23,False,False
expanded-v3-w4a4-22source-20261007,all12,kev-9b,Kev,W4A4,expanded-20261007-v3,kev-9b,native,Native,imdb,IMDb,standard_dataset,upstream_dataset_gold,53,53,0.9622641509433962,96.22641509433963,96.23,False,False,0.8322812700003767,83.22812700003766,83.23,False,False
expanded-v3-w4a4-22source-20261007,all12,kev-9b,Kev,W4A4,expanded-20261007-v3,kev-9b,native,Native,jevbench,JevBench new eligible public tasks,authored_scenario_suite,authored_scenario_gold,48,48,1.0,100.0,100.00,False,False,0.8322812700003767,83.22812700003766,83.23,False,False
expanded-v3-w4a4-22source-20261007,all12,kev-9b,Kev,W4A4,expanded-20261007-v3,kev-9b,native,Native,mmlu,MMLU,standard_dataset,upstream_dataset_gold,99,99,0.7575757575757576,75.75757575757575,75.76,False,False,0.8322812700003767,83.22812700003766,83.23,False,False
expanded-v3-w4a4-22source-20261007,all12,kev-9b,Kev,W4A4,expanded-20261007-v3,kev-9b,native,Native,mnli,MNLI,standard_dataset,upstream_dataset_gold,122,122,0.9016393442622951,90.1639344262295,90.16,False,False,0.8322812700003767,83.22812700003766,83.23,False,False
expanded-v3-w4a4-22source-20261007,all12,kev-9b,Kev,W4A4,expanded-20261007-v3,kev-9b,native,Native,openbookqa,OpenBookQA,standard_dataset,upstream_dataset_gold,128,128,0.8203125,82.03125,82.03,False,False,0.8322812700003767,83.22812700003766,83.23,False,False
expanded-v3-w4a4-22source-20261007,all12,kev-9b,Kev,W4A4,expanded-20261007-v3,kev-9b,native,Native,paws,PAWS,standard_dataset,upstream_dataset_gold,128,128,0.8046875,80.46875,80.47,False,False,0.8322812700003767,83.22812700003766,83.23,False,False
expanded-v3-w4a4-22source-20261007,all12,kev-9b,Kev,W4A4,expanded-20261007-v3,kev-9b,native,Native,qnli,QNLI,standard_dataset,upstream_dataset_gold,128,128,0.9375,93.75,93.75,False,False,0.8322812700003767,83.22812700003766,83.23,False,False
expanded-v3-w4a4-22source-20261007,all12,kev-9b,Kev,W4A4,expanded-20261007-v3,kev-9b,native,Native,sciq,SciQ,standard_dataset,upstream_dataset_gold,92,92,0.9891304347826086,98.91304347826086,98.91,False,False,0.8322812700003767,83.22812700003766,83.23,False,False
expanded-v3-w4a4-22source-20261007,all12,kev-9b,Kev,W4A4,expanded-20261007-v3,kev-9b,native,Native,semif,SemIf authored,authored_rule_suite,authored_scenario_gold,128,32,0.921875,92.1875,92.19,False,False,0.8322812700003767,83.22812700003766,83.23,False,False
expanded-v3-w4a4-22source-20261007,all12,kev-9b,Kev,W4A4,expanded-20261007-v3,kev-9b,native,Native,sst5,SST-5,standard_dataset,upstream_dataset_gold,128,128,0.703125,70.3125,70.31,False,False,0.8322812700003767,83.22812700003766,83.23,False,False
expanded-v3-w4a4-22source-20261007,all12,kev-9b,Kev,W4A4,expanded-20261007-v3,kev-9b,native,Native,toolace,ToolACE tool-choice classification,domain_decision_suite,native_annotation,68,68,0.8235294117647058,82.35294117647058,82.35,False,False,0.8322812700003767,83.22812700003766,83.23,False,False
expanded-v3-w4a4-22source-20261007,all12,kev-9b,Kev,W4A4,expanded-20261007-v3,kev-9b,native,Native,trec,TREC,standard_dataset,upstream_dataset_gold,121,121,0.9669421487603306,96.69421487603306,96.69,False,False,0.8322812700003767,83.22812700003766,83.23,False,False
expanded-v3-w4a4-22source-20261007,all12,kev-9b,Kev,W4A4,expanded-20261007-v3,kev-9b,native,Native,tweet-offensive,TweetEval Offensive,standard_dataset,upstream_dataset_gold,128,128,0.8203125,82.03125,82.03,False,False,0.8322812700003767,83.22812700003766,83.23,False,False
expanded-v3-w4a4-22source-20261007,all12,kev-9b,Kev,W4A4,expanded-20261007-v3,kev-9b,native,Native,wanli,WANLI,standard_dataset,upstream_dataset_gold,256,256,0.765625,76.5625,76.56,False,False,0.8322812700003767,83.22812700003766,83.23,False,False
expanded-v3-w4a4-22source-20261007,all12,kev-9b,Kev,W4A4,expanded-20261007-v3,kev-9b,native,Native,wildjailbreak,WildJailBreak harmful/benign classification,domain_decision_suite,native_annotation,128,128,0.5390625,53.90625,53.91,False,False,0.8322812700003767,83.22812700003766,83.23,False,False
expanded-v3-w4a4-22source-20261007,all12,kev-9b,Kev,W4A4,expanded-20261007-v3,kev-9b,native,Native,yelp,Yelp,standard_dataset,upstream_dataset_gold,132,66,0.803030303030303,80.3030303030303,80.30,False,False,0.8322812700003767,83.22812700003766,83.23,False,False
expanded-v3-w4a4-22source-20261007,all12,kev-9b,Kev,W4A4,expanded-20261007-v3,kev-9b,rtn,RTN,agnews,AG News,standard_dataset,upstream_dataset_gold,360,120,0.45,45.0,45.00,False,False,0.3520972062011935,35.20972062011935,35.21,False,False
expanded-v3-w4a4-22source-20261007,all12,kev-9b,Kev,W4A4,expanded-20261007-v3,kev-9b,rtn,RTN,amazon,Amazon Reviews,standard_dataset,upstream_dataset_gold,128,128,0.2265625,22.65625,22.66,False,False,0.3520972062011935,35.20972062011935,35.21,False,False
expanded-v3-w4a4-22source-20261007,all12,kev-9b,Kev,W4A4,expanded-20261007-v3,kev-9b,rtn,RTN,arc,ARC,standard_dataset,upstream_dataset_gold,128,128,0.3046875,30.46875,30.47,False,False,0.3520972062011935,35.20972062011935,35.21,False,False
expanded-v3-w4a4-22source-20261007,all12,kev-9b,Kev,W4A4,expanded-20261007-v3,kev-9b,rtn,RTN,boolq,BoolQ,standard_dataset,upstream_dataset_gold,120,120,0.5166666666666667,51.66666666666667,51.67,False,False,0.3520972062011935,35.20972062011935,35.21,False,False
expanded-v3-w4a4-22source-20261007,all12,kev-9b,Kev,W4A4,expanded-20261007-v3,kev-9b,rtn,RTN,csqa,CommonsenseQA,standard_dataset,upstream_dataset_gold,128,128,0.1953125,19.53125,19.53,False,False,0.3520972062011935,35.20972062011935,35.21,False,False
expanded-v3-w4a4-22source-20261007,all12,kev-9b,Kev,W4A4,expanded-20261007-v3,kev-9b,rtn,RTN,emotion,Emotion,standard_dataset,upstream_dataset_gold,120,120,0.13333333333333333,13.333333333333334,13.33,False,False,0.3520972062011935,35.20972062011935,35.21,False,False
expanded-v3-w4a4-22source-20261007,all12,kev-9b,Kev,W4A4,expanded-20261007-v3,kev-9b,rtn,RTN,imdb,IMDb,standard_dataset,upstream_dataset_gold,53,53,0.49056603773584906,49.056603773584904,49.06,False,False,0.3520972062011935,35.20972062011935,35.21,False,False
expanded-v3-w4a4-22source-20261007,all12,kev-9b,Kev,W4A4,expanded-20261007-v3,kev-9b,rtn,RTN,jevbench,JevBench new eligible public tasks,authored_scenario_suite,authored_scenario_gold,48,48,0.375,37.5,37.50,False,False,0.3520972062011935,35.20972062011935,35.21,False,False
expanded-v3-w4a4-22source-20261007,all12,kev-9b,Kev,W4A4,expanded-20261007-v3,kev-9b,rtn,RTN,mmlu,MMLU,standard_dataset,upstream_dataset_gold,99,99,0.3434343434343434,34.34343434343434,34.34,False,False,0.3520972062011935,35.20972062011935,35.21,False,False
expanded-v3-w4a4-22source-20261007,all12,kev-9b,Kev,W4A4,expanded-20261007-v3,kev-9b,rtn,RTN,mnli,MNLI,standard_dataset,upstream_dataset_gold,122,122,0.29508196721311475,29.508196721311474,29.51,False,False,0.3520972062011935,35.20972062011935,35.21,False,False
expanded-v3-w4a4-22source-20261007,all12,kev-9b,Kev,W4A4,expanded-20261007-v3,kev-9b,rtn,RTN,openbookqa,OpenBookQA,standard_dataset,upstream_dataset_gold,128,128,0.2265625,22.65625,22.66,False,False,0.3520972062011935,35.20972062011935,35.21,False,False
expanded-v3-w4a4-22source-20261007,all12,kev-9b,Kev,W4A4,expanded-20261007-v3,kev-9b,rtn,RTN,paws,PAWS,standard_dataset,upstream_dataset_gold,128,128,0.484375,48.4375,48.44,False,False,0.3520972062011935,35.20972062011935,35.21,False,False
expanded-v3-w4a4-22source-20261007,all12,kev-9b,Kev,W4A4,expanded-20261007-v3,kev-9b,rtn,RTN,qnli,QNLI,standard_dataset,upstream_dataset_gold,128,128,0.515625,51.5625,51.56,False,False,0.3520972062011935,35.20972062011935,35.21,False,False
expanded-v3-w4a4-22source-20261007,all12,kev-9b,Kev,W4A4,expanded-20261007-v3,kev-9b,rtn,RTN,sciq,SciQ,standard_dataset,upstream_dataset_gold,92,92,0.2717391304347826,27.173913043478258,27.17,False,False,0.3520972062011935,35.20972062011935,35.21,False,False
expanded-v3-w4a4-22source-20261007,all12,kev-9b,Kev,W4A4,expanded-20261007-v3,kev-9b,rtn,RTN,semif,SemIf authored,authored_rule_suite,authored_scenario_gold,128,32,0.3984375,39.84375,39.84,False,False,0.3520972062011935,35.20972062011935,35.21,False,False
expanded-v3-w4a4-22source-20261007,all12,kev-9b,Kev,W4A4,expanded-20261007-v3,kev-9b,rtn,RTN,sst5,SST-5,standard_dataset,upstream_dataset_gold,128,128,0.2265625,22.65625,22.66,False,False,0.3520972062011935,35.20972062011935,35.21,False,False
expanded-v3-w4a4-22source-20261007,all12,kev-9b,Kev,W4A4,expanded-20261007-v3,kev-9b,rtn,RTN,toolace,ToolACE tool-choice classification,domain_decision_suite,native_annotation,68,68,0.47058823529411764,47.05882352941176,47.06,False,False,0.3520972062011935,35.20972062011935,35.21,False,False
expanded-v3-w4a4-22source-20261007,all12,kev-9b,Kev,W4A4,expanded-20261007-v3,kev-9b,rtn,RTN,trec,TREC,standard_dataset,upstream_dataset_gold,121,121,0.14049586776859505,14.049586776859504,14.05,False,False,0.3520972062011935,35.20972062011935,35.21,False,False
expanded-v3-w4a4-22source-20261007,all12,kev-9b,Kev,W4A4,expanded-20261007-v3,kev-9b,rtn,RTN,tweet-offensive,TweetEval Offensive,standard_dataset,upstream_dataset_gold,128,128,0.421875,42.1875,42.19,False,False,0.3520972062011935,35.20972062011935,35.21,False,False
expanded-v3-w4a4-22source-20261007,all12,kev-9b,Kev,W4A4,expanded-20261007-v3,kev-9b,rtn,RTN,wanli,WANLI,standard_dataset,upstream_dataset_gold,256,256,0.359375,35.9375,35.94,False,False,0.3520972062011935,35.20972062011935,35.21,False,False
expanded-v3-w4a4-22source-20261007,all12,kev-9b,Kev,W4A4,expanded-20261007-v3,kev-9b,rtn,RTN,wildjailbreak,WildJailBreak harmful/benign classification,domain_decision_suite,native_annotation,128,128,0.4453125,44.53125,44.53,False,False,0.3520972062011935,35.20972062011935,35.21,False,False
expanded-v3-w4a4-22source-20261007,all12,kev-9b,Kev,W4A4,expanded-20261007-v3,kev-9b,rtn,RTN,yelp,Yelp,standard_dataset,upstream_dataset_gold,132,66,0.45454545454545453,45.45454545454545,45.45,False,False,0.3520972062011935,35.20972062011935,35.21,False,False
expanded-v3-w4a4-22source-20261007,all12,kev-9b,Kev,W4A4,expanded-20261007-v3,kev-9b,s1q-local,S1Qv1,agnews,AG News,standard_dataset,upstream_dataset_gold,360,120,0.43333333333333335,43.333333333333336,43.33,False,False,0.34235593346621795,34.2355933466218,34.24,False,False
expanded-v3-w4a4-22source-20261007,all12,kev-9b,Kev,W4A4,expanded-20261007-v3,kev-9b,s1q-local,S1Qv1,amazon,Amazon Reviews,standard_dataset,upstream_dataset_gold,128,128,0.234375,23.4375,23.44,False,False,0.34235593346621795,34.2355933466218,34.24,False,False
expanded-v3-w4a4-22source-20261007,all12,kev-9b,Kev,W4A4,expanded-20261007-v3,kev-9b,s1q-local,S1Qv1,arc,ARC,standard_dataset,upstream_dataset_gold,128,128,0.265625,26.5625,26.56,False,False,0.34235593346621795,34.2355933466218,34.24,False,False
expanded-v3-w4a4-22source-20261007,all12,kev-9b,Kev,W4A4,expanded-20261007-v3,kev-9b,s1q-local,S1Qv1,boolq,BoolQ,standard_dataset,upstream_dataset_gold,120,120,0.4,40.0,40.00,False,False,0.34235593346621795,34.2355933466218,34.24,False,False
expanded-v3-w4a4-22source-20261007,all12,kev-9b,Kev,W4A4,expanded-20261007-v3,kev-9b,s1q-local,S1Qv1,csqa,CommonsenseQA,standard_dataset,upstream_dataset_gold,128,128,0.203125,20.3125,20.31,False,False,0.34235593346621795,34.2355933466218,34.24,False,False
expanded-v3-w4a4-22source-20261007,all12,kev-9b,Kev,W4A4,expanded-20261007-v3,kev-9b,s1q-local,S1Qv1,emotion,Emotion,standard_dataset,upstream_dataset_gold,120,120,0.19166666666666668,19.166666666666668,19.17,False,False,0.34235593346621795,34.2355933466218,34.24,False,False
expanded-v3-w4a4-22source-20261007,all12,kev-9b,Kev,W4A4,expanded-20261007-v3,kev-9b,s1q-local,S1Qv1,imdb,IMDb,standard_dataset,upstream_dataset_gold,53,53,0.4716981132075472,47.16981132075472,47.17,False,False,0.34235593346621795,34.2355933466218,34.24,False,False
expanded-v3-w4a4-22source-20261007,all12,kev-9b,Kev,W4A4,expanded-20261007-v3,kev-9b,s1q-local,S1Qv1,jevbench,JevBench new eligible public tasks,authored_scenario_suite,authored_scenario_gold,48,48,0.3125,31.25,31.25,False,False,0.34235593346621795,34.2355933466218,34.24,False,False
expanded-v3-w4a4-22source-20261007,all12,kev-9b,Kev,W4A4,expanded-20261007-v3,kev-9b,s1q-local,S1Qv1,mmlu,MMLU,standard_dataset,upstream_dataset_gold,99,99,0.29292929292929293,29.292929292929294,29.29,False,False,0.34235593346621795,34.2355933466218,34.24,False,False
expanded-v3-w4a4-22source-20261007,all12,kev-9b,Kev,W4A4,expanded-20261007-v3,kev-9b,s1q-local,S1Qv1,mnli,MNLI,standard_dataset,upstream_dataset_gold,122,122,0.32786885245901637,32.78688524590164,32.79,False,False,0.34235593346621795,34.2355933466218,34.24,False,False
expanded-v3-w4a4-22source-20261007,all12,kev-9b,Kev,W4A4,expanded-20261007-v3,kev-9b,s1q-local,S1Qv1,openbookqa,OpenBookQA,standard_dataset,upstream_dataset_gold,128,128,0.2578125,25.78125,25.78,False,False,0.34235593346621795,34.2355933466218,34.24,False,False
expanded-v3-w4a4-22source-20261007,all12,kev-9b,Kev,W4A4,expanded-20261007-v3,kev-9b,s1q-local,S1Qv1,paws,PAWS,standard_dataset,upstream_dataset_gold,128,128,0.4453125,44.53125,44.53,False,False,0.34235593346621795,34.2355933466218,34.24,False,False
expanded-v3-w4a4-22source-20261007,all12,kev-9b,Kev,W4A4,expanded-20261007-v3,kev-9b,s1q-local,S1Qv1,qnli,QNLI,standard_dataset,upstream_dataset_gold,128,128,0.453125,45.3125,45.31,False,False,0.34235593346621795,34.2355933466218,34.24,False,False
expanded-v3-w4a4-22source-20261007,all12,kev-9b,Kev,W4A4,expanded-20261007-v3,kev-9b,s1q-local,S1Qv1,sciq,SciQ,standard_dataset,upstream_dataset_gold,92,92,0.32608695652173914,32.608695652173914,32.61,False,False,0.34235593346621795,34.2355933466218,34.24,False,False
expanded-v3-w4a4-22source-20261007,all12,kev-9b,Kev,W4A4,expanded-20261007-v3,kev-9b,s1q-local,S1Qv1,semif,SemIf authored,authored_rule_suite,authored_scenario_gold,128,32,0.3359375,33.59375,33.59,False,False,0.34235593346621795,34.2355933466218,34.24,False,False
expanded-v3-w4a4-22source-20261007,all12,kev-9b,Kev,W4A4,expanded-20261007-v3,kev-9b,s1q-local,S1Qv1,sst5,SST-5,standard_dataset,upstream_dataset_gold,128,128,0.171875,17.1875,17.19,False,False,0.34235593346621795,34.2355933466218,34.24,False,False
expanded-v3-w4a4-22source-20261007,all12,kev-9b,Kev,W4A4,expanded-20261007-v3,kev-9b,s1q-local,S1Qv1,toolace,ToolACE tool-choice classification,domain_decision_suite,native_annotation,68,68,0.4411764705882353,44.11764705882353,44.12,False,False,0.34235593346621795,34.2355933466218,34.24,False,False
expanded-v3-w4a4-22source-20261007,all12,kev-9b,Kev,W4A4,expanded-20261007-v3,kev-9b,s1q-local,S1Qv1,trec,TREC,standard_dataset,upstream_dataset_gold,121,121,0.11570247933884298,11.570247933884298,11.57,False,False,0.34235593346621795,34.2355933466218,34.24,False,False
expanded-v3-w4a4-22source-20261007,all12,kev-9b,Kev,W4A4,expanded-20261007-v3,kev-9b,s1q-local,S1Qv1,tweet-offensive,TweetEval Offensive,standard_dataset,upstream_dataset_gold,128,128,0.5625,56.25,56.25,False,False,0.34235593346621795,34.2355933466218,34.24,False,False
expanded-v3-w4a4-22source-20261007,all12,kev-9b,Kev,W4A4,expanded-20261007-v3,kev-9b,s1q-local,S1Qv1,wanli,WANLI,standard_dataset,upstream_dataset_gold,256,256,0.33984375,33.984375,33.98,False,False,0.34235593346621795,34.2355933466218,34.24,False,False
expanded-v3-w4a4-22source-20261007,all12,kev-9b,Kev,W4A4,expanded-20261007-v3,kev-9b,s1q-local,S1Qv1,wildjailbreak,WildJailBreak harmful/benign classification,domain_decision_suite,native_annotation,128,128,0.578125,57.8125,57.81,True,True,0.34235593346621795,34.2355933466218,34.24,False,False
expanded-v3-w4a4-22source-20261007,all12,kev-9b,Kev,W4A4,expanded-20261007-v3,kev-9b,s1q-local,S1Qv1,yelp,Yelp,standard_dataset,upstream_dataset_gold,132,66,0.3712121212121212,37.121212121212125,37.12,False,False,0.34235593346621795,34.2355933466218,34.24,False,False
expanded-v3-w4a4-22source-20261007,all12,kev-9b,Kev,W4A4,expanded-20261007-v3,kev-9b,s1q2-beta05,S1Qv2,agnews,AG News,standard_dataset,upstream_dataset_gold,360,120,0.4888888888888889,48.888888888888886,48.89,False,False,0.36103899363525277,36.10389936352528,36.10,False,False
expanded-v3-w4a4-22source-20261007,all12,kev-9b,Kev,W4A4,expanded-20261007-v3,kev-9b,s1q2-beta05,S1Qv2,amazon,Amazon Reviews,standard_dataset,upstream_dataset_gold,128,128,0.2109375,21.09375,21.09,False,False,0.36103899363525277,36.10389936352528,36.10,False,False
expanded-v3-w4a4-22source-20261007,all12,kev-9b,Kev,W4A4,expanded-20261007-v3,kev-9b,s1q2-beta05,S1Qv2,arc,ARC,standard_dataset,upstream_dataset_gold,128,128,0.3046875,30.46875,30.47,False,False,0.36103899363525277,36.10389936352528,36.10,False,False
expanded-v3-w4a4-22source-20261007,all12,kev-9b,Kev,W4A4,expanded-20261007-v3,kev-9b,s1q2-beta05,S1Qv2,boolq,BoolQ,standard_dataset,upstream_dataset_gold,120,120,0.5583333333333333,55.833333333333336,55.83,False,False,0.36103899363525277,36.10389936352528,36.10,False,False
expanded-v3-w4a4-22source-20261007,all12,kev-9b,Kev,W4A4,expanded-20261007-v3,kev-9b,s1q2-beta05,S1Qv2,csqa,CommonsenseQA,standard_dataset,upstream_dataset_gold,128,128,0.1875,18.75,18.75,False,False,0.36103899363525277,36.10389936352528,36.10,False,False
expanded-v3-w4a4-22source-20261007,all12,kev-9b,Kev,W4A4,expanded-20261007-v3,kev-9b,s1q2-beta05,S1Qv2,emotion,Emotion,standard_dataset,upstream_dataset_gold,120,120,0.24166666666666667,24.166666666666668,24.17,False,False,0.36103899363525277,36.10389936352528,36.10,False,False
expanded-v3-w4a4-22source-20261007,all12,kev-9b,Kev,W4A4,expanded-20261007-v3,kev-9b,s1q2-beta05,S1Qv2,imdb,IMDb,standard_dataset,upstream_dataset_gold,53,53,0.6226415094339622,62.264150943396224,62.26,False,False,0.36103899363525277,36.10389936352528,36.10,False,False
expanded-v3-w4a4-22source-20261007,all12,kev-9b,Kev,W4A4,expanded-20261007-v3,kev-9b,s1q2-beta05,S1Qv2,jevbench,JevBench new eligible public tasks,authored_scenario_suite,authored_scenario_gold,48,48,0.2916666666666667,29.166666666666668,29.17,False,False,0.36103899363525277,36.10389936352528,36.10,False,False
expanded-v3-w4a4-22source-20261007,all12,kev-9b,Kev,W4A4,expanded-20261007-v3,kev-9b,s1q2-beta05,S1Qv2,mmlu,MMLU,standard_dataset,upstream_dataset_gold,99,99,0.24242424242424243,24.242424242424242,24.24,False,False,0.36103899363525277,36.10389936352528,36.10,False,False
expanded-v3-w4a4-22source-20261007,all12,kev-9b,Kev,W4A4,expanded-20261007-v3,kev-9b,s1q2-beta05,S1Qv2,mnli,MNLI,standard_dataset,upstream_dataset_gold,122,122,0.27049180327868855,27.049180327868854,27.05,False,False,0.36103899363525277,36.10389936352528,36.10,False,False
expanded-v3-w4a4-22source-20261007,all12,kev-9b,Kev,W4A4,expanded-20261007-v3,kev-9b,s1q2-beta05,S1Qv2,openbookqa,OpenBookQA,standard_dataset,upstream_dataset_gold,128,128,0.2578125,25.78125,25.78,False,False,0.36103899363525277,36.10389936352528,36.10,False,False
expanded-v3-w4a4-22source-20261007,all12,kev-9b,Kev,W4A4,expanded-20261007-v3,kev-9b,s1q2-beta05,S1Qv2,paws,PAWS,standard_dataset,upstream_dataset_gold,128,128,0.421875,42.1875,42.19,False,False,0.36103899363525277,36.10389936352528,36.10,False,False
expanded-v3-w4a4-22source-20261007,all12,kev-9b,Kev,W4A4,expanded-20261007-v3,kev-9b,s1q2-beta05,S1Qv2,qnli,QNLI,standard_dataset,upstream_dataset_gold,128,128,0.4609375,46.09375,46.09,False,False,0.36103899363525277,36.10389936352528,36.10,False,False
expanded-v3-w4a4-22source-20261007,all12,kev-9b,Kev,W4A4,expanded-20261007-v3,kev-9b,s1q2-beta05,S1Qv2,sciq,SciQ,standard_dataset,upstream_dataset_gold,92,92,0.29347826086956524,29.347826086956523,29.35,False,False,0.36103899363525277,36.10389936352528,36.10,False,False
expanded-v3-w4a4-22source-20261007,all12,kev-9b,Kev,W4A4,expanded-20261007-v3,kev-9b,s1q2-beta05,S1Qv2,semif,SemIf authored,authored_rule_suite,authored_scenario_gold,128,32,0.3359375,33.59375,33.59,False,False,0.36103899363525277,36.10389936352528,36.10,False,False
expanded-v3-w4a4-22source-20261007,all12,kev-9b,Kev,W4A4,expanded-20261007-v3,kev-9b,s1q2-beta05,S1Qv2,sst5,SST-5,standard_dataset,upstream_dataset_gold,128,128,0.2265625,22.65625,22.66,False,False,0.36103899363525277,36.10389936352528,36.10,False,False
expanded-v3-w4a4-22source-20261007,all12,kev-9b,Kev,W4A4,expanded-20261007-v3,kev-9b,s1q2-beta05,S1Qv2,toolace,ToolACE tool-choice classification,domain_decision_suite,native_annotation,68,68,0.5147058823529411,51.470588235294116,51.47,False,False,0.36103899363525277,36.10389936352528,36.10,False,False
expanded-v3-w4a4-22source-20261007,all12,kev-9b,Kev,W4A4,expanded-20261007-v3,kev-9b,s1q2-beta05,S1Qv2,trec,TREC,standard_dataset,upstream_dataset_gold,121,121,0.18181818181818182,18.181818181818183,18.18,False,False,0.36103899363525277,36.10389936352528,36.10,False,False
expanded-v3-w4a4-22source-20261007,all12,kev-9b,Kev,W4A4,expanded-20261007-v3,kev-9b,s1q2-beta05,S1Qv2,tweet-offensive,TweetEval Offensive,standard_dataset,upstream_dataset_gold,128,128,0.625,62.5,62.50,False,False,0.36103899363525277,36.10389936352528,36.10,False,False
expanded-v3-w4a4-22source-20261007,all12,kev-9b,Kev,W4A4,expanded-20261007-v3,kev-9b,s1q2-beta05,S1Qv2,wanli,WANLI,standard_dataset,upstream_dataset_gold,256,256,0.3515625,35.15625,35.16,False,False,0.36103899363525277,36.10389936352528,36.10,False,False
expanded-v3-w4a4-22source-20261007,all12,kev-9b,Kev,W4A4,expanded-20261007-v3,kev-9b,s1q2-beta05,S1Qv2,wildjailbreak,WildJailBreak harmful/benign classification,domain_decision_suite,native_annotation,128,128,0.4296875,42.96875,42.97,False,False,0.36103899363525277,36.10389936352528,36.10,False,False
expanded-v3-w4a4-22source-20261007,all12,kev-9b,Kev,W4A4,expanded-20261007-v3,kev-9b,s1q2-beta05,S1Qv2,yelp,Yelp,standard_dataset,upstream_dataset_gold,132,66,0.42424242424242425,42.42424242424242,42.42,False,False,0.36103899363525277,36.10389936352528,36.10,False,False
expanded-v3-w4a4-22source-20261007,all12,kev-9b,Kev,W4A4,expanded-20261007-v3,kev-9b,smoothquant-adapted,SmoothQuant*,agnews,AG News,standard_dataset,upstream_dataset_gold,360,120,0.425,42.5,42.50,False,False,0.33639867682552294,33.63986768255229,33.64,False,False
expanded-v3-w4a4-22source-20261007,all12,kev-9b,Kev,W4A4,expanded-20261007-v3,kev-9b,smoothquant-adapted,SmoothQuant*,amazon,Amazon Reviews,standard_dataset,upstream_dataset_gold,128,128,0.1875,18.75,18.75,False,False,0.33639867682552294,33.63986768255229,33.64,False,False
expanded-v3-w4a4-22source-20261007,all12,kev-9b,Kev,W4A4,expanded-20261007-v3,kev-9b,smoothquant-adapted,SmoothQuant*,arc,ARC,standard_dataset,upstream_dataset_gold,128,128,0.2578125,25.78125,25.78,False,False,0.33639867682552294,33.63986768255229,33.64,False,False
expanded-v3-w4a4-22source-20261007,all12,kev-9b,Kev,W4A4,expanded-20261007-v3,kev-9b,smoothquant-adapted,SmoothQuant*,boolq,BoolQ,standard_dataset,upstream_dataset_gold,120,120,0.5416666666666666,54.166666666666664,54.17,False,False,0.33639867682552294,33.63986768255229,33.64,False,False
expanded-v3-w4a4-22source-20261007,all12,kev-9b,Kev,W4A4,expanded-20261007-v3,kev-9b,smoothquant-adapted,SmoothQuant*,csqa,CommonsenseQA,standard_dataset,upstream_dataset_gold,128,128,0.1640625,16.40625,16.41,False,False,0.33639867682552294,33.63986768255229,33.64,False,False
expanded-v3-w4a4-22source-20261007,all12,kev-9b,Kev,W4A4,expanded-20261007-v3,kev-9b,smoothquant-adapted,SmoothQuant*,emotion,Emotion,standard_dataset,upstream_dataset_gold,120,120,0.24166666666666667,24.166666666666668,24.17,False,False,0.33639867682552294,33.63986768255229,33.64,False,False
expanded-v3-w4a4-22source-20261007,all12,kev-9b,Kev,W4A4,expanded-20261007-v3,kev-9b,smoothquant-adapted,SmoothQuant*,imdb,IMDb,standard_dataset,upstream_dataset_gold,53,53,0.49056603773584906,49.056603773584904,49.06,False,False,0.33639867682552294,33.63986768255229,33.64,False,False
expanded-v3-w4a4-22source-20261007,all12,kev-9b,Kev,W4A4,expanded-20261007-v3,kev-9b,smoothquant-adapted,SmoothQuant*,jevbench,JevBench new eligible public tasks,authored_scenario_suite,authored_scenario_gold,48,48,0.20833333333333334,20.833333333333336,20.83,False,False,0.33639867682552294,33.63986768255229,33.64,False,False
expanded-v3-w4a4-22source-20261007,all12,kev-9b,Kev,W4A4,expanded-20261007-v3,kev-9b,smoothquant-adapted,SmoothQuant*,mmlu,MMLU,standard_dataset,upstream_dataset_gold,99,99,0.2828282828282828,28.28282828282828,28.28,False,False,0.33639867682552294,33.63986768255229,33.64,False,False
expanded-v3-w4a4-22source-20261007,all12,kev-9b,Kev,W4A4,expanded-20261007-v3,kev-9b,smoothquant-adapted,SmoothQuant*,mnli,MNLI,standard_dataset,upstream_dataset_gold,122,122,0.319672131147541,31.967213114754102,31.97,False,False,0.33639867682552294,33.63986768255229,33.64,False,False
expanded-v3-w4a4-22source-20261007,all12,kev-9b,Kev,W4A4,expanded-20261007-v3,kev-9b,smoothquant-adapted,SmoothQuant*,openbookqa,OpenBookQA,standard_dataset,upstream_dataset_gold,128,128,0.2109375,21.09375,21.09,False,False,0.33639867682552294,33.63986768255229,33.64,False,False
expanded-v3-w4a4-22source-20261007,all12,kev-9b,Kev,W4A4,expanded-20261007-v3,kev-9b,smoothquant-adapted,SmoothQuant*,paws,PAWS,standard_dataset,upstream_dataset_gold,128,128,0.4765625,47.65625,47.66,False,False,0.33639867682552294,33.63986768255229,33.64,False,False
expanded-v3-w4a4-22source-20261007,all12,kev-9b,Kev,W4A4,expanded-20261007-v3,kev-9b,smoothquant-adapted,SmoothQuant*,qnli,QNLI,standard_dataset,upstream_dataset_gold,128,128,0.515625,51.5625,51.56,False,False,0.33639867682552294,33.63986768255229,33.64,False,False
expanded-v3-w4a4-22source-20261007,all12,kev-9b,Kev,W4A4,expanded-20261007-v3,kev-9b,smoothquant-adapted,SmoothQuant*,sciq,SciQ,standard_dataset,upstream_dataset_gold,92,92,0.20652173913043478,20.652173913043477,20.65,False,False,0.33639867682552294,33.63986768255229,33.64,False,False
expanded-v3-w4a4-22source-20261007,all12,kev-9b,Kev,W4A4,expanded-20261007-v3,kev-9b,smoothquant-adapted,SmoothQuant*,semif,SemIf authored,authored_rule_suite,authored_scenario_gold,128,32,0.3671875,36.71875,36.72,False,False,0.33639867682552294,33.63986768255229,33.64,False,False
expanded-v3-w4a4-22source-20261007,all12,kev-9b,Kev,W4A4,expanded-20261007-v3,kev-9b,smoothquant-adapted,SmoothQuant*,sst5,SST-5,standard_dataset,upstream_dataset_gold,128,128,0.2109375,21.09375,21.09,False,False,0.33639867682552294,33.63986768255229,33.64,False,False
expanded-v3-w4a4-22source-20261007,all12,kev-9b,Kev,W4A4,expanded-20261007-v3,kev-9b,smoothquant-adapted,SmoothQuant*,toolace,ToolACE tool-choice classification,domain_decision_suite,native_annotation,68,68,0.36764705882352944,36.76470588235294,36.76,False,False,0.33639867682552294,33.63986768255229,33.64,False,False
expanded-v3-w4a4-22source-20261007,all12,kev-9b,Kev,W4A4,expanded-20261007-v3,kev-9b,smoothquant-adapted,SmoothQuant*,trec,TREC,standard_dataset,upstream_dataset_gold,121,121,0.14049586776859505,14.049586776859504,14.05,False,False,0.33639867682552294,33.63986768255229,33.64,False,False
expanded-v3-w4a4-22source-20261007,all12,kev-9b,Kev,W4A4,expanded-20261007-v3,kev-9b,smoothquant-adapted,SmoothQuant*,tweet-offensive,TweetEval Offensive,standard_dataset,upstream_dataset_gold,128,128,0.5390625,53.90625,53.91,False,False,0.33639867682552294,33.63986768255229,33.64,False,False
expanded-v3-w4a4-22source-20261007,all12,kev-9b,Kev,W4A4,expanded-20261007-v3,kev-9b,smoothquant-adapted,SmoothQuant*,wanli,WANLI,standard_dataset,upstream_dataset_gold,256,256,0.359375,35.9375,35.94,False,False,0.33639867682552294,33.63986768255229,33.64,False,False
expanded-v3-w4a4-22source-20261007,all12,kev-9b,Kev,W4A4,expanded-20261007-v3,kev-9b,smoothquant-adapted,SmoothQuant*,wildjailbreak,WildJailBreak harmful/benign classification,domain_decision_suite,native_annotation,128,128,0.53125,53.125,53.12,False,False,0.33639867682552294,33.63986768255229,33.64,False,False
expanded-v3-w4a4-22source-20261007,all12,kev-9b,Kev,W4A4,expanded-20261007-v3,kev-9b,smoothquant-adapted,SmoothQuant*,yelp,Yelp,standard_dataset,upstream_dataset_gold,132,66,0.3560606060606061,35.60606060606061,35.61,False,False,0.33639867682552294,33.63986768255229,33.64,False,False
expanded-v3-w4a4-22source-20261007,all12,kev-9b,Kev,W4A4,expanded-20261007-v3,kev-9b,awq-adapted,AWQ*,agnews,AG News,standard_dataset,upstream_dataset_gold,360,120,0.5694444444444444,56.94444444444444,56.94,False,False,0.38654819888186953,38.65481988818695,38.65,False,False
expanded-v3-w4a4-22source-20261007,all12,kev-9b,Kev,W4A4,expanded-20261007-v3,kev-9b,awq-adapted,AWQ*,amazon,Amazon Reviews,standard_dataset,upstream_dataset_gold,128,128,0.2421875,24.21875,24.22,False,False,0.38654819888186953,38.65481988818695,38.65,False,False
expanded-v3-w4a4-22source-20261007,all12,kev-9b,Kev,W4A4,expanded-20261007-v3,kev-9b,awq-adapted,AWQ*,arc,ARC,standard_dataset,upstream_dataset_gold,128,128,0.25,25.0,25.00,False,False,0.38654819888186953,38.65481988818695,38.65,False,False
expanded-v3-w4a4-22source-20261007,all12,kev-9b,Kev,W4A4,expanded-20261007-v3,kev-9b,awq-adapted,AWQ*,boolq,BoolQ,standard_dataset,upstream_dataset_gold,120,120,0.55,55.00000000000001,55.00,False,False,0.38654819888186953,38.65481988818695,38.65,False,False
expanded-v3-w4a4-22source-20261007,all12,kev-9b,Kev,W4A4,expanded-20261007-v3,kev-9b,awq-adapted,AWQ*,csqa,CommonsenseQA,standard_dataset,upstream_dataset_gold,128,128,0.171875,17.1875,17.19,False,False,0.38654819888186953,38.65481988818695,38.65,False,False
expanded-v3-w4a4-22source-20261007,all12,kev-9b,Kev,W4A4,expanded-20261007-v3,kev-9b,awq-adapted,AWQ*,emotion,Emotion,standard_dataset,upstream_dataset_gold,120,120,0.175,17.5,17.50,False,False,0.38654819888186953,38.65481988818695,38.65,False,False
expanded-v3-w4a4-22source-20261007,all12,kev-9b,Kev,W4A4,expanded-20261007-v3,kev-9b,awq-adapted,AWQ*,imdb,IMDb,standard_dataset,upstream_dataset_gold,53,53,0.5283018867924528,52.83018867924528,52.83,False,False,0.38654819888186953,38.65481988818695,38.65,False,False
expanded-v3-w4a4-22source-20261007,all12,kev-9b,Kev,W4A4,expanded-20261007-v3,kev-9b,awq-adapted,AWQ*,jevbench,JevBench new eligible public tasks,authored_scenario_suite,authored_scenario_gold,48,48,0.375,37.5,37.50,False,False,0.38654819888186953,38.65481988818695,38.65,False,False
expanded-v3-w4a4-22source-20261007,all12,kev-9b,Kev,W4A4,expanded-20261007-v3,kev-9b,awq-adapted,AWQ*,mmlu,MMLU,standard_dataset,upstream_dataset_gold,99,99,0.23232323232323232,23.232323232323232,23.23,False,False,0.38654819888186953,38.65481988818695,38.65,False,False
expanded-v3-w4a4-22source-20261007,all12,kev-9b,Kev,W4A4,expanded-20261007-v3,kev-9b,awq-adapted,AWQ*,mnli,MNLI,standard_dataset,upstream_dataset_gold,122,122,0.39344262295081966,39.34426229508197,39.34,False,False,0.38654819888186953,38.65481988818695,38.65,False,False
expanded-v3-w4a4-22source-20261007,all12,kev-9b,Kev,W4A4,expanded-20261007-v3,kev-9b,awq-adapted,AWQ*,openbookqa,OpenBookQA,standard_dataset,upstream_dataset_gold,128,128,0.265625,26.5625,26.56,False,False,0.38654819888186953,38.65481988818695,38.65,False,False
expanded-v3-w4a4-22source-20261007,all12,kev-9b,Kev,W4A4,expanded-20261007-v3,kev-9b,awq-adapted,AWQ*,paws,PAWS,standard_dataset,upstream_dataset_gold,128,128,0.5234375,52.34375,52.34,False,False,0.38654819888186953,38.65481988818695,38.65,False,False
expanded-v3-w4a4-22source-20261007,all12,kev-9b,Kev,W4A4,expanded-20261007-v3,kev-9b,awq-adapted,AWQ*,qnli,QNLI,standard_dataset,upstream_dataset_gold,128,128,0.5,50.0,50.00,False,False,0.38654819888186953,38.65481988818695,38.65,False,False
expanded-v3-w4a4-22source-20261007,all12,kev-9b,Kev,W4A4,expanded-20261007-v3,kev-9b,awq-adapted,AWQ*,sciq,SciQ,standard_dataset,upstream_dataset_gold,92,92,0.40217391304347827,40.21739130434783,40.22,False,False,0.38654819888186953,38.65481988818695,38.65,False,False
expanded-v3-w4a4-22source-20261007,all12,kev-9b,Kev,W4A4,expanded-20261007-v3,kev-9b,awq-adapted,AWQ*,semif,SemIf authored,authored_rule_suite,authored_scenario_gold,128,32,0.3046875,30.46875,30.47,False,False,0.38654819888186953,38.65481988818695,38.65,False,False
expanded-v3-w4a4-22source-20261007,all12,kev-9b,Kev,W4A4,expanded-20261007-v3,kev-9b,awq-adapted,AWQ*,sst5,SST-5,standard_dataset,upstream_dataset_gold,128,128,0.2578125,25.78125,25.78,False,False,0.38654819888186953,38.65481988818695,38.65,False,False
expanded-v3-w4a4-22source-20261007,all12,kev-9b,Kev,W4A4,expanded-20261007-v3,kev-9b,awq-adapted,AWQ*,toolace,ToolACE tool-choice classification,domain_decision_suite,native_annotation,68,68,0.5441176470588235,54.41176470588235,54.41,False,False,0.38654819888186953,38.65481988818695,38.65,False,False
expanded-v3-w4a4-22source-20261007,all12,kev-9b,Kev,W4A4,expanded-20261007-v3,kev-9b,awq-adapted,AWQ*,trec,TREC,standard_dataset,upstream_dataset_gold,121,121,0.18181818181818182,18.181818181818183,18.18,False,False,0.38654819888186953,38.65481988818695,38.65,False,False
expanded-v3-w4a4-22source-20261007,all12,kev-9b,Kev,W4A4,expanded-20261007-v3,kev-9b,awq-adapted,AWQ*,tweet-offensive,TweetEval Offensive,standard_dataset,upstream_dataset_gold,128,128,0.6796875,67.96875,67.97,False,False,0.38654819888186953,38.65481988818695,38.65,False,False
expanded-v3-w4a4-22source-20261007,all12,kev-9b,Kev,W4A4,expanded-20261007-v3,kev-9b,awq-adapted,AWQ*,wanli,WANLI,standard_dataset,upstream_dataset_gold,256,256,0.36328125,36.328125,36.33,False,False,0.38654819888186953,38.65481988818695,38.65,False,False
expanded-v3-w4a4-22source-20261007,all12,kev-9b,Kev,W4A4,expanded-20261007-v3,kev-9b,awq-adapted,AWQ*,wildjailbreak,WildJailBreak harmful/benign classification,domain_decision_suite,native_annotation,128,128,0.546875,54.6875,54.69,False,False,0.38654819888186953,38.65481988818695,38.65,False,False
expanded-v3-w4a4-22source-20261007,all12,kev-9b,Kev,W4A4,expanded-20261007-v3,kev-9b,awq-adapted,AWQ*,yelp,Yelp,standard_dataset,upstream_dataset_gold,132,66,0.44696969696969696,44.696969696969695,44.70,False,False,0.38654819888186953,38.65481988818695,38.65,False,False
expanded-v3-w4a4-22source-20261007,all12,kev-9b,Kev,W4A4,expanded-20261007-v3,kev-9b,gptq-blockdiag-adapted,GPTQ-block*,agnews,AG News,standard_dataset,upstream_dataset_gold,360,120,0.45555555555555555,45.55555555555556,45.56,False,False,0.3452492625337501,34.52492625337501,34.52,False,False
expanded-v3-w4a4-22source-20261007,all12,kev-9b,Kev,W4A4,expanded-20261007-v3,kev-9b,gptq-blockdiag-adapted,GPTQ-block*,amazon,Amazon Reviews,standard_dataset,upstream_dataset_gold,128,128,0.234375,23.4375,23.44,False,False,0.3452492625337501,34.52492625337501,34.52,False,False
expanded-v3-w4a4-22source-20261007,all12,kev-9b,Kev,W4A4,expanded-20261007-v3,kev-9b,gptq-blockdiag-adapted,GPTQ-block*,arc,ARC,standard_dataset,upstream_dataset_gold,128,128,0.21875,21.875,21.88,False,False,0.3452492625337501,34.52492625337501,34.52,False,False
expanded-v3-w4a4-22source-20261007,all12,kev-9b,Kev,W4A4,expanded-20261007-v3,kev-9b,gptq-blockdiag-adapted,GPTQ-block*,boolq,BoolQ,standard_dataset,upstream_dataset_gold,120,120,0.5666666666666667,56.666666666666664,56.67,False,False,0.3452492625337501,34.52492625337501,34.52,False,False
expanded-v3-w4a4-22source-20261007,all12,kev-9b,Kev,W4A4,expanded-20261007-v3,kev-9b,gptq-blockdiag-adapted,GPTQ-block*,csqa,CommonsenseQA,standard_dataset,upstream_dataset_gold,128,128,0.1875,18.75,18.75,False,False,0.3452492625337501,34.52492625337501,34.52,False,False
expanded-v3-w4a4-22source-20261007,all12,kev-9b,Kev,W4A4,expanded-20261007-v3,kev-9b,gptq-blockdiag-adapted,GPTQ-block*,emotion,Emotion,standard_dataset,upstream_dataset_gold,120,120,0.225,22.5,22.50,False,False,0.3452492625337501,34.52492625337501,34.52,False,False
expanded-v3-w4a4-22source-20261007,all12,kev-9b,Kev,W4A4,expanded-20261007-v3,kev-9b,gptq-blockdiag-adapted,GPTQ-block*,imdb,IMDb,standard_dataset,upstream_dataset_gold,53,53,0.4716981132075472,47.16981132075472,47.17,False,False,0.3452492625337501,34.52492625337501,34.52,False,False
expanded-v3-w4a4-22source-20261007,all12,kev-9b,Kev,W4A4,expanded-20261007-v3,kev-9b,gptq-blockdiag-adapted,GPTQ-block*,jevbench,JevBench new eligible public tasks,authored_scenario_suite,authored_scenario_gold,48,48,0.3958333333333333,39.58333333333333,39.58,False,False,0.3452492625337501,34.52492625337501,34.52,False,False
expanded-v3-w4a4-22source-20261007,all12,kev-9b,Kev,W4A4,expanded-20261007-v3,kev-9b,gptq-blockdiag-adapted,GPTQ-block*,mmlu,MMLU,standard_dataset,upstream_dataset_gold,99,99,0.23232323232323232,23.232323232323232,23.23,False,False,0.3452492625337501,34.52492625337501,34.52,False,False
expanded-v3-w4a4-22source-20261007,all12,kev-9b,Kev,W4A4,expanded-20261007-v3,kev-9b,gptq-blockdiag-adapted,GPTQ-block*,mnli,MNLI,standard_dataset,upstream_dataset_gold,122,122,0.36885245901639346,36.885245901639344,36.89,False,False,0.3452492625337501,34.52492625337501,34.52,False,False
expanded-v3-w4a4-22source-20261007,all12,kev-9b,Kev,W4A4,expanded-20261007-v3,kev-9b,gptq-blockdiag-adapted,GPTQ-block*,openbookqa,OpenBookQA,standard_dataset,upstream_dataset_gold,128,128,0.28125,28.125,28.12,False,False,0.3452492625337501,34.52492625337501,34.52,False,False
expanded-v3-w4a4-22source-20261007,all12,kev-9b,Kev,W4A4,expanded-20261007-v3,kev-9b,gptq-blockdiag-adapted,GPTQ-block*,paws,PAWS,standard_dataset,upstream_dataset_gold,128,128,0.5,50.0,50.00,False,False,0.3452492625337501,34.52492625337501,34.52,False,False
expanded-v3-w4a4-22source-20261007,all12,kev-9b,Kev,W4A4,expanded-20261007-v3,kev-9b,gptq-blockdiag-adapted,GPTQ-block*,qnli,QNLI,standard_dataset,upstream_dataset_gold,128,128,0.5546875,55.46875,55.47,False,False,0.3452492625337501,34.52492625337501,34.52,False,False
expanded-v3-w4a4-22source-20261007,all12,kev-9b,Kev,W4A4,expanded-20261007-v3,kev-9b,gptq-blockdiag-adapted,GPTQ-block*,sciq,SciQ,standard_dataset,upstream_dataset_gold,92,92,0.2717391304347826,27.173913043478258,27.17,False,False,0.3452492625337501,34.52492625337501,34.52,False,False
expanded-v3-w4a4-22source-20261007,all12,kev-9b,Kev,W4A4,expanded-20261007-v3,kev-9b,gptq-blockdiag-adapted,GPTQ-block*,semif,SemIf authored,authored_rule_suite,authored_scenario_gold,128,32,0.3046875,30.46875,30.47,False,False,0.3452492625337501,34.52492625337501,34.52,False,False
expanded-v3-w4a4-22source-20261007,all12,kev-9b,Kev,W4A4,expanded-20261007-v3,kev-9b,gptq-blockdiag-adapted,GPTQ-block*,sst5,SST-5,standard_dataset,upstream_dataset_gold,128,128,0.203125,20.3125,20.31,False,False,0.3452492625337501,34.52492625337501,34.52,False,False
expanded-v3-w4a4-22source-20261007,all12,kev-9b,Kev,W4A4,expanded-20261007-v3,kev-9b,gptq-blockdiag-adapted,GPTQ-block*,toolace,ToolACE tool-choice classification,domain_decision_suite,native_annotation,68,68,0.4264705882352941,42.64705882352941,42.65,False,False,0.3452492625337501,34.52492625337501,34.52,False,False
expanded-v3-w4a4-22source-20261007,all12,kev-9b,Kev,W4A4,expanded-20261007-v3,kev-9b,gptq-blockdiag-adapted,GPTQ-block*,trec,TREC,standard_dataset,upstream_dataset_gold,121,121,0.09090909090909091,9.090909090909092,9.09,False,False,0.3452492625337501,34.52492625337501,34.52,False,False
expanded-v3-w4a4-22source-20261007,all12,kev-9b,Kev,W4A4,expanded-20261007-v3,kev-9b,gptq-blockdiag-adapted,GPTQ-block*,tweet-offensive,TweetEval Offensive,standard_dataset,upstream_dataset_gold,128,128,0.46875,46.875,46.88,False,False,0.3452492625337501,34.52492625337501,34.52,False,False
expanded-v3-w4a4-22source-20261007,all12,kev-9b,Kev,W4A4,expanded-20261007-v3,kev-9b,gptq-blockdiag-adapted,GPTQ-block*,wanli,WANLI,standard_dataset,upstream_dataset_gold,256,256,0.296875,29.6875,29.69,False,False,0.3452492625337501,34.52492625337501,34.52,False,False
expanded-v3-w4a4-22source-20261007,all12,kev-9b,Kev,W4A4,expanded-20261007-v3,kev-9b,gptq-blockdiag-adapted,GPTQ-block*,wildjailbreak,WildJailBreak harmful/benign classification,domain_decision_suite,native_annotation,128,128,0.484375,48.4375,48.44,False,False,0.3452492625337501,34.52492625337501,34.52,False,False
expanded-v3-w4a4-22source-20261007,all12,kev-9b,Kev,W4A4,expanded-20261007-v3,kev-9b,gptq-blockdiag-adapted,GPTQ-block*,yelp,Yelp,standard_dataset,upstream_dataset_gold,132,66,0.3560606060606061,35.60606060606061,35.61,False,False,0.3452492625337501,34.52492625337501,34.52,False,False
expanded-v3-w4a4-22source-20261007,all12,kev-9b,Kev,W4A4,expanded-20261007-v3,kev-9b,spinquant-nohad-adapted,SpinQuant no-Had*,agnews,AG News,standard_dataset,upstream_dataset_gold,360,120,0.4444444444444444,44.44444444444444,44.44,False,False,0.33175272629761293,33.175272629761295,33.18,False,False
expanded-v3-w4a4-22source-20261007,all12,kev-9b,Kev,W4A4,expanded-20261007-v3,kev-9b,spinquant-nohad-adapted,SpinQuant no-Had*,amazon,Amazon Reviews,standard_dataset,upstream_dataset_gold,128,128,0.2265625,22.65625,22.66,False,False,0.33175272629761293,33.175272629761295,33.18,False,False
expanded-v3-w4a4-22source-20261007,all12,kev-9b,Kev,W4A4,expanded-20261007-v3,kev-9b,spinquant-nohad-adapted,SpinQuant no-Had*,arc,ARC,standard_dataset,upstream_dataset_gold,128,128,0.265625,26.5625,26.56,False,False,0.33175272629761293,33.175272629761295,33.18,False,False
expanded-v3-w4a4-22source-20261007,all12,kev-9b,Kev,W4A4,expanded-20261007-v3,kev-9b,spinquant-nohad-adapted,SpinQuant no-Had*,boolq,BoolQ,standard_dataset,upstream_dataset_gold,120,120,0.425,42.5,42.50,False,False,0.33175272629761293,33.175272629761295,33.18,False,False
expanded-v3-w4a4-22source-20261007,all12,kev-9b,Kev,W4A4,expanded-20261007-v3,kev-9b,spinquant-nohad-adapted,SpinQuant no-Had*,csqa,CommonsenseQA,standard_dataset,upstream_dataset_gold,128,128,0.1953125,19.53125,19.53,False,False,0.33175272629761293,33.175272629761295,33.18,False,False
expanded-v3-w4a4-22source-20261007,all12,kev-9b,Kev,W4A4,expanded-20261007-v3,kev-9b,spinquant-nohad-adapted,SpinQuant no-Had*,emotion,Emotion,standard_dataset,upstream_dataset_gold,120,120,0.26666666666666666,26.666666666666668,26.67,False,False,0.33175272629761293,33.175272629761295,33.18,False,False
expanded-v3-w4a4-22source-20261007,all12,kev-9b,Kev,W4A4,expanded-20261007-v3,kev-9b,spinquant-nohad-adapted,SpinQuant no-Had*,imdb,IMDb,standard_dataset,upstream_dataset_gold,53,53,0.4528301886792453,45.28301886792453,45.28,False,False,0.33175272629761293,33.175272629761295,33.18,False,False
expanded-v3-w4a4-22source-20261007,all12,kev-9b,Kev,W4A4,expanded-20261007-v3,kev-9b,spinquant-nohad-adapted,SpinQuant no-Had*,jevbench,JevBench new eligible public tasks,authored_scenario_suite,authored_scenario_gold,48,48,0.2708333333333333,27.083333333333332,27.08,False,False,0.33175272629761293,33.175272629761295,33.18,False,False
expanded-v3-w4a4-22source-20261007,all12,kev-9b,Kev,W4A4,expanded-20261007-v3,kev-9b,spinquant-nohad-adapted,SpinQuant no-Had*,mmlu,MMLU,standard_dataset,upstream_dataset_gold,99,99,0.2222222222222222,22.22222222222222,22.22,False,False,0.33175272629761293,33.175272629761295,33.18,False,False
expanded-v3-w4a4-22source-20261007,all12,kev-9b,Kev,W4A4,expanded-20261007-v3,kev-9b,spinquant-nohad-adapted,SpinQuant no-Had*,mnli,MNLI,standard_dataset,upstream_dataset_gold,122,122,0.3442622950819672,34.42622950819672,34.43,False,False,0.33175272629761293,33.175272629761295,33.18,False,False
expanded-v3-w4a4-22source-20261007,all12,kev-9b,Kev,W4A4,expanded-20261007-v3,kev-9b,spinquant-nohad-adapted,SpinQuant no-Had*,openbookqa,OpenBookQA,standard_dataset,upstream_dataset_gold,128,128,0.1796875,17.96875,17.97,False,False,0.33175272629761293,33.175272629761295,33.18,False,False
expanded-v3-w4a4-22source-20261007,all12,kev-9b,Kev,W4A4,expanded-20261007-v3,kev-9b,spinquant-nohad-adapted,SpinQuant no-Had*,paws,PAWS,standard_dataset,upstream_dataset_gold,128,128,0.4609375,46.09375,46.09,False,False,0.33175272629761293,33.175272629761295,33.18,False,False
expanded-v3-w4a4-22source-20261007,all12,kev-9b,Kev,W4A4,expanded-20261007-v3,kev-9b,spinquant-nohad-adapted,SpinQuant no-Had*,qnli,QNLI,standard_dataset,upstream_dataset_gold,128,128,0.40625,40.625,40.62,False,False,0.33175272629761293,33.175272629761295,33.18,False,False
expanded-v3-w4a4-22source-20261007,all12,kev-9b,Kev,W4A4,expanded-20261007-v3,kev-9b,spinquant-nohad-adapted,SpinQuant no-Had*,sciq,SciQ,standard_dataset,upstream_dataset_gold,92,92,0.29347826086956524,29.347826086956523,29.35,False,False,0.33175272629761293,33.175272629761295,33.18,False,False
expanded-v3-w4a4-22source-20261007,all12,kev-9b,Kev,W4A4,expanded-20261007-v3,kev-9b,spinquant-nohad-adapted,SpinQuant no-Had*,semif,SemIf authored,authored_rule_suite,authored_scenario_gold,128,32,0.34375,34.375,34.38,False,False,0.33175272629761293,33.175272629761295,33.18,False,False
expanded-v3-w4a4-22source-20261007,all12,kev-9b,Kev,W4A4,expanded-20261007-v3,kev-9b,spinquant-nohad-adapted,SpinQuant no-Had*,sst5,SST-5,standard_dataset,upstream_dataset_gold,128,128,0.1875,18.75,18.75,False,False,0.33175272629761293,33.175272629761295,33.18,False,False
expanded-v3-w4a4-22source-20261007,all12,kev-9b,Kev,W4A4,expanded-20261007-v3,kev-9b,spinquant-nohad-adapted,SpinQuant no-Had*,toolace,ToolACE tool-choice classification,domain_decision_suite,native_annotation,68,68,0.47058823529411764,47.05882352941176,47.06,False,False,0.33175272629761293,33.175272629761295,33.18,False,False
expanded-v3-w4a4-22source-20261007,all12,kev-9b,Kev,W4A4,expanded-20261007-v3,kev-9b,spinquant-nohad-adapted,SpinQuant no-Had*,trec,TREC,standard_dataset,upstream_dataset_gold,121,121,0.1652892561983471,16.528925619834713,16.53,False,False,0.33175272629761293,33.175272629761295,33.18,False,False
expanded-v3-w4a4-22source-20261007,all12,kev-9b,Kev,W4A4,expanded-20261007-v3,kev-9b,spinquant-nohad-adapted,SpinQuant no-Had*,tweet-offensive,TweetEval Offensive,standard_dataset,upstream_dataset_gold,128,128,0.515625,51.5625,51.56,False,False,0.33175272629761293,33.175272629761295,33.18,False,False
expanded-v3-w4a4-22source-20261007,all12,kev-9b,Kev,W4A4,expanded-20261007-v3,kev-9b,spinquant-nohad-adapted,SpinQuant no-Had*,wanli,WANLI,standard_dataset,upstream_dataset_gold,256,256,0.34375,34.375,34.38,False,False,0.33175272629761293,33.175272629761295,33.18,False,False
expanded-v3-w4a4-22source-20261007,all12,kev-9b,Kev,W4A4,expanded-20261007-v3,kev-9b,spinquant-nohad-adapted,SpinQuant no-Had*,wildjailbreak,WildJailBreak harmful/benign classification,domain_decision_suite,native_annotation,128,128,0.4921875,49.21875,49.22,False,False,0.33175272629761293,33.175272629761295,33.18,False,False
expanded-v3-w4a4-22source-20261007,all12,kev-9b,Kev,W4A4,expanded-20261007-v3,kev-9b,spinquant-nohad-adapted,SpinQuant no-Had*,yelp,Yelp,standard_dataset,upstream_dataset_gold,132,66,0.32575757575757575,32.57575757575758,32.58,False,False,0.33175272629761293,33.175272629761295,33.18,False,False
expanded-v3-w4a4-22source-20261007,all12,kev-9b,Kev,W4A4,expanded-20261007-v3,kev-9b,spinquant-had-adapted,SpinQuant Had*,agnews,AG News,standard_dataset,upstream_dataset_gold,360,120,0.4888888888888889,48.888888888888886,48.89,False,False,0.35545718134021503,35.545718134021506,35.55,False,False
expanded-v3-w4a4-22source-20261007,all12,kev-9b,Kev,W4A4,expanded-20261007-v3,kev-9b,spinquant-had-adapted,SpinQuant Had*,amazon,Amazon Reviews,standard_dataset,upstream_dataset_gold,128,128,0.28125,28.125,28.12,False,False,0.35545718134021503,35.545718134021506,35.55,False,False
expanded-v3-w4a4-22source-20261007,all12,kev-9b,Kev,W4A4,expanded-20261007-v3,kev-9b,spinquant-had-adapted,SpinQuant Had*,arc,ARC,standard_dataset,upstream_dataset_gold,128,128,0.1796875,17.96875,17.97,False,False,0.35545718134021503,35.545718134021506,35.55,False,False
expanded-v3-w4a4-22source-20261007,all12,kev-9b,Kev,W4A4,expanded-20261007-v3,kev-9b,spinquant-had-adapted,SpinQuant Had*,boolq,BoolQ,standard_dataset,upstream_dataset_gold,120,120,0.49166666666666664,49.166666666666664,49.17,False,False,0.35545718134021503,35.545718134021506,35.55,False,False
expanded-v3-w4a4-22source-20261007,all12,kev-9b,Kev,W4A4,expanded-20261007-v3,kev-9b,spinquant-had-adapted,SpinQuant Had*,csqa,CommonsenseQA,standard_dataset,upstream_dataset_gold,128,128,0.125,12.5,12.50,False,False,0.35545718134021503,35.545718134021506,35.55,False,False
expanded-v3-w4a4-22source-20261007,all12,kev-9b,Kev,W4A4,expanded-20261007-v3,kev-9b,spinquant-had-adapted,SpinQuant Had*,emotion,Emotion,standard_dataset,upstream_dataset_gold,120,120,0.15833333333333333,15.833333333333332,15.83,False,False,0.35545718134021503,35.545718134021506,35.55,False,False
expanded-v3-w4a4-22source-20261007,all12,kev-9b,Kev,W4A4,expanded-20261007-v3,kev-9b,spinquant-had-adapted,SpinQuant Had*,imdb,IMDb,standard_dataset,upstream_dataset_gold,53,53,0.5094339622641509,50.943396226415096,50.94,False,False,0.35545718134021503,35.545718134021506,35.55,False,False
expanded-v3-w4a4-22source-20261007,all12,kev-9b,Kev,W4A4,expanded-20261007-v3,kev-9b,spinquant-had-adapted,SpinQuant Had*,jevbench,JevBench new eligible public tasks,authored_scenario_suite,authored_scenario_gold,48,48,0.4375,43.75,43.75,False,False,0.35545718134021503,35.545718134021506,35.55,False,False
expanded-v3-w4a4-22source-20261007,all12,kev-9b,Kev,W4A4,expanded-20261007-v3,kev-9b,spinquant-had-adapted,SpinQuant Had*,mmlu,MMLU,standard_dataset,upstream_dataset_gold,99,99,0.2727272727272727,27.27272727272727,27.27,False,False,0.35545718134021503,35.545718134021506,35.55,False,False
expanded-v3-w4a4-22source-20261007,all12,kev-9b,Kev,W4A4,expanded-20261007-v3,kev-9b,spinquant-had-adapted,SpinQuant Had*,mnli,MNLI,standard_dataset,upstream_dataset_gold,122,122,0.4098360655737705,40.98360655737705,40.98,False,False,0.35545718134021503,35.545718134021506,35.55,False,False
expanded-v3-w4a4-22source-20261007,all12,kev-9b,Kev,W4A4,expanded-20261007-v3,kev-9b,spinquant-had-adapted,SpinQuant Had*,openbookqa,OpenBookQA,standard_dataset,upstream_dataset_gold,128,128,0.234375,23.4375,23.44,False,False,0.35545718134021503,35.545718134021506,35.55,False,False
expanded-v3-w4a4-22source-20261007,all12,kev-9b,Kev,W4A4,expanded-20261007-v3,kev-9b,spinquant-had-adapted,SpinQuant Had*,paws,PAWS,standard_dataset,upstream_dataset_gold,128,128,0.6015625,60.15625,60.16,True,True,0.35545718134021503,35.545718134021506,35.55,False,False
expanded-v3-w4a4-22source-20261007,all12,kev-9b,Kev,W4A4,expanded-20261007-v3,kev-9b,spinquant-had-adapted,SpinQuant Had*,qnli,QNLI,standard_dataset,upstream_dataset_gold,128,128,0.5546875,55.46875,55.47,False,False,0.35545718134021503,35.545718134021506,35.55,False,False
expanded-v3-w4a4-22source-20261007,all12,kev-9b,Kev,W4A4,expanded-20261007-v3,kev-9b,spinquant-had-adapted,SpinQuant Had*,sciq,SciQ,standard_dataset,upstream_dataset_gold,92,92,0.31521739130434784,31.521739130434785,31.52,False,False,0.35545718134021503,35.545718134021506,35.55,False,False
expanded-v3-w4a4-22source-20261007,all12,kev-9b,Kev,W4A4,expanded-20261007-v3,kev-9b,spinquant-had-adapted,SpinQuant Had*,semif,SemIf authored,authored_rule_suite,authored_scenario_gold,128,32,0.3359375,33.59375,33.59,False,False,0.35545718134021503,35.545718134021506,35.55,False,False
expanded-v3-w4a4-22source-20261007,all12,kev-9b,Kev,W4A4,expanded-20261007-v3,kev-9b,spinquant-had-adapted,SpinQuant Had*,sst5,SST-5,standard_dataset,upstream_dataset_gold,128,128,0.1953125,19.53125,19.53,False,False,0.35545718134021503,35.545718134021506,35.55,False,False
expanded-v3-w4a4-22source-20261007,all12,kev-9b,Kev,W4A4,expanded-20261007-v3,kev-9b,spinquant-had-adapted,SpinQuant Had*,toolace,ToolACE tool-choice classification,domain_decision_suite,native_annotation,68,68,0.45588235294117646,45.588235294117645,45.59,False,False,0.35545718134021503,35.545718134021506,35.55,False,False
expanded-v3-w4a4-22source-20261007,all12,kev-9b,Kev,W4A4,expanded-20261007-v3,kev-9b,spinquant-had-adapted,SpinQuant Had*,trec,TREC,standard_dataset,upstream_dataset_gold,121,121,0.12396694214876033,12.396694214876034,12.40,False,False,0.35545718134021503,35.545718134021506,35.55,False,False
expanded-v3-w4a4-22source-20261007,all12,kev-9b,Kev,W4A4,expanded-20261007-v3,kev-9b,spinquant-had-adapted,SpinQuant Had*,tweet-offensive,TweetEval Offensive,standard_dataset,upstream_dataset_gold,128,128,0.5234375,52.34375,52.34,False,False,0.35545718134021503,35.545718134021506,35.55,False,False
expanded-v3-w4a4-22source-20261007,all12,kev-9b,Kev,W4A4,expanded-20261007-v3,kev-9b,spinquant-had-adapted,SpinQuant Had*,wanli,WANLI,standard_dataset,upstream_dataset_gold,256,256,0.26953125,26.953125,26.95,False,False,0.35545718134021503,35.545718134021506,35.55,False,False
expanded-v3-w4a4-22source-20261007,all12,kev-9b,Kev,W4A4,expanded-20261007-v3,kev-9b,spinquant-had-adapted,SpinQuant Had*,wildjailbreak,WildJailBreak harmful/benign classification,domain_decision_suite,native_annotation,128,128,0.4921875,49.21875,49.22,False,False,0.35545718134021503,35.545718134021506,35.55,False,False
expanded-v3-w4a4-22source-20261007,all12,kev-9b,Kev,W4A4,expanded-20261007-v3,kev-9b,spinquant-had-adapted,SpinQuant Had*,yelp,Yelp,standard_dataset,upstream_dataset_gold,132,66,0.36363636363636365,36.36363636363637,36.36,False,False,0.35545718134021503,35.545718134021506,35.55,False,False
expanded-v3-w4a4-22source-20261007,all12,kev-9b,Kev,W4A4,expanded-20261007-v3,kev-9b,s1q-joint,S1Q-Joint,agnews,AG News,standard_dataset,upstream_dataset_gold,360,120,0.8305555555555556,83.05555555555556,83.06,False,False,0.6205747695457614,62.05747695457614,62.06,False,False
expanded-v3-w4a4-22source-20261007,all12,kev-9b,Kev,W4A4,expanded-20261007-v3,kev-9b,s1q-joint,S1Q-Joint,amazon,Amazon Reviews,standard_dataset,upstream_dataset_gold,128,128,0.515625,51.5625,51.56,True,True,0.6205747695457614,62.05747695457614,62.06,False,False
expanded-v3-w4a4-22source-20261007,all12,kev-9b,Kev,W4A4,expanded-20261007-v3,kev-9b,s1q-joint,S1Q-Joint,arc,ARC,standard_dataset,upstream_dataset_gold,128,128,0.4453125,44.53125,44.53,False,False,0.6205747695457614,62.05747695457614,62.06,False,False
expanded-v3-w4a4-22source-20261007,all12,kev-9b,Kev,W4A4,expanded-20261007-v3,kev-9b,s1q-joint,S1Q-Joint,boolq,BoolQ,standard_dataset,upstream_dataset_gold,120,120,0.6416666666666667,64.16666666666667,64.17,False,False,0.6205747695457614,62.05747695457614,62.06,False,False
expanded-v3-w4a4-22source-20261007,all12,kev-9b,Kev,W4A4,expanded-20261007-v3,kev-9b,s1q-joint,S1Q-Joint,csqa,CommonsenseQA,standard_dataset,upstream_dataset_gold,128,128,0.4921875,49.21875,49.22,False,False,0.6205747695457614,62.05747695457614,62.06,False,False
expanded-v3-w4a4-22source-20261007,all12,kev-9b,Kev,W4A4,expanded-20261007-v3,kev-9b,s1q-joint,S1Q-Joint,emotion,Emotion,standard_dataset,upstream_dataset_gold,120,120,0.49166666666666664,49.166666666666664,49.17,False,False,0.6205747695457614,62.05747695457614,62.06,False,False
expanded-v3-w4a4-22source-20261007,all12,kev-9b,Kev,W4A4,expanded-20261007-v3,kev-9b,s1q-joint,S1Q-Joint,imdb,IMDb,standard_dataset,upstream_dataset_gold,53,53,0.8867924528301887,88.67924528301887,88.68,False,False,0.6205747695457614,62.05747695457614,62.06,False,False
expanded-v3-w4a4-22source-20261007,all12,kev-9b,Kev,W4A4,expanded-20261007-v3,kev-9b,s1q-joint,S1Q-Joint,jevbench,JevBench new eligible public tasks,authored_scenario_suite,authored_scenario_gold,48,48,0.9583333333333334,95.83333333333334,95.83,False,False,0.6205747695457614,62.05747695457614,62.06,False,False
expanded-v3-w4a4-22source-20261007,all12,kev-9b,Kev,W4A4,expanded-20261007-v3,kev-9b,s1q-joint,S1Q-Joint,mmlu,MMLU,standard_dataset,upstream_dataset_gold,99,99,0.36363636363636365,36.36363636363637,36.36,False,False,0.6205747695457614,62.05747695457614,62.06,False,False
expanded-v3-w4a4-22source-20261007,all12,kev-9b,Kev,W4A4,expanded-20261007-v3,kev-9b,s1q-joint,S1Q-Joint,mnli,MNLI,standard_dataset,upstream_dataset_gold,122,122,0.6721311475409836,67.21311475409836,67.21,False,False,0.6205747695457614,62.05747695457614,62.06,False,False
expanded-v3-w4a4-22source-20261007,all12,kev-9b,Kev,W4A4,expanded-20261007-v3,kev-9b,s1q-joint,S1Q-Joint,openbookqa,OpenBookQA,standard_dataset,upstream_dataset_gold,128,128,0.359375,35.9375,35.94,False,False,0.6205747695457614,62.05747695457614,62.06,False,False
expanded-v3-w4a4-22source-20261007,all12,kev-9b,Kev,W4A4,expanded-20261007-v3,kev-9b,s1q-joint,S1Q-Joint,paws,PAWS,standard_dataset,upstream_dataset_gold,128,128,0.578125,57.8125,57.81,False,False,0.6205747695457614,62.05747695457614,62.06,False,False
expanded-v3-w4a4-22source-20261007,all12,kev-9b,Kev,W4A4,expanded-20261007-v3,kev-9b,s1q-joint,S1Q-Joint,qnli,QNLI,standard_dataset,upstream_dataset_gold,128,128,0.703125,70.3125,70.31,False,False,0.6205747695457614,62.05747695457614,62.06,False,False
expanded-v3-w4a4-22source-20261007,all12,kev-9b,Kev,W4A4,expanded-20261007-v3,kev-9b,s1q-joint,S1Q-Joint,sciq,SciQ,standard_dataset,upstream_dataset_gold,92,92,0.9130434782608695,91.30434782608695,91.30,False,False,0.6205747695457614,62.05747695457614,62.06,False,False
expanded-v3-w4a4-22source-20261007,all12,kev-9b,Kev,W4A4,expanded-20261007-v3,kev-9b,s1q-joint,S1Q-Joint,semif,SemIf authored,authored_rule_suite,authored_scenario_gold,128,32,0.6484375,64.84375,64.84,False,False,0.6205747695457614,62.05747695457614,62.06,False,False
expanded-v3-w4a4-22source-20261007,all12,kev-9b,Kev,W4A4,expanded-20261007-v3,kev-9b,s1q-joint,S1Q-Joint,sst5,SST-5,standard_dataset,upstream_dataset_gold,128,128,0.3984375,39.84375,39.84,False,False,0.6205747695457614,62.05747695457614,62.06,False,False
expanded-v3-w4a4-22source-20261007,all12,kev-9b,Kev,W4A4,expanded-20261007-v3,kev-9b,s1q-joint,S1Q-Joint,toolace,ToolACE tool-choice classification,domain_decision_suite,native_annotation,68,68,0.7941176470588235,79.41176470588235,79.41,False,False,0.6205747695457614,62.05747695457614,62.06,False,False
expanded-v3-w4a4-22source-20261007,all12,kev-9b,Kev,W4A4,expanded-20261007-v3,kev-9b,s1q-joint,S1Q-Joint,trec,TREC,standard_dataset,upstream_dataset_gold,121,121,0.7851239669421488,78.51239669421489,78.51,False,False,0.6205747695457614,62.05747695457614,62.06,False,False
expanded-v3-w4a4-22source-20261007,all12,kev-9b,Kev,W4A4,expanded-20261007-v3,kev-9b,s1q-joint,S1Q-Joint,tweet-offensive,TweetEval Offensive,standard_dataset,upstream_dataset_gold,128,128,0.78125,78.125,78.12,True,True,0.6205747695457614,62.05747695457614,62.06,False,False
expanded-v3-w4a4-22source-20261007,all12,kev-9b,Kev,W4A4,expanded-20261007-v3,kev-9b,s1q-joint,S1Q-Joint,wanli,WANLI,standard_dataset,upstream_dataset_gold,256,256,0.5234375,52.34375,52.34,False,False,0.6205747695457614,62.05747695457614,62.06,False,False
expanded-v3-w4a4-22source-20261007,all12,kev-9b,Kev,W4A4,expanded-20261007-v3,kev-9b,s1q-joint,S1Q-Joint,wildjailbreak,WildJailBreak harmful/benign classification,domain_decision_suite,native_annotation,128,128,0.21875,21.875,21.88,False,False,0.6205747695457614,62.05747695457614,62.06,False,False
expanded-v3-w4a4-22source-20261007,all12,kev-9b,Kev,W4A4,expanded-20261007-v3,kev-9b,s1q-joint,S1Q-Joint,yelp,Yelp,standard_dataset,upstream_dataset_gold,132,66,0.6515151515151515,65.15151515151516,65.15,False,False,0.6205747695457614,62.05747695457614,62.06,False,False
expanded-v3-w4a4-22source-20261007,all12,kev-9b,Kev,W4A4,expanded-20261007-v3,kev-9b,s1q-ac,S1Q-AC,agnews,AG News,standard_dataset,upstream_dataset_gold,360,120,0.8444444444444444,84.44444444444444,84.44,False,False,0.6595051122676935,65.95051122676935,65.95,True,True
expanded-v3-w4a4-22source-20261007,all12,kev-9b,Kev,W4A4,expanded-20261007-v3,kev-9b,s1q-ac,S1Q-AC,amazon,Amazon Reviews,standard_dataset,upstream_dataset_gold,128,128,0.46875,46.875,46.88,False,False,0.6595051122676935,65.95051122676935,65.95,True,True
expanded-v3-w4a4-22source-20261007,all12,kev-9b,Kev,W4A4,expanded-20261007-v3,kev-9b,s1q-ac,S1Q-AC,arc,ARC,standard_dataset,upstream_dataset_gold,128,128,0.578125,57.8125,57.81,True,True,0.6595051122676935,65.95051122676935,65.95,True,True
expanded-v3-w4a4-22source-20261007,all12,kev-9b,Kev,W4A4,expanded-20261007-v3,kev-9b,s1q-ac,S1Q-AC,boolq,BoolQ,standard_dataset,upstream_dataset_gold,120,120,0.7083333333333334,70.83333333333334,70.83,True,True,0.6595051122676935,65.95051122676935,65.95,True,True
expanded-v3-w4a4-22source-20261007,all12,kev-9b,Kev,W4A4,expanded-20261007-v3,kev-9b,s1q-ac,S1Q-AC,csqa,CommonsenseQA,standard_dataset,upstream_dataset_gold,128,128,0.53125,53.125,53.12,False,False,0.6595051122676935,65.95051122676935,65.95,True,True
expanded-v3-w4a4-22source-20261007,all12,kev-9b,Kev,W4A4,expanded-20261007-v3,kev-9b,s1q-ac,S1Q-AC,emotion,Emotion,standard_dataset,upstream_dataset_gold,120,120,0.525,52.5,52.50,True,True,0.6595051122676935,65.95051122676935,65.95,True,True
expanded-v3-w4a4-22source-20261007,all12,kev-9b,Kev,W4A4,expanded-20261007-v3,kev-9b,s1q-ac,S1Q-AC,imdb,IMDb,standard_dataset,upstream_dataset_gold,53,53,0.9811320754716981,98.11320754716981,98.11,True,True,0.6595051122676935,65.95051122676935,65.95,True,True
expanded-v3-w4a4-22source-20261007,all12,kev-9b,Kev,W4A4,expanded-20261007-v3,kev-9b,s1q-ac,S1Q-AC,jevbench,JevBench new eligible public tasks,authored_scenario_suite,authored_scenario_gold,48,48,0.9791666666666666,97.91666666666666,97.92,True,True,0.6595051122676935,65.95051122676935,65.95,True,True
expanded-v3-w4a4-22source-20261007,all12,kev-9b,Kev,W4A4,expanded-20261007-v3,kev-9b,s1q-ac,S1Q-AC,mmlu,MMLU,standard_dataset,upstream_dataset_gold,99,99,0.41414141414141414,41.41414141414141,41.41,True,True,0.6595051122676935,65.95051122676935,65.95,True,True
expanded-v3-w4a4-22source-20261007,all12,kev-9b,Kev,W4A4,expanded-20261007-v3,kev-9b,s1q-ac,S1Q-AC,mnli,MNLI,standard_dataset,upstream_dataset_gold,122,122,0.7540983606557377,75.40983606557377,75.41,True,True,0.6595051122676935,65.95051122676935,65.95,True,True
expanded-v3-w4a4-22source-20261007,all12,kev-9b,Kev,W4A4,expanded-20261007-v3,kev-9b,s1q-ac,S1Q-AC,openbookqa,OpenBookQA,standard_dataset,upstream_dataset_gold,128,128,0.390625,39.0625,39.06,True,True,0.6595051122676935,65.95051122676935,65.95,True,True
expanded-v3-w4a4-22source-20261007,all12,kev-9b,Kev,W4A4,expanded-20261007-v3,kev-9b,s1q-ac,S1Q-AC,paws,PAWS,standard_dataset,upstream_dataset_gold,128,128,0.578125,57.8125,57.81,False,False,0.6595051122676935,65.95051122676935,65.95,True,True
expanded-v3-w4a4-22source-20261007,all12,kev-9b,Kev,W4A4,expanded-20261007-v3,kev-9b,s1q-ac,S1Q-AC,qnli,QNLI,standard_dataset,upstream_dataset_gold,128,128,0.7421875,74.21875,74.22,True,True,0.6595051122676935,65.95051122676935,65.95,True,True
expanded-v3-w4a4-22source-20261007,all12,kev-9b,Kev,W4A4,expanded-20261007-v3,kev-9b,s1q-ac,S1Q-AC,sciq,SciQ,standard_dataset,upstream_dataset_gold,92,92,0.9347826086956522,93.47826086956522,93.48,False,False,0.6595051122676935,65.95051122676935,65.95,True,True
expanded-v3-w4a4-22source-20261007,all12,kev-9b,Kev,W4A4,expanded-20261007-v3,kev-9b,s1q-ac,S1Q-AC,semif,SemIf authored,authored_rule_suite,authored_scenario_gold,128,32,0.6953125,69.53125,69.53,True,True,0.6595051122676935,65.95051122676935,65.95,True,True
expanded-v3-w4a4-22source-20261007,all12,kev-9b,Kev,W4A4,expanded-20261007-v3,kev-9b,s1q-ac,S1Q-AC,sst5,SST-5,standard_dataset,upstream_dataset_gold,128,128,0.4609375,46.09375,46.09,False,False,0.6595051122676935,65.95051122676935,65.95,True,True
expanded-v3-w4a4-22source-20261007,all12,kev-9b,Kev,W4A4,expanded-20261007-v3,kev-9b,s1q-ac,S1Q-AC,toolace,ToolACE tool-choice classification,domain_decision_suite,native_annotation,68,68,0.7941176470588235,79.41176470588235,79.41,False,False,0.6595051122676935,65.95051122676935,65.95,True,True
expanded-v3-w4a4-22source-20261007,all12,kev-9b,Kev,W4A4,expanded-20261007-v3,kev-9b,s1q-ac,S1Q-AC,trec,TREC,standard_dataset,upstream_dataset_gold,121,121,0.8512396694214877,85.12396694214877,85.12,True,True,0.6595051122676935,65.95051122676935,65.95,True,True
expanded-v3-w4a4-22source-20261007,all12,kev-9b,Kev,W4A4,expanded-20261007-v3,kev-9b,s1q-ac,S1Q-AC,tweet-offensive,TweetEval Offensive,standard_dataset,upstream_dataset_gold,128,128,0.7578125,75.78125,75.78,False,False,0.6595051122676935,65.95051122676935,65.95,True,True
expanded-v3-w4a4-22source-20261007,all12,kev-9b,Kev,W4A4,expanded-20261007-v3,kev-9b,s1q-ac,S1Q-AC,wanli,WANLI,standard_dataset,upstream_dataset_gold,256,256,0.54296875,54.296875,54.30,False,False,0.6595051122676935,65.95051122676935,65.95,True,True
expanded-v3-w4a4-22source-20261007,all12,kev-9b,Kev,W4A4,expanded-20261007-v3,kev-9b,s1q-ac,S1Q-AC,wildjailbreak,WildJailBreak harmful/benign classification,domain_decision_suite,native_annotation,128,128,0.2265625,22.65625,22.66,False,False,0.6595051122676935,65.95051122676935,65.95,True,True
expanded-v3-w4a4-22source-20261007,all12,kev-9b,Kev,W4A4,expanded-20261007-v3,kev-9b,s1q-ac,S1Q-AC,yelp,Yelp,standard_dataset,upstream_dataset_gold,132,66,0.75,75.0,75.00,True,True,0.6595051122676935,65.95051122676935,65.95,True,True
expanded-v3-w4a4-22source-20261007,all12,kev-9b,Kev,W4A4,expanded-20261007-v3,kev-9b,s1q-margin,S1Q-Margin,agnews,AG News,standard_dataset,upstream_dataset_gold,360,120,0.8333333333333334,83.33333333333334,83.33,False,False,0.6000112717376365,60.00112717376365,60.00,False,False
expanded-v3-w4a4-22source-20261007,all12,kev-9b,Kev,W4A4,expanded-20261007-v3,kev-9b,s1q-margin,S1Q-Margin,amazon,Amazon Reviews,standard_dataset,upstream_dataset_gold,128,128,0.46875,46.875,46.88,False,False,0.6000112717376365,60.00112717376365,60.00,False,False
expanded-v3-w4a4-22source-20261007,all12,kev-9b,Kev,W4A4,expanded-20261007-v3,kev-9b,s1q-margin,S1Q-Margin,arc,ARC,standard_dataset,upstream_dataset_gold,128,128,0.40625,40.625,40.62,False,False,0.6000112717376365,60.00112717376365,60.00,False,False
expanded-v3-w4a4-22source-20261007,all12,kev-9b,Kev,W4A4,expanded-20261007-v3,kev-9b,s1q-margin,S1Q-Margin,boolq,BoolQ,standard_dataset,upstream_dataset_gold,120,120,0.6083333333333333,60.83333333333333,60.83,False,False,0.6000112717376365,60.00112717376365,60.00,False,False
expanded-v3-w4a4-22source-20261007,all12,kev-9b,Kev,W4A4,expanded-20261007-v3,kev-9b,s1q-margin,S1Q-Margin,csqa,CommonsenseQA,standard_dataset,upstream_dataset_gold,128,128,0.46875,46.875,46.88,False,False,0.6000112717376365,60.00112717376365,60.00,False,False
expanded-v3-w4a4-22source-20261007,all12,kev-9b,Kev,W4A4,expanded-20261007-v3,kev-9b,s1q-margin,S1Q-Margin,emotion,Emotion,standard_dataset,upstream_dataset_gold,120,120,0.5166666666666667,51.66666666666667,51.67,False,False,0.6000112717376365,60.00112717376365,60.00,False,False
expanded-v3-w4a4-22source-20261007,all12,kev-9b,Kev,W4A4,expanded-20261007-v3,kev-9b,s1q-margin,S1Q-Margin,imdb,IMDb,standard_dataset,upstream_dataset_gold,53,53,0.9433962264150944,94.33962264150944,94.34,False,False,0.6000112717376365,60.00112717376365,60.00,False,False
expanded-v3-w4a4-22source-20261007,all12,kev-9b,Kev,W4A4,expanded-20261007-v3,kev-9b,s1q-margin,S1Q-Margin,jevbench,JevBench new eligible public tasks,authored_scenario_suite,authored_scenario_gold,48,48,0.9583333333333334,95.83333333333334,95.83,False,False,0.6000112717376365,60.00112717376365,60.00,False,False
expanded-v3-w4a4-22source-20261007,all12,kev-9b,Kev,W4A4,expanded-20261007-v3,kev-9b,s1q-margin,S1Q-Margin,mmlu,MMLU,standard_dataset,upstream_dataset_gold,99,99,0.36363636363636365,36.36363636363637,36.36,False,False,0.6000112717376365,60.00112717376365,60.00,False,False
expanded-v3-w4a4-22source-20261007,all12,kev-9b,Kev,W4A4,expanded-20261007-v3,kev-9b,s1q-margin,S1Q-Margin,mnli,MNLI,standard_dataset,upstream_dataset_gold,122,122,0.5573770491803278,55.73770491803278,55.74,False,False,0.6000112717376365,60.00112717376365,60.00,False,False
expanded-v3-w4a4-22source-20261007,all12,kev-9b,Kev,W4A4,expanded-20261007-v3,kev-9b,s1q-margin,S1Q-Margin,openbookqa,OpenBookQA,standard_dataset,upstream_dataset_gold,128,128,0.3359375,33.59375,33.59,False,False,0.6000112717376365,60.00112717376365,60.00,False,False
expanded-v3-w4a4-22source-20261007,all12,kev-9b,Kev,W4A4,expanded-20261007-v3,kev-9b,s1q-margin,S1Q-Margin,paws,PAWS,standard_dataset,upstream_dataset_gold,128,128,0.5,50.0,50.00,False,False,0.6000112717376365,60.00112717376365,60.00,False,False
expanded-v3-w4a4-22source-20261007,all12,kev-9b,Kev,W4A4,expanded-20261007-v3,kev-9b,s1q-margin,S1Q-Margin,qnli,QNLI,standard_dataset,upstream_dataset_gold,128,128,0.7265625,72.65625,72.66,False,False,0.6000112717376365,60.00112717376365,60.00,False,False
expanded-v3-w4a4-22source-20261007,all12,kev-9b,Kev,W4A4,expanded-20261007-v3,kev-9b,s1q-margin,S1Q-Margin,sciq,SciQ,standard_dataset,upstream_dataset_gold,92,92,0.8260869565217391,82.6086956521739,82.61,False,False,0.6000112717376365,60.00112717376365,60.00,False,False
expanded-v3-w4a4-22source-20261007,all12,kev-9b,Kev,W4A4,expanded-20261007-v3,kev-9b,s1q-margin,S1Q-Margin,semif,SemIf authored,authored_rule_suite,authored_scenario_gold,128,32,0.6171875,61.71875,61.72,False,False,0.6000112717376365,60.00112717376365,60.00,False,False
expanded-v3-w4a4-22source-20261007,all12,kev-9b,Kev,W4A4,expanded-20261007-v3,kev-9b,s1q-margin,S1Q-Margin,sst5,SST-5,standard_dataset,upstream_dataset_gold,128,128,0.375,37.5,37.50,False,False,0.6000112717376365,60.00112717376365,60.00,False,False
expanded-v3-w4a4-22source-20261007,all12,kev-9b,Kev,W4A4,expanded-20261007-v3,kev-9b,s1q-margin,S1Q-Margin,toolace,ToolACE tool-choice classification,domain_decision_suite,native_annotation,68,68,0.7794117647058824,77.94117647058823,77.94,False,False,0.6000112717376365,60.00112717376365,60.00,False,False
expanded-v3-w4a4-22source-20261007,all12,kev-9b,Kev,W4A4,expanded-20261007-v3,kev-9b,s1q-margin,S1Q-Margin,trec,TREC,standard_dataset,upstream_dataset_gold,121,121,0.7768595041322314,77.68595041322314,77.69,False,False,0.6000112717376365,60.00112717376365,60.00,False,False
expanded-v3-w4a4-22source-20261007,all12,kev-9b,Kev,W4A4,expanded-20261007-v3,kev-9b,s1q-margin,S1Q-Margin,tweet-offensive,TweetEval Offensive,standard_dataset,upstream_dataset_gold,128,128,0.765625,76.5625,76.56,False,False,0.6000112717376365,60.00112717376365,60.00,False,False
expanded-v3-w4a4-22source-20261007,all12,kev-9b,Kev,W4A4,expanded-20261007-v3,kev-9b,s1q-margin,S1Q-Margin,wanli,WANLI,standard_dataset,upstream_dataset_gold,256,256,0.52734375,52.734375,52.73,False,False,0.6000112717376365,60.00112717376365,60.00,False,False
expanded-v3-w4a4-22source-20261007,all12,kev-9b,Kev,W4A4,expanded-20261007-v3,kev-9b,s1q-margin,S1Q-Margin,wildjailbreak,WildJailBreak harmful/benign classification,domain_decision_suite,native_annotation,128,128,0.1484375,14.84375,14.84,False,False,0.6000112717376365,60.00112717376365,60.00,False,False
expanded-v3-w4a4-22source-20261007,all12,kev-9b,Kev,W4A4,expanded-20261007-v3,kev-9b,s1q-margin,S1Q-Margin,yelp,Yelp,standard_dataset,upstream_dataset_gold,132,66,0.696969696969697,69.6969696969697,69.70,False,False,0.6000112717376365,60.00112717376365,60.00,False,False
expanded-v3-w4a4-22source-20261007,all12,kev-9b,Kev,W4A4,expanded-20261007-v3,kev-9b,s1q,S1Q (current),agnews,AG News,standard_dataset,upstream_dataset_gold,360,120,0.8611111111111112,86.11111111111111,86.11,True,True,0.6489682302257017,64.89682302257017,64.90,False,False
expanded-v3-w4a4-22source-20261007,all12,kev-9b,Kev,W4A4,expanded-20261007-v3,kev-9b,s1q,S1Q (current),amazon,Amazon Reviews,standard_dataset,upstream_dataset_gold,128,128,0.484375,48.4375,48.44,False,False,0.6489682302257017,64.89682302257017,64.90,False,False
expanded-v3-w4a4-22source-20261007,all12,kev-9b,Kev,W4A4,expanded-20261007-v3,kev-9b,s1q,S1Q (current),arc,ARC,standard_dataset,upstream_dataset_gold,128,128,0.5546875,55.46875,55.47,False,False,0.6489682302257017,64.89682302257017,64.90,False,False
expanded-v3-w4a4-22source-20261007,all12,kev-9b,Kev,W4A4,expanded-20261007-v3,kev-9b,s1q,S1Q (current),boolq,BoolQ,standard_dataset,upstream_dataset_gold,120,120,0.6916666666666667,69.16666666666667,69.17,False,False,0.6489682302257017,64.89682302257017,64.90,False,False
expanded-v3-w4a4-22source-20261007,all12,kev-9b,Kev,W4A4,expanded-20261007-v3,kev-9b,s1q,S1Q (current),csqa,CommonsenseQA,standard_dataset,upstream_dataset_gold,128,128,0.6015625,60.15625,60.16,True,True,0.6489682302257017,64.89682302257017,64.90,False,False
expanded-v3-w4a4-22source-20261007,all12,kev-9b,Kev,W4A4,expanded-20261007-v3,kev-9b,s1q,S1Q (current),emotion,Emotion,standard_dataset,upstream_dataset_gold,120,120,0.5,50.0,50.00,False,False,0.6489682302257017,64.89682302257017,64.90,False,False
expanded-v3-w4a4-22source-20261007,all12,kev-9b,Kev,W4A4,expanded-20261007-v3,kev-9b,s1q,S1Q (current),imdb,IMDb,standard_dataset,upstream_dataset_gold,53,53,0.9433962264150944,94.33962264150944,94.34,False,False,0.6489682302257017,64.89682302257017,64.90,False,False
expanded-v3-w4a4-22source-20261007,all12,kev-9b,Kev,W4A4,expanded-20261007-v3,kev-9b,s1q,S1Q (current),jevbench,JevBench new eligible public tasks,authored_scenario_suite,authored_scenario_gold,48,48,0.9791666666666666,97.91666666666666,97.92,True,True,0.6489682302257017,64.89682302257017,64.90,False,False
expanded-v3-w4a4-22source-20261007,all12,kev-9b,Kev,W4A4,expanded-20261007-v3,kev-9b,s1q,S1Q (current),mmlu,MMLU,standard_dataset,upstream_dataset_gold,99,99,0.29292929292929293,29.292929292929294,29.29,False,False,0.6489682302257017,64.89682302257017,64.90,False,False
expanded-v3-w4a4-22source-20261007,all12,kev-9b,Kev,W4A4,expanded-20261007-v3,kev-9b,s1q,S1Q (current),mnli,MNLI,standard_dataset,upstream_dataset_gold,122,122,0.7459016393442623,74.59016393442623,74.59,False,False,0.6489682302257017,64.89682302257017,64.90,False,False
expanded-v3-w4a4-22source-20261007,all12,kev-9b,Kev,W4A4,expanded-20261007-v3,kev-9b,s1q,S1Q (current),openbookqa,OpenBookQA,standard_dataset,upstream_dataset_gold,128,128,0.2890625,28.90625,28.91,False,False,0.6489682302257017,64.89682302257017,64.90,False,False
expanded-v3-w4a4-22source-20261007,all12,kev-9b,Kev,W4A4,expanded-20261007-v3,kev-9b,s1q,S1Q (current),paws,PAWS,standard_dataset,upstream_dataset_gold,128,128,0.5703125,57.03125,57.03,False,False,0.6489682302257017,64.89682302257017,64.90,False,False
expanded-v3-w4a4-22source-20261007,all12,kev-9b,Kev,W4A4,expanded-20261007-v3,kev-9b,s1q,S1Q (current),qnli,QNLI,standard_dataset,upstream_dataset_gold,128,128,0.703125,70.3125,70.31,False,False,0.6489682302257017,64.89682302257017,64.90,False,False
expanded-v3-w4a4-22source-20261007,all12,kev-9b,Kev,W4A4,expanded-20261007-v3,kev-9b,s1q,S1Q (current),sciq,SciQ,standard_dataset,upstream_dataset_gold,92,92,0.9456521739130435,94.56521739130434,94.57,True,True,0.6489682302257017,64.89682302257017,64.90,False,False
expanded-v3-w4a4-22source-20261007,all12,kev-9b,Kev,W4A4,expanded-20261007-v3,kev-9b,s1q,S1Q (current),semif,SemIf authored,authored_rule_suite,authored_scenario_gold,128,32,0.6484375,64.84375,64.84,False,False,0.6489682302257017,64.89682302257017,64.90,False,False
expanded-v3-w4a4-22source-20261007,all12,kev-9b,Kev,W4A4,expanded-20261007-v3,kev-9b,s1q,S1Q (current),sst5,SST-5,standard_dataset,upstream_dataset_gold,128,128,0.5,50.0,50.00,True,True,0.6489682302257017,64.89682302257017,64.90,False,False
expanded-v3-w4a4-22source-20261007,all12,kev-9b,Kev,W4A4,expanded-20261007-v3,kev-9b,s1q,S1Q (current),toolace,ToolACE tool-choice classification,domain_decision_suite,native_annotation,68,68,0.8382352941176471,83.82352941176471,83.82,True,True,0.6489682302257017,64.89682302257017,64.90,False,False
expanded-v3-w4a4-22source-20261007,all12,kev-9b,Kev,W4A4,expanded-20261007-v3,kev-9b,s1q,S1Q (current),trec,TREC,standard_dataset,upstream_dataset_gold,121,121,0.8347107438016529,83.47107438016529,83.47,False,False,0.6489682302257017,64.89682302257017,64.90,False,False
expanded-v3-w4a4-22source-20261007,all12,kev-9b,Kev,W4A4,expanded-20261007-v3,kev-9b,s1q,S1Q (current),tweet-offensive,TweetEval Offensive,standard_dataset,upstream_dataset_gold,128,128,0.78125,78.125,78.12,True,True,0.6489682302257017,64.89682302257017,64.90,False,False
expanded-v3-w4a4-22source-20261007,all12,kev-9b,Kev,W4A4,expanded-20261007-v3,kev-9b,s1q,S1Q (current),wanli,WANLI,standard_dataset,upstream_dataset_gold,256,256,0.55859375,55.859375,55.86,True,True,0.6489682302257017,64.89682302257017,64.90,False,False
expanded-v3-w4a4-22source-20261007,all12,kev-9b,Kev,W4A4,expanded-20261007-v3,kev-9b,s1q,S1Q (current),wildjailbreak,WildJailBreak harmful/benign classification,domain_decision_suite,native_annotation,128,128,0.203125,20.3125,20.31,False,False,0.6489682302257017,64.89682302257017,64.90,False,False
expanded-v3-w4a4-22source-20261007,all12,kev-9b,Kev,W4A4,expanded-20261007-v3,kev-9b,s1q,S1Q (current),yelp,Yelp,standard_dataset,upstream_dataset_gold,132,66,0.75,75.0,75.00,True,True,0.6489682302257017,64.89682302257017,64.90,False,False
expanded-v3-w4a4-22source-20261007,all12,laya,Laya,W4A4,expanded-20261007-v3,laya,native,Native,agnews,AG News,standard_dataset,upstream_dataset_gold,360,120,0.8833333333333333,88.33333333333333,88.33,False,False,0.6022184422573417,60.221844225734166,60.22,False,False
expanded-v3-w4a4-22source-20261007,all12,laya,Laya,W4A4,expanded-20261007-v3,laya,native,Native,amazon,Amazon Reviews,standard_dataset,upstream_dataset_gold,128,128,0.265625,26.5625,26.56,False,False,0.6022184422573417,60.221844225734166,60.22,False,False
expanded-v3-w4a4-22source-20261007,all12,laya,Laya,W4A4,expanded-20261007-v3,laya,native,Native,arc,ARC,standard_dataset,upstream_dataset_gold,128,128,0.3515625,35.15625,35.16,False,False,0.6022184422573417,60.221844225734166,60.22,False,False
expanded-v3-w4a4-22source-20261007,all12,laya,Laya,W4A4,expanded-20261007-v3,laya,native,Native,boolq,BoolQ,standard_dataset,upstream_dataset_gold,120,120,0.75,75.0,75.00,False,False,0.6022184422573417,60.221844225734166,60.22,False,False
expanded-v3-w4a4-22source-20261007,all12,laya,Laya,W4A4,expanded-20261007-v3,laya,native,Native,csqa,CommonsenseQA,standard_dataset,upstream_dataset_gold,128,128,0.453125,45.3125,45.31,False,False,0.6022184422573417,60.221844225734166,60.22,False,False
expanded-v3-w4a4-22source-20261007,all12,laya,Laya,W4A4,expanded-20261007-v3,laya,native,Native,emotion,Emotion,standard_dataset,upstream_dataset_gold,120,120,0.6,60.0,60.00,False,False,0.6022184422573417,60.221844225734166,60.22,False,False
expanded-v3-w4a4-22source-20261007,all12,laya,Laya,W4A4,expanded-20261007-v3,laya,native,Native,imdb,IMDb,standard_dataset,upstream_dataset_gold,53,53,0.4716981132075472,47.16981132075472,47.17,False,False,0.6022184422573417,60.221844225734166,60.22,False,False
expanded-v3-w4a4-22source-20261007,all12,laya,Laya,W4A4,expanded-20261007-v3,laya,native,Native,jevbench,JevBench new eligible public tasks,authored_scenario_suite,authored_scenario_gold,48,48,0.9583333333333334,95.83333333333334,95.83,False,False,0.6022184422573417,60.221844225734166,60.22,False,False
expanded-v3-w4a4-22source-20261007,all12,laya,Laya,W4A4,expanded-20261007-v3,laya,native,Native,mmlu,MMLU,standard_dataset,upstream_dataset_gold,99,99,0.26262626262626265,26.262626262626267,26.26,False,False,0.6022184422573417,60.221844225734166,60.22,False,False
expanded-v3-w4a4-22source-20261007,all12,laya,Laya,W4A4,expanded-20261007-v3,laya,native,Native,mnli,MNLI,standard_dataset,upstream_dataset_gold,122,122,0.639344262295082,63.934426229508205,63.93,False,False,0.6022184422573417,60.221844225734166,60.22,False,False
expanded-v3-w4a4-22source-20261007,all12,laya,Laya,W4A4,expanded-20261007-v3,laya,native,Native,openbookqa,OpenBookQA,standard_dataset,upstream_dataset_gold,128,128,0.3515625,35.15625,35.16,False,False,0.6022184422573417,60.221844225734166,60.22,False,False
expanded-v3-w4a4-22source-20261007,all12,laya,Laya,W4A4,expanded-20261007-v3,laya,native,Native,paws,PAWS,standard_dataset,upstream_dataset_gold,128,128,0.828125,82.8125,82.81,False,False,0.6022184422573417,60.221844225734166,60.22,False,False
expanded-v3-w4a4-22source-20261007,all12,laya,Laya,W4A4,expanded-20261007-v3,laya,native,Native,qnli,QNLI,standard_dataset,upstream_dataset_gold,128,128,0.8203125,82.03125,82.03,False,False,0.6022184422573417,60.221844225734166,60.22,False,False
expanded-v3-w4a4-22source-20261007,all12,laya,Laya,W4A4,expanded-20261007-v3,laya,native,Native,sciq,SciQ,standard_dataset,upstream_dataset_gold,92,92,0.9130434782608695,91.30434782608695,91.30,False,False,0.6022184422573417,60.221844225734166,60.22,False,False
expanded-v3-w4a4-22source-20261007,all12,laya,Laya,W4A4,expanded-20261007-v3,laya,native,Native,semif,SemIf authored,authored_rule_suite,authored_scenario_gold,128,32,0.625,62.5,62.50,False,False,0.6022184422573417,60.221844225734166,60.22,False,False
expanded-v3-w4a4-22source-20261007,all12,laya,Laya,W4A4,expanded-20261007-v3,laya,native,Native,sst5,SST-5,standard_dataset,upstream_dataset_gold,128,128,0.390625,39.0625,39.06,False,False,0.6022184422573417,60.221844225734166,60.22,False,False
expanded-v3-w4a4-22source-20261007,all12,laya,Laya,W4A4,expanded-20261007-v3,laya,native,Native,toolace,ToolACE tool-choice classification,domain_decision_suite,native_annotation,68,68,0.7058823529411765,70.58823529411765,70.59,False,False,0.6022184422573417,60.221844225734166,60.22,False,False
expanded-v3-w4a4-22source-20261007,all12,laya,Laya,W4A4,expanded-20261007-v3,laya,native,Native,trec,TREC,standard_dataset,upstream_dataset_gold,121,121,0.8512396694214877,85.12396694214877,85.12,False,False,0.6022184422573417,60.221844225734166,60.22,False,False
expanded-v3-w4a4-22source-20261007,all12,laya,Laya,W4A4,expanded-20261007-v3,laya,native,Native,tweet-offensive,TweetEval Offensive,standard_dataset,upstream_dataset_gold,128,128,0.7734375,77.34375,77.34,False,False,0.6022184422573417,60.221844225734166,60.22,False,False
expanded-v3-w4a4-22source-20261007,all12,laya,Laya,W4A4,expanded-20261007-v3,laya,native,Native,wanli,WANLI,standard_dataset,upstream_dataset_gold,256,256,0.5703125,57.03125,57.03,False,False,0.6022184422573417,60.221844225734166,60.22,False,False
expanded-v3-w4a4-22source-20261007,all12,laya,Laya,W4A4,expanded-20261007-v3,laya,native,Native,wildjailbreak,WildJailBreak harmful/benign classification,domain_decision_suite,native_annotation,128,128,0.109375,10.9375,10.94,False,False,0.6022184422573417,60.221844225734166,60.22,False,False
expanded-v3-w4a4-22source-20261007,all12,laya,Laya,W4A4,expanded-20261007-v3,laya,native,Native,yelp,Yelp,standard_dataset,upstream_dataset_gold,132,66,0.6742424242424242,67.42424242424242,67.42,False,False,0.6022184422573417,60.221844225734166,60.22,False,False
expanded-v3-w4a4-22source-20261007,all12,laya,Laya,W4A4,expanded-20261007-v3,laya,rtn,RTN,agnews,AG News,standard_dataset,upstream_dataset_gold,360,120,0.7722222222222223,77.22222222222223,77.22,False,False,0.43355901519026324,43.355901519026325,43.36,False,False
expanded-v3-w4a4-22source-20261007,all12,laya,Laya,W4A4,expanded-20261007-v3,laya,rtn,RTN,amazon,Amazon Reviews,standard_dataset,upstream_dataset_gold,128,128,0.21875,21.875,21.88,False,False,0.43355901519026324,43.355901519026325,43.36,False,False
expanded-v3-w4a4-22source-20261007,all12,laya,Laya,W4A4,expanded-20261007-v3,laya,rtn,RTN,arc,ARC,standard_dataset,upstream_dataset_gold,128,128,0.21875,21.875,21.88,False,False,0.43355901519026324,43.355901519026325,43.36,False,False
expanded-v3-w4a4-22source-20261007,all12,laya,Laya,W4A4,expanded-20261007-v3,laya,rtn,RTN,boolq,BoolQ,standard_dataset,upstream_dataset_gold,120,120,0.4666666666666667,46.666666666666664,46.67,False,False,0.43355901519026324,43.355901519026325,43.36,False,False
expanded-v3-w4a4-22source-20261007,all12,laya,Laya,W4A4,expanded-20261007-v3,laya,rtn,RTN,csqa,CommonsenseQA,standard_dataset,upstream_dataset_gold,128,128,0.296875,29.6875,29.69,False,False,0.43355901519026324,43.355901519026325,43.36,False,False
expanded-v3-w4a4-22source-20261007,all12,laya,Laya,W4A4,expanded-20261007-v3,laya,rtn,RTN,emotion,Emotion,standard_dataset,upstream_dataset_gold,120,120,0.475,47.5,47.50,False,False,0.43355901519026324,43.355901519026325,43.36,False,False
expanded-v3-w4a4-22source-20261007,all12,laya,Laya,W4A4,expanded-20261007-v3,laya,rtn,RTN,imdb,IMDb,standard_dataset,upstream_dataset_gold,53,53,0.4716981132075472,47.16981132075472,47.17,False,False,0.43355901519026324,43.355901519026325,43.36,False,False
expanded-v3-w4a4-22source-20261007,all12,laya,Laya,W4A4,expanded-20261007-v3,laya,rtn,RTN,jevbench,JevBench new eligible public tasks,authored_scenario_suite,authored_scenario_gold,48,48,0.6875,68.75,68.75,False,False,0.43355901519026324,43.355901519026325,43.36,False,False
expanded-v3-w4a4-22source-20261007,all12,laya,Laya,W4A4,expanded-20261007-v3,laya,rtn,RTN,mmlu,MMLU,standard_dataset,upstream_dataset_gold,99,99,0.2727272727272727,27.27272727272727,27.27,False,False,0.43355901519026324,43.355901519026325,43.36,False,False
expanded-v3-w4a4-22source-20261007,all12,laya,Laya,W4A4,expanded-20261007-v3,laya,rtn,RTN,mnli,MNLI,standard_dataset,upstream_dataset_gold,122,122,0.4426229508196721,44.26229508196721,44.26,False,False,0.43355901519026324,43.355901519026325,43.36,False,False
expanded-v3-w4a4-22source-20261007,all12,laya,Laya,W4A4,expanded-20261007-v3,laya,rtn,RTN,openbookqa,OpenBookQA,standard_dataset,upstream_dataset_gold,128,128,0.3359375,33.59375,33.59,False,False,0.43355901519026324,43.355901519026325,43.36,False,False
expanded-v3-w4a4-22source-20261007,all12,laya,Laya,W4A4,expanded-20261007-v3,laya,rtn,RTN,paws,PAWS,standard_dataset,upstream_dataset_gold,128,128,0.5234375,52.34375,52.34,False,False,0.43355901519026324,43.355901519026325,43.36,False,False
expanded-v3-w4a4-22source-20261007,all12,laya,Laya,W4A4,expanded-20261007-v3,laya,rtn,RTN,qnli,QNLI,standard_dataset,upstream_dataset_gold,128,128,0.5078125,50.78125,50.78,False,False,0.43355901519026324,43.355901519026325,43.36,False,False
expanded-v3-w4a4-22source-20261007,all12,laya,Laya,W4A4,expanded-20261007-v3,laya,rtn,RTN,sciq,SciQ,standard_dataset,upstream_dataset_gold,92,92,0.6086956521739131,60.86956521739131,60.87,False,False,0.43355901519026324,43.355901519026325,43.36,False,False
expanded-v3-w4a4-22source-20261007,all12,laya,Laya,W4A4,expanded-20261007-v3,laya,rtn,RTN,semif,SemIf authored,authored_rule_suite,authored_scenario_gold,128,32,0.3046875,30.46875,30.47,False,False,0.43355901519026324,43.355901519026325,43.36,False,False
expanded-v3-w4a4-22source-20261007,all12,laya,Laya,W4A4,expanded-20261007-v3,laya,rtn,RTN,sst5,SST-5,standard_dataset,upstream_dataset_gold,128,128,0.203125,20.3125,20.31,False,False,0.43355901519026324,43.355901519026325,43.36,False,False
expanded-v3-w4a4-22source-20261007,all12,laya,Laya,W4A4,expanded-20261007-v3,laya,rtn,RTN,toolace,ToolACE tool-choice classification,domain_decision_suite,native_annotation,68,68,0.47058823529411764,47.05882352941176,47.06,False,False,0.43355901519026324,43.355901519026325,43.36,False,False
expanded-v3-w4a4-22source-20261007,all12,laya,Laya,W4A4,expanded-20261007-v3,laya,rtn,RTN,trec,TREC,standard_dataset,upstream_dataset_gold,121,121,0.47107438016528924,47.107438016528924,47.11,False,False,0.43355901519026324,43.355901519026325,43.36,False,False
expanded-v3-w4a4-22source-20261007,all12,laya,Laya,W4A4,expanded-20261007-v3,laya,rtn,RTN,tweet-offensive,TweetEval Offensive,standard_dataset,upstream_dataset_gold,128,128,0.765625,76.5625,76.56,False,False,0.43355901519026324,43.355901519026325,43.36,False,False
expanded-v3-w4a4-22source-20261007,all12,laya,Laya,W4A4,expanded-20261007-v3,laya,rtn,RTN,wanli,WANLI,standard_dataset,upstream_dataset_gold,256,256,0.37109375,37.109375,37.11,False,False,0.43355901519026324,43.355901519026325,43.36,False,False
expanded-v3-w4a4-22source-20261007,all12,laya,Laya,W4A4,expanded-20261007-v3,laya,rtn,RTN,wildjailbreak,WildJailBreak harmful/benign classification,domain_decision_suite,native_annotation,128,128,0.3125,31.25,31.25,False,False,0.43355901519026324,43.355901519026325,43.36,False,False
expanded-v3-w4a4-22source-20261007,all12,laya,Laya,W4A4,expanded-20261007-v3,laya,rtn,RTN,yelp,Yelp,standard_dataset,upstream_dataset_gold,132,66,0.3409090909090909,34.090909090909086,34.09,False,False,0.43355901519026324,43.355901519026325,43.36,False,False
expanded-v3-w4a4-22source-20261007,all12,laya,Laya,W4A4,expanded-20261007-v3,laya,s1q-local,S1Qv1,agnews,AG News,standard_dataset,upstream_dataset_gold,360,120,0.8194444444444444,81.94444444444444,81.94,False,False,0.4836322644269712,48.36322644269712,48.36,False,False
expanded-v3-w4a4-22source-20261007,all12,laya,Laya,W4A4,expanded-20261007-v3,laya,s1q-local,S1Qv1,amazon,Amazon Reviews,standard_dataset,upstream_dataset_gold,128,128,0.2578125,25.78125,25.78,False,False,0.4836322644269712,48.36322644269712,48.36,False,False
expanded-v3-w4a4-22source-20261007,all12,laya,Laya,W4A4,expanded-20261007-v3,laya,s1q-local,S1Qv1,arc,ARC,standard_dataset,upstream_dataset_gold,128,128,0.234375,23.4375,23.44,False,False,0.4836322644269712,48.36322644269712,48.36,False,False
expanded-v3-w4a4-22source-20261007,all12,laya,Laya,W4A4,expanded-20261007-v3,laya,s1q-local,S1Qv1,boolq,BoolQ,standard_dataset,upstream_dataset_gold,120,120,0.6083333333333333,60.83333333333333,60.83,False,False,0.4836322644269712,48.36322644269712,48.36,False,False
expanded-v3-w4a4-22source-20261007,all12,laya,Laya,W4A4,expanded-20261007-v3,laya,s1q-local,S1Qv1,csqa,CommonsenseQA,standard_dataset,upstream_dataset_gold,128,128,0.2890625,28.90625,28.91,False,False,0.4836322644269712,48.36322644269712,48.36,False,False
expanded-v3-w4a4-22source-20261007,all12,laya,Laya,W4A4,expanded-20261007-v3,laya,s1q-local,S1Qv1,emotion,Emotion,standard_dataset,upstream_dataset_gold,120,120,0.5083333333333333,50.83333333333333,50.83,False,False,0.4836322644269712,48.36322644269712,48.36,False,False
expanded-v3-w4a4-22source-20261007,all12,laya,Laya,W4A4,expanded-20261007-v3,laya,s1q-local,S1Qv1,imdb,IMDb,standard_dataset,upstream_dataset_gold,53,53,0.4528301886792453,45.28301886792453,45.28,False,False,0.4836322644269712,48.36322644269712,48.36,False,False
expanded-v3-w4a4-22source-20261007,all12,laya,Laya,W4A4,expanded-20261007-v3,laya,s1q-local,S1Qv1,jevbench,JevBench new eligible public tasks,authored_scenario_suite,authored_scenario_gold,48,48,0.8333333333333334,83.33333333333334,83.33,False,False,0.4836322644269712,48.36322644269712,48.36,False,False
expanded-v3-w4a4-22source-20261007,all12,laya,Laya,W4A4,expanded-20261007-v3,laya,s1q-local,S1Qv1,mmlu,MMLU,standard_dataset,upstream_dataset_gold,99,99,0.20202020202020202,20.2020202020202,20.20,False,False,0.4836322644269712,48.36322644269712,48.36,False,False
expanded-v3-w4a4-22source-20261007,all12,laya,Laya,W4A4,expanded-20261007-v3,laya,s1q-local,S1Qv1,mnli,MNLI,standard_dataset,upstream_dataset_gold,122,122,0.5737704918032787,57.377049180327866,57.38,False,False,0.4836322644269712,48.36322644269712,48.36,False,False
expanded-v3-w4a4-22source-20261007,all12,laya,Laya,W4A4,expanded-20261007-v3,laya,s1q-local,S1Qv1,openbookqa,OpenBookQA,standard_dataset,upstream_dataset_gold,128,128,0.2421875,24.21875,24.22,False,False,0.4836322644269712,48.36322644269712,48.36,False,False
expanded-v3-w4a4-22source-20261007,all12,laya,Laya,W4A4,expanded-20261007-v3,laya,s1q-local,S1Qv1,paws,PAWS,standard_dataset,upstream_dataset_gold,128,128,0.6484375,64.84375,64.84,False,False,0.4836322644269712,48.36322644269712,48.36,False,False
expanded-v3-w4a4-22source-20261007,all12,laya,Laya,W4A4,expanded-20261007-v3,laya,s1q-local,S1Qv1,qnli,QNLI,standard_dataset,upstream_dataset_gold,128,128,0.5859375,58.59375,58.59,False,False,0.4836322644269712,48.36322644269712,48.36,False,False
expanded-v3-w4a4-22source-20261007,all12,laya,Laya,W4A4,expanded-20261007-v3,laya,s1q-local,S1Qv1,sciq,SciQ,standard_dataset,upstream_dataset_gold,92,92,0.7391304347826086,73.91304347826086,73.91,False,False,0.4836322644269712,48.36322644269712,48.36,False,False
expanded-v3-w4a4-22source-20261007,all12,laya,Laya,W4A4,expanded-20261007-v3,laya,s1q-local,S1Qv1,semif,SemIf authored,authored_rule_suite,authored_scenario_gold,128,32,0.4609375,46.09375,46.09,False,False,0.4836322644269712,48.36322644269712,48.36,False,False
expanded-v3-w4a4-22source-20261007,all12,laya,Laya,W4A4,expanded-20261007-v3,laya,s1q-local,S1Qv1,sst5,SST-5,standard_dataset,upstream_dataset_gold,128,128,0.2265625,22.65625,22.66,False,False,0.4836322644269712,48.36322644269712,48.36,False,False
expanded-v3-w4a4-22source-20261007,all12,laya,Laya,W4A4,expanded-20261007-v3,laya,s1q-local,S1Qv1,toolace,ToolACE tool-choice classification,domain_decision_suite,native_annotation,68,68,0.4852941176470588,48.529411764705884,48.53,False,False,0.4836322644269712,48.36322644269712,48.36,False,False
expanded-v3-w4a4-22source-20261007,all12,laya,Laya,W4A4,expanded-20261007-v3,laya,s1q-local,S1Qv1,trec,TREC,standard_dataset,upstream_dataset_gold,121,121,0.6198347107438017,61.98347107438017,61.98,False,False,0.4836322644269712,48.36322644269712,48.36,False,False
expanded-v3-w4a4-22source-20261007,all12,laya,Laya,W4A4,expanded-20261007-v3,laya,s1q-local,S1Qv1,tweet-offensive,TweetEval Offensive,standard_dataset,upstream_dataset_gold,128,128,0.7734375,77.34375,77.34,True,True,0.4836322644269712,48.36322644269712,48.36,False,False
expanded-v3-w4a4-22source-20261007,all12,laya,Laya,W4A4,expanded-20261007-v3,laya,s1q-local,S1Qv1,wanli,WANLI,standard_dataset,upstream_dataset_gold,256,256,0.421875,42.1875,42.19,False,False,0.4836322644269712,48.36322644269712,48.36,False,False
expanded-v3-w4a4-22source-20261007,all12,laya,Laya,W4A4,expanded-20261007-v3,laya,s1q-local,S1Qv1,wildjailbreak,WildJailBreak harmful/benign classification,domain_decision_suite,native_annotation,128,128,0.1796875,17.96875,17.97,False,False,0.4836322644269712,48.36322644269712,48.36,False,False
expanded-v3-w4a4-22source-20261007,all12,laya,Laya,W4A4,expanded-20261007-v3,laya,s1q-local,S1Qv1,yelp,Yelp,standard_dataset,upstream_dataset_gold,132,66,0.4772727272727273,47.72727272727273,47.73,False,False,0.4836322644269712,48.36322644269712,48.36,False,False
expanded-v3-w4a4-22source-20261007,all12,laya,Laya,W4A4,expanded-20261007-v3,laya,s1q2-beta05,S1Qv2,agnews,AG News,standard_dataset,upstream_dataset_gold,360,120,0.8222222222222222,82.22222222222221,82.22,False,False,0.49666828672499486,49.666828672499484,49.67,False,False
expanded-v3-w4a4-22source-20261007,all12,laya,Laya,W4A4,expanded-20261007-v3,laya,s1q2-beta05,S1Qv2,amazon,Amazon Reviews,standard_dataset,upstream_dataset_gold,128,128,0.2734375,27.34375,27.34,False,False,0.49666828672499486,49.666828672499484,49.67,False,False
expanded-v3-w4a4-22source-20261007,all12,laya,Laya,W4A4,expanded-20261007-v3,laya,s1q2-beta05,S1Qv2,arc,ARC,standard_dataset,upstream_dataset_gold,128,128,0.296875,29.6875,29.69,False,False,0.49666828672499486,49.666828672499484,49.67,False,False
expanded-v3-w4a4-22source-20261007,all12,laya,Laya,W4A4,expanded-20261007-v3,laya,s1q2-beta05,S1Qv2,boolq,BoolQ,standard_dataset,upstream_dataset_gold,120,120,0.6916666666666667,69.16666666666667,69.17,False,False,0.49666828672499486,49.666828672499484,49.67,False,False
expanded-v3-w4a4-22source-20261007,all12,laya,Laya,W4A4,expanded-20261007-v3,laya,s1q2-beta05,S1Qv2,csqa,CommonsenseQA,standard_dataset,upstream_dataset_gold,128,128,0.3046875,30.46875,30.47,False,False,0.49666828672499486,49.666828672499484,49.67,False,False
expanded-v3-w4a4-22source-20261007,all12,laya,Laya,W4A4,expanded-20261007-v3,laya,s1q2-beta05,S1Qv2,emotion,Emotion,standard_dataset,upstream_dataset_gold,120,120,0.575,57.49999999999999,57.50,False,False,0.49666828672499486,49.666828672499484,49.67,False,False
expanded-v3-w4a4-22source-20261007,all12,laya,Laya,W4A4,expanded-20261007-v3,laya,s1q2-beta05,S1Qv2,imdb,IMDb,standard_dataset,upstream_dataset_gold,53,53,0.4528301886792453,45.28301886792453,45.28,False,False,0.49666828672499486,49.666828672499484,49.67,False,False
expanded-v3-w4a4-22source-20261007,all12,laya,Laya,W4A4,expanded-20261007-v3,laya,s1q2-beta05,S1Qv2,jevbench,JevBench new eligible public tasks,authored_scenario_suite,authored_scenario_gold,48,48,0.8333333333333334,83.33333333333334,83.33,False,False,0.49666828672499486,49.666828672499484,49.67,False,False
expanded-v3-w4a4-22source-20261007,all12,laya,Laya,W4A4,expanded-20261007-v3,laya,s1q2-beta05,S1Qv2,mmlu,MMLU,standard_dataset,upstream_dataset_gold,99,99,0.1919191919191919,19.19191919191919,19.19,False,False,0.49666828672499486,49.666828672499484,49.67,False,False
expanded-v3-w4a4-22source-20261007,all12,laya,Laya,W4A4,expanded-20261007-v3,laya,s1q2-beta05,S1Qv2,mnli,MNLI,standard_dataset,upstream_dataset_gold,122,122,0.5327868852459017,53.278688524590166,53.28,False,False,0.49666828672499486,49.666828672499484,49.67,False,False
expanded-v3-w4a4-22source-20261007,all12,laya,Laya,W4A4,expanded-20261007-v3,laya,s1q2-beta05,S1Qv2,openbookqa,OpenBookQA,standard_dataset,upstream_dataset_gold,128,128,0.3203125,32.03125,32.03,False,False,0.49666828672499486,49.666828672499484,49.67,False,False
expanded-v3-w4a4-22source-20261007,all12,laya,Laya,W4A4,expanded-20261007-v3,laya,s1q2-beta05,S1Qv2,paws,PAWS,standard_dataset,upstream_dataset_gold,128,128,0.703125,70.3125,70.31,False,False,0.49666828672499486,49.666828672499484,49.67,False,False
expanded-v3-w4a4-22source-20261007,all12,laya,Laya,W4A4,expanded-20261007-v3,laya,s1q2-beta05,S1Qv2,qnli,QNLI,standard_dataset,upstream_dataset_gold,128,128,0.640625,64.0625,64.06,False,False,0.49666828672499486,49.666828672499484,49.67,False,False
expanded-v3-w4a4-22source-20261007,all12,laya,Laya,W4A4,expanded-20261007-v3,laya,s1q2-beta05,S1Qv2,sciq,SciQ,standard_dataset,upstream_dataset_gold,92,92,0.75,75.0,75.00,False,False,0.49666828672499486,49.666828672499484,49.67,False,False
expanded-v3-w4a4-22source-20261007,all12,laya,Laya,W4A4,expanded-20261007-v3,laya,s1q2-beta05,S1Qv2,semif,SemIf authored,authored_rule_suite,authored_scenario_gold,128,32,0.4453125,44.53125,44.53,False,False,0.49666828672499486,49.666828672499484,49.67,False,False
expanded-v3-w4a4-22source-20261007,all12,laya,Laya,W4A4,expanded-20261007-v3,laya,s1q2-beta05,S1Qv2,sst5,SST-5,standard_dataset,upstream_dataset_gold,128,128,0.21875,21.875,21.88,False,False,0.49666828672499486,49.666828672499484,49.67,False,False
expanded-v3-w4a4-22source-20261007,all12,laya,Laya,W4A4,expanded-20261007-v3,laya,s1q2-beta05,S1Qv2,toolace,ToolACE tool-choice classification,domain_decision_suite,native_annotation,68,68,0.45588235294117646,45.588235294117645,45.59,False,False,0.49666828672499486,49.666828672499484,49.67,False,False
expanded-v3-w4a4-22source-20261007,all12,laya,Laya,W4A4,expanded-20261007-v3,laya,s1q2-beta05,S1Qv2,trec,TREC,standard_dataset,upstream_dataset_gold,121,121,0.6033057851239669,60.33057851239669,60.33,False,False,0.49666828672499486,49.666828672499484,49.67,False,False
expanded-v3-w4a4-22source-20261007,all12,laya,Laya,W4A4,expanded-20261007-v3,laya,s1q2-beta05,S1Qv2,tweet-offensive,TweetEval Offensive,standard_dataset,upstream_dataset_gold,128,128,0.7734375,77.34375,77.34,True,True,0.49666828672499486,49.666828672499484,49.67,False,False
expanded-v3-w4a4-22source-20261007,all12,laya,Laya,W4A4,expanded-20261007-v3,laya,s1q2-beta05,S1Qv2,wanli,WANLI,standard_dataset,upstream_dataset_gold,256,256,0.4609375,46.09375,46.09,False,False,0.49666828672499486,49.666828672499484,49.67,False,False
expanded-v3-w4a4-22source-20261007,all12,laya,Laya,W4A4,expanded-20261007-v3,laya,s1q2-beta05,S1Qv2,wildjailbreak,WildJailBreak harmful/benign classification,domain_decision_suite,native_annotation,128,128,0.1484375,14.84375,14.84,False,False,0.49666828672499486,49.666828672499484,49.67,False,False
expanded-v3-w4a4-22source-20261007,all12,laya,Laya,W4A4,expanded-20261007-v3,laya,s1q2-beta05,S1Qv2,yelp,Yelp,standard_dataset,upstream_dataset_gold,132,66,0.4318181818181818,43.18181818181818,43.18,False,False,0.49666828672499486,49.666828672499484,49.67,False,False
expanded-v3-w4a4-22source-20261007,all12,laya,Laya,W4A4,expanded-20261007-v3,laya,smoothquant-adapted,SmoothQuant*,agnews,AG News,standard_dataset,upstream_dataset_gold,360,120,0.7916666666666666,79.16666666666666,79.17,False,False,0.46348450142382575,46.348450142382575,46.35,False,False
expanded-v3-w4a4-22source-20261007,all12,laya,Laya,W4A4,expanded-20261007-v3,laya,smoothquant-adapted,SmoothQuant*,amazon,Amazon Reviews,standard_dataset,upstream_dataset_gold,128,128,0.2265625,22.65625,22.66,False,False,0.46348450142382575,46.348450142382575,46.35,False,False
expanded-v3-w4a4-22source-20261007,all12,laya,Laya,W4A4,expanded-20261007-v3,laya,smoothquant-adapted,SmoothQuant*,arc,ARC,standard_dataset,upstream_dataset_gold,128,128,0.25,25.0,25.00,False,False,0.46348450142382575,46.348450142382575,46.35,False,False
expanded-v3-w4a4-22source-20261007,all12,laya,Laya,W4A4,expanded-20261007-v3,laya,smoothquant-adapted,SmoothQuant*,boolq,BoolQ,standard_dataset,upstream_dataset_gold,120,120,0.575,57.49999999999999,57.50,False,False,0.46348450142382575,46.348450142382575,46.35,False,False
expanded-v3-w4a4-22source-20261007,all12,laya,Laya,W4A4,expanded-20261007-v3,laya,smoothquant-adapted,SmoothQuant*,csqa,CommonsenseQA,standard_dataset,upstream_dataset_gold,128,128,0.328125,32.8125,32.81,False,False,0.46348450142382575,46.348450142382575,46.35,False,False
expanded-v3-w4a4-22source-20261007,all12,laya,Laya,W4A4,expanded-20261007-v3,laya,smoothquant-adapted,SmoothQuant*,emotion,Emotion,standard_dataset,upstream_dataset_gold,120,120,0.475,47.5,47.50,False,False,0.46348450142382575,46.348450142382575,46.35,False,False
expanded-v3-w4a4-22source-20261007,all12,laya,Laya,W4A4,expanded-20261007-v3,laya,smoothquant-adapted,SmoothQuant*,imdb,IMDb,standard_dataset,upstream_dataset_gold,53,53,0.4528301886792453,45.28301886792453,45.28,False,False,0.46348450142382575,46.348450142382575,46.35,False,False
expanded-v3-w4a4-22source-20261007,all12,laya,Laya,W4A4,expanded-20261007-v3,laya,smoothquant-adapted,SmoothQuant*,jevbench,JevBench new eligible public tasks,authored_scenario_suite,authored_scenario_gold,48,48,0.7916666666666666,79.16666666666666,79.17,False,False,0.46348450142382575,46.348450142382575,46.35,False,False
expanded-v3-w4a4-22source-20261007,all12,laya,Laya,W4A4,expanded-20261007-v3,laya,smoothquant-adapted,SmoothQuant*,mmlu,MMLU,standard_dataset,upstream_dataset_gold,99,99,0.2828282828282828,28.28282828282828,28.28,False,False,0.46348450142382575,46.348450142382575,46.35,False,False
expanded-v3-w4a4-22source-20261007,all12,laya,Laya,W4A4,expanded-20261007-v3,laya,smoothquant-adapted,SmoothQuant*,mnli,MNLI,standard_dataset,upstream_dataset_gold,122,122,0.5245901639344263,52.459016393442624,52.46,False,False,0.46348450142382575,46.348450142382575,46.35,False,False
expanded-v3-w4a4-22source-20261007,all12,laya,Laya,W4A4,expanded-20261007-v3,laya,smoothquant-adapted,SmoothQuant*,openbookqa,OpenBookQA,standard_dataset,upstream_dataset_gold,128,128,0.25,25.0,25.00,False,False,0.46348450142382575,46.348450142382575,46.35,False,False
expanded-v3-w4a4-22source-20261007,all12,laya,Laya,W4A4,expanded-20261007-v3,laya,smoothquant-adapted,SmoothQuant*,paws,PAWS,standard_dataset,upstream_dataset_gold,128,128,0.515625,51.5625,51.56,False,False,0.46348450142382575,46.348450142382575,46.35,False,False
expanded-v3-w4a4-22source-20261007,all12,laya,Laya,W4A4,expanded-20261007-v3,laya,smoothquant-adapted,SmoothQuant*,qnli,QNLI,standard_dataset,upstream_dataset_gold,128,128,0.546875,54.6875,54.69,False,False,0.46348450142382575,46.348450142382575,46.35,False,False
expanded-v3-w4a4-22source-20261007,all12,laya,Laya,W4A4,expanded-20261007-v3,laya,smoothquant-adapted,SmoothQuant*,sciq,SciQ,standard_dataset,upstream_dataset_gold,92,92,0.8152173913043478,81.52173913043478,81.52,False,False,0.46348450142382575,46.348450142382575,46.35,False,False
expanded-v3-w4a4-22source-20261007,all12,laya,Laya,W4A4,expanded-20261007-v3,laya,smoothquant-adapted,SmoothQuant*,semif,SemIf authored,authored_rule_suite,authored_scenario_gold,128,32,0.3671875,36.71875,36.72,False,False,0.46348450142382575,46.348450142382575,46.35,False,False
expanded-v3-w4a4-22source-20261007,all12,laya,Laya,W4A4,expanded-20261007-v3,laya,smoothquant-adapted,SmoothQuant*,sst5,SST-5,standard_dataset,upstream_dataset_gold,128,128,0.2109375,21.09375,21.09,False,False,0.46348450142382575,46.348450142382575,46.35,False,False
expanded-v3-w4a4-22source-20261007,all12,laya,Laya,W4A4,expanded-20261007-v3,laya,smoothquant-adapted,SmoothQuant*,toolace,ToolACE tool-choice classification,domain_decision_suite,native_annotation,68,68,0.47058823529411764,47.05882352941176,47.06,False,False,0.46348450142382575,46.348450142382575,46.35,False,False
expanded-v3-w4a4-22source-20261007,all12,laya,Laya,W4A4,expanded-20261007-v3,laya,smoothquant-adapted,SmoothQuant*,trec,TREC,standard_dataset,upstream_dataset_gold,121,121,0.5950413223140496,59.50413223140496,59.50,False,False,0.46348450142382575,46.348450142382575,46.35,False,False
expanded-v3-w4a4-22source-20261007,all12,laya,Laya,W4A4,expanded-20261007-v3,laya,smoothquant-adapted,SmoothQuant*,tweet-offensive,TweetEval Offensive,standard_dataset,upstream_dataset_gold,128,128,0.7578125,75.78125,75.78,False,False,0.46348450142382575,46.348450142382575,46.35,False,False
expanded-v3-w4a4-22source-20261007,all12,laya,Laya,W4A4,expanded-20261007-v3,laya,smoothquant-adapted,SmoothQuant*,wanli,WANLI,standard_dataset,upstream_dataset_gold,256,256,0.40234375,40.234375,40.23,False,False,0.46348450142382575,46.348450142382575,46.35,False,False
expanded-v3-w4a4-22source-20261007,all12,laya,Laya,W4A4,expanded-20261007-v3,laya,smoothquant-adapted,SmoothQuant*,wildjailbreak,WildJailBreak harmful/benign classification,domain_decision_suite,native_annotation,128,128,0.203125,20.3125,20.31,False,False,0.46348450142382575,46.348450142382575,46.35,False,False
expanded-v3-w4a4-22source-20261007,all12,laya,Laya,W4A4,expanded-20261007-v3,laya,smoothquant-adapted,SmoothQuant*,yelp,Yelp,standard_dataset,upstream_dataset_gold,132,66,0.36363636363636365,36.36363636363637,36.36,False,False,0.46348450142382575,46.348450142382575,46.35,False,False
expanded-v3-w4a4-22source-20261007,all12,laya,Laya,W4A4,expanded-20261007-v3,laya,awq-adapted,AWQ*,agnews,AG News,standard_dataset,upstream_dataset_gold,360,120,0.8055555555555556,80.55555555555556,80.56,False,False,0.48264348339024454,48.26434833902445,48.26,False,False
expanded-v3-w4a4-22source-20261007,all12,laya,Laya,W4A4,expanded-20261007-v3,laya,awq-adapted,AWQ*,amazon,Amazon Reviews,standard_dataset,upstream_dataset_gold,128,128,0.265625,26.5625,26.56,False,False,0.48264348339024454,48.26434833902445,48.26,False,False
expanded-v3-w4a4-22source-20261007,all12,laya,Laya,W4A4,expanded-20261007-v3,laya,awq-adapted,AWQ*,arc,ARC,standard_dataset,upstream_dataset_gold,128,128,0.2890625,28.90625,28.91,False,False,0.48264348339024454,48.26434833902445,48.26,False,False
expanded-v3-w4a4-22source-20261007,all12,laya,Laya,W4A4,expanded-20261007-v3,laya,awq-adapted,AWQ*,boolq,BoolQ,standard_dataset,upstream_dataset_gold,120,120,0.475,47.5,47.50,False,False,0.48264348339024454,48.26434833902445,48.26,False,False
expanded-v3-w4a4-22source-20261007,all12,laya,Laya,W4A4,expanded-20261007-v3,laya,awq-adapted,AWQ*,csqa,CommonsenseQA,standard_dataset,upstream_dataset_gold,128,128,0.359375,35.9375,35.94,False,False,0.48264348339024454,48.26434833902445,48.26,False,False
expanded-v3-w4a4-22source-20261007,all12,laya,Laya,W4A4,expanded-20261007-v3,laya,awq-adapted,AWQ*,emotion,Emotion,standard_dataset,upstream_dataset_gold,120,120,0.5916666666666667,59.166666666666664,59.17,False,False,0.48264348339024454,48.26434833902445,48.26,False,False
expanded-v3-w4a4-22source-20261007,all12,laya,Laya,W4A4,expanded-20261007-v3,laya,awq-adapted,AWQ*,imdb,IMDb,standard_dataset,upstream_dataset_gold,53,53,0.4716981132075472,47.16981132075472,47.17,False,False,0.48264348339024454,48.26434833902445,48.26,False,False
expanded-v3-w4a4-22source-20261007,all12,laya,Laya,W4A4,expanded-20261007-v3,laya,awq-adapted,AWQ*,jevbench,JevBench new eligible public tasks,authored_scenario_suite,authored_scenario_gold,48,48,0.8541666666666666,85.41666666666666,85.42,False,False,0.48264348339024454,48.26434833902445,48.26,False,False
expanded-v3-w4a4-22source-20261007,all12,laya,Laya,W4A4,expanded-20261007-v3,laya,awq-adapted,AWQ*,mmlu,MMLU,standard_dataset,upstream_dataset_gold,99,99,0.21212121212121213,21.21212121212121,21.21,False,False,0.48264348339024454,48.26434833902445,48.26,False,False
expanded-v3-w4a4-22source-20261007,all12,laya,Laya,W4A4,expanded-20261007-v3,laya,awq-adapted,AWQ*,mnli,MNLI,standard_dataset,upstream_dataset_gold,122,122,0.5163934426229508,51.63934426229508,51.64,False,False,0.48264348339024454,48.26434833902445,48.26,False,False
expanded-v3-w4a4-22source-20261007,all12,laya,Laya,W4A4,expanded-20261007-v3,laya,awq-adapted,AWQ*,openbookqa,OpenBookQA,standard_dataset,upstream_dataset_gold,128,128,0.390625,39.0625,39.06,True,True,0.48264348339024454,48.26434833902445,48.26,False,False
expanded-v3-w4a4-22source-20261007,all12,laya,Laya,W4A4,expanded-20261007-v3,laya,awq-adapted,AWQ*,paws,PAWS,standard_dataset,upstream_dataset_gold,128,128,0.625,62.5,62.50,False,False,0.48264348339024454,48.26434833902445,48.26,False,False
expanded-v3-w4a4-22source-20261007,all12,laya,Laya,W4A4,expanded-20261007-v3,laya,awq-adapted,AWQ*,qnli,QNLI,standard_dataset,upstream_dataset_gold,128,128,0.5625,56.25,56.25,False,False,0.48264348339024454,48.26434833902445,48.26,False,False
expanded-v3-w4a4-22source-20261007,all12,laya,Laya,W4A4,expanded-20261007-v3,laya,awq-adapted,AWQ*,sciq,SciQ,standard_dataset,upstream_dataset_gold,92,92,0.7717391304347826,77.17391304347827,77.17,False,False,0.48264348339024454,48.26434833902445,48.26,False,False
expanded-v3-w4a4-22source-20261007,all12,laya,Laya,W4A4,expanded-20261007-v3,laya,awq-adapted,AWQ*,semif,SemIf authored,authored_rule_suite,authored_scenario_gold,128,32,0.4140625,41.40625,41.41,False,False,0.48264348339024454,48.26434833902445,48.26,False,False
expanded-v3-w4a4-22source-20261007,all12,laya,Laya,W4A4,expanded-20261007-v3,laya,awq-adapted,AWQ*,sst5,SST-5,standard_dataset,upstream_dataset_gold,128,128,0.2421875,24.21875,24.22,False,False,0.48264348339024454,48.26434833902445,48.26,False,False
expanded-v3-w4a4-22source-20261007,all12,laya,Laya,W4A4,expanded-20261007-v3,laya,awq-adapted,AWQ*,toolace,ToolACE tool-choice classification,domain_decision_suite,native_annotation,68,68,0.4411764705882353,44.11764705882353,44.12,False,False,0.48264348339024454,48.26434833902445,48.26,False,False
expanded-v3-w4a4-22source-20261007,all12,laya,Laya,W4A4,expanded-20261007-v3,laya,awq-adapted,AWQ*,trec,TREC,standard_dataset,upstream_dataset_gold,121,121,0.6115702479338843,61.15702479338842,61.16,False,False,0.48264348339024454,48.26434833902445,48.26,False,False
expanded-v3-w4a4-22source-20261007,all12,laya,Laya,W4A4,expanded-20261007-v3,laya,awq-adapted,AWQ*,tweet-offensive,TweetEval Offensive,standard_dataset,upstream_dataset_gold,128,128,0.7578125,75.78125,75.78,False,False,0.48264348339024454,48.26434833902445,48.26,False,False
expanded-v3-w4a4-22source-20261007,all12,laya,Laya,W4A4,expanded-20261007-v3,laya,awq-adapted,AWQ*,wanli,WANLI,standard_dataset,upstream_dataset_gold,256,256,0.48828125,48.828125,48.83,False,False,0.48264348339024454,48.26434833902445,48.26,False,False
expanded-v3-w4a4-22source-20261007,all12,laya,Laya,W4A4,expanded-20261007-v3,laya,awq-adapted,AWQ*,wildjailbreak,WildJailBreak harmful/benign classification,domain_decision_suite,native_annotation,128,128,0.09375,9.375,9.38,False,False,0.48264348339024454,48.26434833902445,48.26,False,False
expanded-v3-w4a4-22source-20261007,all12,laya,Laya,W4A4,expanded-20261007-v3,laya,awq-adapted,AWQ*,yelp,Yelp,standard_dataset,upstream_dataset_gold,132,66,0.3787878787878788,37.878787878787875,37.88,False,False,0.48264348339024454,48.26434833902445,48.26,False,False
expanded-v3-w4a4-22source-20261007,all12,laya,Laya,W4A4,expanded-20261007-v3,laya,gptq-blockdiag-adapted,GPTQ-block*,agnews,AG News,standard_dataset,upstream_dataset_gold,360,120,0.7611111111111111,76.11111111111111,76.11,False,False,0.41315091650481434,41.315091650481435,41.32,False,False
expanded-v3-w4a4-22source-20261007,all12,laya,Laya,W4A4,expanded-20261007-v3,laya,gptq-blockdiag-adapted,GPTQ-block*,amazon,Amazon Reviews,standard_dataset,upstream_dataset_gold,128,128,0.2265625,22.65625,22.66,False,False,0.41315091650481434,41.315091650481435,41.32,False,False
expanded-v3-w4a4-22source-20261007,all12,laya,Laya,W4A4,expanded-20261007-v3,laya,gptq-blockdiag-adapted,GPTQ-block*,arc,ARC,standard_dataset,upstream_dataset_gold,128,128,0.265625,26.5625,26.56,False,False,0.41315091650481434,41.315091650481435,41.32,False,False
expanded-v3-w4a4-22source-20261007,all12,laya,Laya,W4A4,expanded-20261007-v3,laya,gptq-blockdiag-adapted,GPTQ-block*,boolq,BoolQ,standard_dataset,upstream_dataset_gold,120,120,0.5333333333333333,53.333333333333336,53.33,False,False,0.41315091650481434,41.315091650481435,41.32,False,False
expanded-v3-w4a4-22source-20261007,all12,laya,Laya,W4A4,expanded-20261007-v3,laya,gptq-blockdiag-adapted,GPTQ-block*,csqa,CommonsenseQA,standard_dataset,upstream_dataset_gold,128,128,0.2265625,22.65625,22.66,False,False,0.41315091650481434,41.315091650481435,41.32,False,False
expanded-v3-w4a4-22source-20261007,all12,laya,Laya,W4A4,expanded-20261007-v3,laya,gptq-blockdiag-adapted,GPTQ-block*,emotion,Emotion,standard_dataset,upstream_dataset_gold,120,120,0.43333333333333335,43.333333333333336,43.33,False,False,0.41315091650481434,41.315091650481435,41.32,False,False
expanded-v3-w4a4-22source-20261007,all12,laya,Laya,W4A4,expanded-20261007-v3,laya,gptq-blockdiag-adapted,GPTQ-block*,imdb,IMDb,standard_dataset,upstream_dataset_gold,53,53,0.4528301886792453,45.28301886792453,45.28,False,False,0.41315091650481434,41.315091650481435,41.32,False,False
expanded-v3-w4a4-22source-20261007,all12,laya,Laya,W4A4,expanded-20261007-v3,laya,gptq-blockdiag-adapted,GPTQ-block*,jevbench,JevBench new eligible public tasks,authored_scenario_suite,authored_scenario_gold,48,48,0.6041666666666666,60.416666666666664,60.42,False,False,0.41315091650481434,41.315091650481435,41.32,False,False
expanded-v3-w4a4-22source-20261007,all12,laya,Laya,W4A4,expanded-20261007-v3,laya,gptq-blockdiag-adapted,GPTQ-block*,mmlu,MMLU,standard_dataset,upstream_dataset_gold,99,99,0.24242424242424243,24.242424242424242,24.24,False,False,0.41315091650481434,41.315091650481435,41.32,False,False
expanded-v3-w4a4-22source-20261007,all12,laya,Laya,W4A4,expanded-20261007-v3,laya,gptq-blockdiag-adapted,GPTQ-block*,mnli,MNLI,standard_dataset,upstream_dataset_gold,122,122,0.3360655737704918,33.60655737704918,33.61,False,False,0.41315091650481434,41.315091650481435,41.32,False,False
expanded-v3-w4a4-22source-20261007,all12,laya,Laya,W4A4,expanded-20261007-v3,laya,gptq-blockdiag-adapted,GPTQ-block*,openbookqa,OpenBookQA,standard_dataset,upstream_dataset_gold,128,128,0.2890625,28.90625,28.91,False,False,0.41315091650481434,41.315091650481435,41.32,False,False
expanded-v3-w4a4-22source-20261007,all12,laya,Laya,W4A4,expanded-20261007-v3,laya,gptq-blockdiag-adapted,GPTQ-block*,paws,PAWS,standard_dataset,upstream_dataset_gold,128,128,0.546875,54.6875,54.69,False,False,0.41315091650481434,41.315091650481435,41.32,False,False
expanded-v3-w4a4-22source-20261007,all12,laya,Laya,W4A4,expanded-20261007-v3,laya,gptq-blockdiag-adapted,GPTQ-block*,qnli,QNLI,standard_dataset,upstream_dataset_gold,128,128,0.515625,51.5625,51.56,False,False,0.41315091650481434,41.315091650481435,41.32,False,False
expanded-v3-w4a4-22source-20261007,all12,laya,Laya,W4A4,expanded-20261007-v3,laya,gptq-blockdiag-adapted,GPTQ-block*,sciq,SciQ,standard_dataset,upstream_dataset_gold,92,92,0.5543478260869565,55.434782608695656,55.43,False,False,0.41315091650481434,41.315091650481435,41.32,False,False
expanded-v3-w4a4-22source-20261007,all12,laya,Laya,W4A4,expanded-20261007-v3,laya,gptq-blockdiag-adapted,GPTQ-block*,semif,SemIf authored,authored_rule_suite,authored_scenario_gold,128,32,0.375,37.5,37.50,False,False,0.41315091650481434,41.315091650481435,41.32,False,False
expanded-v3-w4a4-22source-20261007,all12,laya,Laya,W4A4,expanded-20261007-v3,laya,gptq-blockdiag-adapted,GPTQ-block*,sst5,SST-5,standard_dataset,upstream_dataset_gold,128,128,0.25,25.0,25.00,False,False,0.41315091650481434,41.315091650481435,41.32,False,False
expanded-v3-w4a4-22source-20261007,all12,laya,Laya,W4A4,expanded-20261007-v3,laya,gptq-blockdiag-adapted,GPTQ-block*,toolace,ToolACE tool-choice classification,domain_decision_suite,native_annotation,68,68,0.4117647058823529,41.17647058823529,41.18,False,False,0.41315091650481434,41.315091650481435,41.32,False,False
expanded-v3-w4a4-22source-20261007,all12,laya,Laya,W4A4,expanded-20261007-v3,laya,gptq-blockdiag-adapted,GPTQ-block*,trec,TREC,standard_dataset,upstream_dataset_gold,121,121,0.36363636363636365,36.36363636363637,36.36,False,False,0.41315091650481434,41.315091650481435,41.32,False,False
expanded-v3-w4a4-22source-20261007,all12,laya,Laya,W4A4,expanded-20261007-v3,laya,gptq-blockdiag-adapted,GPTQ-block*,tweet-offensive,TweetEval Offensive,standard_dataset,upstream_dataset_gold,128,128,0.7734375,77.34375,77.34,True,True,0.41315091650481434,41.315091650481435,41.32,False,False
expanded-v3-w4a4-22source-20261007,all12,laya,Laya,W4A4,expanded-20261007-v3,laya,gptq-blockdiag-adapted,GPTQ-block*,wanli,WANLI,standard_dataset,upstream_dataset_gold,256,256,0.34375,34.375,34.38,False,False,0.41315091650481434,41.315091650481435,41.32,False,False
expanded-v3-w4a4-22source-20261007,all12,laya,Laya,W4A4,expanded-20261007-v3,laya,gptq-blockdiag-adapted,GPTQ-block*,wildjailbreak,WildJailBreak harmful/benign classification,domain_decision_suite,native_annotation,128,128,0.265625,26.5625,26.56,False,False,0.41315091650481434,41.315091650481435,41.32,False,False
expanded-v3-w4a4-22source-20261007,all12,laya,Laya,W4A4,expanded-20261007-v3,laya,gptq-blockdiag-adapted,GPTQ-block*,yelp,Yelp,standard_dataset,upstream_dataset_gold,132,66,0.3181818181818182,31.818181818181817,31.82,False,False,0.41315091650481434,41.315091650481435,41.32,False,False
expanded-v3-w4a4-22source-20261007,all12,laya,Laya,W4A4,expanded-20261007-v3,laya,spinquant-nohad-adapted,SpinQuant no-Had*,agnews,AG News,standard_dataset,upstream_dataset_gold,360,120,0.8388888888888889,83.88888888888889,83.89,False,False,0.552702914419868,55.2702914419868,55.27,False,False
expanded-v3-w4a4-22source-20261007,all12,laya,Laya,W4A4,expanded-20261007-v3,laya,spinquant-nohad-adapted,SpinQuant no-Had*,amazon,Amazon Reviews,standard_dataset,upstream_dataset_gold,128,128,0.3203125,32.03125,32.03,False,False,0.552702914419868,55.2702914419868,55.27,False,False
expanded-v3-w4a4-22source-20261007,all12,laya,Laya,W4A4,expanded-20261007-v3,laya,spinquant-nohad-adapted,SpinQuant no-Had*,arc,ARC,standard_dataset,upstream_dataset_gold,128,128,0.2890625,28.90625,28.91,False,False,0.552702914419868,55.2702914419868,55.27,False,False
expanded-v3-w4a4-22source-20261007,all12,laya,Laya,W4A4,expanded-20261007-v3,laya,spinquant-nohad-adapted,SpinQuant no-Had*,boolq,BoolQ,standard_dataset,upstream_dataset_gold,120,120,0.7,70.0,70.00,True,True,0.552702914419868,55.2702914419868,55.27,False,False
expanded-v3-w4a4-22source-20261007,all12,laya,Laya,W4A4,expanded-20261007-v3,laya,spinquant-nohad-adapted,SpinQuant no-Had*,csqa,CommonsenseQA,standard_dataset,upstream_dataset_gold,128,128,0.3515625,35.15625,35.16,False,False,0.552702914419868,55.2702914419868,55.27,False,False
expanded-v3-w4a4-22source-20261007,all12,laya,Laya,W4A4,expanded-20261007-v3,laya,spinquant-nohad-adapted,SpinQuant no-Had*,emotion,Emotion,standard_dataset,upstream_dataset_gold,120,120,0.625,62.5,62.50,False,False,0.552702914419868,55.2702914419868,55.27,False,False
expanded-v3-w4a4-22source-20261007,all12,laya,Laya,W4A4,expanded-20261007-v3,laya,spinquant-nohad-adapted,SpinQuant no-Had*,imdb,IMDb,standard_dataset,upstream_dataset_gold,53,53,0.4528301886792453,45.28301886792453,45.28,False,False,0.552702914419868,55.2702914419868,55.27,False,False
expanded-v3-w4a4-22source-20261007,all12,laya,Laya,W4A4,expanded-20261007-v3,laya,spinquant-nohad-adapted,SpinQuant no-Had*,jevbench,JevBench new eligible public tasks,authored_scenario_suite,authored_scenario_gold,48,48,0.9375,93.75,93.75,False,False,0.552702914419868,55.2702914419868,55.27,False,False
expanded-v3-w4a4-22source-20261007,all12,laya,Laya,W4A4,expanded-20261007-v3,laya,spinquant-nohad-adapted,SpinQuant no-Had*,mmlu,MMLU,standard_dataset,upstream_dataset_gold,99,99,0.31313131313131315,31.313131313131315,31.31,True,True,0.552702914419868,55.2702914419868,55.27,False,False
expanded-v3-w4a4-22source-20261007,all12,laya,Laya,W4A4,expanded-20261007-v3,laya,spinquant-nohad-adapted,SpinQuant no-Had*,mnli,MNLI,standard_dataset,upstream_dataset_gold,122,122,0.5901639344262295,59.01639344262295,59.02,False,False,0.552702914419868,55.2702914419868,55.27,False,False
expanded-v3-w4a4-22source-20261007,all12,laya,Laya,W4A4,expanded-20261007-v3,laya,spinquant-nohad-adapted,SpinQuant no-Had*,openbookqa,OpenBookQA,standard_dataset,upstream_dataset_gold,128,128,0.3359375,33.59375,33.59,False,False,0.552702914419868,55.2702914419868,55.27,False,False
expanded-v3-w4a4-22source-20261007,all12,laya,Laya,W4A4,expanded-20261007-v3,laya,spinquant-nohad-adapted,SpinQuant no-Had*,paws,PAWS,standard_dataset,upstream_dataset_gold,128,128,0.6796875,67.96875,67.97,False,False,0.552702914419868,55.2702914419868,55.27,False,False
expanded-v3-w4a4-22source-20261007,all12,laya,Laya,W4A4,expanded-20261007-v3,laya,spinquant-nohad-adapted,SpinQuant no-Had*,qnli,QNLI,standard_dataset,upstream_dataset_gold,128,128,0.6953125,69.53125,69.53,False,False,0.552702914419868,55.2702914419868,55.27,False,False
expanded-v3-w4a4-22source-20261007,all12,laya,Laya,W4A4,expanded-20261007-v3,laya,spinquant-nohad-adapted,SpinQuant no-Had*,sciq,SciQ,standard_dataset,upstream_dataset_gold,92,92,0.782608695652174,78.26086956521739,78.26,False,False,0.552702914419868,55.2702914419868,55.27,False,False
expanded-v3-w4a4-22source-20261007,all12,laya,Laya,W4A4,expanded-20261007-v3,laya,spinquant-nohad-adapted,SpinQuant no-Had*,semif,SemIf authored,authored_rule_suite,authored_scenario_gold,128,32,0.5,50.0,50.00,False,False,0.552702914419868,55.2702914419868,55.27,False,False
expanded-v3-w4a4-22source-20261007,all12,laya,Laya,W4A4,expanded-20261007-v3,laya,spinquant-nohad-adapted,SpinQuant no-Had*,sst5,SST-5,standard_dataset,upstream_dataset_gold,128,128,0.2890625,28.90625,28.91,False,False,0.552702914419868,55.2702914419868,55.27,False,False
expanded-v3-w4a4-22source-20261007,all12,laya,Laya,W4A4,expanded-20261007-v3,laya,spinquant-nohad-adapted,SpinQuant no-Had*,toolace,ToolACE tool-choice classification,domain_decision_suite,native_annotation,68,68,0.5882352941176471,58.82352941176471,58.82,False,False,0.552702914419868,55.2702914419868,55.27,False,False
expanded-v3-w4a4-22source-20261007,all12,laya,Laya,W4A4,expanded-20261007-v3,laya,spinquant-nohad-adapted,SpinQuant no-Had*,trec,TREC,standard_dataset,upstream_dataset_gold,121,121,0.71900826446281,71.900826446281,71.90,False,False,0.552702914419868,55.2702914419868,55.27,False,False
expanded-v3-w4a4-22source-20261007,all12,laya,Laya,W4A4,expanded-20261007-v3,laya,spinquant-nohad-adapted,SpinQuant no-Had*,tweet-offensive,TweetEval Offensive,standard_dataset,upstream_dataset_gold,128,128,0.7734375,77.34375,77.34,True,True,0.552702914419868,55.2702914419868,55.27,False,False
expanded-v3-w4a4-22source-20261007,all12,laya,Laya,W4A4,expanded-20261007-v3,laya,spinquant-nohad-adapted,SpinQuant no-Had*,wanli,WANLI,standard_dataset,upstream_dataset_gold,256,256,0.51171875,51.171875,51.17,False,False,0.552702914419868,55.2702914419868,55.27,False,False
expanded-v3-w4a4-22source-20261007,all12,laya,Laya,W4A4,expanded-20261007-v3,laya,spinquant-nohad-adapted,SpinQuant no-Had*,wildjailbreak,WildJailBreak harmful/benign classification,domain_decision_suite,native_annotation,128,128,0.328125,32.8125,32.81,True,True,0.552702914419868,55.2702914419868,55.27,False,False
expanded-v3-w4a4-22source-20261007,all12,laya,Laya,W4A4,expanded-20261007-v3,laya,spinquant-nohad-adapted,SpinQuant no-Had*,yelp,Yelp,standard_dataset,upstream_dataset_gold,132,66,0.5378787878787878,53.78787878787878,53.79,False,False,0.552702914419868,55.2702914419868,55.27,False,False
expanded-v3-w4a4-22source-20261007,all12,laya,Laya,W4A4,expanded-20261007-v3,laya,spinquant-had-adapted,SpinQuant Had*,agnews,AG News,standard_dataset,upstream_dataset_gold,360,120,0.875,87.5,87.50,True,True,0.5800492306118225,58.00492306118225,58.00,True,True
expanded-v3-w4a4-22source-20261007,all12,laya,Laya,W4A4,expanded-20261007-v3,laya,spinquant-had-adapted,SpinQuant Had*,amazon,Amazon Reviews,standard_dataset,upstream_dataset_gold,128,128,0.328125,32.8125,32.81,True,True,0.5800492306118225,58.00492306118225,58.00,True,True
expanded-v3-w4a4-22source-20261007,all12,laya,Laya,W4A4,expanded-20261007-v3,laya,spinquant-had-adapted,SpinQuant Had*,arc,ARC,standard_dataset,upstream_dataset_gold,128,128,0.328125,32.8125,32.81,False,False,0.5800492306118225,58.00492306118225,58.00,True,True
expanded-v3-w4a4-22source-20261007,all12,laya,Laya,W4A4,expanded-20261007-v3,laya,spinquant-had-adapted,SpinQuant Had*,boolq,BoolQ,standard_dataset,upstream_dataset_gold,120,120,0.6833333333333333,68.33333333333333,68.33,False,False,0.5800492306118225,58.00492306118225,58.00,True,True
expanded-v3-w4a4-22source-20261007,all12,laya,Laya,W4A4,expanded-20261007-v3,laya,spinquant-had-adapted,SpinQuant Had*,csqa,CommonsenseQA,standard_dataset,upstream_dataset_gold,128,128,0.390625,39.0625,39.06,True,True,0.5800492306118225,58.00492306118225,58.00,True,True
expanded-v3-w4a4-22source-20261007,all12,laya,Laya,W4A4,expanded-20261007-v3,laya,spinquant-had-adapted,SpinQuant Had*,emotion,Emotion,standard_dataset,upstream_dataset_gold,120,120,0.6333333333333333,63.33333333333333,63.33,True,True,0.5800492306118225,58.00492306118225,58.00,True,True
expanded-v3-w4a4-22source-20261007,all12,laya,Laya,W4A4,expanded-20261007-v3,laya,spinquant-had-adapted,SpinQuant Had*,imdb,IMDb,standard_dataset,upstream_dataset_gold,53,53,0.4716981132075472,47.16981132075472,47.17,False,False,0.5800492306118225,58.00492306118225,58.00,True,True
expanded-v3-w4a4-22source-20261007,all12,laya,Laya,W4A4,expanded-20261007-v3,laya,spinquant-had-adapted,SpinQuant Had*,jevbench,JevBench new eligible public tasks,authored_scenario_suite,authored_scenario_gold,48,48,0.9583333333333334,95.83333333333334,95.83,True,True,0.5800492306118225,58.00492306118225,58.00,True,True
expanded-v3-w4a4-22source-20261007,all12,laya,Laya,W4A4,expanded-20261007-v3,laya,spinquant-had-adapted,SpinQuant Had*,mmlu,MMLU,standard_dataset,upstream_dataset_gold,99,99,0.21212121212121213,21.21212121212121,21.21,False,False,0.5800492306118225,58.00492306118225,58.00,True,True
expanded-v3-w4a4-22source-20261007,all12,laya,Laya,W4A4,expanded-20261007-v3,laya,spinquant-had-adapted,SpinQuant Had*,mnli,MNLI,standard_dataset,upstream_dataset_gold,122,122,0.6229508196721312,62.295081967213115,62.30,True,True,0.5800492306118225,58.00492306118225,58.00,True,True
expanded-v3-w4a4-22source-20261007,all12,laya,Laya,W4A4,expanded-20261007-v3,laya,spinquant-had-adapted,SpinQuant Had*,openbookqa,OpenBookQA,standard_dataset,upstream_dataset_gold,128,128,0.3046875,30.46875,30.47,False,False,0.5800492306118225,58.00492306118225,58.00,True,True
expanded-v3-w4a4-22source-20261007,all12,laya,Laya,W4A4,expanded-20261007-v3,laya,spinquant-had-adapted,SpinQuant Had*,paws,PAWS,standard_dataset,upstream_dataset_gold,128,128,0.8046875,80.46875,80.47,True,True,0.5800492306118225,58.00492306118225,58.00,True,True
expanded-v3-w4a4-22source-20261007,all12,laya,Laya,W4A4,expanded-20261007-v3,laya,spinquant-had-adapted,SpinQuant Had*,qnli,QNLI,standard_dataset,upstream_dataset_gold,128,128,0.7109375,71.09375,71.09,True,True,0.5800492306118225,58.00492306118225,58.00,True,True
expanded-v3-w4a4-22source-20261007,all12,laya,Laya,W4A4,expanded-20261007-v3,laya,spinquant-had-adapted,SpinQuant Had*,sciq,SciQ,standard_dataset,upstream_dataset_gold,92,92,0.8695652173913043,86.95652173913044,86.96,True,True,0.5800492306118225,58.00492306118225,58.00,True,True
expanded-v3-w4a4-22source-20261007,all12,laya,Laya,W4A4,expanded-20261007-v3,laya,spinquant-had-adapted,SpinQuant Had*,semif,SemIf authored,authored_rule_suite,authored_scenario_gold,128,32,0.5859375,58.59375,58.59,True,True,0.5800492306118225,58.00492306118225,58.00,True,True
expanded-v3-w4a4-22source-20261007,all12,laya,Laya,W4A4,expanded-20261007-v3,laya,spinquant-had-adapted,SpinQuant Had*,sst5,SST-5,standard_dataset,upstream_dataset_gold,128,128,0.3515625,35.15625,35.16,True,True,0.5800492306118225,58.00492306118225,58.00,True,True
expanded-v3-w4a4-22source-20261007,all12,laya,Laya,W4A4,expanded-20261007-v3,laya,spinquant-had-adapted,SpinQuant Had*,toolace,ToolACE tool-choice classification,domain_decision_suite,native_annotation,68,68,0.7058823529411765,70.58823529411765,70.59,True,True,0.5800492306118225,58.00492306118225,58.00,True,True
expanded-v3-w4a4-22source-20261007,all12,laya,Laya,W4A4,expanded-20261007-v3,laya,spinquant-had-adapted,SpinQuant Had*,trec,TREC,standard_dataset,upstream_dataset_gold,121,121,0.8429752066115702,84.29752066115702,84.30,True,True,0.5800492306118225,58.00492306118225,58.00,True,True
expanded-v3-w4a4-22source-20261007,all12,laya,Laya,W4A4,expanded-20261007-v3,laya,spinquant-had-adapted,SpinQuant Had*,tweet-offensive,TweetEval Offensive,standard_dataset,upstream_dataset_gold,128,128,0.7734375,77.34375,77.34,True,True,0.5800492306118225,58.00492306118225,58.00,True,True
expanded-v3-w4a4-22source-20261007,all12,laya,Laya,W4A4,expanded-20261007-v3,laya,spinquant-had-adapted,SpinQuant Had*,wanli,WANLI,standard_dataset,upstream_dataset_gold,256,256,0.546875,54.6875,54.69,True,True,0.5800492306118225,58.00492306118225,58.00,True,True
expanded-v3-w4a4-22source-20261007,all12,laya,Laya,W4A4,expanded-20261007-v3,laya,spinquant-had-adapted,SpinQuant Had*,wildjailbreak,WildJailBreak harmful/benign classification,domain_decision_suite,native_annotation,128,128,0.109375,10.9375,10.94,False,False,0.5800492306118225,58.00492306118225,58.00,True,True
expanded-v3-w4a4-22source-20261007,all12,laya,Laya,W4A4,expanded-20261007-v3,laya,spinquant-had-adapted,SpinQuant Had*,yelp,Yelp,standard_dataset,upstream_dataset_gold,132,66,0.6515151515151515,65.15151515151516,65.15,True,True,0.5800492306118225,58.00492306118225,58.00,True,True
expanded-v3-w4a4-22source-20261007,all12,laya,Laya,W4A4,expanded-20261007-v3,laya,s1q-joint,S1Q-Joint,agnews,AG News,standard_dataset,upstream_dataset_gold,360,120,0.8388888888888889,83.88888888888889,83.89,False,False,0.524967802220302,52.4967802220302,52.50,False,False
expanded-v3-w4a4-22source-20261007,all12,laya,Laya,W4A4,expanded-20261007-v3,laya,s1q-joint,S1Q-Joint,amazon,Amazon Reviews,standard_dataset,upstream_dataset_gold,128,128,0.265625,26.5625,26.56,False,False,0.524967802220302,52.4967802220302,52.50,False,False
expanded-v3-w4a4-22source-20261007,all12,laya,Laya,W4A4,expanded-20261007-v3,laya,s1q-joint,S1Q-Joint,arc,ARC,standard_dataset,upstream_dataset_gold,128,128,0.265625,26.5625,26.56,False,False,0.524967802220302,52.4967802220302,52.50,False,False
expanded-v3-w4a4-22source-20261007,all12,laya,Laya,W4A4,expanded-20261007-v3,laya,s1q-joint,S1Q-Joint,boolq,BoolQ,standard_dataset,upstream_dataset_gold,120,120,0.6416666666666667,64.16666666666667,64.17,False,False,0.524967802220302,52.4967802220302,52.50,False,False
expanded-v3-w4a4-22source-20261007,all12,laya,Laya,W4A4,expanded-20261007-v3,laya,s1q-joint,S1Q-Joint,csqa,CommonsenseQA,standard_dataset,upstream_dataset_gold,128,128,0.3828125,38.28125,38.28,False,False,0.524967802220302,52.4967802220302,52.50,False,False
expanded-v3-w4a4-22source-20261007,all12,laya,Laya,W4A4,expanded-20261007-v3,laya,s1q-joint,S1Q-Joint,emotion,Emotion,standard_dataset,upstream_dataset_gold,120,120,0.575,57.49999999999999,57.50,False,False,0.524967802220302,52.4967802220302,52.50,False,False
expanded-v3-w4a4-22source-20261007,all12,laya,Laya,W4A4,expanded-20261007-v3,laya,s1q-joint,S1Q-Joint,imdb,IMDb,standard_dataset,upstream_dataset_gold,53,53,0.5094339622641509,50.943396226415096,50.94,True,True,0.524967802220302,52.4967802220302,52.50,False,False
expanded-v3-w4a4-22source-20261007,all12,laya,Laya,W4A4,expanded-20261007-v3,laya,s1q-joint,S1Q-Joint,jevbench,JevBench new eligible public tasks,authored_scenario_suite,authored_scenario_gold,48,48,0.9375,93.75,93.75,False,False,0.524967802220302,52.4967802220302,52.50,False,False
expanded-v3-w4a4-22source-20261007,all12,laya,Laya,W4A4,expanded-20261007-v3,laya,s1q-joint,S1Q-Joint,mmlu,MMLU,standard_dataset,upstream_dataset_gold,99,99,0.29292929292929293,29.292929292929294,29.29,False,False,0.524967802220302,52.4967802220302,52.50,False,False
expanded-v3-w4a4-22source-20261007,all12,laya,Laya,W4A4,expanded-20261007-v3,laya,s1q-joint,S1Q-Joint,mnli,MNLI,standard_dataset,upstream_dataset_gold,122,122,0.5655737704918032,56.557377049180324,56.56,False,False,0.524967802220302,52.4967802220302,52.50,False,False
expanded-v3-w4a4-22source-20261007,all12,laya,Laya,W4A4,expanded-20261007-v3,laya,s1q-joint,S1Q-Joint,openbookqa,OpenBookQA,standard_dataset,upstream_dataset_gold,128,128,0.3359375,33.59375,33.59,False,False,0.524967802220302,52.4967802220302,52.50,False,False
expanded-v3-w4a4-22source-20261007,all12,laya,Laya,W4A4,expanded-20261007-v3,laya,s1q-joint,S1Q-Joint,paws,PAWS,standard_dataset,upstream_dataset_gold,128,128,0.7734375,77.34375,77.34,False,False,0.524967802220302,52.4967802220302,52.50,False,False
expanded-v3-w4a4-22source-20261007,all12,laya,Laya,W4A4,expanded-20261007-v3,laya,s1q-joint,S1Q-Joint,qnli,QNLI,standard_dataset,upstream_dataset_gold,128,128,0.625,62.5,62.50,False,False,0.524967802220302,52.4967802220302,52.50,False,False
expanded-v3-w4a4-22source-20261007,all12,laya,Laya,W4A4,expanded-20261007-v3,laya,s1q-joint,S1Q-Joint,sciq,SciQ,standard_dataset,upstream_dataset_gold,92,92,0.8260869565217391,82.6086956521739,82.61,False,False,0.524967802220302,52.4967802220302,52.50,False,False
expanded-v3-w4a4-22source-20261007,all12,laya,Laya,W4A4,expanded-20261007-v3,laya,s1q-joint,S1Q-Joint,semif,SemIf authored,authored_rule_suite,authored_scenario_gold,128,32,0.4765625,47.65625,47.66,False,False,0.524967802220302,52.4967802220302,52.50,False,False
expanded-v3-w4a4-22source-20261007,all12,laya,Laya,W4A4,expanded-20261007-v3,laya,s1q-joint,S1Q-Joint,sst5,SST-5,standard_dataset,upstream_dataset_gold,128,128,0.25,25.0,25.00,False,False,0.524967802220302,52.4967802220302,52.50,False,False
expanded-v3-w4a4-22source-20261007,all12,laya,Laya,W4A4,expanded-20261007-v3,laya,s1q-joint,S1Q-Joint,toolace,ToolACE tool-choice classification,domain_decision_suite,native_annotation,68,68,0.4411764705882353,44.11764705882353,44.12,False,False,0.524967802220302,52.4967802220302,52.50,False,False
expanded-v3-w4a4-22source-20261007,all12,laya,Laya,W4A4,expanded-20261007-v3,laya,s1q-joint,S1Q-Joint,trec,TREC,standard_dataset,upstream_dataset_gold,121,121,0.6859504132231405,68.59504132231406,68.60,False,False,0.524967802220302,52.4967802220302,52.50,False,False
expanded-v3-w4a4-22source-20261007,all12,laya,Laya,W4A4,expanded-20261007-v3,laya,s1q-joint,S1Q-Joint,tweet-offensive,TweetEval Offensive,standard_dataset,upstream_dataset_gold,128,128,0.7578125,75.78125,75.78,False,False,0.524967802220302,52.4967802220302,52.50,False,False
expanded-v3-w4a4-22source-20261007,all12,laya,Laya,W4A4,expanded-20261007-v3,laya,s1q-joint,S1Q-Joint,wanli,WANLI,standard_dataset,upstream_dataset_gold,256,256,0.484375,48.4375,48.44,False,False,0.524967802220302,52.4967802220302,52.50,False,False
expanded-v3-w4a4-22source-20261007,all12,laya,Laya,W4A4,expanded-20261007-v3,laya,s1q-joint,S1Q-Joint,wildjailbreak,WildJailBreak harmful/benign classification,domain_decision_suite,native_annotation,128,128,0.140625,14.0625,14.06,False,False,0.524967802220302,52.4967802220302,52.50,False,False
expanded-v3-w4a4-22source-20261007,all12,laya,Laya,W4A4,expanded-20261007-v3,laya,s1q-joint,S1Q-Joint,yelp,Yelp,standard_dataset,upstream_dataset_gold,132,66,0.4772727272727273,47.72727272727273,47.73,False,False,0.524967802220302,52.4967802220302,52.50,False,False
expanded-v3-w4a4-22source-20261007,all12,laya,Laya,W4A4,expanded-20261007-v3,laya,s1q-ac,S1Q-AC,agnews,AG News,standard_dataset,upstream_dataset_gold,360,120,0.8333333333333334,83.33333333333334,83.33,False,False,0.5216564933337581,52.16564933337581,52.17,False,False
expanded-v3-w4a4-22source-20261007,all12,laya,Laya,W4A4,expanded-20261007-v3,laya,s1q-ac,S1Q-AC,amazon,Amazon Reviews,standard_dataset,upstream_dataset_gold,128,128,0.265625,26.5625,26.56,False,False,0.5216564933337581,52.16564933337581,52.17,False,False
expanded-v3-w4a4-22source-20261007,all12,laya,Laya,W4A4,expanded-20261007-v3,laya,s1q-ac,S1Q-AC,arc,ARC,standard_dataset,upstream_dataset_gold,128,128,0.2734375,27.34375,27.34,False,False,0.5216564933337581,52.16564933337581,52.17,False,False
expanded-v3-w4a4-22source-20261007,all12,laya,Laya,W4A4,expanded-20261007-v3,laya,s1q-ac,S1Q-AC,boolq,BoolQ,standard_dataset,upstream_dataset_gold,120,120,0.6583333333333333,65.83333333333333,65.83,False,False,0.5216564933337581,52.16564933337581,52.17,False,False
expanded-v3-w4a4-22source-20261007,all12,laya,Laya,W4A4,expanded-20261007-v3,laya,s1q-ac,S1Q-AC,csqa,CommonsenseQA,standard_dataset,upstream_dataset_gold,128,128,0.3515625,35.15625,35.16,False,False,0.5216564933337581,52.16564933337581,52.17,False,False
expanded-v3-w4a4-22source-20261007,all12,laya,Laya,W4A4,expanded-20261007-v3,laya,s1q-ac,S1Q-AC,emotion,Emotion,standard_dataset,upstream_dataset_gold,120,120,0.525,52.5,52.50,False,False,0.5216564933337581,52.16564933337581,52.17,False,False
expanded-v3-w4a4-22source-20261007,all12,laya,Laya,W4A4,expanded-20261007-v3,laya,s1q-ac,S1Q-AC,imdb,IMDb,standard_dataset,upstream_dataset_gold,53,53,0.4528301886792453,45.28301886792453,45.28,False,False,0.5216564933337581,52.16564933337581,52.17,False,False
expanded-v3-w4a4-22source-20261007,all12,laya,Laya,W4A4,expanded-20261007-v3,laya,s1q-ac,S1Q-AC,jevbench,JevBench new eligible public tasks,authored_scenario_suite,authored_scenario_gold,48,48,0.9375,93.75,93.75,False,False,0.5216564933337581,52.16564933337581,52.17,False,False
expanded-v3-w4a4-22source-20261007,all12,laya,Laya,W4A4,expanded-20261007-v3,laya,s1q-ac,S1Q-AC,mmlu,MMLU,standard_dataset,upstream_dataset_gold,99,99,0.25252525252525254,25.252525252525253,25.25,False,False,0.5216564933337581,52.16564933337581,52.17,False,False
expanded-v3-w4a4-22source-20261007,all12,laya,Laya,W4A4,expanded-20261007-v3,laya,s1q-ac,S1Q-AC,mnli,MNLI,standard_dataset,upstream_dataset_gold,122,122,0.5409836065573771,54.09836065573771,54.10,False,False,0.5216564933337581,52.16564933337581,52.17,False,False
expanded-v3-w4a4-22source-20261007,all12,laya,Laya,W4A4,expanded-20261007-v3,laya,s1q-ac,S1Q-AC,openbookqa,OpenBookQA,standard_dataset,upstream_dataset_gold,128,128,0.2890625,28.90625,28.91,False,False,0.5216564933337581,52.16564933337581,52.17,False,False
expanded-v3-w4a4-22source-20261007,all12,laya,Laya,W4A4,expanded-20261007-v3,laya,s1q-ac,S1Q-AC,paws,PAWS,standard_dataset,upstream_dataset_gold,128,128,0.765625,76.5625,76.56,False,False,0.5216564933337581,52.16564933337581,52.17,False,False
expanded-v3-w4a4-22source-20261007,all12,laya,Laya,W4A4,expanded-20261007-v3,laya,s1q-ac,S1Q-AC,qnli,QNLI,standard_dataset,upstream_dataset_gold,128,128,0.609375,60.9375,60.94,False,False,0.5216564933337581,52.16564933337581,52.17,False,False
expanded-v3-w4a4-22source-20261007,all12,laya,Laya,W4A4,expanded-20261007-v3,laya,s1q-ac,S1Q-AC,sciq,SciQ,standard_dataset,upstream_dataset_gold,92,92,0.8152173913043478,81.52173913043478,81.52,False,False,0.5216564933337581,52.16564933337581,52.17,False,False
expanded-v3-w4a4-22source-20261007,all12,laya,Laya,W4A4,expanded-20261007-v3,laya,s1q-ac,S1Q-AC,semif,SemIf authored,authored_rule_suite,authored_scenario_gold,128,32,0.5234375,52.34375,52.34,False,False,0.5216564933337581,52.16564933337581,52.17,False,False
expanded-v3-w4a4-22source-20261007,all12,laya,Laya,W4A4,expanded-20261007-v3,laya,s1q-ac,S1Q-AC,sst5,SST-5,standard_dataset,upstream_dataset_gold,128,128,0.2734375,27.34375,27.34,False,False,0.5216564933337581,52.16564933337581,52.17,False,False
expanded-v3-w4a4-22source-20261007,all12,laya,Laya,W4A4,expanded-20261007-v3,laya,s1q-ac,S1Q-AC,toolace,ToolACE tool-choice classification,domain_decision_suite,native_annotation,68,68,0.5441176470588235,54.41176470588235,54.41,False,False,0.5216564933337581,52.16564933337581,52.17,False,False
expanded-v3-w4a4-22source-20261007,all12,laya,Laya,W4A4,expanded-20261007-v3,laya,s1q-ac,S1Q-AC,trec,TREC,standard_dataset,upstream_dataset_gold,121,121,0.6611570247933884,66.11570247933885,66.12,False,False,0.5216564933337581,52.16564933337581,52.17,False,False
expanded-v3-w4a4-22source-20261007,all12,laya,Laya,W4A4,expanded-20261007-v3,laya,s1q-ac,S1Q-AC,tweet-offensive,TweetEval Offensive,standard_dataset,upstream_dataset_gold,128,128,0.7578125,75.78125,75.78,False,False,0.5216564933337581,52.16564933337581,52.17,False,False
expanded-v3-w4a4-22source-20261007,all12,laya,Laya,W4A4,expanded-20261007-v3,laya,s1q-ac,S1Q-AC,wanli,WANLI,standard_dataset,upstream_dataset_gold,256,256,0.4609375,46.09375,46.09,False,False,0.5216564933337581,52.16564933337581,52.17,False,False
expanded-v3-w4a4-22source-20261007,all12,laya,Laya,W4A4,expanded-20261007-v3,laya,s1q-ac,S1Q-AC,wildjailbreak,WildJailBreak harmful/benign classification,domain_decision_suite,native_annotation,128,128,0.109375,10.9375,10.94,False,False,0.5216564933337581,52.16564933337581,52.17,False,False
expanded-v3-w4a4-22source-20261007,all12,laya,Laya,W4A4,expanded-20261007-v3,laya,s1q-ac,S1Q-AC,yelp,Yelp,standard_dataset,upstream_dataset_gold,132,66,0.5757575757575758,57.57575757575758,57.58,False,False,0.5216564933337581,52.16564933337581,52.17,False,False
expanded-v3-w4a4-22source-20261007,all12,laya,Laya,W4A4,expanded-20261007-v3,laya,s1q-margin,S1Q-Margin,agnews,AG News,standard_dataset,upstream_dataset_gold,360,120,0.8472222222222222,84.72222222222221,84.72,False,False,0.5394452296707837,53.94452296707837,53.94,False,False
expanded-v3-w4a4-22source-20261007,all12,laya,Laya,W4A4,expanded-20261007-v3,laya,s1q-margin,S1Q-Margin,amazon,Amazon Reviews,standard_dataset,upstream_dataset_gold,128,128,0.2890625,28.90625,28.91,False,False,0.5394452296707837,53.94452296707837,53.94,False,False
expanded-v3-w4a4-22source-20261007,all12,laya,Laya,W4A4,expanded-20261007-v3,laya,s1q-margin,S1Q-Margin,arc,ARC,standard_dataset,upstream_dataset_gold,128,128,0.3359375,33.59375,33.59,True,True,0.5394452296707837,53.94452296707837,53.94,False,False
expanded-v3-w4a4-22source-20261007,all12,laya,Laya,W4A4,expanded-20261007-v3,laya,s1q-margin,S1Q-Margin,boolq,BoolQ,standard_dataset,upstream_dataset_gold,120,120,0.7,70.0,70.00,True,True,0.5394452296707837,53.94452296707837,53.94,False,False
expanded-v3-w4a4-22source-20261007,all12,laya,Laya,W4A4,expanded-20261007-v3,laya,s1q-margin,S1Q-Margin,csqa,CommonsenseQA,standard_dataset,upstream_dataset_gold,128,128,0.390625,39.0625,39.06,True,True,0.5394452296707837,53.94452296707837,53.94,False,False
expanded-v3-w4a4-22source-20261007,all12,laya,Laya,W4A4,expanded-20261007-v3,laya,s1q-margin,S1Q-Margin,emotion,Emotion,standard_dataset,upstream_dataset_gold,120,120,0.5833333333333334,58.333333333333336,58.33,False,False,0.5394452296707837,53.94452296707837,53.94,False,False
expanded-v3-w4a4-22source-20261007,all12,laya,Laya,W4A4,expanded-20261007-v3,laya,s1q-margin,S1Q-Margin,imdb,IMDb,standard_dataset,upstream_dataset_gold,53,53,0.4716981132075472,47.16981132075472,47.17,False,False,0.5394452296707837,53.94452296707837,53.94,False,False
expanded-v3-w4a4-22source-20261007,all12,laya,Laya,W4A4,expanded-20261007-v3,laya,s1q-margin,S1Q-Margin,jevbench,JevBench new eligible public tasks,authored_scenario_suite,authored_scenario_gold,48,48,0.8958333333333334,89.58333333333334,89.58,False,False,0.5394452296707837,53.94452296707837,53.94,False,False
expanded-v3-w4a4-22source-20261007,all12,laya,Laya,W4A4,expanded-20261007-v3,laya,s1q-margin,S1Q-Margin,mmlu,MMLU,standard_dataset,upstream_dataset_gold,99,99,0.26262626262626265,26.262626262626267,26.26,False,False,0.5394452296707837,53.94452296707837,53.94,False,False
expanded-v3-w4a4-22source-20261007,all12,laya,Laya,W4A4,expanded-20261007-v3,laya,s1q-margin,S1Q-Margin,mnli,MNLI,standard_dataset,upstream_dataset_gold,122,122,0.5327868852459017,53.278688524590166,53.28,False,False,0.5394452296707837,53.94452296707837,53.94,False,False
expanded-v3-w4a4-22source-20261007,all12,laya,Laya,W4A4,expanded-20261007-v3,laya,s1q-margin,S1Q-Margin,openbookqa,OpenBookQA,standard_dataset,upstream_dataset_gold,128,128,0.3671875,36.71875,36.72,False,False,0.5394452296707837,53.94452296707837,53.94,False,False
expanded-v3-w4a4-22source-20261007,all12,laya,Laya,W4A4,expanded-20261007-v3,laya,s1q-margin,S1Q-Margin,paws,PAWS,standard_dataset,upstream_dataset_gold,128,128,0.734375,73.4375,73.44,False,False,0.5394452296707837,53.94452296707837,53.94,False,False
expanded-v3-w4a4-22source-20261007,all12,laya,Laya,W4A4,expanded-20261007-v3,laya,s1q-margin,S1Q-Margin,qnli,QNLI,standard_dataset,upstream_dataset_gold,128,128,0.6640625,66.40625,66.41,False,False,0.5394452296707837,53.94452296707837,53.94,False,False
expanded-v3-w4a4-22source-20261007,all12,laya,Laya,W4A4,expanded-20261007-v3,laya,s1q-margin,S1Q-Margin,sciq,SciQ,standard_dataset,upstream_dataset_gold,92,92,0.8478260869565217,84.78260869565217,84.78,False,False,0.5394452296707837,53.94452296707837,53.94,False,False
expanded-v3-w4a4-22source-20261007,all12,laya,Laya,W4A4,expanded-20261007-v3,laya,s1q-margin,S1Q-Margin,semif,SemIf authored,authored_rule_suite,authored_scenario_gold,128,32,0.4921875,49.21875,49.22,False,False,0.5394452296707837,53.94452296707837,53.94,False,False
expanded-v3-w4a4-22source-20261007,all12,laya,Laya,W4A4,expanded-20261007-v3,laya,s1q-margin,S1Q-Margin,sst5,SST-5,standard_dataset,upstream_dataset_gold,128,128,0.296875,29.6875,29.69,False,False,0.5394452296707837,53.94452296707837,53.94,False,False
expanded-v3-w4a4-22source-20261007,all12,laya,Laya,W4A4,expanded-20261007-v3,laya,s1q-margin,S1Q-Margin,toolace,ToolACE tool-choice classification,domain_decision_suite,native_annotation,68,68,0.6323529411764706,63.23529411764706,63.24,False,False,0.5394452296707837,53.94452296707837,53.94,False,False
expanded-v3-w4a4-22source-20261007,all12,laya,Laya,W4A4,expanded-20261007-v3,laya,s1q-margin,S1Q-Margin,trec,TREC,standard_dataset,upstream_dataset_gold,121,121,0.5867768595041323,58.67768595041323,58.68,False,False,0.5394452296707837,53.94452296707837,53.94,False,False
expanded-v3-w4a4-22source-20261007,all12,laya,Laya,W4A4,expanded-20261007-v3,laya,s1q-margin,S1Q-Margin,tweet-offensive,TweetEval Offensive,standard_dataset,upstream_dataset_gold,128,128,0.75,75.0,75.00,False,False,0.5394452296707837,53.94452296707837,53.94,False,False
expanded-v3-w4a4-22source-20261007,all12,laya,Laya,W4A4,expanded-20261007-v3,laya,s1q-margin,S1Q-Margin,wanli,WANLI,standard_dataset,upstream_dataset_gold,256,256,0.5,50.0,50.00,False,False,0.5394452296707837,53.94452296707837,53.94,False,False
expanded-v3-w4a4-22source-20261007,all12,laya,Laya,W4A4,expanded-20261007-v3,laya,s1q-margin,S1Q-Margin,wildjailbreak,WildJailBreak harmful/benign classification,domain_decision_suite,native_annotation,128,128,0.171875,17.1875,17.19,False,False,0.5394452296707837,53.94452296707837,53.94,False,False
expanded-v3-w4a4-22source-20261007,all12,laya,Laya,W4A4,expanded-20261007-v3,laya,s1q-margin,S1Q-Margin,yelp,Yelp,standard_dataset,upstream_dataset_gold,132,66,0.5151515151515151,51.515151515151516,51.52,False,False,0.5394452296707837,53.94452296707837,53.94,False,False
expanded-v3-w4a4-22source-20261007,all12,laya,Laya,W4A4,expanded-20261007-v3,laya,s1q,S1Q (current),agnews,AG News,standard_dataset,upstream_dataset_gold,360,120,0.8527777777777777,85.27777777777777,85.28,False,False,0.5251332827200424,52.513328272004244,52.51,False,False
expanded-v3-w4a4-22source-20261007,all12,laya,Laya,W4A4,expanded-20261007-v3,laya,s1q,S1Q (current),amazon,Amazon Reviews,standard_dataset,upstream_dataset_gold,128,128,0.2734375,27.34375,27.34,False,False,0.5251332827200424,52.513328272004244,52.51,False,False
expanded-v3-w4a4-22source-20261007,all12,laya,Laya,W4A4,expanded-20261007-v3,laya,s1q,S1Q (current),arc,ARC,standard_dataset,upstream_dataset_gold,128,128,0.2890625,28.90625,28.91,False,False,0.5251332827200424,52.513328272004244,52.51,False,False
expanded-v3-w4a4-22source-20261007,all12,laya,Laya,W4A4,expanded-20261007-v3,laya,s1q,S1Q (current),boolq,BoolQ,standard_dataset,upstream_dataset_gold,120,120,0.625,62.5,62.50,False,False,0.5251332827200424,52.513328272004244,52.51,False,False
expanded-v3-w4a4-22source-20261007,all12,laya,Laya,W4A4,expanded-20261007-v3,laya,s1q,S1Q (current),csqa,CommonsenseQA,standard_dataset,upstream_dataset_gold,128,128,0.3515625,35.15625,35.16,False,False,0.5251332827200424,52.513328272004244,52.51,False,False
expanded-v3-w4a4-22source-20261007,all12,laya,Laya,W4A4,expanded-20261007-v3,laya,s1q,S1Q (current),emotion,Emotion,standard_dataset,upstream_dataset_gold,120,120,0.5833333333333334,58.333333333333336,58.33,False,False,0.5251332827200424,52.513328272004244,52.51,False,False
expanded-v3-w4a4-22source-20261007,all12,laya,Laya,W4A4,expanded-20261007-v3,laya,s1q,S1Q (current),imdb,IMDb,standard_dataset,upstream_dataset_gold,53,53,0.4716981132075472,47.16981132075472,47.17,False,False,0.5251332827200424,52.513328272004244,52.51,False,False
expanded-v3-w4a4-22source-20261007,all12,laya,Laya,W4A4,expanded-20261007-v3,laya,s1q,S1Q (current),jevbench,JevBench new eligible public tasks,authored_scenario_suite,authored_scenario_gold,48,48,0.9583333333333334,95.83333333333334,95.83,True,True,0.5251332827200424,52.513328272004244,52.51,False,False
expanded-v3-w4a4-22source-20261007,all12,laya,Laya,W4A4,expanded-20261007-v3,laya,s1q,S1Q (current),mmlu,MMLU,standard_dataset,upstream_dataset_gold,99,99,0.2727272727272727,27.27272727272727,27.27,False,False,0.5251332827200424,52.513328272004244,52.51,False,False
expanded-v3-w4a4-22source-20261007,all12,laya,Laya,W4A4,expanded-20261007-v3,laya,s1q,S1Q (current),mnli,MNLI,standard_dataset,upstream_dataset_gold,122,122,0.5655737704918032,56.557377049180324,56.56,False,False,0.5251332827200424,52.513328272004244,52.51,False,False
expanded-v3-w4a4-22source-20261007,all12,laya,Laya,W4A4,expanded-20261007-v3,laya,s1q,S1Q (current),openbookqa,OpenBookQA,standard_dataset,upstream_dataset_gold,128,128,0.3125,31.25,31.25,False,False,0.5251332827200424,52.513328272004244,52.51,False,False
expanded-v3-w4a4-22source-20261007,all12,laya,Laya,W4A4,expanded-20261007-v3,laya,s1q,S1Q (current),paws,PAWS,standard_dataset,upstream_dataset_gold,128,128,0.7109375,71.09375,71.09,False,False,0.5251332827200424,52.513328272004244,52.51,False,False
expanded-v3-w4a4-22source-20261007,all12,laya,Laya,W4A4,expanded-20261007-v3,laya,s1q,S1Q (current),qnli,QNLI,standard_dataset,upstream_dataset_gold,128,128,0.5625,56.25,56.25,False,False,0.5251332827200424,52.513328272004244,52.51,False,False
expanded-v3-w4a4-22source-20261007,all12,laya,Laya,W4A4,expanded-20261007-v3,laya,s1q,S1Q (current),sciq,SciQ,standard_dataset,upstream_dataset_gold,92,92,0.7717391304347826,77.17391304347827,77.17,False,False,0.5251332827200424,52.513328272004244,52.51,False,False
expanded-v3-w4a4-22source-20261007,all12,laya,Laya,W4A4,expanded-20261007-v3,laya,s1q,S1Q (current),semif,SemIf authored,authored_rule_suite,authored_scenario_gold,128,32,0.53125,53.125,53.12,False,False,0.5251332827200424,52.513328272004244,52.51,False,False
expanded-v3-w4a4-22source-20261007,all12,laya,Laya,W4A4,expanded-20261007-v3,laya,s1q,S1Q (current),sst5,SST-5,standard_dataset,upstream_dataset_gold,128,128,0.28125,28.125,28.12,False,False,0.5251332827200424,52.513328272004244,52.51,False,False
expanded-v3-w4a4-22source-20261007,all12,laya,Laya,W4A4,expanded-20261007-v3,laya,s1q,S1Q (current),toolace,ToolACE tool-choice classification,domain_decision_suite,native_annotation,68,68,0.5294117647058824,52.94117647058824,52.94,False,False,0.5251332827200424,52.513328272004244,52.51,False,False
expanded-v3-w4a4-22source-20261007,all12,laya,Laya,W4A4,expanded-20261007-v3,laya,s1q,S1Q (current),trec,TREC,standard_dataset,upstream_dataset_gold,121,121,0.6859504132231405,68.59504132231406,68.60,False,False,0.5251332827200424,52.513328272004244,52.51,False,False
expanded-v3-w4a4-22source-20261007,all12,laya,Laya,W4A4,expanded-20261007-v3,laya,s1q,S1Q (current),tweet-offensive,TweetEval Offensive,standard_dataset,upstream_dataset_gold,128,128,0.7578125,75.78125,75.78,False,False,0.5251332827200424,52.513328272004244,52.51,False,False
expanded-v3-w4a4-22source-20261007,all12,laya,Laya,W4A4,expanded-20261007-v3,laya,s1q,S1Q (current),wanli,WANLI,standard_dataset,upstream_dataset_gold,256,256,0.49609375,49.609375,49.61,False,False,0.5251332827200424,52.513328272004244,52.51,False,False
expanded-v3-w4a4-22source-20261007,all12,laya,Laya,W4A4,expanded-20261007-v3,laya,s1q,S1Q (current),wildjailbreak,WildJailBreak harmful/benign classification,domain_decision_suite,native_annotation,128,128,0.109375,10.9375,10.94,False,False,0.5251332827200424,52.513328272004244,52.51,False,False
expanded-v3-w4a4-22source-20261007,all12,laya,Laya,W4A4,expanded-20261007-v3,laya,s1q,S1Q (current),yelp,Yelp,standard_dataset,upstream_dataset_gold,132,66,0.5606060606060606,56.060606060606055,56.06,False,False,0.5251332827200424,52.513328272004244,52.51,False,False
expanded-v3-w4a4-22source-20261007,all12,startlux-decision-0.8b,StartLux-Decision,W4A4,expanded-20261007-v3,startlux-decision-0.8b,native,Native,agnews,AG News,standard_dataset,upstream_dataset_gold,360,120,0.875,87.5,87.50,False,False,0.8061751586655831,80.6175158665583,80.62,False,False
expanded-v3-w4a4-22source-20261007,all12,startlux-decision-0.8b,StartLux-Decision,W4A4,expanded-20261007-v3,startlux-decision-0.8b,native,Native,amazon,Amazon Reviews,standard_dataset,upstream_dataset_gold,128,128,0.5,50.0,50.00,False,False,0.8061751586655831,80.6175158665583,80.62,False,False
expanded-v3-w4a4-22source-20261007,all12,startlux-decision-0.8b,StartLux-Decision,W4A4,expanded-20261007-v3,startlux-decision-0.8b,native,Native,arc,ARC,standard_dataset,upstream_dataset_gold,128,128,0.71875,71.875,71.88,False,False,0.8061751586655831,80.6175158665583,80.62,False,False
expanded-v3-w4a4-22source-20261007,all12,startlux-decision-0.8b,StartLux-Decision,W4A4,expanded-20261007-v3,startlux-decision-0.8b,native,Native,boolq,BoolQ,standard_dataset,upstream_dataset_gold,120,120,0.85,85.0,85.00,False,False,0.8061751586655831,80.6175158665583,80.62,False,False
expanded-v3-w4a4-22source-20261007,all12,startlux-decision-0.8b,StartLux-Decision,W4A4,expanded-20261007-v3,startlux-decision-0.8b,native,Native,csqa,CommonsenseQA,standard_dataset,upstream_dataset_gold,128,128,0.703125,70.3125,70.31,False,False,0.8061751586655831,80.6175158665583,80.62,False,False
expanded-v3-w4a4-22source-20261007,all12,startlux-decision-0.8b,StartLux-Decision,W4A4,expanded-20261007-v3,startlux-decision-0.8b,native,Native,emotion,Emotion,standard_dataset,upstream_dataset_gold,120,120,0.9166666666666666,91.66666666666666,91.67,False,False,0.8061751586655831,80.6175158665583,80.62,False,False
expanded-v3-w4a4-22source-20261007,all12,startlux-decision-0.8b,StartLux-Decision,W4A4,expanded-20261007-v3,startlux-decision-0.8b,native,Native,imdb,IMDb,standard_dataset,upstream_dataset_gold,53,53,0.9245283018867925,92.45283018867924,92.45,False,False,0.8061751586655831,80.6175158665583,80.62,False,False
expanded-v3-w4a4-22source-20261007,all12,startlux-decision-0.8b,StartLux-Decision,W4A4,expanded-20261007-v3,startlux-decision-0.8b,native,Native,jevbench,JevBench new eligible public tasks,authored_scenario_suite,authored_scenario_gold,48,48,1.0,100.0,100.00,False,False,0.8061751586655831,80.6175158665583,80.62,False,False
expanded-v3-w4a4-22source-20261007,all12,startlux-decision-0.8b,StartLux-Decision,W4A4,expanded-20261007-v3,startlux-decision-0.8b,native,Native,mmlu,MMLU,standard_dataset,upstream_dataset_gold,99,99,0.5050505050505051,50.505050505050505,50.51,False,False,0.8061751586655831,80.6175158665583,80.62,False,False
expanded-v3-w4a4-22source-20261007,all12,startlux-decision-0.8b,StartLux-Decision,W4A4,expanded-20261007-v3,startlux-decision-0.8b,native,Native,mnli,MNLI,standard_dataset,upstream_dataset_gold,122,122,0.8852459016393442,88.52459016393442,88.52,False,False,0.8061751586655831,80.6175158665583,80.62,False,False
expanded-v3-w4a4-22source-20261007,all12,startlux-decision-0.8b,StartLux-Decision,W4A4,expanded-20261007-v3,startlux-decision-0.8b,native,Native,openbookqa,OpenBookQA,standard_dataset,upstream_dataset_gold,128,128,0.7265625,72.65625,72.66,False,False,0.8061751586655831,80.6175158665583,80.62,False,False
expanded-v3-w4a4-22source-20261007,all12,startlux-decision-0.8b,StartLux-Decision,W4A4,expanded-20261007-v3,startlux-decision-0.8b,native,Native,paws,PAWS,standard_dataset,upstream_dataset_gold,128,128,0.8125,81.25,81.25,False,False,0.8061751586655831,80.6175158665583,80.62,False,False
expanded-v3-w4a4-22source-20261007,all12,startlux-decision-0.8b,StartLux-Decision,W4A4,expanded-20261007-v3,startlux-decision-0.8b,native,Native,qnli,QNLI,standard_dataset,upstream_dataset_gold,128,128,0.8515625,85.15625,85.16,False,False,0.8061751586655831,80.6175158665583,80.62,False,False
expanded-v3-w4a4-22source-20261007,all12,startlux-decision-0.8b,StartLux-Decision,W4A4,expanded-20261007-v3,startlux-decision-0.8b,native,Native,sciq,SciQ,standard_dataset,upstream_dataset_gold,92,92,0.967391304347826,96.73913043478261,96.74,False,False,0.8061751586655831,80.6175158665583,80.62,False,False
expanded-v3-w4a4-22source-20261007,all12,startlux-decision-0.8b,StartLux-Decision,W4A4,expanded-20261007-v3,startlux-decision-0.8b,native,Native,semif,SemIf authored,authored_rule_suite,authored_scenario_gold,128,32,0.9140625,91.40625,91.41,False,False,0.8061751586655831,80.6175158665583,80.62,False,False
expanded-v3-w4a4-22source-20261007,all12,startlux-decision-0.8b,StartLux-Decision,W4A4,expanded-20261007-v3,startlux-decision-0.8b,native,Native,sst5,SST-5,standard_dataset,upstream_dataset_gold,128,128,0.6015625,60.15625,60.16,False,False,0.8061751586655831,80.6175158665583,80.62,False,False
expanded-v3-w4a4-22source-20261007,all12,startlux-decision-0.8b,StartLux-Decision,W4A4,expanded-20261007-v3,startlux-decision-0.8b,native,Native,toolace,ToolACE tool-choice classification,domain_decision_suite,native_annotation,68,68,0.9705882352941176,97.05882352941177,97.06,False,False,0.8061751586655831,80.6175158665583,80.62,False,False
expanded-v3-w4a4-22source-20261007,all12,startlux-decision-0.8b,StartLux-Decision,W4A4,expanded-20261007-v3,startlux-decision-0.8b,native,Native,trec,TREC,standard_dataset,upstream_dataset_gold,121,121,0.8181818181818182,81.81818181818183,81.82,False,False,0.8061751586655831,80.6175158665583,80.62,False,False
expanded-v3-w4a4-22source-20261007,all12,startlux-decision-0.8b,StartLux-Decision,W4A4,expanded-20261007-v3,startlux-decision-0.8b,native,Native,tweet-offensive,TweetEval Offensive,standard_dataset,upstream_dataset_gold,128,128,0.8359375,83.59375,83.59,False,False,0.8061751586655831,80.6175158665583,80.62,False,False
expanded-v3-w4a4-22source-20261007,all12,startlux-decision-0.8b,StartLux-Decision,W4A4,expanded-20261007-v3,startlux-decision-0.8b,native,Native,wanli,WANLI,standard_dataset,upstream_dataset_gold,256,256,0.734375,73.4375,73.44,False,False,0.8061751586655831,80.6175158665583,80.62,False,False
expanded-v3-w4a4-22source-20261007,all12,startlux-decision-0.8b,StartLux-Decision,W4A4,expanded-20261007-v3,startlux-decision-0.8b,native,Native,wildjailbreak,WildJailBreak harmful/benign classification,domain_decision_suite,native_annotation,128,128,0.8671875,86.71875,86.72,False,False,0.8061751586655831,80.6175158665583,80.62,False,False
expanded-v3-w4a4-22source-20261007,all12,startlux-decision-0.8b,StartLux-Decision,W4A4,expanded-20261007-v3,startlux-decision-0.8b,native,Native,yelp,Yelp,standard_dataset,upstream_dataset_gold,132,66,0.7575757575757576,75.75757575757575,75.76,False,False,0.8061751586655831,80.6175158665583,80.62,False,False
expanded-v3-w4a4-22source-20261007,all12,startlux-decision-0.8b,StartLux-Decision,W4A4,expanded-20261007-v3,startlux-decision-0.8b,rtn,RTN,agnews,AG News,standard_dataset,upstream_dataset_gold,360,120,0.3638888888888889,36.388888888888886,36.39,False,False,0.33554662963882803,33.554662963882805,33.55,False,False
expanded-v3-w4a4-22source-20261007,all12,startlux-decision-0.8b,StartLux-Decision,W4A4,expanded-20261007-v3,startlux-decision-0.8b,rtn,RTN,amazon,Amazon Reviews,standard_dataset,upstream_dataset_gold,128,128,0.28125,28.125,28.12,False,False,0.33554662963882803,33.554662963882805,33.55,False,False
expanded-v3-w4a4-22source-20261007,all12,startlux-decision-0.8b,StartLux-Decision,W4A4,expanded-20261007-v3,startlux-decision-0.8b,rtn,RTN,arc,ARC,standard_dataset,upstream_dataset_gold,128,128,0.25,25.0,25.00,False,False,0.33554662963882803,33.554662963882805,33.55,False,False
expanded-v3-w4a4-22source-20261007,all12,startlux-decision-0.8b,StartLux-Decision,W4A4,expanded-20261007-v3,startlux-decision-0.8b,rtn,RTN,boolq,BoolQ,standard_dataset,upstream_dataset_gold,120,120,0.5083333333333333,50.83333333333333,50.83,False,False,0.33554662963882803,33.554662963882805,33.55,False,False
expanded-v3-w4a4-22source-20261007,all12,startlux-decision-0.8b,StartLux-Decision,W4A4,expanded-20261007-v3,startlux-decision-0.8b,rtn,RTN,csqa,CommonsenseQA,standard_dataset,upstream_dataset_gold,128,128,0.15625,15.625,15.62,False,False,0.33554662963882803,33.554662963882805,33.55,False,False
expanded-v3-w4a4-22source-20261007,all12,startlux-decision-0.8b,StartLux-Decision,W4A4,expanded-20261007-v3,startlux-decision-0.8b,rtn,RTN,emotion,Emotion,standard_dataset,upstream_dataset_gold,120,120,0.175,17.5,17.50,False,False,0.33554662963882803,33.554662963882805,33.55,False,False
expanded-v3-w4a4-22source-20261007,all12,startlux-decision-0.8b,StartLux-Decision,W4A4,expanded-20261007-v3,startlux-decision-0.8b,rtn,RTN,imdb,IMDb,standard_dataset,upstream_dataset_gold,53,53,0.49056603773584906,49.056603773584904,49.06,False,False,0.33554662963882803,33.554662963882805,33.55,False,False
expanded-v3-w4a4-22source-20261007,all12,startlux-decision-0.8b,StartLux-Decision,W4A4,expanded-20261007-v3,startlux-decision-0.8b,rtn,RTN,jevbench,JevBench new eligible public tasks,authored_scenario_suite,authored_scenario_gold,48,48,0.125,12.5,12.50,False,False,0.33554662963882803,33.554662963882805,33.55,False,False
expanded-v3-w4a4-22source-20261007,all12,startlux-decision-0.8b,StartLux-Decision,W4A4,expanded-20261007-v3,startlux-decision-0.8b,rtn,RTN,mmlu,MMLU,standard_dataset,upstream_dataset_gold,99,99,0.31313131313131315,31.313131313131315,31.31,False,False,0.33554662963882803,33.554662963882805,33.55,False,False
expanded-v3-w4a4-22source-20261007,all12,startlux-decision-0.8b,StartLux-Decision,W4A4,expanded-20261007-v3,startlux-decision-0.8b,rtn,RTN,mnli,MNLI,standard_dataset,upstream_dataset_gold,122,122,0.32786885245901637,32.78688524590164,32.79,False,False,0.33554662963882803,33.554662963882805,33.55,False,False
expanded-v3-w4a4-22source-20261007,all12,startlux-decision-0.8b,StartLux-Decision,W4A4,expanded-20261007-v3,startlux-decision-0.8b,rtn,RTN,openbookqa,OpenBookQA,standard_dataset,upstream_dataset_gold,128,128,0.2734375,27.34375,27.34,False,False,0.33554662963882803,33.554662963882805,33.55,False,False
expanded-v3-w4a4-22source-20261007,all12,startlux-decision-0.8b,StartLux-Decision,W4A4,expanded-20261007-v3,startlux-decision-0.8b,rtn,RTN,paws,PAWS,standard_dataset,upstream_dataset_gold,128,128,0.5078125,50.78125,50.78,False,False,0.33554662963882803,33.554662963882805,33.55,False,False
expanded-v3-w4a4-22source-20261007,all12,startlux-decision-0.8b,StartLux-Decision,W4A4,expanded-20261007-v3,startlux-decision-0.8b,rtn,RTN,qnli,QNLI,standard_dataset,upstream_dataset_gold,128,128,0.515625,51.5625,51.56,False,False,0.33554662963882803,33.554662963882805,33.55,False,False
expanded-v3-w4a4-22source-20261007,all12,startlux-decision-0.8b,StartLux-Decision,W4A4,expanded-20261007-v3,startlux-decision-0.8b,rtn,RTN,sciq,SciQ,standard_dataset,upstream_dataset_gold,92,92,0.1956521739130435,19.565217391304348,19.57,False,False,0.33554662963882803,33.554662963882805,33.55,False,False
expanded-v3-w4a4-22source-20261007,all12,startlux-decision-0.8b,StartLux-Decision,W4A4,expanded-20261007-v3,startlux-decision-0.8b,rtn,RTN,semif,SemIf authored,authored_rule_suite,authored_scenario_gold,128,32,0.3671875,36.71875,36.72,False,False,0.33554662963882803,33.554662963882805,33.55,False,False
expanded-v3-w4a4-22source-20261007,all12,startlux-decision-0.8b,StartLux-Decision,W4A4,expanded-20261007-v3,startlux-decision-0.8b,rtn,RTN,sst5,SST-5,standard_dataset,upstream_dataset_gold,128,128,0.1796875,17.96875,17.97,False,False,0.33554662963882803,33.554662963882805,33.55,False,False
expanded-v3-w4a4-22source-20261007,all12,startlux-decision-0.8b,StartLux-Decision,W4A4,expanded-20261007-v3,startlux-decision-0.8b,rtn,RTN,toolace,ToolACE tool-choice classification,domain_decision_suite,native_annotation,68,68,0.39705882352941174,39.705882352941174,39.71,False,False,0.33554662963882803,33.554662963882805,33.55,False,False
expanded-v3-w4a4-22source-20261007,all12,startlux-decision-0.8b,StartLux-Decision,W4A4,expanded-20261007-v3,startlux-decision-0.8b,rtn,RTN,trec,TREC,standard_dataset,upstream_dataset_gold,121,121,0.1487603305785124,14.87603305785124,14.88,False,False,0.33554662963882803,33.554662963882805,33.55,False,False
expanded-v3-w4a4-22source-20261007,all12,startlux-decision-0.8b,StartLux-Decision,W4A4,expanded-20261007-v3,startlux-decision-0.8b,rtn,RTN,tweet-offensive,TweetEval Offensive,standard_dataset,upstream_dataset_gold,128,128,0.515625,51.5625,51.56,False,False,0.33554662963882803,33.554662963882805,33.55,False,False
expanded-v3-w4a4-22source-20261007,all12,startlux-decision-0.8b,StartLux-Decision,W4A4,expanded-20261007-v3,startlux-decision-0.8b,rtn,RTN,wanli,WANLI,standard_dataset,upstream_dataset_gold,256,256,0.40234375,40.234375,40.23,False,False,0.33554662963882803,33.554662963882805,33.55,False,False
expanded-v3-w4a4-22source-20261007,all12,startlux-decision-0.8b,StartLux-Decision,W4A4,expanded-20261007-v3,startlux-decision-0.8b,rtn,RTN,wildjailbreak,WildJailBreak harmful/benign classification,domain_decision_suite,native_annotation,128,128,0.5390625,53.90625,53.91,True,True,0.33554662963882803,33.554662963882805,33.55,False,False
expanded-v3-w4a4-22source-20261007,all12,startlux-decision-0.8b,StartLux-Decision,W4A4,expanded-20261007-v3,startlux-decision-0.8b,rtn,RTN,yelp,Yelp,standard_dataset,upstream_dataset_gold,132,66,0.3484848484848485,34.84848484848485,34.85,False,False,0.33554662963882803,33.554662963882805,33.55,False,False
expanded-v3-w4a4-22source-20261007,all12,startlux-decision-0.8b,StartLux-Decision,W4A4,expanded-20261007-v3,startlux-decision-0.8b,s1q-local,S1Qv1,agnews,AG News,standard_dataset,upstream_dataset_gold,360,120,0.7666666666666667,76.66666666666667,76.67,False,False,0.4968454339465853,49.68454339465853,49.68,False,False
expanded-v3-w4a4-22source-20261007,all12,startlux-decision-0.8b,StartLux-Decision,W4A4,expanded-20261007-v3,startlux-decision-0.8b,s1q-local,S1Qv1,amazon,Amazon Reviews,standard_dataset,upstream_dataset_gold,128,128,0.328125,32.8125,32.81,False,False,0.4968454339465853,49.68454339465853,49.68,False,False
expanded-v3-w4a4-22source-20261007,all12,startlux-decision-0.8b,StartLux-Decision,W4A4,expanded-20261007-v3,startlux-decision-0.8b,s1q-local,S1Qv1,arc,ARC,standard_dataset,upstream_dataset_gold,128,128,0.3046875,30.46875,30.47,False,False,0.4968454339465853,49.68454339465853,49.68,False,False
expanded-v3-w4a4-22source-20261007,all12,startlux-decision-0.8b,StartLux-Decision,W4A4,expanded-20261007-v3,startlux-decision-0.8b,s1q-local,S1Qv1,boolq,BoolQ,standard_dataset,upstream_dataset_gold,120,120,0.5333333333333333,53.333333333333336,53.33,False,False,0.4968454339465853,49.68454339465853,49.68,False,False
expanded-v3-w4a4-22source-20261007,all12,startlux-decision-0.8b,StartLux-Decision,W4A4,expanded-20261007-v3,startlux-decision-0.8b,s1q-local,S1Qv1,csqa,CommonsenseQA,standard_dataset,upstream_dataset_gold,128,128,0.3984375,39.84375,39.84,False,False,0.4968454339465853,49.68454339465853,49.68,False,False
expanded-v3-w4a4-22source-20261007,all12,startlux-decision-0.8b,StartLux-Decision,W4A4,expanded-20261007-v3,startlux-decision-0.8b,s1q-local,S1Qv1,emotion,Emotion,standard_dataset,upstream_dataset_gold,120,120,0.6666666666666666,66.66666666666666,66.67,False,False,0.4968454339465853,49.68454339465853,49.68,False,False
expanded-v3-w4a4-22source-20261007,all12,startlux-decision-0.8b,StartLux-Decision,W4A4,expanded-20261007-v3,startlux-decision-0.8b,s1q-local,S1Qv1,imdb,IMDb,standard_dataset,upstream_dataset_gold,53,53,0.7358490566037735,73.58490566037736,73.58,False,False,0.4968454339465853,49.68454339465853,49.68,False,False
expanded-v3-w4a4-22source-20261007,all12,startlux-decision-0.8b,StartLux-Decision,W4A4,expanded-20261007-v3,startlux-decision-0.8b,s1q-local,S1Qv1,jevbench,JevBench new eligible public tasks,authored_scenario_suite,authored_scenario_gold,48,48,0.8125,81.25,81.25,False,False,0.4968454339465853,49.68454339465853,49.68,False,False
expanded-v3-w4a4-22source-20261007,all12,startlux-decision-0.8b,StartLux-Decision,W4A4,expanded-20261007-v3,startlux-decision-0.8b,s1q-local,S1Qv1,mmlu,MMLU,standard_dataset,upstream_dataset_gold,99,99,0.2828282828282828,28.28282828282828,28.28,False,False,0.4968454339465853,49.68454339465853,49.68,False,False
expanded-v3-w4a4-22source-20261007,all12,startlux-decision-0.8b,StartLux-Decision,W4A4,expanded-20261007-v3,startlux-decision-0.8b,s1q-local,S1Qv1,mnli,MNLI,standard_dataset,upstream_dataset_gold,122,122,0.4262295081967213,42.62295081967213,42.62,False,False,0.4968454339465853,49.68454339465853,49.68,False,False
expanded-v3-w4a4-22source-20261007,all12,startlux-decision-0.8b,StartLux-Decision,W4A4,expanded-20261007-v3,startlux-decision-0.8b,s1q-local,S1Qv1,openbookqa,OpenBookQA,standard_dataset,upstream_dataset_gold,128,128,0.3515625,35.15625,35.16,False,False,0.4968454339465853,49.68454339465853,49.68,False,False
expanded-v3-w4a4-22source-20261007,all12,startlux-decision-0.8b,StartLux-Decision,W4A4,expanded-20261007-v3,startlux-decision-0.8b,s1q-local,S1Qv1,paws,PAWS,standard_dataset,upstream_dataset_gold,128,128,0.5,50.0,50.00,False,False,0.4968454339465853,49.68454339465853,49.68,False,False
expanded-v3-w4a4-22source-20261007,all12,startlux-decision-0.8b,StartLux-Decision,W4A4,expanded-20261007-v3,startlux-decision-0.8b,s1q-local,S1Qv1,qnli,QNLI,standard_dataset,upstream_dataset_gold,128,128,0.5625,56.25,56.25,False,False,0.4968454339465853,49.68454339465853,49.68,False,False
expanded-v3-w4a4-22source-20261007,all12,startlux-decision-0.8b,StartLux-Decision,W4A4,expanded-20261007-v3,startlux-decision-0.8b,s1q-local,S1Qv1,sciq,SciQ,standard_dataset,upstream_dataset_gold,92,92,0.8152173913043478,81.52173913043478,81.52,False,False,0.4968454339465853,49.68454339465853,49.68,False,False
expanded-v3-w4a4-22source-20261007,all12,startlux-decision-0.8b,StartLux-Decision,W4A4,expanded-20261007-v3,startlux-decision-0.8b,s1q-local,S1Qv1,semif,SemIf authored,authored_rule_suite,authored_scenario_gold,128,32,0.40625,40.625,40.62,False,False,0.4968454339465853,49.68454339465853,49.68,False,False
expanded-v3-w4a4-22source-20261007,all12,startlux-decision-0.8b,StartLux-Decision,W4A4,expanded-20261007-v3,startlux-decision-0.8b,s1q-local,S1Qv1,sst5,SST-5,standard_dataset,upstream_dataset_gold,128,128,0.2265625,22.65625,22.66,False,False,0.4968454339465853,49.68454339465853,49.68,False,False
expanded-v3-w4a4-22source-20261007,all12,startlux-decision-0.8b,StartLux-Decision,W4A4,expanded-20261007-v3,startlux-decision-0.8b,s1q-local,S1Qv1,toolace,ToolACE tool-choice classification,domain_decision_suite,native_annotation,68,68,0.5882352941176471,58.82352941176471,58.82,False,False,0.4968454339465853,49.68454339465853,49.68,False,False
expanded-v3-w4a4-22source-20261007,all12,startlux-decision-0.8b,StartLux-Decision,W4A4,expanded-20261007-v3,startlux-decision-0.8b,s1q-local,S1Qv1,trec,TREC,standard_dataset,upstream_dataset_gold,121,121,0.256198347107438,25.6198347107438,25.62,False,False,0.4968454339465853,49.68454339465853,49.68,False,False
expanded-v3-w4a4-22source-20261007,all12,startlux-decision-0.8b,StartLux-Decision,W4A4,expanded-20261007-v3,startlux-decision-0.8b,s1q-local,S1Qv1,tweet-offensive,TweetEval Offensive,standard_dataset,upstream_dataset_gold,128,128,0.7734375,77.34375,77.34,False,False,0.4968454339465853,49.68454339465853,49.68,False,False
expanded-v3-w4a4-22source-20261007,all12,startlux-decision-0.8b,StartLux-Decision,W4A4,expanded-20261007-v3,startlux-decision-0.8b,s1q-local,S1Qv1,wanli,WANLI,standard_dataset,upstream_dataset_gold,256,256,0.4140625,41.40625,41.41,False,False,0.4968454339465853,49.68454339465853,49.68,False,False
expanded-v3-w4a4-22source-20261007,all12,startlux-decision-0.8b,StartLux-Decision,W4A4,expanded-20261007-v3,startlux-decision-0.8b,s1q-local,S1Qv1,wildjailbreak,WildJailBreak harmful/benign classification,domain_decision_suite,native_annotation,128,128,0.28125,28.125,28.12,False,False,0.4968454339465853,49.68454339465853,49.68,False,False
expanded-v3-w4a4-22source-20261007,all12,startlux-decision-0.8b,StartLux-Decision,W4A4,expanded-20261007-v3,startlux-decision-0.8b,s1q-local,S1Qv1,yelp,Yelp,standard_dataset,upstream_dataset_gold,132,66,0.5,50.0,50.00,False,False,0.4968454339465853,49.68454339465853,49.68,False,False
expanded-v3-w4a4-22source-20261007,all12,startlux-decision-0.8b,StartLux-Decision,W4A4,expanded-20261007-v3,startlux-decision-0.8b,s1q2-beta05,S1Qv2,agnews,AG News,standard_dataset,upstream_dataset_gold,360,120,0.775,77.5,77.50,True,True,0.5172632538419376,51.726325384193764,51.73,False,False
expanded-v3-w4a4-22source-20261007,all12,startlux-decision-0.8b,StartLux-Decision,W4A4,expanded-20261007-v3,startlux-decision-0.8b,s1q2-beta05,S1Qv2,amazon,Amazon Reviews,standard_dataset,upstream_dataset_gold,128,128,0.296875,29.6875,29.69,False,False,0.5172632538419376,51.726325384193764,51.73,False,False
expanded-v3-w4a4-22source-20261007,all12,startlux-decision-0.8b,StartLux-Decision,W4A4,expanded-20261007-v3,startlux-decision-0.8b,s1q2-beta05,S1Qv2,arc,ARC,standard_dataset,upstream_dataset_gold,128,128,0.421875,42.1875,42.19,True,True,0.5172632538419376,51.726325384193764,51.73,False,False
expanded-v3-w4a4-22source-20261007,all12,startlux-decision-0.8b,StartLux-Decision,W4A4,expanded-20261007-v3,startlux-decision-0.8b,s1q2-beta05,S1Qv2,boolq,BoolQ,standard_dataset,upstream_dataset_gold,120,120,0.5583333333333333,55.833333333333336,55.83,False,False,0.5172632538419376,51.726325384193764,51.73,False,False
expanded-v3-w4a4-22source-20261007,all12,startlux-decision-0.8b,StartLux-Decision,W4A4,expanded-20261007-v3,startlux-decision-0.8b,s1q2-beta05,S1Qv2,csqa,CommonsenseQA,standard_dataset,upstream_dataset_gold,128,128,0.421875,42.1875,42.19,True,True,0.5172632538419376,51.726325384193764,51.73,False,False
expanded-v3-w4a4-22source-20261007,all12,startlux-decision-0.8b,StartLux-Decision,W4A4,expanded-20261007-v3,startlux-decision-0.8b,s1q2-beta05,S1Qv2,emotion,Emotion,standard_dataset,upstream_dataset_gold,120,120,0.6666666666666666,66.66666666666666,66.67,False,False,0.5172632538419376,51.726325384193764,51.73,False,False
expanded-v3-w4a4-22source-20261007,all12,startlux-decision-0.8b,StartLux-Decision,W4A4,expanded-20261007-v3,startlux-decision-0.8b,s1q2-beta05,S1Qv2,imdb,IMDb,standard_dataset,upstream_dataset_gold,53,53,0.660377358490566,66.0377358490566,66.04,False,False,0.5172632538419376,51.726325384193764,51.73,False,False
expanded-v3-w4a4-22source-20261007,all12,startlux-decision-0.8b,StartLux-Decision,W4A4,expanded-20261007-v3,startlux-decision-0.8b,s1q2-beta05,S1Qv2,jevbench,JevBench new eligible public tasks,authored_scenario_suite,authored_scenario_gold,48,48,0.8333333333333334,83.33333333333334,83.33,False,False,0.5172632538419376,51.726325384193764,51.73,False,False
expanded-v3-w4a4-22source-20261007,all12,startlux-decision-0.8b,StartLux-Decision,W4A4,expanded-20261007-v3,startlux-decision-0.8b,s1q2-beta05,S1Qv2,mmlu,MMLU,standard_dataset,upstream_dataset_gold,99,99,0.31313131313131315,31.313131313131315,31.31,False,False,0.5172632538419376,51.726325384193764,51.73,False,False
expanded-v3-w4a4-22source-20261007,all12,startlux-decision-0.8b,StartLux-Decision,W4A4,expanded-20261007-v3,startlux-decision-0.8b,s1q2-beta05,S1Qv2,mnli,MNLI,standard_dataset,upstream_dataset_gold,122,122,0.45901639344262296,45.90163934426229,45.90,False,False,0.5172632538419376,51.726325384193764,51.73,False,False
expanded-v3-w4a4-22source-20261007,all12,startlux-decision-0.8b,StartLux-Decision,W4A4,expanded-20261007-v3,startlux-decision-0.8b,s1q2-beta05,S1Qv2,openbookqa,OpenBookQA,standard_dataset,upstream_dataset_gold,128,128,0.3671875,36.71875,36.72,False,False,0.5172632538419376,51.726325384193764,51.73,False,False
expanded-v3-w4a4-22source-20261007,all12,startlux-decision-0.8b,StartLux-Decision,W4A4,expanded-20261007-v3,startlux-decision-0.8b,s1q2-beta05,S1Qv2,paws,PAWS,standard_dataset,upstream_dataset_gold,128,128,0.4921875,49.21875,49.22,False,False,0.5172632538419376,51.726325384193764,51.73,False,False
expanded-v3-w4a4-22source-20261007,all12,startlux-decision-0.8b,StartLux-Decision,W4A4,expanded-20261007-v3,startlux-decision-0.8b,s1q2-beta05,S1Qv2,qnli,QNLI,standard_dataset,upstream_dataset_gold,128,128,0.6171875,61.71875,61.72,False,False,0.5172632538419376,51.726325384193764,51.73,False,False
expanded-v3-w4a4-22source-20261007,all12,startlux-decision-0.8b,StartLux-Decision,W4A4,expanded-20261007-v3,startlux-decision-0.8b,s1q2-beta05,S1Qv2,sciq,SciQ,standard_dataset,upstream_dataset_gold,92,92,0.7934782608695652,79.34782608695652,79.35,False,False,0.5172632538419376,51.726325384193764,51.73,False,False
expanded-v3-w4a4-22source-20261007,all12,startlux-decision-0.8b,StartLux-Decision,W4A4,expanded-20261007-v3,startlux-decision-0.8b,s1q2-beta05,S1Qv2,semif,SemIf authored,authored_rule_suite,authored_scenario_gold,128,32,0.4765625,47.65625,47.66,False,False,0.5172632538419376,51.726325384193764,51.73,False,False
expanded-v3-w4a4-22source-20261007,all12,startlux-decision-0.8b,StartLux-Decision,W4A4,expanded-20261007-v3,startlux-decision-0.8b,s1q2-beta05,S1Qv2,sst5,SST-5,standard_dataset,upstream_dataset_gold,128,128,0.1953125,19.53125,19.53,False,False,0.5172632538419376,51.726325384193764,51.73,False,False
expanded-v3-w4a4-22source-20261007,all12,startlux-decision-0.8b,StartLux-Decision,W4A4,expanded-20261007-v3,startlux-decision-0.8b,s1q2-beta05,S1Qv2,toolace,ToolACE tool-choice classification,domain_decision_suite,native_annotation,68,68,0.7058823529411765,70.58823529411765,70.59,False,False,0.5172632538419376,51.726325384193764,51.73,False,False
expanded-v3-w4a4-22source-20261007,all12,startlux-decision-0.8b,StartLux-Decision,W4A4,expanded-20261007-v3,startlux-decision-0.8b,s1q2-beta05,S1Qv2,trec,TREC,standard_dataset,upstream_dataset_gold,121,121,0.32231404958677684,32.231404958677686,32.23,False,False,0.5172632538419376,51.726325384193764,51.73,False,False
expanded-v3-w4a4-22source-20261007,all12,startlux-decision-0.8b,StartLux-Decision,W4A4,expanded-20261007-v3,startlux-decision-0.8b,s1q2-beta05,S1Qv2,tweet-offensive,TweetEval Offensive,standard_dataset,upstream_dataset_gold,128,128,0.765625,76.5625,76.56,False,False,0.5172632538419376,51.726325384193764,51.73,False,False
expanded-v3-w4a4-22source-20261007,all12,startlux-decision-0.8b,StartLux-Decision,W4A4,expanded-20261007-v3,startlux-decision-0.8b,s1q2-beta05,S1Qv2,wanli,WANLI,standard_dataset,upstream_dataset_gold,256,256,0.43359375,43.359375,43.36,False,False,0.5172632538419376,51.726325384193764,51.73,False,False
expanded-v3-w4a4-22source-20261007,all12,startlux-decision-0.8b,StartLux-Decision,W4A4,expanded-20261007-v3,startlux-decision-0.8b,s1q2-beta05,S1Qv2,wildjailbreak,WildJailBreak harmful/benign classification,domain_decision_suite,native_annotation,128,128,0.28125,28.125,28.12,False,False,0.5172632538419376,51.726325384193764,51.73,False,False
expanded-v3-w4a4-22source-20261007,all12,startlux-decision-0.8b,StartLux-Decision,W4A4,expanded-20261007-v3,startlux-decision-0.8b,s1q2-beta05,S1Qv2,yelp,Yelp,standard_dataset,upstream_dataset_gold,132,66,0.5227272727272727,52.27272727272727,52.27,False,False,0.5172632538419376,51.726325384193764,51.73,False,False
expanded-v3-w4a4-22source-20261007,all12,startlux-decision-0.8b,StartLux-Decision,W4A4,expanded-20261007-v3,startlux-decision-0.8b,smoothquant-adapted,SmoothQuant*,agnews,AG News,standard_dataset,upstream_dataset_gold,360,120,0.37222222222222223,37.22222222222222,37.22,False,False,0.33957421170048485,33.957421170048484,33.96,False,False
expanded-v3-w4a4-22source-20261007,all12,startlux-decision-0.8b,StartLux-Decision,W4A4,expanded-20261007-v3,startlux-decision-0.8b,smoothquant-adapted,SmoothQuant*,amazon,Amazon Reviews,standard_dataset,upstream_dataset_gold,128,128,0.2578125,25.78125,25.78,False,False,0.33957421170048485,33.957421170048484,33.96,False,False
expanded-v3-w4a4-22source-20261007,all12,startlux-decision-0.8b,StartLux-Decision,W4A4,expanded-20261007-v3,startlux-decision-0.8b,smoothquant-adapted,SmoothQuant*,arc,ARC,standard_dataset,upstream_dataset_gold,128,128,0.171875,17.1875,17.19,False,False,0.33957421170048485,33.957421170048484,33.96,False,False
expanded-v3-w4a4-22source-20261007,all12,startlux-decision-0.8b,StartLux-Decision,W4A4,expanded-20261007-v3,startlux-decision-0.8b,smoothquant-adapted,SmoothQuant*,boolq,BoolQ,standard_dataset,upstream_dataset_gold,120,120,0.5416666666666666,54.166666666666664,54.17,False,False,0.33957421170048485,33.957421170048484,33.96,False,False
expanded-v3-w4a4-22source-20261007,all12,startlux-decision-0.8b,StartLux-Decision,W4A4,expanded-20261007-v3,startlux-decision-0.8b,smoothquant-adapted,SmoothQuant*,csqa,CommonsenseQA,standard_dataset,upstream_dataset_gold,128,128,0.1328125,13.28125,13.28,False,False,0.33957421170048485,33.957421170048484,33.96,False,False
expanded-v3-w4a4-22source-20261007,all12,startlux-decision-0.8b,StartLux-Decision,W4A4,expanded-20261007-v3,startlux-decision-0.8b,smoothquant-adapted,SmoothQuant*,emotion,Emotion,standard_dataset,upstream_dataset_gold,120,120,0.2833333333333333,28.333333333333332,28.33,False,False,0.33957421170048485,33.957421170048484,33.96,False,False
expanded-v3-w4a4-22source-20261007,all12,startlux-decision-0.8b,StartLux-Decision,W4A4,expanded-20261007-v3,startlux-decision-0.8b,smoothquant-adapted,SmoothQuant*,imdb,IMDb,standard_dataset,upstream_dataset_gold,53,53,0.6415094339622641,64.15094339622641,64.15,False,False,0.33957421170048485,33.957421170048484,33.96,False,False
expanded-v3-w4a4-22source-20261007,all12,startlux-decision-0.8b,StartLux-Decision,W4A4,expanded-20261007-v3,startlux-decision-0.8b,smoothquant-adapted,SmoothQuant*,jevbench,JevBench new eligible public tasks,authored_scenario_suite,authored_scenario_gold,48,48,0.1875,18.75,18.75,False,False,0.33957421170048485,33.957421170048484,33.96,False,False
expanded-v3-w4a4-22source-20261007,all12,startlux-decision-0.8b,StartLux-Decision,W4A4,expanded-20261007-v3,startlux-decision-0.8b,smoothquant-adapted,SmoothQuant*,mmlu,MMLU,standard_dataset,upstream_dataset_gold,99,99,0.2828282828282828,28.28282828282828,28.28,False,False,0.33957421170048485,33.957421170048484,33.96,False,False
expanded-v3-w4a4-22source-20261007,all12,startlux-decision-0.8b,StartLux-Decision,W4A4,expanded-20261007-v3,startlux-decision-0.8b,smoothquant-adapted,SmoothQuant*,mnli,MNLI,standard_dataset,upstream_dataset_gold,122,122,0.3442622950819672,34.42622950819672,34.43,False,False,0.33957421170048485,33.957421170048484,33.96,False,False
expanded-v3-w4a4-22source-20261007,all12,startlux-decision-0.8b,StartLux-Decision,W4A4,expanded-20261007-v3,startlux-decision-0.8b,smoothquant-adapted,SmoothQuant*,openbookqa,OpenBookQA,standard_dataset,upstream_dataset_gold,128,128,0.2421875,24.21875,24.22,False,False,0.33957421170048485,33.957421170048484,33.96,False,False
expanded-v3-w4a4-22source-20261007,all12,startlux-decision-0.8b,StartLux-Decision,W4A4,expanded-20261007-v3,startlux-decision-0.8b,smoothquant-adapted,SmoothQuant*,paws,PAWS,standard_dataset,upstream_dataset_gold,128,128,0.5390625,53.90625,53.91,False,False,0.33957421170048485,33.957421170048484,33.96,False,False
expanded-v3-w4a4-22source-20261007,all12,startlux-decision-0.8b,StartLux-Decision,W4A4,expanded-20261007-v3,startlux-decision-0.8b,smoothquant-adapted,SmoothQuant*,qnli,QNLI,standard_dataset,upstream_dataset_gold,128,128,0.46875,46.875,46.88,False,False,0.33957421170048485,33.957421170048484,33.96,False,False
expanded-v3-w4a4-22source-20261007,all12,startlux-decision-0.8b,StartLux-Decision,W4A4,expanded-20261007-v3,startlux-decision-0.8b,smoothquant-adapted,SmoothQuant*,sciq,SciQ,standard_dataset,upstream_dataset_gold,92,92,0.30434782608695654,30.434782608695656,30.43,False,False,0.33957421170048485,33.957421170048484,33.96,False,False
expanded-v3-w4a4-22source-20261007,all12,startlux-decision-0.8b,StartLux-Decision,W4A4,expanded-20261007-v3,startlux-decision-0.8b,smoothquant-adapted,SmoothQuant*,semif,SemIf authored,authored_rule_suite,authored_scenario_gold,128,32,0.2890625,28.90625,28.91,False,False,0.33957421170048485,33.957421170048484,33.96,False,False
expanded-v3-w4a4-22source-20261007,all12,startlux-decision-0.8b,StartLux-Decision,W4A4,expanded-20261007-v3,startlux-decision-0.8b,smoothquant-adapted,SmoothQuant*,sst5,SST-5,standard_dataset,upstream_dataset_gold,128,128,0.2265625,22.65625,22.66,False,False,0.33957421170048485,33.957421170048484,33.96,False,False
expanded-v3-w4a4-22source-20261007,all12,startlux-decision-0.8b,StartLux-Decision,W4A4,expanded-20261007-v3,startlux-decision-0.8b,smoothquant-adapted,SmoothQuant*,toolace,ToolACE tool-choice classification,domain_decision_suite,native_annotation,68,68,0.5147058823529411,51.470588235294116,51.47,False,False,0.33957421170048485,33.957421170048484,33.96,False,False
expanded-v3-w4a4-22source-20261007,all12,startlux-decision-0.8b,StartLux-Decision,W4A4,expanded-20261007-v3,startlux-decision-0.8b,smoothquant-adapted,SmoothQuant*,trec,TREC,standard_dataset,upstream_dataset_gold,121,121,0.12396694214876033,12.396694214876034,12.40,False,False,0.33957421170048485,33.957421170048484,33.96,False,False
expanded-v3-w4a4-22source-20261007,all12,startlux-decision-0.8b,StartLux-Decision,W4A4,expanded-20261007-v3,startlux-decision-0.8b,smoothquant-adapted,SmoothQuant*,tweet-offensive,TweetEval Offensive,standard_dataset,upstream_dataset_gold,128,128,0.546875,54.6875,54.69,False,False,0.33957421170048485,33.957421170048484,33.96,False,False
expanded-v3-w4a4-22source-20261007,all12,startlux-decision-0.8b,StartLux-Decision,W4A4,expanded-20261007-v3,startlux-decision-0.8b,smoothquant-adapted,SmoothQuant*,wanli,WANLI,standard_dataset,upstream_dataset_gold,256,256,0.3125,31.25,31.25,False,False,0.33957421170048485,33.957421170048484,33.96,False,False
expanded-v3-w4a4-22source-20261007,all12,startlux-decision-0.8b,StartLux-Decision,W4A4,expanded-20261007-v3,startlux-decision-0.8b,smoothquant-adapted,SmoothQuant*,wildjailbreak,WildJailBreak harmful/benign classification,domain_decision_suite,native_annotation,128,128,0.4140625,41.40625,41.41,False,False,0.33957421170048485,33.957421170048484,33.96,False,False
expanded-v3-w4a4-22source-20261007,all12,startlux-decision-0.8b,StartLux-Decision,W4A4,expanded-20261007-v3,startlux-decision-0.8b,smoothquant-adapted,SmoothQuant*,yelp,Yelp,standard_dataset,upstream_dataset_gold,132,66,0.2727272727272727,27.27272727272727,27.27,False,False,0.33957421170048485,33.957421170048484,33.96,False,False
expanded-v3-w4a4-22source-20261007,all12,startlux-decision-0.8b,StartLux-Decision,W4A4,expanded-20261007-v3,startlux-decision-0.8b,awq-adapted,AWQ*,agnews,AG News,standard_dataset,upstream_dataset_gold,360,120,0.75,75.0,75.00,False,False,0.4701487794510576,47.01487794510576,47.01,False,False
expanded-v3-w4a4-22source-20261007,all12,startlux-decision-0.8b,StartLux-Decision,W4A4,expanded-20261007-v3,startlux-decision-0.8b,awq-adapted,AWQ*,amazon,Amazon Reviews,standard_dataset,upstream_dataset_gold,128,128,0.3359375,33.59375,33.59,False,False,0.4701487794510576,47.01487794510576,47.01,False,False
expanded-v3-w4a4-22source-20261007,all12,startlux-decision-0.8b,StartLux-Decision,W4A4,expanded-20261007-v3,startlux-decision-0.8b,awq-adapted,AWQ*,arc,ARC,standard_dataset,upstream_dataset_gold,128,128,0.3671875,36.71875,36.72,False,False,0.4701487794510576,47.01487794510576,47.01,False,False
expanded-v3-w4a4-22source-20261007,all12,startlux-decision-0.8b,StartLux-Decision,W4A4,expanded-20261007-v3,startlux-decision-0.8b,awq-adapted,AWQ*,boolq,BoolQ,standard_dataset,upstream_dataset_gold,120,120,0.48333333333333334,48.333333333333336,48.33,False,False,0.4701487794510576,47.01487794510576,47.01,False,False
expanded-v3-w4a4-22source-20261007,all12,startlux-decision-0.8b,StartLux-Decision,W4A4,expanded-20261007-v3,startlux-decision-0.8b,awq-adapted,AWQ*,csqa,CommonsenseQA,standard_dataset,upstream_dataset_gold,128,128,0.328125,32.8125,32.81,False,False,0.4701487794510576,47.01487794510576,47.01,False,False
expanded-v3-w4a4-22source-20261007,all12,startlux-decision-0.8b,StartLux-Decision,W4A4,expanded-20261007-v3,startlux-decision-0.8b,awq-adapted,AWQ*,emotion,Emotion,standard_dataset,upstream_dataset_gold,120,120,0.6333333333333333,63.33333333333333,63.33,False,False,0.4701487794510576,47.01487794510576,47.01,False,False
expanded-v3-w4a4-22source-20261007,all12,startlux-decision-0.8b,StartLux-Decision,W4A4,expanded-20261007-v3,startlux-decision-0.8b,awq-adapted,AWQ*,imdb,IMDb,standard_dataset,upstream_dataset_gold,53,53,0.6415094339622641,64.15094339622641,64.15,False,False,0.4701487794510576,47.01487794510576,47.01,False,False
expanded-v3-w4a4-22source-20261007,all12,startlux-decision-0.8b,StartLux-Decision,W4A4,expanded-20261007-v3,startlux-decision-0.8b,awq-adapted,AWQ*,jevbench,JevBench new eligible public tasks,authored_scenario_suite,authored_scenario_gold,48,48,0.7916666666666666,79.16666666666666,79.17,False,False,0.4701487794510576,47.01487794510576,47.01,False,False
expanded-v3-w4a4-22source-20261007,all12,startlux-decision-0.8b,StartLux-Decision,W4A4,expanded-20261007-v3,startlux-decision-0.8b,awq-adapted,AWQ*,mmlu,MMLU,standard_dataset,upstream_dataset_gold,99,99,0.2727272727272727,27.27272727272727,27.27,False,False,0.4701487794510576,47.01487794510576,47.01,False,False
expanded-v3-w4a4-22source-20261007,all12,startlux-decision-0.8b,StartLux-Decision,W4A4,expanded-20261007-v3,startlux-decision-0.8b,awq-adapted,AWQ*,mnli,MNLI,standard_dataset,upstream_dataset_gold,122,122,0.38524590163934425,38.52459016393443,38.52,False,False,0.4701487794510576,47.01487794510576,47.01,False,False
expanded-v3-w4a4-22source-20261007,all12,startlux-decision-0.8b,StartLux-Decision,W4A4,expanded-20261007-v3,startlux-decision-0.8b,awq-adapted,AWQ*,openbookqa,OpenBookQA,standard_dataset,upstream_dataset_gold,128,128,0.3515625,35.15625,35.16,False,False,0.4701487794510576,47.01487794510576,47.01,False,False
expanded-v3-w4a4-22source-20261007,all12,startlux-decision-0.8b,StartLux-Decision,W4A4,expanded-20261007-v3,startlux-decision-0.8b,awq-adapted,AWQ*,paws,PAWS,standard_dataset,upstream_dataset_gold,128,128,0.4765625,47.65625,47.66,False,False,0.4701487794510576,47.01487794510576,47.01,False,False
expanded-v3-w4a4-22source-20261007,all12,startlux-decision-0.8b,StartLux-Decision,W4A4,expanded-20261007-v3,startlux-decision-0.8b,awq-adapted,AWQ*,qnli,QNLI,standard_dataset,upstream_dataset_gold,128,128,0.578125,57.8125,57.81,False,False,0.4701487794510576,47.01487794510576,47.01,False,False
expanded-v3-w4a4-22source-20261007,all12,startlux-decision-0.8b,StartLux-Decision,W4A4,expanded-20261007-v3,startlux-decision-0.8b,awq-adapted,AWQ*,sciq,SciQ,standard_dataset,upstream_dataset_gold,92,92,0.7282608695652174,72.82608695652173,72.83,False,False,0.4701487794510576,47.01487794510576,47.01,False,False
expanded-v3-w4a4-22source-20261007,all12,startlux-decision-0.8b,StartLux-Decision,W4A4,expanded-20261007-v3,startlux-decision-0.8b,awq-adapted,AWQ*,semif,SemIf authored,authored_rule_suite,authored_scenario_gold,128,32,0.3046875,30.46875,30.47,False,False,0.4701487794510576,47.01487794510576,47.01,False,False
expanded-v3-w4a4-22source-20261007,all12,startlux-decision-0.8b,StartLux-Decision,W4A4,expanded-20261007-v3,startlux-decision-0.8b,awq-adapted,AWQ*,sst5,SST-5,standard_dataset,upstream_dataset_gold,128,128,0.296875,29.6875,29.69,False,False,0.4701487794510576,47.01487794510576,47.01,False,False
expanded-v3-w4a4-22source-20261007,all12,startlux-decision-0.8b,StartLux-Decision,W4A4,expanded-20261007-v3,startlux-decision-0.8b,awq-adapted,AWQ*,toolace,ToolACE tool-choice classification,domain_decision_suite,native_annotation,68,68,0.5735294117647058,57.35294117647059,57.35,False,False,0.4701487794510576,47.01487794510576,47.01,False,False
expanded-v3-w4a4-22source-20261007,all12,startlux-decision-0.8b,StartLux-Decision,W4A4,expanded-20261007-v3,startlux-decision-0.8b,awq-adapted,AWQ*,trec,TREC,standard_dataset,upstream_dataset_gold,121,121,0.2809917355371901,28.09917355371901,28.10,False,False,0.4701487794510576,47.01487794510576,47.01,False,False
expanded-v3-w4a4-22source-20261007,all12,startlux-decision-0.8b,StartLux-Decision,W4A4,expanded-20261007-v3,startlux-decision-0.8b,awq-adapted,AWQ*,tweet-offensive,TweetEval Offensive,standard_dataset,upstream_dataset_gold,128,128,0.75,75.0,75.00,False,False,0.4701487794510576,47.01487794510576,47.01,False,False
expanded-v3-w4a4-22source-20261007,all12,startlux-decision-0.8b,StartLux-Decision,W4A4,expanded-20261007-v3,startlux-decision-0.8b,awq-adapted,AWQ*,wanli,WANLI,standard_dataset,upstream_dataset_gold,256,256,0.41015625,41.015625,41.02,False,False,0.4701487794510576,47.01487794510576,47.01,False,False
expanded-v3-w4a4-22source-20261007,all12,startlux-decision-0.8b,StartLux-Decision,W4A4,expanded-20261007-v3,startlux-decision-0.8b,awq-adapted,AWQ*,wildjailbreak,WildJailBreak harmful/benign classification,domain_decision_suite,native_annotation,128,128,0.1640625,16.40625,16.41,False,False,0.4701487794510576,47.01487794510576,47.01,False,False
expanded-v3-w4a4-22source-20261007,all12,startlux-decision-0.8b,StartLux-Decision,W4A4,expanded-20261007-v3,startlux-decision-0.8b,awq-adapted,AWQ*,yelp,Yelp,standard_dataset,upstream_dataset_gold,132,66,0.4393939393939394,43.93939393939394,43.94,False,False,0.4701487794510576,47.01487794510576,47.01,False,False
expanded-v3-w4a4-22source-20261007,all12,startlux-decision-0.8b,StartLux-Decision,W4A4,expanded-20261007-v3,startlux-decision-0.8b,gptq-blockdiag-adapted,GPTQ-block*,agnews,AG News,standard_dataset,upstream_dataset_gold,360,120,0.42777777777777776,42.77777777777778,42.78,False,False,0.35876365984338243,35.87636598433824,35.88,False,False
expanded-v3-w4a4-22source-20261007,all12,startlux-decision-0.8b,StartLux-Decision,W4A4,expanded-20261007-v3,startlux-decision-0.8b,gptq-blockdiag-adapted,GPTQ-block*,amazon,Amazon Reviews,standard_dataset,upstream_dataset_gold,128,128,0.1875,18.75,18.75,False,False,0.35876365984338243,35.87636598433824,35.88,False,False
expanded-v3-w4a4-22source-20261007,all12,startlux-decision-0.8b,StartLux-Decision,W4A4,expanded-20261007-v3,startlux-decision-0.8b,gptq-blockdiag-adapted,GPTQ-block*,arc,ARC,standard_dataset,upstream_dataset_gold,128,128,0.3515625,35.15625,35.16,False,False,0.35876365984338243,35.87636598433824,35.88,False,False
expanded-v3-w4a4-22source-20261007,all12,startlux-decision-0.8b,StartLux-Decision,W4A4,expanded-20261007-v3,startlux-decision-0.8b,gptq-blockdiag-adapted,GPTQ-block*,boolq,BoolQ,standard_dataset,upstream_dataset_gold,120,120,0.4583333333333333,45.83333333333333,45.83,False,False,0.35876365984338243,35.87636598433824,35.88,False,False
expanded-v3-w4a4-22source-20261007,all12,startlux-decision-0.8b,StartLux-Decision,W4A4,expanded-20261007-v3,startlux-decision-0.8b,gptq-blockdiag-adapted,GPTQ-block*,csqa,CommonsenseQA,standard_dataset,upstream_dataset_gold,128,128,0.21875,21.875,21.88,False,False,0.35876365984338243,35.87636598433824,35.88,False,False
expanded-v3-w4a4-22source-20261007,all12,startlux-decision-0.8b,StartLux-Decision,W4A4,expanded-20261007-v3,startlux-decision-0.8b,gptq-blockdiag-adapted,GPTQ-block*,emotion,Emotion,standard_dataset,upstream_dataset_gold,120,120,0.15833333333333333,15.833333333333332,15.83,False,False,0.35876365984338243,35.87636598433824,35.88,False,False
expanded-v3-w4a4-22source-20261007,all12,startlux-decision-0.8b,StartLux-Decision,W4A4,expanded-20261007-v3,startlux-decision-0.8b,gptq-blockdiag-adapted,GPTQ-block*,imdb,IMDb,standard_dataset,upstream_dataset_gold,53,53,0.5471698113207547,54.71698113207547,54.72,False,False,0.35876365984338243,35.87636598433824,35.88,False,False
expanded-v3-w4a4-22source-20261007,all12,startlux-decision-0.8b,StartLux-Decision,W4A4,expanded-20261007-v3,startlux-decision-0.8b,gptq-blockdiag-adapted,GPTQ-block*,jevbench,JevBench new eligible public tasks,authored_scenario_suite,authored_scenario_gold,48,48,0.3541666666666667,35.41666666666667,35.42,False,False,0.35876365984338243,35.87636598433824,35.88,False,False
expanded-v3-w4a4-22source-20261007,all12,startlux-decision-0.8b,StartLux-Decision,W4A4,expanded-20261007-v3,startlux-decision-0.8b,gptq-blockdiag-adapted,GPTQ-block*,mmlu,MMLU,standard_dataset,upstream_dataset_gold,99,99,0.23232323232323232,23.232323232323232,23.23,False,False,0.35876365984338243,35.87636598433824,35.88,False,False
expanded-v3-w4a4-22source-20261007,all12,startlux-decision-0.8b,StartLux-Decision,W4A4,expanded-20261007-v3,startlux-decision-0.8b,gptq-blockdiag-adapted,GPTQ-block*,mnli,MNLI,standard_dataset,upstream_dataset_gold,122,122,0.3114754098360656,31.147540983606557,31.15,False,False,0.35876365984338243,35.87636598433824,35.88,False,False
expanded-v3-w4a4-22source-20261007,all12,startlux-decision-0.8b,StartLux-Decision,W4A4,expanded-20261007-v3,startlux-decision-0.8b,gptq-blockdiag-adapted,GPTQ-block*,openbookqa,OpenBookQA,standard_dataset,upstream_dataset_gold,128,128,0.2734375,27.34375,27.34,False,False,0.35876365984338243,35.87636598433824,35.88,False,False
expanded-v3-w4a4-22source-20261007,all12,startlux-decision-0.8b,StartLux-Decision,W4A4,expanded-20261007-v3,startlux-decision-0.8b,gptq-blockdiag-adapted,GPTQ-block*,paws,PAWS,standard_dataset,upstream_dataset_gold,128,128,0.5625,56.25,56.25,False,False,0.35876365984338243,35.87636598433824,35.88,False,False
expanded-v3-w4a4-22source-20261007,all12,startlux-decision-0.8b,StartLux-Decision,W4A4,expanded-20261007-v3,startlux-decision-0.8b,gptq-blockdiag-adapted,GPTQ-block*,qnli,QNLI,standard_dataset,upstream_dataset_gold,128,128,0.53125,53.125,53.12,False,False,0.35876365984338243,35.87636598433824,35.88,False,False
expanded-v3-w4a4-22source-20261007,all12,startlux-decision-0.8b,StartLux-Decision,W4A4,expanded-20261007-v3,startlux-decision-0.8b,gptq-blockdiag-adapted,GPTQ-block*,sciq,SciQ,standard_dataset,upstream_dataset_gold,92,92,0.358695652173913,35.869565217391305,35.87,False,False,0.35876365984338243,35.87636598433824,35.88,False,False
expanded-v3-w4a4-22source-20261007,all12,startlux-decision-0.8b,StartLux-Decision,W4A4,expanded-20261007-v3,startlux-decision-0.8b,gptq-blockdiag-adapted,GPTQ-block*,semif,SemIf authored,authored_rule_suite,authored_scenario_gold,128,32,0.3203125,32.03125,32.03,False,False,0.35876365984338243,35.87636598433824,35.88,False,False
expanded-v3-w4a4-22source-20261007,all12,startlux-decision-0.8b,StartLux-Decision,W4A4,expanded-20261007-v3,startlux-decision-0.8b,gptq-blockdiag-adapted,GPTQ-block*,sst5,SST-5,standard_dataset,upstream_dataset_gold,128,128,0.171875,17.1875,17.19,False,False,0.35876365984338243,35.87636598433824,35.88,False,False
expanded-v3-w4a4-22source-20261007,all12,startlux-decision-0.8b,StartLux-Decision,W4A4,expanded-20261007-v3,startlux-decision-0.8b,gptq-blockdiag-adapted,GPTQ-block*,toolace,ToolACE tool-choice classification,domain_decision_suite,native_annotation,68,68,0.4411764705882353,44.11764705882353,44.12,False,False,0.35876365984338243,35.87636598433824,35.88,False,False
expanded-v3-w4a4-22source-20261007,all12,startlux-decision-0.8b,StartLux-Decision,W4A4,expanded-20261007-v3,startlux-decision-0.8b,gptq-blockdiag-adapted,GPTQ-block*,trec,TREC,standard_dataset,upstream_dataset_gold,121,121,0.2231404958677686,22.31404958677686,22.31,False,False,0.35876365984338243,35.87636598433824,35.88,False,False
expanded-v3-w4a4-22source-20261007,all12,startlux-decision-0.8b,StartLux-Decision,W4A4,expanded-20261007-v3,startlux-decision-0.8b,gptq-blockdiag-adapted,GPTQ-block*,tweet-offensive,TweetEval Offensive,standard_dataset,upstream_dataset_gold,128,128,0.5390625,53.90625,53.91,False,False,0.35876365984338243,35.87636598433824,35.88,False,False
expanded-v3-w4a4-22source-20261007,all12,startlux-decision-0.8b,StartLux-Decision,W4A4,expanded-20261007-v3,startlux-decision-0.8b,gptq-blockdiag-adapted,GPTQ-block*,wanli,WANLI,standard_dataset,upstream_dataset_gold,256,256,0.3515625,35.15625,35.16,False,False,0.35876365984338243,35.87636598433824,35.88,False,False
expanded-v3-w4a4-22source-20261007,all12,startlux-decision-0.8b,StartLux-Decision,W4A4,expanded-20261007-v3,startlux-decision-0.8b,gptq-blockdiag-adapted,GPTQ-block*,wildjailbreak,WildJailBreak harmful/benign classification,domain_decision_suite,native_annotation,128,128,0.5390625,53.90625,53.91,True,True,0.35876365984338243,35.87636598433824,35.88,False,False
expanded-v3-w4a4-22source-20261007,all12,startlux-decision-0.8b,StartLux-Decision,W4A4,expanded-20261007-v3,startlux-decision-0.8b,gptq-blockdiag-adapted,GPTQ-block*,yelp,Yelp,standard_dataset,upstream_dataset_gold,132,66,0.3333333333333333,33.33333333333333,33.33,False,False,0.35876365984338243,35.87636598433824,35.88,False,False
expanded-v3-w4a4-22source-20261007,all12,startlux-decision-0.8b,StartLux-Decision,W4A4,expanded-20261007-v3,startlux-decision-0.8b,spinquant-nohad-adapted,SpinQuant no-Had*,agnews,AG News,standard_dataset,upstream_dataset_gold,360,120,0.4444444444444444,44.44444444444444,44.44,False,False,0.34174218116469735,34.17421811646973,34.17,False,False
expanded-v3-w4a4-22source-20261007,all12,startlux-decision-0.8b,StartLux-Decision,W4A4,expanded-20261007-v3,startlux-decision-0.8b,spinquant-nohad-adapted,SpinQuant no-Had*,amazon,Amazon Reviews,standard_dataset,upstream_dataset_gold,128,128,0.2734375,27.34375,27.34,False,False,0.34174218116469735,34.17421811646973,34.17,False,False
expanded-v3-w4a4-22source-20261007,all12,startlux-decision-0.8b,StartLux-Decision,W4A4,expanded-20261007-v3,startlux-decision-0.8b,spinquant-nohad-adapted,SpinQuant no-Had*,arc,ARC,standard_dataset,upstream_dataset_gold,128,128,0.15625,15.625,15.62,False,False,0.34174218116469735,34.17421811646973,34.17,False,False
expanded-v3-w4a4-22source-20261007,all12,startlux-decision-0.8b,StartLux-Decision,W4A4,expanded-20261007-v3,startlux-decision-0.8b,spinquant-nohad-adapted,SpinQuant no-Had*,boolq,BoolQ,standard_dataset,upstream_dataset_gold,120,120,0.5083333333333333,50.83333333333333,50.83,False,False,0.34174218116469735,34.17421811646973,34.17,False,False
expanded-v3-w4a4-22source-20261007,all12,startlux-decision-0.8b,StartLux-Decision,W4A4,expanded-20261007-v3,startlux-decision-0.8b,spinquant-nohad-adapted,SpinQuant no-Had*,csqa,CommonsenseQA,standard_dataset,upstream_dataset_gold,128,128,0.21875,21.875,21.88,False,False,0.34174218116469735,34.17421811646973,34.17,False,False
expanded-v3-w4a4-22source-20261007,all12,startlux-decision-0.8b,StartLux-Decision,W4A4,expanded-20261007-v3,startlux-decision-0.8b,spinquant-nohad-adapted,SpinQuant no-Had*,emotion,Emotion,standard_dataset,upstream_dataset_gold,120,120,0.25,25.0,25.00,False,False,0.34174218116469735,34.17421811646973,34.17,False,False
expanded-v3-w4a4-22source-20261007,all12,startlux-decision-0.8b,StartLux-Decision,W4A4,expanded-20261007-v3,startlux-decision-0.8b,spinquant-nohad-adapted,SpinQuant no-Had*,imdb,IMDb,standard_dataset,upstream_dataset_gold,53,53,0.3584905660377358,35.84905660377358,35.85,False,False,0.34174218116469735,34.17421811646973,34.17,False,False
expanded-v3-w4a4-22source-20261007,all12,startlux-decision-0.8b,StartLux-Decision,W4A4,expanded-20261007-v3,startlux-decision-0.8b,spinquant-nohad-adapted,SpinQuant no-Had*,jevbench,JevBench new eligible public tasks,authored_scenario_suite,authored_scenario_gold,48,48,0.375,37.5,37.50,False,False,0.34174218116469735,34.17421811646973,34.17,False,False
expanded-v3-w4a4-22source-20261007,all12,startlux-decision-0.8b,StartLux-Decision,W4A4,expanded-20261007-v3,startlux-decision-0.8b,spinquant-nohad-adapted,SpinQuant no-Had*,mmlu,MMLU,standard_dataset,upstream_dataset_gold,99,99,0.23232323232323232,23.232323232323232,23.23,False,False,0.34174218116469735,34.17421811646973,34.17,False,False
expanded-v3-w4a4-22source-20261007,all12,startlux-decision-0.8b,StartLux-Decision,W4A4,expanded-20261007-v3,startlux-decision-0.8b,spinquant-nohad-adapted,SpinQuant no-Had*,mnli,MNLI,standard_dataset,upstream_dataset_gold,122,122,0.38524590163934425,38.52459016393443,38.52,False,False,0.34174218116469735,34.17421811646973,34.17,False,False
expanded-v3-w4a4-22source-20261007,all12,startlux-decision-0.8b,StartLux-Decision,W4A4,expanded-20261007-v3,startlux-decision-0.8b,spinquant-nohad-adapted,SpinQuant no-Had*,openbookqa,OpenBookQA,standard_dataset,upstream_dataset_gold,128,128,0.2890625,28.90625,28.91,False,False,0.34174218116469735,34.17421811646973,34.17,False,False
expanded-v3-w4a4-22source-20261007,all12,startlux-decision-0.8b,StartLux-Decision,W4A4,expanded-20261007-v3,startlux-decision-0.8b,spinquant-nohad-adapted,SpinQuant no-Had*,paws,PAWS,standard_dataset,upstream_dataset_gold,128,128,0.515625,51.5625,51.56,False,False,0.34174218116469735,34.17421811646973,34.17,False,False
expanded-v3-w4a4-22source-20261007,all12,startlux-decision-0.8b,StartLux-Decision,W4A4,expanded-20261007-v3,startlux-decision-0.8b,spinquant-nohad-adapted,SpinQuant no-Had*,qnli,QNLI,standard_dataset,upstream_dataset_gold,128,128,0.4921875,49.21875,49.22,False,False,0.34174218116469735,34.17421811646973,34.17,False,False
expanded-v3-w4a4-22source-20261007,all12,startlux-decision-0.8b,StartLux-Decision,W4A4,expanded-20261007-v3,startlux-decision-0.8b,spinquant-nohad-adapted,SpinQuant no-Had*,sciq,SciQ,standard_dataset,upstream_dataset_gold,92,92,0.2717391304347826,27.173913043478258,27.17,False,False,0.34174218116469735,34.17421811646973,34.17,False,False
expanded-v3-w4a4-22source-20261007,all12,startlux-decision-0.8b,StartLux-Decision,W4A4,expanded-20261007-v3,startlux-decision-0.8b,spinquant-nohad-adapted,SpinQuant no-Had*,semif,SemIf authored,authored_rule_suite,authored_scenario_gold,128,32,0.3515625,35.15625,35.16,False,False,0.34174218116469735,34.17421811646973,34.17,False,False
expanded-v3-w4a4-22source-20261007,all12,startlux-decision-0.8b,StartLux-Decision,W4A4,expanded-20261007-v3,startlux-decision-0.8b,spinquant-nohad-adapted,SpinQuant no-Had*,sst5,SST-5,standard_dataset,upstream_dataset_gold,128,128,0.203125,20.3125,20.31,False,False,0.34174218116469735,34.17421811646973,34.17,False,False
expanded-v3-w4a4-22source-20261007,all12,startlux-decision-0.8b,StartLux-Decision,W4A4,expanded-20261007-v3,startlux-decision-0.8b,spinquant-nohad-adapted,SpinQuant no-Had*,toolace,ToolACE tool-choice classification,domain_decision_suite,native_annotation,68,68,0.5,50.0,50.00,False,False,0.34174218116469735,34.17421811646973,34.17,False,False
expanded-v3-w4a4-22source-20261007,all12,startlux-decision-0.8b,StartLux-Decision,W4A4,expanded-20261007-v3,startlux-decision-0.8b,spinquant-nohad-adapted,SpinQuant no-Had*,trec,TREC,standard_dataset,upstream_dataset_gold,121,121,0.1652892561983471,16.528925619834713,16.53,False,False,0.34174218116469735,34.17421811646973,34.17,False,False
expanded-v3-w4a4-22source-20261007,all12,startlux-decision-0.8b,StartLux-Decision,W4A4,expanded-20261007-v3,startlux-decision-0.8b,spinquant-nohad-adapted,SpinQuant no-Had*,tweet-offensive,TweetEval Offensive,standard_dataset,upstream_dataset_gold,128,128,0.625,62.5,62.50,False,False,0.34174218116469735,34.17421811646973,34.17,False,False
expanded-v3-w4a4-22source-20261007,all12,startlux-decision-0.8b,StartLux-Decision,W4A4,expanded-20261007-v3,startlux-decision-0.8b,spinquant-nohad-adapted,SpinQuant no-Had*,wanli,WANLI,standard_dataset,upstream_dataset_gold,256,256,0.34375,34.375,34.38,False,False,0.34174218116469735,34.17421811646973,34.17,False,False
expanded-v3-w4a4-22source-20261007,all12,startlux-decision-0.8b,StartLux-Decision,W4A4,expanded-20261007-v3,startlux-decision-0.8b,spinquant-nohad-adapted,SpinQuant no-Had*,wildjailbreak,WildJailBreak harmful/benign classification,domain_decision_suite,native_annotation,128,128,0.1875,18.75,18.75,False,False,0.34174218116469735,34.17421811646973,34.17,False,False
expanded-v3-w4a4-22source-20261007,all12,startlux-decision-0.8b,StartLux-Decision,W4A4,expanded-20261007-v3,startlux-decision-0.8b,spinquant-nohad-adapted,SpinQuant no-Had*,yelp,Yelp,standard_dataset,upstream_dataset_gold,132,66,0.3712121212121212,37.121212121212125,37.12,False,False,0.34174218116469735,34.17421811646973,34.17,False,False
expanded-v3-w4a4-22source-20261007,all12,startlux-decision-0.8b,StartLux-Decision,W4A4,expanded-20261007-v3,startlux-decision-0.8b,spinquant-had-adapted,SpinQuant Had*,agnews,AG News,standard_dataset,upstream_dataset_gold,360,120,0.6583333333333333,65.83333333333333,65.83,False,False,0.4562342743444929,45.62342743444929,45.62,False,False
expanded-v3-w4a4-22source-20261007,all12,startlux-decision-0.8b,StartLux-Decision,W4A4,expanded-20261007-v3,startlux-decision-0.8b,spinquant-had-adapted,SpinQuant Had*,amazon,Amazon Reviews,standard_dataset,upstream_dataset_gold,128,128,0.2421875,24.21875,24.22,False,False,0.4562342743444929,45.62342743444929,45.62,False,False
expanded-v3-w4a4-22source-20261007,all12,startlux-decision-0.8b,StartLux-Decision,W4A4,expanded-20261007-v3,startlux-decision-0.8b,spinquant-had-adapted,SpinQuant Had*,arc,ARC,standard_dataset,upstream_dataset_gold,128,128,0.3515625,35.15625,35.16,False,False,0.4562342743444929,45.62342743444929,45.62,False,False
expanded-v3-w4a4-22source-20261007,all12,startlux-decision-0.8b,StartLux-Decision,W4A4,expanded-20261007-v3,startlux-decision-0.8b,spinquant-had-adapted,SpinQuant Had*,boolq,BoolQ,standard_dataset,upstream_dataset_gold,120,120,0.5416666666666666,54.166666666666664,54.17,False,False,0.4562342743444929,45.62342743444929,45.62,False,False
expanded-v3-w4a4-22source-20261007,all12,startlux-decision-0.8b,StartLux-Decision,W4A4,expanded-20261007-v3,startlux-decision-0.8b,spinquant-had-adapted,SpinQuant Had*,csqa,CommonsenseQA,standard_dataset,upstream_dataset_gold,128,128,0.3203125,32.03125,32.03,False,False,0.4562342743444929,45.62342743444929,45.62,False,False
expanded-v3-w4a4-22source-20261007,all12,startlux-decision-0.8b,StartLux-Decision,W4A4,expanded-20261007-v3,startlux-decision-0.8b,spinquant-had-adapted,SpinQuant Had*,emotion,Emotion,standard_dataset,upstream_dataset_gold,120,120,0.475,47.5,47.50,False,False,0.4562342743444929,45.62342743444929,45.62,False,False
expanded-v3-w4a4-22source-20261007,all12,startlux-decision-0.8b,StartLux-Decision,W4A4,expanded-20261007-v3,startlux-decision-0.8b,spinquant-had-adapted,SpinQuant Had*,imdb,IMDb,standard_dataset,upstream_dataset_gold,53,53,0.7169811320754716,71.69811320754717,71.70,False,False,0.4562342743444929,45.62342743444929,45.62,False,False
expanded-v3-w4a4-22source-20261007,all12,startlux-decision-0.8b,StartLux-Decision,W4A4,expanded-20261007-v3,startlux-decision-0.8b,spinquant-had-adapted,SpinQuant Had*,jevbench,JevBench new eligible public tasks,authored_scenario_suite,authored_scenario_gold,48,48,0.75,75.0,75.00,False,False,0.4562342743444929,45.62342743444929,45.62,False,False
expanded-v3-w4a4-22source-20261007,all12,startlux-decision-0.8b,StartLux-Decision,W4A4,expanded-20261007-v3,startlux-decision-0.8b,spinquant-had-adapted,SpinQuant Had*,mmlu,MMLU,standard_dataset,upstream_dataset_gold,99,99,0.32323232323232326,32.323232323232325,32.32,True,True,0.4562342743444929,45.62342743444929,45.62,False,False
expanded-v3-w4a4-22source-20261007,all12,startlux-decision-0.8b,StartLux-Decision,W4A4,expanded-20261007-v3,startlux-decision-0.8b,spinquant-had-adapted,SpinQuant Had*,mnli,MNLI,standard_dataset,upstream_dataset_gold,122,122,0.30327868852459017,30.327868852459016,30.33,False,False,0.4562342743444929,45.62342743444929,45.62,False,False
expanded-v3-w4a4-22source-20261007,all12,startlux-decision-0.8b,StartLux-Decision,W4A4,expanded-20261007-v3,startlux-decision-0.8b,spinquant-had-adapted,SpinQuant Had*,openbookqa,OpenBookQA,standard_dataset,upstream_dataset_gold,128,128,0.2421875,24.21875,24.22,False,False,0.4562342743444929,45.62342743444929,45.62,False,False
expanded-v3-w4a4-22source-20261007,all12,startlux-decision-0.8b,StartLux-Decision,W4A4,expanded-20261007-v3,startlux-decision-0.8b,spinquant-had-adapted,SpinQuant Had*,paws,PAWS,standard_dataset,upstream_dataset_gold,128,128,0.6015625,60.15625,60.16,True,True,0.4562342743444929,45.62342743444929,45.62,False,False
expanded-v3-w4a4-22source-20261007,all12,startlux-decision-0.8b,StartLux-Decision,W4A4,expanded-20261007-v3,startlux-decision-0.8b,spinquant-had-adapted,SpinQuant Had*,qnli,QNLI,standard_dataset,upstream_dataset_gold,128,128,0.53125,53.125,53.12,False,False,0.4562342743444929,45.62342743444929,45.62,False,False
expanded-v3-w4a4-22source-20261007,all12,startlux-decision-0.8b,StartLux-Decision,W4A4,expanded-20261007-v3,startlux-decision-0.8b,spinquant-had-adapted,SpinQuant Had*,sciq,SciQ,standard_dataset,upstream_dataset_gold,92,92,0.6956521739130435,69.56521739130434,69.57,False,False,0.4562342743444929,45.62342743444929,45.62,False,False
expanded-v3-w4a4-22source-20261007,all12,startlux-decision-0.8b,StartLux-Decision,W4A4,expanded-20261007-v3,startlux-decision-0.8b,spinquant-had-adapted,SpinQuant Had*,semif,SemIf authored,authored_rule_suite,authored_scenario_gold,128,32,0.3046875,30.46875,30.47,False,False,0.4562342743444929,45.62342743444929,45.62,False,False
expanded-v3-w4a4-22source-20261007,all12,startlux-decision-0.8b,StartLux-Decision,W4A4,expanded-20261007-v3,startlux-decision-0.8b,spinquant-had-adapted,SpinQuant Had*,sst5,SST-5,standard_dataset,upstream_dataset_gold,128,128,0.28125,28.125,28.12,False,False,0.4562342743444929,45.62342743444929,45.62,False,False
expanded-v3-w4a4-22source-20261007,all12,startlux-decision-0.8b,StartLux-Decision,W4A4,expanded-20261007-v3,startlux-decision-0.8b,spinquant-had-adapted,SpinQuant Had*,toolace,ToolACE tool-choice classification,domain_decision_suite,native_annotation,68,68,0.4411764705882353,44.11764705882353,44.12,False,False,0.4562342743444929,45.62342743444929,45.62,False,False
expanded-v3-w4a4-22source-20261007,all12,startlux-decision-0.8b,StartLux-Decision,W4A4,expanded-20261007-v3,startlux-decision-0.8b,spinquant-had-adapted,SpinQuant Had*,trec,TREC,standard_dataset,upstream_dataset_gold,121,121,0.3305785123966942,33.057851239669425,33.06,False,False,0.4562342743444929,45.62342743444929,45.62,False,False
expanded-v3-w4a4-22source-20261007,all12,startlux-decision-0.8b,StartLux-Decision,W4A4,expanded-20261007-v3,startlux-decision-0.8b,spinquant-had-adapted,SpinQuant Had*,tweet-offensive,TweetEval Offensive,standard_dataset,upstream_dataset_gold,128,128,0.7265625,72.65625,72.66,False,False,0.4562342743444929,45.62342743444929,45.62,False,False
expanded-v3-w4a4-22source-20261007,all12,startlux-decision-0.8b,StartLux-Decision,W4A4,expanded-20261007-v3,startlux-decision-0.8b,spinquant-had-adapted,SpinQuant Had*,wanli,WANLI,standard_dataset,upstream_dataset_gold,256,256,0.37890625,37.890625,37.89,False,False,0.4562342743444929,45.62342743444929,45.62,False,False
expanded-v3-w4a4-22source-20261007,all12,startlux-decision-0.8b,StartLux-Decision,W4A4,expanded-20261007-v3,startlux-decision-0.8b,spinquant-had-adapted,SpinQuant Had*,wildjailbreak,WildJailBreak harmful/benign classification,domain_decision_suite,native_annotation,128,128,0.3359375,33.59375,33.59,False,False,0.4562342743444929,45.62342743444929,45.62,False,False
expanded-v3-w4a4-22source-20261007,all12,startlux-decision-0.8b,StartLux-Decision,W4A4,expanded-20261007-v3,startlux-decision-0.8b,spinquant-had-adapted,SpinQuant Had*,yelp,Yelp,standard_dataset,upstream_dataset_gold,132,66,0.48484848484848486,48.484848484848484,48.48,False,False,0.4562342743444929,45.62342743444929,45.62,False,False
expanded-v3-w4a4-22source-20261007,all12,startlux-decision-0.8b,StartLux-Decision,W4A4,expanded-20261007-v3,startlux-decision-0.8b,s1q-joint,S1Q-Joint,agnews,AG News,standard_dataset,upstream_dataset_gold,360,120,0.7611111111111111,76.11111111111111,76.11,False,False,0.5227768331618547,52.277683316185474,52.28,False,False
expanded-v3-w4a4-22source-20261007,all12,startlux-decision-0.8b,StartLux-Decision,W4A4,expanded-20261007-v3,startlux-decision-0.8b,s1q-joint,S1Q-Joint,amazon,Amazon Reviews,standard_dataset,upstream_dataset_gold,128,128,0.3359375,33.59375,33.59,False,False,0.5227768331618547,52.277683316185474,52.28,False,False
expanded-v3-w4a4-22source-20261007,all12,startlux-decision-0.8b,StartLux-Decision,W4A4,expanded-20261007-v3,startlux-decision-0.8b,s1q-joint,S1Q-Joint,arc,ARC,standard_dataset,upstream_dataset_gold,128,128,0.2734375,27.34375,27.34,False,False,0.5227768331618547,52.277683316185474,52.28,False,False
expanded-v3-w4a4-22source-20261007,all12,startlux-decision-0.8b,StartLux-Decision,W4A4,expanded-20261007-v3,startlux-decision-0.8b,s1q-joint,S1Q-Joint,boolq,BoolQ,standard_dataset,upstream_dataset_gold,120,120,0.6583333333333333,65.83333333333333,65.83,True,True,0.5227768331618547,52.277683316185474,52.28,False,False
expanded-v3-w4a4-22source-20261007,all12,startlux-decision-0.8b,StartLux-Decision,W4A4,expanded-20261007-v3,startlux-decision-0.8b,s1q-joint,S1Q-Joint,csqa,CommonsenseQA,standard_dataset,upstream_dataset_gold,128,128,0.3515625,35.15625,35.16,False,False,0.5227768331618547,52.277683316185474,52.28,False,False
expanded-v3-w4a4-22source-20261007,all12,startlux-decision-0.8b,StartLux-Decision,W4A4,expanded-20261007-v3,startlux-decision-0.8b,s1q-joint,S1Q-Joint,emotion,Emotion,standard_dataset,upstream_dataset_gold,120,120,0.6916666666666667,69.16666666666667,69.17,True,True,0.5227768331618547,52.277683316185474,52.28,False,False
expanded-v3-w4a4-22source-20261007,all12,startlux-decision-0.8b,StartLux-Decision,W4A4,expanded-20261007-v3,startlux-decision-0.8b,s1q-joint,S1Q-Joint,imdb,IMDb,standard_dataset,upstream_dataset_gold,53,53,0.8679245283018868,86.79245283018868,86.79,True,True,0.5227768331618547,52.277683316185474,52.28,False,False
expanded-v3-w4a4-22source-20261007,all12,startlux-decision-0.8b,StartLux-Decision,W4A4,expanded-20261007-v3,startlux-decision-0.8b,s1q-joint,S1Q-Joint,jevbench,JevBench new eligible public tasks,authored_scenario_suite,authored_scenario_gold,48,48,0.8958333333333334,89.58333333333334,89.58,False,False,0.5227768331618547,52.277683316185474,52.28,False,False
expanded-v3-w4a4-22source-20261007,all12,startlux-decision-0.8b,StartLux-Decision,W4A4,expanded-20261007-v3,startlux-decision-0.8b,s1q-joint,S1Q-Joint,mmlu,MMLU,standard_dataset,upstream_dataset_gold,99,99,0.31313131313131315,31.313131313131315,31.31,False,False,0.5227768331618547,52.277683316185474,52.28,False,False
expanded-v3-w4a4-22source-20261007,all12,startlux-decision-0.8b,StartLux-Decision,W4A4,expanded-20261007-v3,startlux-decision-0.8b,s1q-joint,S1Q-Joint,mnli,MNLI,standard_dataset,upstream_dataset_gold,122,122,0.4098360655737705,40.98360655737705,40.98,False,False,0.5227768331618547,52.277683316185474,52.28,False,False
expanded-v3-w4a4-22source-20261007,all12,startlux-decision-0.8b,StartLux-Decision,W4A4,expanded-20261007-v3,startlux-decision-0.8b,s1q-joint,S1Q-Joint,openbookqa,OpenBookQA,standard_dataset,upstream_dataset_gold,128,128,0.328125,32.8125,32.81,False,False,0.5227768331618547,52.277683316185474,52.28,False,False
expanded-v3-w4a4-22source-20261007,all12,startlux-decision-0.8b,StartLux-Decision,W4A4,expanded-20261007-v3,startlux-decision-0.8b,s1q-joint,S1Q-Joint,paws,PAWS,standard_dataset,upstream_dataset_gold,128,128,0.5,50.0,50.00,False,False,0.5227768331618547,52.277683316185474,52.28,False,False
expanded-v3-w4a4-22source-20261007,all12,startlux-decision-0.8b,StartLux-Decision,W4A4,expanded-20261007-v3,startlux-decision-0.8b,s1q-joint,S1Q-Joint,qnli,QNLI,standard_dataset,upstream_dataset_gold,128,128,0.6171875,61.71875,61.72,False,False,0.5227768331618547,52.277683316185474,52.28,False,False
expanded-v3-w4a4-22source-20261007,all12,startlux-decision-0.8b,StartLux-Decision,W4A4,expanded-20261007-v3,startlux-decision-0.8b,s1q-joint,S1Q-Joint,sciq,SciQ,standard_dataset,upstream_dataset_gold,92,92,0.7717391304347826,77.17391304347827,77.17,False,False,0.5227768331618547,52.277683316185474,52.28,False,False
expanded-v3-w4a4-22source-20261007,all12,startlux-decision-0.8b,StartLux-Decision,W4A4,expanded-20261007-v3,startlux-decision-0.8b,s1q-joint,S1Q-Joint,semif,SemIf authored,authored_rule_suite,authored_scenario_gold,128,32,0.453125,45.3125,45.31,False,False,0.5227768331618547,52.277683316185474,52.28,False,False
expanded-v3-w4a4-22source-20261007,all12,startlux-decision-0.8b,StartLux-Decision,W4A4,expanded-20261007-v3,startlux-decision-0.8b,s1q-joint,S1Q-Joint,sst5,SST-5,standard_dataset,upstream_dataset_gold,128,128,0.265625,26.5625,26.56,False,False,0.5227768331618547,52.277683316185474,52.28,False,False
expanded-v3-w4a4-22source-20261007,all12,startlux-decision-0.8b,StartLux-Decision,W4A4,expanded-20261007-v3,startlux-decision-0.8b,s1q-joint,S1Q-Joint,toolace,ToolACE tool-choice classification,domain_decision_suite,native_annotation,68,68,0.7352941176470589,73.52941176470588,73.53,False,False,0.5227768331618547,52.277683316185474,52.28,False,False
expanded-v3-w4a4-22source-20261007,all12,startlux-decision-0.8b,StartLux-Decision,W4A4,expanded-20261007-v3,startlux-decision-0.8b,s1q-joint,S1Q-Joint,trec,TREC,standard_dataset,upstream_dataset_gold,121,121,0.30578512396694213,30.57851239669421,30.58,False,False,0.5227768331618547,52.277683316185474,52.28,False,False
expanded-v3-w4a4-22source-20261007,all12,startlux-decision-0.8b,StartLux-Decision,W4A4,expanded-20261007-v3,startlux-decision-0.8b,s1q-joint,S1Q-Joint,tweet-offensive,TweetEval Offensive,standard_dataset,upstream_dataset_gold,128,128,0.7578125,75.78125,75.78,False,False,0.5227768331618547,52.277683316185474,52.28,False,False
expanded-v3-w4a4-22source-20261007,all12,startlux-decision-0.8b,StartLux-Decision,W4A4,expanded-20261007-v3,startlux-decision-0.8b,s1q-joint,S1Q-Joint,wanli,WANLI,standard_dataset,upstream_dataset_gold,256,256,0.453125,45.3125,45.31,False,False,0.5227768331618547,52.277683316185474,52.28,False,False
expanded-v3-w4a4-22source-20261007,all12,startlux-decision-0.8b,StartLux-Decision,W4A4,expanded-20261007-v3,startlux-decision-0.8b,s1q-joint,S1Q-Joint,wildjailbreak,WildJailBreak harmful/benign classification,domain_decision_suite,native_annotation,128,128,0.1484375,14.84375,14.84,False,False,0.5227768331618547,52.277683316185474,52.28,False,False
expanded-v3-w4a4-22source-20261007,all12,startlux-decision-0.8b,StartLux-Decision,W4A4,expanded-20261007-v3,startlux-decision-0.8b,s1q-joint,S1Q-Joint,yelp,Yelp,standard_dataset,upstream_dataset_gold,132,66,0.6060606060606061,60.60606060606061,60.61,True,True,0.5227768331618547,52.277683316185474,52.28,False,False
expanded-v3-w4a4-22source-20261007,all12,startlux-decision-0.8b,StartLux-Decision,W4A4,expanded-20261007-v3,startlux-decision-0.8b,s1q-ac,S1Q-AC,agnews,AG News,standard_dataset,upstream_dataset_gold,360,120,0.775,77.5,77.50,True,True,0.5318513421870121,53.185134218701215,53.19,True,True
expanded-v3-w4a4-22source-20261007,all12,startlux-decision-0.8b,StartLux-Decision,W4A4,expanded-20261007-v3,startlux-decision-0.8b,s1q-ac,S1Q-AC,amazon,Amazon Reviews,standard_dataset,upstream_dataset_gold,128,128,0.3203125,32.03125,32.03,False,False,0.5318513421870121,53.185134218701215,53.19,True,True
expanded-v3-w4a4-22source-20261007,all12,startlux-decision-0.8b,StartLux-Decision,W4A4,expanded-20261007-v3,startlux-decision-0.8b,s1q-ac,S1Q-AC,arc,ARC,standard_dataset,upstream_dataset_gold,128,128,0.328125,32.8125,32.81,False,False,0.5318513421870121,53.185134218701215,53.19,True,True
expanded-v3-w4a4-22source-20261007,all12,startlux-decision-0.8b,StartLux-Decision,W4A4,expanded-20261007-v3,startlux-decision-0.8b,s1q-ac,S1Q-AC,boolq,BoolQ,standard_dataset,upstream_dataset_gold,120,120,0.5416666666666666,54.166666666666664,54.17,False,False,0.5318513421870121,53.185134218701215,53.19,True,True
expanded-v3-w4a4-22source-20261007,all12,startlux-decision-0.8b,StartLux-Decision,W4A4,expanded-20261007-v3,startlux-decision-0.8b,s1q-ac,S1Q-AC,csqa,CommonsenseQA,standard_dataset,upstream_dataset_gold,128,128,0.34375,34.375,34.38,False,False,0.5318513421870121,53.185134218701215,53.19,True,True
expanded-v3-w4a4-22source-20261007,all12,startlux-decision-0.8b,StartLux-Decision,W4A4,expanded-20261007-v3,startlux-decision-0.8b,s1q-ac,S1Q-AC,emotion,Emotion,standard_dataset,upstream_dataset_gold,120,120,0.6916666666666667,69.16666666666667,69.17,True,True,0.5318513421870121,53.185134218701215,53.19,True,True
expanded-v3-w4a4-22source-20261007,all12,startlux-decision-0.8b,StartLux-Decision,W4A4,expanded-20261007-v3,startlux-decision-0.8b,s1q-ac,S1Q-AC,imdb,IMDb,standard_dataset,upstream_dataset_gold,53,53,0.8113207547169812,81.13207547169812,81.13,False,False,0.5318513421870121,53.185134218701215,53.19,True,True
expanded-v3-w4a4-22source-20261007,all12,startlux-decision-0.8b,StartLux-Decision,W4A4,expanded-20261007-v3,startlux-decision-0.8b,s1q-ac,S1Q-AC,jevbench,JevBench new eligible public tasks,authored_scenario_suite,authored_scenario_gold,48,48,0.9166666666666666,91.66666666666666,91.67,True,True,0.5318513421870121,53.185134218701215,53.19,True,True
expanded-v3-w4a4-22source-20261007,all12,startlux-decision-0.8b,StartLux-Decision,W4A4,expanded-20261007-v3,startlux-decision-0.8b,s1q-ac,S1Q-AC,mmlu,MMLU,standard_dataset,upstream_dataset_gold,99,99,0.2828282828282828,28.28282828282828,28.28,False,False,0.5318513421870121,53.185134218701215,53.19,True,True
expanded-v3-w4a4-22source-20261007,all12,startlux-decision-0.8b,StartLux-Decision,W4A4,expanded-20261007-v3,startlux-decision-0.8b,s1q-ac,S1Q-AC,mnli,MNLI,standard_dataset,upstream_dataset_gold,122,122,0.4016393442622951,40.16393442622951,40.16,False,False,0.5318513421870121,53.185134218701215,53.19,True,True
expanded-v3-w4a4-22source-20261007,all12,startlux-decision-0.8b,StartLux-Decision,W4A4,expanded-20261007-v3,startlux-decision-0.8b,s1q-ac,S1Q-AC,openbookqa,OpenBookQA,standard_dataset,upstream_dataset_gold,128,128,0.375,37.5,37.50,True,True,0.5318513421870121,53.185134218701215,53.19,True,True
expanded-v3-w4a4-22source-20261007,all12,startlux-decision-0.8b,StartLux-Decision,W4A4,expanded-20261007-v3,startlux-decision-0.8b,s1q-ac,S1Q-AC,paws,PAWS,standard_dataset,upstream_dataset_gold,128,128,0.5625,56.25,56.25,False,False,0.5318513421870121,53.185134218701215,53.19,True,True
expanded-v3-w4a4-22source-20261007,all12,startlux-decision-0.8b,StartLux-Decision,W4A4,expanded-20261007-v3,startlux-decision-0.8b,s1q-ac,S1Q-AC,qnli,QNLI,standard_dataset,upstream_dataset_gold,128,128,0.65625,65.625,65.62,True,True,0.5318513421870121,53.185134218701215,53.19,True,True
expanded-v3-w4a4-22source-20261007,all12,startlux-decision-0.8b,StartLux-Decision,W4A4,expanded-20261007-v3,startlux-decision-0.8b,s1q-ac,S1Q-AC,sciq,SciQ,standard_dataset,upstream_dataset_gold,92,92,0.8478260869565217,84.78260869565217,84.78,True,True,0.5318513421870121,53.185134218701215,53.19,True,True
expanded-v3-w4a4-22source-20261007,all12,startlux-decision-0.8b,StartLux-Decision,W4A4,expanded-20261007-v3,startlux-decision-0.8b,s1q-ac,S1Q-AC,semif,SemIf authored,authored_rule_suite,authored_scenario_gold,128,32,0.5859375,58.59375,58.59,True,True,0.5318513421870121,53.185134218701215,53.19,True,True
expanded-v3-w4a4-22source-20261007,all12,startlux-decision-0.8b,StartLux-Decision,W4A4,expanded-20261007-v3,startlux-decision-0.8b,s1q-ac,S1Q-AC,sst5,SST-5,standard_dataset,upstream_dataset_gold,128,128,0.2734375,27.34375,27.34,False,False,0.5318513421870121,53.185134218701215,53.19,True,True
expanded-v3-w4a4-22source-20261007,all12,startlux-decision-0.8b,StartLux-Decision,W4A4,expanded-20261007-v3,startlux-decision-0.8b,s1q-ac,S1Q-AC,toolace,ToolACE tool-choice classification,domain_decision_suite,native_annotation,68,68,0.7647058823529411,76.47058823529412,76.47,True,True,0.5318513421870121,53.185134218701215,53.19,True,True
expanded-v3-w4a4-22source-20261007,all12,startlux-decision-0.8b,StartLux-Decision,W4A4,expanded-20261007-v3,startlux-decision-0.8b,s1q-ac,S1Q-AC,trec,TREC,standard_dataset,upstream_dataset_gold,121,121,0.30578512396694213,30.57851239669421,30.58,False,False,0.5318513421870121,53.185134218701215,53.19,True,True
expanded-v3-w4a4-22source-20261007,all12,startlux-decision-0.8b,StartLux-Decision,W4A4,expanded-20261007-v3,startlux-decision-0.8b,s1q-ac,S1Q-AC,tweet-offensive,TweetEval Offensive,standard_dataset,upstream_dataset_gold,128,128,0.7578125,75.78125,75.78,False,False,0.5318513421870121,53.185134218701215,53.19,True,True
expanded-v3-w4a4-22source-20261007,all12,startlux-decision-0.8b,StartLux-Decision,W4A4,expanded-20261007-v3,startlux-decision-0.8b,s1q-ac,S1Q-AC,wanli,WANLI,standard_dataset,upstream_dataset_gold,256,256,0.44921875,44.921875,44.92,False,False,0.5318513421870121,53.185134218701215,53.19,True,True
expanded-v3-w4a4-22source-20261007,all12,startlux-decision-0.8b,StartLux-Decision,W4A4,expanded-20261007-v3,startlux-decision-0.8b,s1q-ac,S1Q-AC,wildjailbreak,WildJailBreak harmful/benign classification,domain_decision_suite,native_annotation,128,128,0.15625,15.625,15.62,False,False,0.5318513421870121,53.185134218701215,53.19,True,True
expanded-v3-w4a4-22source-20261007,all12,startlux-decision-0.8b,StartLux-Decision,W4A4,expanded-20261007-v3,startlux-decision-0.8b,s1q-ac,S1Q-AC,yelp,Yelp,standard_dataset,upstream_dataset_gold,132,66,0.553030303030303,55.3030303030303,55.30,False,False,0.5318513421870121,53.185134218701215,53.19,True,True
expanded-v3-w4a4-22source-20261007,all12,startlux-decision-0.8b,StartLux-Decision,W4A4,expanded-20261007-v3,startlux-decision-0.8b,s1q-margin,S1Q-Margin,agnews,AG News,standard_dataset,upstream_dataset_gold,360,120,0.7694444444444445,76.94444444444444,76.94,False,False,0.5137719219505044,51.377192195050434,51.38,False,False
expanded-v3-w4a4-22source-20261007,all12,startlux-decision-0.8b,StartLux-Decision,W4A4,expanded-20261007-v3,startlux-decision-0.8b,s1q-margin,S1Q-Margin,amazon,Amazon Reviews,standard_dataset,upstream_dataset_gold,128,128,0.3515625,35.15625,35.16,True,True,0.5137719219505044,51.377192195050434,51.38,False,False
expanded-v3-w4a4-22source-20261007,all12,startlux-decision-0.8b,StartLux-Decision,W4A4,expanded-20261007-v3,startlux-decision-0.8b,s1q-margin,S1Q-Margin,arc,ARC,standard_dataset,upstream_dataset_gold,128,128,0.3203125,32.03125,32.03,False,False,0.5137719219505044,51.377192195050434,51.38,False,False
expanded-v3-w4a4-22source-20261007,all12,startlux-decision-0.8b,StartLux-Decision,W4A4,expanded-20261007-v3,startlux-decision-0.8b,s1q-margin,S1Q-Margin,boolq,BoolQ,standard_dataset,upstream_dataset_gold,120,120,0.6166666666666667,61.66666666666667,61.67,False,False,0.5137719219505044,51.377192195050434,51.38,False,False
expanded-v3-w4a4-22source-20261007,all12,startlux-decision-0.8b,StartLux-Decision,W4A4,expanded-20261007-v3,startlux-decision-0.8b,s1q-margin,S1Q-Margin,csqa,CommonsenseQA,standard_dataset,upstream_dataset_gold,128,128,0.3671875,36.71875,36.72,False,False,0.5137719219505044,51.377192195050434,51.38,False,False
expanded-v3-w4a4-22source-20261007,all12,startlux-decision-0.8b,StartLux-Decision,W4A4,expanded-20261007-v3,startlux-decision-0.8b,s1q-margin,S1Q-Margin,emotion,Emotion,standard_dataset,upstream_dataset_gold,120,120,0.65,65.0,65.00,False,False,0.5137719219505044,51.377192195050434,51.38,False,False
expanded-v3-w4a4-22source-20261007,all12,startlux-decision-0.8b,StartLux-Decision,W4A4,expanded-20261007-v3,startlux-decision-0.8b,s1q-margin,S1Q-Margin,imdb,IMDb,standard_dataset,upstream_dataset_gold,53,53,0.6792452830188679,67.9245283018868,67.92,False,False,0.5137719219505044,51.377192195050434,51.38,False,False
expanded-v3-w4a4-22source-20261007,all12,startlux-decision-0.8b,StartLux-Decision,W4A4,expanded-20261007-v3,startlux-decision-0.8b,s1q-margin,S1Q-Margin,jevbench,JevBench new eligible public tasks,authored_scenario_suite,authored_scenario_gold,48,48,0.875,87.5,87.50,False,False,0.5137719219505044,51.377192195050434,51.38,False,False
expanded-v3-w4a4-22source-20261007,all12,startlux-decision-0.8b,StartLux-Decision,W4A4,expanded-20261007-v3,startlux-decision-0.8b,s1q-margin,S1Q-Margin,mmlu,MMLU,standard_dataset,upstream_dataset_gold,99,99,0.26262626262626265,26.262626262626267,26.26,False,False,0.5137719219505044,51.377192195050434,51.38,False,False
expanded-v3-w4a4-22source-20261007,all12,startlux-decision-0.8b,StartLux-Decision,W4A4,expanded-20261007-v3,startlux-decision-0.8b,s1q-margin,S1Q-Margin,mnli,MNLI,standard_dataset,upstream_dataset_gold,122,122,0.4344262295081967,43.44262295081967,43.44,False,False,0.5137719219505044,51.377192195050434,51.38,False,False
expanded-v3-w4a4-22source-20261007,all12,startlux-decision-0.8b,StartLux-Decision,W4A4,expanded-20261007-v3,startlux-decision-0.8b,s1q-margin,S1Q-Margin,openbookqa,OpenBookQA,standard_dataset,upstream_dataset_gold,128,128,0.3125,31.25,31.25,False,False,0.5137719219505044,51.377192195050434,51.38,False,False
expanded-v3-w4a4-22source-20261007,all12,startlux-decision-0.8b,StartLux-Decision,W4A4,expanded-20261007-v3,startlux-decision-0.8b,s1q-margin,S1Q-Margin,paws,PAWS,standard_dataset,upstream_dataset_gold,128,128,0.5625,56.25,56.25,False,False,0.5137719219505044,51.377192195050434,51.38,False,False
expanded-v3-w4a4-22source-20261007,all12,startlux-decision-0.8b,StartLux-Decision,W4A4,expanded-20261007-v3,startlux-decision-0.8b,s1q-margin,S1Q-Margin,qnli,QNLI,standard_dataset,upstream_dataset_gold,128,128,0.6328125,63.28125,63.28,False,False,0.5137719219505044,51.377192195050434,51.38,False,False
expanded-v3-w4a4-22source-20261007,all12,startlux-decision-0.8b,StartLux-Decision,W4A4,expanded-20261007-v3,startlux-decision-0.8b,s1q-margin,S1Q-Margin,sciq,SciQ,standard_dataset,upstream_dataset_gold,92,92,0.7608695652173914,76.08695652173914,76.09,False,False,0.5137719219505044,51.377192195050434,51.38,False,False
expanded-v3-w4a4-22source-20261007,all12,startlux-decision-0.8b,StartLux-Decision,W4A4,expanded-20261007-v3,startlux-decision-0.8b,s1q-margin,S1Q-Margin,semif,SemIf authored,authored_rule_suite,authored_scenario_gold,128,32,0.4765625,47.65625,47.66,False,False,0.5137719219505044,51.377192195050434,51.38,False,False
expanded-v3-w4a4-22source-20261007,all12,startlux-decision-0.8b,StartLux-Decision,W4A4,expanded-20261007-v3,startlux-decision-0.8b,s1q-margin,S1Q-Margin,sst5,SST-5,standard_dataset,upstream_dataset_gold,128,128,0.2890625,28.90625,28.91,False,False,0.5137719219505044,51.377192195050434,51.38,False,False
expanded-v3-w4a4-22source-20261007,all12,startlux-decision-0.8b,StartLux-Decision,W4A4,expanded-20261007-v3,startlux-decision-0.8b,s1q-margin,S1Q-Margin,toolace,ToolACE tool-choice classification,domain_decision_suite,native_annotation,68,68,0.6029411764705882,60.29411764705882,60.29,False,False,0.5137719219505044,51.377192195050434,51.38,False,False
expanded-v3-w4a4-22source-20261007,all12,startlux-decision-0.8b,StartLux-Decision,W4A4,expanded-20261007-v3,startlux-decision-0.8b,s1q-margin,S1Q-Margin,trec,TREC,standard_dataset,upstream_dataset_gold,121,121,0.3140495867768595,31.40495867768595,31.40,False,False,0.5137719219505044,51.377192195050434,51.38,False,False
expanded-v3-w4a4-22source-20261007,all12,startlux-decision-0.8b,StartLux-Decision,W4A4,expanded-20261007-v3,startlux-decision-0.8b,s1q-margin,S1Q-Margin,tweet-offensive,TweetEval Offensive,standard_dataset,upstream_dataset_gold,128,128,0.78125,78.125,78.12,True,True,0.5137719219505044,51.377192195050434,51.38,False,False
expanded-v3-w4a4-22source-20261007,all12,startlux-decision-0.8b,StartLux-Decision,W4A4,expanded-20261007-v3,startlux-decision-0.8b,s1q-margin,S1Q-Margin,wanli,WANLI,standard_dataset,upstream_dataset_gold,256,256,0.45703125,45.703125,45.70,True,True,0.5137719219505044,51.377192195050434,51.38,False,False
expanded-v3-w4a4-22source-20261007,all12,startlux-decision-0.8b,StartLux-Decision,W4A4,expanded-20261007-v3,startlux-decision-0.8b,s1q-margin,S1Q-Margin,wildjailbreak,WildJailBreak harmful/benign classification,domain_decision_suite,native_annotation,128,128,0.21875,21.875,21.88,False,False,0.5137719219505044,51.377192195050434,51.38,False,False
expanded-v3-w4a4-22source-20261007,all12,startlux-decision-0.8b,StartLux-Decision,W4A4,expanded-20261007-v3,startlux-decision-0.8b,s1q-margin,S1Q-Margin,yelp,Yelp,standard_dataset,upstream_dataset_gold,132,66,0.5681818181818182,56.81818181818182,56.82,False,False,0.5137719219505044,51.377192195050434,51.38,False,False
expanded-v3-w4a4-22source-20261007,all12,startlux-decision-0.8b,StartLux-Decision,W4A4,expanded-20261007-v3,startlux-decision-0.8b,s1q,S1Q (current),agnews,AG News,standard_dataset,upstream_dataset_gold,360,120,0.7638888888888888,76.38888888888889,76.39,False,False,0.5176338132067364,51.76338132067364,51.76,False,False
expanded-v3-w4a4-22source-20261007,all12,startlux-decision-0.8b,StartLux-Decision,W4A4,expanded-20261007-v3,startlux-decision-0.8b,s1q,S1Q (current),amazon,Amazon Reviews,standard_dataset,upstream_dataset_gold,128,128,0.34375,34.375,34.38,False,False,0.5176338132067364,51.76338132067364,51.76,False,False
expanded-v3-w4a4-22source-20261007,all12,startlux-decision-0.8b,StartLux-Decision,W4A4,expanded-20261007-v3,startlux-decision-0.8b,s1q,S1Q (current),arc,ARC,standard_dataset,upstream_dataset_gold,128,128,0.3984375,39.84375,39.84,False,False,0.5176338132067364,51.76338132067364,51.76,False,False
expanded-v3-w4a4-22source-20261007,all12,startlux-decision-0.8b,StartLux-Decision,W4A4,expanded-20261007-v3,startlux-decision-0.8b,s1q,S1Q (current),boolq,BoolQ,standard_dataset,upstream_dataset_gold,120,120,0.5833333333333334,58.333333333333336,58.33,False,False,0.5176338132067364,51.76338132067364,51.76,False,False
expanded-v3-w4a4-22source-20261007,all12,startlux-decision-0.8b,StartLux-Decision,W4A4,expanded-20261007-v3,startlux-decision-0.8b,s1q,S1Q (current),csqa,CommonsenseQA,standard_dataset,upstream_dataset_gold,128,128,0.34375,34.375,34.38,False,False,0.5176338132067364,51.76338132067364,51.76,False,False
expanded-v3-w4a4-22source-20261007,all12,startlux-decision-0.8b,StartLux-Decision,W4A4,expanded-20261007-v3,startlux-decision-0.8b,s1q,S1Q (current),emotion,Emotion,standard_dataset,upstream_dataset_gold,120,120,0.6666666666666666,66.66666666666666,66.67,False,False,0.5176338132067364,51.76338132067364,51.76,False,False
expanded-v3-w4a4-22source-20261007,all12,startlux-decision-0.8b,StartLux-Decision,W4A4,expanded-20261007-v3,startlux-decision-0.8b,s1q,S1Q (current),imdb,IMDb,standard_dataset,upstream_dataset_gold,53,53,0.7735849056603774,77.35849056603774,77.36,False,False,0.5176338132067364,51.76338132067364,51.76,False,False
expanded-v3-w4a4-22source-20261007,all12,startlux-decision-0.8b,StartLux-Decision,W4A4,expanded-20261007-v3,startlux-decision-0.8b,s1q,S1Q (current),jevbench,JevBench new eligible public tasks,authored_scenario_suite,authored_scenario_gold,48,48,0.8333333333333334,83.33333333333334,83.33,False,False,0.5176338132067364,51.76338132067364,51.76,False,False
expanded-v3-w4a4-22source-20261007,all12,startlux-decision-0.8b,StartLux-Decision,W4A4,expanded-20261007-v3,startlux-decision-0.8b,s1q,S1Q (current),mmlu,MMLU,standard_dataset,upstream_dataset_gold,99,99,0.2828282828282828,28.28282828282828,28.28,False,False,0.5176338132067364,51.76338132067364,51.76,False,False
expanded-v3-w4a4-22source-20261007,all12,startlux-decision-0.8b,StartLux-Decision,W4A4,expanded-20261007-v3,startlux-decision-0.8b,s1q,S1Q (current),mnli,MNLI,standard_dataset,upstream_dataset_gold,122,122,0.5,50.0,50.00,True,True,0.5176338132067364,51.76338132067364,51.76,False,False
expanded-v3-w4a4-22source-20261007,all12,startlux-decision-0.8b,StartLux-Decision,W4A4,expanded-20261007-v3,startlux-decision-0.8b,s1q,S1Q (current),openbookqa,OpenBookQA,standard_dataset,upstream_dataset_gold,128,128,0.34375,34.375,34.38,False,False,0.5176338132067364,51.76338132067364,51.76,False,False
expanded-v3-w4a4-22source-20261007,all12,startlux-decision-0.8b,StartLux-Decision,W4A4,expanded-20261007-v3,startlux-decision-0.8b,s1q,S1Q (current),paws,PAWS,standard_dataset,upstream_dataset_gold,128,128,0.5703125,57.03125,57.03,False,False,0.5176338132067364,51.76338132067364,51.76,False,False
expanded-v3-w4a4-22source-20261007,all12,startlux-decision-0.8b,StartLux-Decision,W4A4,expanded-20261007-v3,startlux-decision-0.8b,s1q,S1Q (current),qnli,QNLI,standard_dataset,upstream_dataset_gold,128,128,0.59375,59.375,59.38,False,False,0.5176338132067364,51.76338132067364,51.76,False,False
expanded-v3-w4a4-22source-20261007,all12,startlux-decision-0.8b,StartLux-Decision,W4A4,expanded-20261007-v3,startlux-decision-0.8b,s1q,S1Q (current),sciq,SciQ,standard_dataset,upstream_dataset_gold,92,92,0.7934782608695652,79.34782608695652,79.35,False,False,0.5176338132067364,51.76338132067364,51.76,False,False
expanded-v3-w4a4-22source-20261007,all12,startlux-decision-0.8b,StartLux-Decision,W4A4,expanded-20261007-v3,startlux-decision-0.8b,s1q,S1Q (current),semif,SemIf authored,authored_rule_suite,authored_scenario_gold,128,32,0.3984375,39.84375,39.84,False,False,0.5176338132067364,51.76338132067364,51.76,False,False
expanded-v3-w4a4-22source-20261007,all12,startlux-decision-0.8b,StartLux-Decision,W4A4,expanded-20261007-v3,startlux-decision-0.8b,s1q,S1Q (current),sst5,SST-5,standard_dataset,upstream_dataset_gold,128,128,0.3046875,30.46875,30.47,True,True,0.5176338132067364,51.76338132067364,51.76,False,False
expanded-v3-w4a4-22source-20261007,all12,startlux-decision-0.8b,StartLux-Decision,W4A4,expanded-20261007-v3,startlux-decision-0.8b,s1q,S1Q (current),toolace,ToolACE tool-choice classification,domain_decision_suite,native_annotation,68,68,0.6617647058823529,66.17647058823529,66.18,False,False,0.5176338132067364,51.76338132067364,51.76,False,False
expanded-v3-w4a4-22source-20261007,all12,startlux-decision-0.8b,StartLux-Decision,W4A4,expanded-20261007-v3,startlux-decision-0.8b,s1q,S1Q (current),trec,TREC,standard_dataset,upstream_dataset_gold,121,121,0.33884297520661155,33.88429752066116,33.88,True,True,0.5176338132067364,51.76338132067364,51.76,False,False
expanded-v3-w4a4-22source-20261007,all12,startlux-decision-0.8b,StartLux-Decision,W4A4,expanded-20261007-v3,startlux-decision-0.8b,s1q,S1Q (current),tweet-offensive,TweetEval Offensive,standard_dataset,upstream_dataset_gold,128,128,0.7734375,77.34375,77.34,False,False,0.5176338132067364,51.76338132067364,51.76,False,False
expanded-v3-w4a4-22source-20261007,all12,startlux-decision-0.8b,StartLux-Decision,W4A4,expanded-20261007-v3,startlux-decision-0.8b,s1q,S1Q (current),wanli,WANLI,standard_dataset,upstream_dataset_gold,256,256,0.40234375,40.234375,40.23,False,False,0.5176338132067364,51.76338132067364,51.76,False,False
expanded-v3-w4a4-22source-20261007,all12,startlux-decision-0.8b,StartLux-Decision,W4A4,expanded-20261007-v3,startlux-decision-0.8b,s1q,S1Q (current),wildjailbreak,WildJailBreak harmful/benign classification,domain_decision_suite,native_annotation,128,128,0.1796875,17.96875,17.97,False,False,0.5176338132067364,51.76338132067364,51.76,False,False
expanded-v3-w4a4-22source-20261007,all12,startlux-decision-0.8b,StartLux-Decision,W4A4,expanded-20261007-v3,startlux-decision-0.8b,s1q,S1Q (current),yelp,Yelp,standard_dataset,upstream_dataset_gold,132,66,0.5378787878787878,53.78787878787878,53.79,False,False,0.5176338132067364,51.76338132067364,51.76,False,False
expanded-v3-w4a4-22source-20261007,all12,startlux-decision-2b,StartLux-Decision,W4A4,expanded-20261007-v3,startlux-decision-2b,native,Native,agnews,AG News,standard_dataset,upstream_dataset_gold,360,120,0.8583333333333333,85.83333333333333,85.83,False,False,0.8234729676069876,82.34729676069877,82.35,False,False
expanded-v3-w4a4-22source-20261007,all12,startlux-decision-2b,StartLux-Decision,W4A4,expanded-20261007-v3,startlux-decision-2b,native,Native,amazon,Amazon Reviews,standard_dataset,upstream_dataset_gold,128,128,0.5546875,55.46875,55.47,False,False,0.8234729676069876,82.34729676069877,82.35,False,False
expanded-v3-w4a4-22source-20261007,all12,startlux-decision-2b,StartLux-Decision,W4A4,expanded-20261007-v3,startlux-decision-2b,native,Native,arc,ARC,standard_dataset,upstream_dataset_gold,128,128,0.8359375,83.59375,83.59,False,False,0.8234729676069876,82.34729676069877,82.35,False,False
expanded-v3-w4a4-22source-20261007,all12,startlux-decision-2b,StartLux-Decision,W4A4,expanded-20261007-v3,startlux-decision-2b,native,Native,boolq,BoolQ,standard_dataset,upstream_dataset_gold,120,120,0.8666666666666667,86.66666666666667,86.67,False,False,0.8234729676069876,82.34729676069877,82.35,False,False
expanded-v3-w4a4-22source-20261007,all12,startlux-decision-2b,StartLux-Decision,W4A4,expanded-20261007-v3,startlux-decision-2b,native,Native,csqa,CommonsenseQA,standard_dataset,upstream_dataset_gold,128,128,0.859375,85.9375,85.94,False,False,0.8234729676069876,82.34729676069877,82.35,False,False
expanded-v3-w4a4-22source-20261007,all12,startlux-decision-2b,StartLux-Decision,W4A4,expanded-20261007-v3,startlux-decision-2b,native,Native,emotion,Emotion,standard_dataset,upstream_dataset_gold,120,120,0.7583333333333333,75.83333333333333,75.83,False,False,0.8234729676069876,82.34729676069877,82.35,False,False
expanded-v3-w4a4-22source-20261007,all12,startlux-decision-2b,StartLux-Decision,W4A4,expanded-20261007-v3,startlux-decision-2b,native,Native,imdb,IMDb,standard_dataset,upstream_dataset_gold,53,53,0.9245283018867925,92.45283018867924,92.45,False,False,0.8234729676069876,82.34729676069877,82.35,False,False
expanded-v3-w4a4-22source-20261007,all12,startlux-decision-2b,StartLux-Decision,W4A4,expanded-20261007-v3,startlux-decision-2b,native,Native,jevbench,JevBench new eligible public tasks,authored_scenario_suite,authored_scenario_gold,48,48,1.0,100.0,100.00,False,False,0.8234729676069876,82.34729676069877,82.35,False,False
expanded-v3-w4a4-22source-20261007,all12,startlux-decision-2b,StartLux-Decision,W4A4,expanded-20261007-v3,startlux-decision-2b,native,Native,mmlu,MMLU,standard_dataset,upstream_dataset_gold,99,99,0.5757575757575758,57.57575757575758,57.58,False,False,0.8234729676069876,82.34729676069877,82.35,False,False
expanded-v3-w4a4-22source-20261007,all12,startlux-decision-2b,StartLux-Decision,W4A4,expanded-20261007-v3,startlux-decision-2b,native,Native,mnli,MNLI,standard_dataset,upstream_dataset_gold,122,122,0.8934426229508197,89.34426229508196,89.34,False,False,0.8234729676069876,82.34729676069877,82.35,False,False
expanded-v3-w4a4-22source-20261007,all12,startlux-decision-2b,StartLux-Decision,W4A4,expanded-20261007-v3,startlux-decision-2b,native,Native,openbookqa,OpenBookQA,standard_dataset,upstream_dataset_gold,128,128,0.703125,70.3125,70.31,False,False,0.8234729676069876,82.34729676069877,82.35,False,False
expanded-v3-w4a4-22source-20261007,all12,startlux-decision-2b,StartLux-Decision,W4A4,expanded-20261007-v3,startlux-decision-2b,native,Native,paws,PAWS,standard_dataset,upstream_dataset_gold,128,128,0.8515625,85.15625,85.16,False,False,0.8234729676069876,82.34729676069877,82.35,False,False
expanded-v3-w4a4-22source-20261007,all12,startlux-decision-2b,StartLux-Decision,W4A4,expanded-20261007-v3,startlux-decision-2b,native,Native,qnli,QNLI,standard_dataset,upstream_dataset_gold,128,128,0.8984375,89.84375,89.84,False,False,0.8234729676069876,82.34729676069877,82.35,False,False
expanded-v3-w4a4-22source-20261007,all12,startlux-decision-2b,StartLux-Decision,W4A4,expanded-20261007-v3,startlux-decision-2b,native,Native,sciq,SciQ,standard_dataset,upstream_dataset_gold,92,92,0.9782608695652174,97.82608695652173,97.83,False,False,0.8234729676069876,82.34729676069877,82.35,False,False
expanded-v3-w4a4-22source-20261007,all12,startlux-decision-2b,StartLux-Decision,W4A4,expanded-20261007-v3,startlux-decision-2b,native,Native,semif,SemIf authored,authored_rule_suite,authored_scenario_gold,128,32,0.921875,92.1875,92.19,False,False,0.8234729676069876,82.34729676069877,82.35,False,False
expanded-v3-w4a4-22source-20261007,all12,startlux-decision-2b,StartLux-Decision,W4A4,expanded-20261007-v3,startlux-decision-2b,native,Native,sst5,SST-5,standard_dataset,upstream_dataset_gold,128,128,0.6015625,60.15625,60.16,False,False,0.8234729676069876,82.34729676069877,82.35,False,False
expanded-v3-w4a4-22source-20261007,all12,startlux-decision-2b,StartLux-Decision,W4A4,expanded-20261007-v3,startlux-decision-2b,native,Native,toolace,ToolACE tool-choice classification,domain_decision_suite,native_annotation,68,68,0.8970588235294118,89.70588235294117,89.71,False,False,0.8234729676069876,82.34729676069877,82.35,False,False
expanded-v3-w4a4-22source-20261007,all12,startlux-decision-2b,StartLux-Decision,W4A4,expanded-20261007-v3,startlux-decision-2b,native,Native,trec,TREC,standard_dataset,upstream_dataset_gold,121,121,0.9421487603305785,94.21487603305785,94.21,False,False,0.8234729676069876,82.34729676069877,82.35,False,False
expanded-v3-w4a4-22source-20261007,all12,startlux-decision-2b,StartLux-Decision,W4A4,expanded-20261007-v3,startlux-decision-2b,native,Native,tweet-offensive,TweetEval Offensive,standard_dataset,upstream_dataset_gold,128,128,0.8359375,83.59375,83.59,False,False,0.8234729676069876,82.34729676069877,82.35,False,False
expanded-v3-w4a4-22source-20261007,all12,startlux-decision-2b,StartLux-Decision,W4A4,expanded-20261007-v3,startlux-decision-2b,native,Native,wanli,WANLI,standard_dataset,upstream_dataset_gold,256,256,0.6875,68.75,68.75,False,False,0.8234729676069876,82.34729676069877,82.35,False,False
expanded-v3-w4a4-22source-20261007,all12,startlux-decision-2b,StartLux-Decision,W4A4,expanded-20261007-v3,startlux-decision-2b,native,Native,wildjailbreak,WildJailBreak harmful/benign classification,domain_decision_suite,native_annotation,128,128,0.921875,92.1875,92.19,False,False,0.8234729676069876,82.34729676069877,82.35,False,False
expanded-v3-w4a4-22source-20261007,all12,startlux-decision-2b,StartLux-Decision,W4A4,expanded-20261007-v3,startlux-decision-2b,native,Native,yelp,Yelp,standard_dataset,upstream_dataset_gold,132,66,0.75,75.0,75.00,False,False,0.8234729676069876,82.34729676069877,82.35,False,False
expanded-v3-w4a4-22source-20261007,all12,startlux-decision-2b,StartLux-Decision,W4A4,expanded-20261007-v3,startlux-decision-2b,rtn,RTN,agnews,AG News,standard_dataset,upstream_dataset_gold,360,120,0.3194444444444444,31.944444444444443,31.94,False,False,0.3440784397445094,34.40784397445094,34.41,False,False
expanded-v3-w4a4-22source-20261007,all12,startlux-decision-2b,StartLux-Decision,W4A4,expanded-20261007-v3,startlux-decision-2b,rtn,RTN,amazon,Amazon Reviews,standard_dataset,upstream_dataset_gold,128,128,0.2109375,21.09375,21.09,False,False,0.3440784397445094,34.40784397445094,34.41,False,False
expanded-v3-w4a4-22source-20261007,all12,startlux-decision-2b,StartLux-Decision,W4A4,expanded-20261007-v3,startlux-decision-2b,rtn,RTN,arc,ARC,standard_dataset,upstream_dataset_gold,128,128,0.2734375,27.34375,27.34,False,False,0.3440784397445094,34.40784397445094,34.41,False,False
expanded-v3-w4a4-22source-20261007,all12,startlux-decision-2b,StartLux-Decision,W4A4,expanded-20261007-v3,startlux-decision-2b,rtn,RTN,boolq,BoolQ,standard_dataset,upstream_dataset_gold,120,120,0.5416666666666666,54.166666666666664,54.17,False,False,0.3440784397445094,34.40784397445094,34.41,False,False
expanded-v3-w4a4-22source-20261007,all12,startlux-decision-2b,StartLux-Decision,W4A4,expanded-20261007-v3,startlux-decision-2b,rtn,RTN,csqa,CommonsenseQA,standard_dataset,upstream_dataset_gold,128,128,0.171875,17.1875,17.19,False,False,0.3440784397445094,34.40784397445094,34.41,False,False
expanded-v3-w4a4-22source-20261007,all12,startlux-decision-2b,StartLux-Decision,W4A4,expanded-20261007-v3,startlux-decision-2b,rtn,RTN,emotion,Emotion,standard_dataset,upstream_dataset_gold,120,120,0.23333333333333334,23.333333333333332,23.33,False,False,0.3440784397445094,34.40784397445094,34.41,False,False
expanded-v3-w4a4-22source-20261007,all12,startlux-decision-2b,StartLux-Decision,W4A4,expanded-20261007-v3,startlux-decision-2b,rtn,RTN,imdb,IMDb,standard_dataset,upstream_dataset_gold,53,53,0.5471698113207547,54.71698113207547,54.72,False,False,0.3440784397445094,34.40784397445094,34.41,False,False
expanded-v3-w4a4-22source-20261007,all12,startlux-decision-2b,StartLux-Decision,W4A4,expanded-20261007-v3,startlux-decision-2b,rtn,RTN,jevbench,JevBench new eligible public tasks,authored_scenario_suite,authored_scenario_gold,48,48,0.25,25.0,25.00,False,False,0.3440784397445094,34.40784397445094,34.41,False,False
expanded-v3-w4a4-22source-20261007,all12,startlux-decision-2b,StartLux-Decision,W4A4,expanded-20261007-v3,startlux-decision-2b,rtn,RTN,mmlu,MMLU,standard_dataset,upstream_dataset_gold,99,99,0.2828282828282828,28.28282828282828,28.28,False,False,0.3440784397445094,34.40784397445094,34.41,False,False
expanded-v3-w4a4-22source-20261007,all12,startlux-decision-2b,StartLux-Decision,W4A4,expanded-20261007-v3,startlux-decision-2b,rtn,RTN,mnli,MNLI,standard_dataset,upstream_dataset_gold,122,122,0.3770491803278688,37.704918032786885,37.70,False,False,0.3440784397445094,34.40784397445094,34.41,False,False
expanded-v3-w4a4-22source-20261007,all12,startlux-decision-2b,StartLux-Decision,W4A4,expanded-20261007-v3,startlux-decision-2b,rtn,RTN,openbookqa,OpenBookQA,standard_dataset,upstream_dataset_gold,128,128,0.3359375,33.59375,33.59,False,False,0.3440784397445094,34.40784397445094,34.41,False,False
expanded-v3-w4a4-22source-20261007,all12,startlux-decision-2b,StartLux-Decision,W4A4,expanded-20261007-v3,startlux-decision-2b,rtn,RTN,paws,PAWS,standard_dataset,upstream_dataset_gold,128,128,0.4609375,46.09375,46.09,False,False,0.3440784397445094,34.40784397445094,34.41,False,False
expanded-v3-w4a4-22source-20261007,all12,startlux-decision-2b,StartLux-Decision,W4A4,expanded-20261007-v3,startlux-decision-2b,rtn,RTN,qnli,QNLI,standard_dataset,upstream_dataset_gold,128,128,0.578125,57.8125,57.81,False,False,0.3440784397445094,34.40784397445094,34.41,False,False
expanded-v3-w4a4-22source-20261007,all12,startlux-decision-2b,StartLux-Decision,W4A4,expanded-20261007-v3,startlux-decision-2b,rtn,RTN,sciq,SciQ,standard_dataset,upstream_dataset_gold,92,92,0.21739130434782608,21.73913043478261,21.74,False,False,0.3440784397445094,34.40784397445094,34.41,False,False
expanded-v3-w4a4-22source-20261007,all12,startlux-decision-2b,StartLux-Decision,W4A4,expanded-20261007-v3,startlux-decision-2b,rtn,RTN,semif,SemIf authored,authored_rule_suite,authored_scenario_gold,128,32,0.375,37.5,37.50,False,False,0.3440784397445094,34.40784397445094,34.41,False,False
expanded-v3-w4a4-22source-20261007,all12,startlux-decision-2b,StartLux-Decision,W4A4,expanded-20261007-v3,startlux-decision-2b,rtn,RTN,sst5,SST-5,standard_dataset,upstream_dataset_gold,128,128,0.1640625,16.40625,16.41,False,False,0.3440784397445094,34.40784397445094,34.41,False,False
expanded-v3-w4a4-22source-20261007,all12,startlux-decision-2b,StartLux-Decision,W4A4,expanded-20261007-v3,startlux-decision-2b,rtn,RTN,toolace,ToolACE tool-choice classification,domain_decision_suite,native_annotation,68,68,0.36764705882352944,36.76470588235294,36.76,False,False,0.3440784397445094,34.40784397445094,34.41,False,False
expanded-v3-w4a4-22source-20261007,all12,startlux-decision-2b,StartLux-Decision,W4A4,expanded-20261007-v3,startlux-decision-2b,rtn,RTN,trec,TREC,standard_dataset,upstream_dataset_gold,121,121,0.10743801652892562,10.743801652892563,10.74,False,False,0.3440784397445094,34.40784397445094,34.41,False,False
expanded-v3-w4a4-22source-20261007,all12,startlux-decision-2b,StartLux-Decision,W4A4,expanded-20261007-v3,startlux-decision-2b,rtn,RTN,tweet-offensive,TweetEval Offensive,standard_dataset,upstream_dataset_gold,128,128,0.3359375,33.59375,33.59,False,False,0.3440784397445094,34.40784397445094,34.41,False,False
expanded-v3-w4a4-22source-20261007,all12,startlux-decision-2b,StartLux-Decision,W4A4,expanded-20261007-v3,startlux-decision-2b,rtn,RTN,wanli,WANLI,standard_dataset,upstream_dataset_gold,256,256,0.3359375,33.59375,33.59,False,False,0.3440784397445094,34.40784397445094,34.41,False,False
expanded-v3-w4a4-22source-20261007,all12,startlux-decision-2b,StartLux-Decision,W4A4,expanded-20261007-v3,startlux-decision-2b,rtn,RTN,wildjailbreak,WildJailBreak harmful/benign classification,domain_decision_suite,native_annotation,128,128,0.7578125,75.78125,75.78,False,False,0.3440784397445094,34.40784397445094,34.41,False,False
expanded-v3-w4a4-22source-20261007,all12,startlux-decision-2b,StartLux-Decision,W4A4,expanded-20261007-v3,startlux-decision-2b,rtn,RTN,yelp,Yelp,standard_dataset,upstream_dataset_gold,132,66,0.32575757575757575,32.57575757575758,32.58,False,False,0.3440784397445094,34.40784397445094,34.41,False,False
expanded-v3-w4a4-22source-20261007,all12,startlux-decision-2b,StartLux-Decision,W4A4,expanded-20261007-v3,startlux-decision-2b,s1q-local,S1Qv1,agnews,AG News,standard_dataset,upstream_dataset_gold,360,120,0.40555555555555556,40.55555555555556,40.56,False,False,0.36132316782800633,36.132316782800636,36.13,False,False
expanded-v3-w4a4-22source-20261007,all12,startlux-decision-2b,StartLux-Decision,W4A4,expanded-20261007-v3,startlux-decision-2b,s1q-local,S1Qv1,amazon,Amazon Reviews,standard_dataset,upstream_dataset_gold,128,128,0.2109375,21.09375,21.09,False,False,0.36132316782800633,36.132316782800636,36.13,False,False
expanded-v3-w4a4-22source-20261007,all12,startlux-decision-2b,StartLux-Decision,W4A4,expanded-20261007-v3,startlux-decision-2b,s1q-local,S1Qv1,arc,ARC,standard_dataset,upstream_dataset_gold,128,128,0.2890625,28.90625,28.91,False,False,0.36132316782800633,36.132316782800636,36.13,False,False
expanded-v3-w4a4-22source-20261007,all12,startlux-decision-2b,StartLux-Decision,W4A4,expanded-20261007-v3,startlux-decision-2b,s1q-local,S1Qv1,boolq,BoolQ,standard_dataset,upstream_dataset_gold,120,120,0.5583333333333333,55.833333333333336,55.83,False,False,0.36132316782800633,36.132316782800636,36.13,False,False
expanded-v3-w4a4-22source-20261007,all12,startlux-decision-2b,StartLux-Decision,W4A4,expanded-20261007-v3,startlux-decision-2b,s1q-local,S1Qv1,csqa,CommonsenseQA,standard_dataset,upstream_dataset_gold,128,128,0.21875,21.875,21.88,False,False,0.36132316782800633,36.132316782800636,36.13,False,False
expanded-v3-w4a4-22source-20261007,all12,startlux-decision-2b,StartLux-Decision,W4A4,expanded-20261007-v3,startlux-decision-2b,s1q-local,S1Qv1,emotion,Emotion,standard_dataset,upstream_dataset_gold,120,120,0.3,30.0,30.00,False,False,0.36132316782800633,36.132316782800636,36.13,False,False
expanded-v3-w4a4-22source-20261007,all12,startlux-decision-2b,StartLux-Decision,W4A4,expanded-20261007-v3,startlux-decision-2b,s1q-local,S1Qv1,imdb,IMDb,standard_dataset,upstream_dataset_gold,53,53,0.6415094339622641,64.15094339622641,64.15,False,False,0.36132316782800633,36.132316782800636,36.13,False,False
expanded-v3-w4a4-22source-20261007,all12,startlux-decision-2b,StartLux-Decision,W4A4,expanded-20261007-v3,startlux-decision-2b,s1q-local,S1Qv1,jevbench,JevBench new eligible public tasks,authored_scenario_suite,authored_scenario_gold,48,48,0.2916666666666667,29.166666666666668,29.17,False,False,0.36132316782800633,36.132316782800636,36.13,False,False
expanded-v3-w4a4-22source-20261007,all12,startlux-decision-2b,StartLux-Decision,W4A4,expanded-20261007-v3,startlux-decision-2b,s1q-local,S1Qv1,mmlu,MMLU,standard_dataset,upstream_dataset_gold,99,99,0.1919191919191919,19.19191919191919,19.19,False,False,0.36132316782800633,36.132316782800636,36.13,False,False
expanded-v3-w4a4-22source-20261007,all12,startlux-decision-2b,StartLux-Decision,W4A4,expanded-20261007-v3,startlux-decision-2b,s1q-local,S1Qv1,mnli,MNLI,standard_dataset,upstream_dataset_gold,122,122,0.319672131147541,31.967213114754102,31.97,False,False,0.36132316782800633,36.132316782800636,36.13,False,False
expanded-v3-w4a4-22source-20261007,all12,startlux-decision-2b,StartLux-Decision,W4A4,expanded-20261007-v3,startlux-decision-2b,s1q-local,S1Qv1,openbookqa,OpenBookQA,standard_dataset,upstream_dataset_gold,128,128,0.328125,32.8125,32.81,False,False,0.36132316782800633,36.132316782800636,36.13,False,False
expanded-v3-w4a4-22source-20261007,all12,startlux-decision-2b,StartLux-Decision,W4A4,expanded-20261007-v3,startlux-decision-2b,s1q-local,S1Qv1,paws,PAWS,standard_dataset,upstream_dataset_gold,128,128,0.5,50.0,50.00,False,False,0.36132316782800633,36.132316782800636,36.13,False,False
expanded-v3-w4a4-22source-20261007,all12,startlux-decision-2b,StartLux-Decision,W4A4,expanded-20261007-v3,startlux-decision-2b,s1q-local,S1Qv1,qnli,QNLI,standard_dataset,upstream_dataset_gold,128,128,0.5,50.0,50.00,False,False,0.36132316782800633,36.132316782800636,36.13,False,False
expanded-v3-w4a4-22source-20261007,all12,startlux-decision-2b,StartLux-Decision,W4A4,expanded-20261007-v3,startlux-decision-2b,s1q-local,S1Qv1,sciq,SciQ,standard_dataset,upstream_dataset_gold,92,92,0.2608695652173913,26.08695652173913,26.09,False,False,0.36132316782800633,36.132316782800636,36.13,False,False
expanded-v3-w4a4-22source-20261007,all12,startlux-decision-2b,StartLux-Decision,W4A4,expanded-20261007-v3,startlux-decision-2b,s1q-local,S1Qv1,semif,SemIf authored,authored_rule_suite,authored_scenario_gold,128,32,0.3828125,38.28125,38.28,False,False,0.36132316782800633,36.132316782800636,36.13,False,False
expanded-v3-w4a4-22source-20261007,all12,startlux-decision-2b,StartLux-Decision,W4A4,expanded-20261007-v3,startlux-decision-2b,s1q-local,S1Qv1,sst5,SST-5,standard_dataset,upstream_dataset_gold,128,128,0.203125,20.3125,20.31,False,False,0.36132316782800633,36.132316782800636,36.13,False,False
expanded-v3-w4a4-22source-20261007,all12,startlux-decision-2b,StartLux-Decision,W4A4,expanded-20261007-v3,startlux-decision-2b,s1q-local,S1Qv1,toolace,ToolACE tool-choice classification,domain_decision_suite,native_annotation,68,68,0.5441176470588235,54.41176470588235,54.41,False,False,0.36132316782800633,36.132316782800636,36.13,False,False
expanded-v3-w4a4-22source-20261007,all12,startlux-decision-2b,StartLux-Decision,W4A4,expanded-20261007-v3,startlux-decision-2b,s1q-local,S1Qv1,trec,TREC,standard_dataset,upstream_dataset_gold,121,121,0.09917355371900827,9.917355371900827,9.92,False,False,0.36132316782800633,36.132316782800636,36.13,False,False
expanded-v3-w4a4-22source-20261007,all12,startlux-decision-2b,StartLux-Decision,W4A4,expanded-20261007-v3,startlux-decision-2b,s1q-local,S1Qv1,tweet-offensive,TweetEval Offensive,standard_dataset,upstream_dataset_gold,128,128,0.4140625,41.40625,41.41,False,False,0.36132316782800633,36.132316782800636,36.13,False,False
expanded-v3-w4a4-22source-20261007,all12,startlux-decision-2b,StartLux-Decision,W4A4,expanded-20261007-v3,startlux-decision-2b,s1q-local,S1Qv1,wanli,WANLI,standard_dataset,upstream_dataset_gold,256,256,0.33984375,33.984375,33.98,False,False,0.36132316782800633,36.132316782800636,36.13,False,False
expanded-v3-w4a4-22source-20261007,all12,startlux-decision-2b,StartLux-Decision,W4A4,expanded-20261007-v3,startlux-decision-2b,s1q-local,S1Qv1,wildjailbreak,WildJailBreak harmful/benign classification,domain_decision_suite,native_annotation,128,128,0.5859375,58.59375,58.59,False,False,0.36132316782800633,36.132316782800636,36.13,False,False
expanded-v3-w4a4-22source-20261007,all12,startlux-decision-2b,StartLux-Decision,W4A4,expanded-20261007-v3,startlux-decision-2b,s1q-local,S1Qv1,yelp,Yelp,standard_dataset,upstream_dataset_gold,132,66,0.36363636363636365,36.36363636363637,36.36,False,False,0.36132316782800633,36.132316782800636,36.13,False,False
expanded-v3-w4a4-22source-20261007,all12,startlux-decision-2b,StartLux-Decision,W4A4,expanded-20261007-v3,startlux-decision-2b,s1q2-beta05,S1Qv2,agnews,AG News,standard_dataset,upstream_dataset_gold,360,120,0.425,42.5,42.50,False,False,0.3571514864974962,35.715148649749615,35.72,False,False
expanded-v3-w4a4-22source-20261007,all12,startlux-decision-2b,StartLux-Decision,W4A4,expanded-20261007-v3,startlux-decision-2b,s1q2-beta05,S1Qv2,amazon,Amazon Reviews,standard_dataset,upstream_dataset_gold,128,128,0.1953125,19.53125,19.53,False,False,0.3571514864974962,35.715148649749615,35.72,False,False
expanded-v3-w4a4-22source-20261007,all12,startlux-decision-2b,StartLux-Decision,W4A4,expanded-20261007-v3,startlux-decision-2b,s1q2-beta05,S1Qv2,arc,ARC,standard_dataset,upstream_dataset_gold,128,128,0.2421875,24.21875,24.22,False,False,0.3571514864974962,35.715148649749615,35.72,False,False
expanded-v3-w4a4-22source-20261007,all12,startlux-decision-2b,StartLux-Decision,W4A4,expanded-20261007-v3,startlux-decision-2b,s1q2-beta05,S1Qv2,boolq,BoolQ,standard_dataset,upstream_dataset_gold,120,120,0.5583333333333333,55.833333333333336,55.83,False,False,0.3571514864974962,35.715148649749615,35.72,False,False
expanded-v3-w4a4-22source-20261007,all12,startlux-decision-2b,StartLux-Decision,W4A4,expanded-20261007-v3,startlux-decision-2b,s1q2-beta05,S1Qv2,csqa,CommonsenseQA,standard_dataset,upstream_dataset_gold,128,128,0.1953125,19.53125,19.53,False,False,0.3571514864974962,35.715148649749615,35.72,False,False
expanded-v3-w4a4-22source-20261007,all12,startlux-decision-2b,StartLux-Decision,W4A4,expanded-20261007-v3,startlux-decision-2b,s1q2-beta05,S1Qv2,emotion,Emotion,standard_dataset,upstream_dataset_gold,120,120,0.2916666666666667,29.166666666666668,29.17,False,False,0.3571514864974962,35.715148649749615,35.72,False,False
expanded-v3-w4a4-22source-20261007,all12,startlux-decision-2b,StartLux-Decision,W4A4,expanded-20261007-v3,startlux-decision-2b,s1q2-beta05,S1Qv2,imdb,IMDb,standard_dataset,upstream_dataset_gold,53,53,0.5471698113207547,54.71698113207547,54.72,False,False,0.3571514864974962,35.715148649749615,35.72,False,False
expanded-v3-w4a4-22source-20261007,all12,startlux-decision-2b,StartLux-Decision,W4A4,expanded-20261007-v3,startlux-decision-2b,s1q2-beta05,S1Qv2,jevbench,JevBench new eligible public tasks,authored_scenario_suite,authored_scenario_gold,48,48,0.2708333333333333,27.083333333333332,27.08,False,False,0.3571514864974962,35.715148649749615,35.72,False,False
expanded-v3-w4a4-22source-20261007,all12,startlux-decision-2b,StartLux-Decision,W4A4,expanded-20261007-v3,startlux-decision-2b,s1q2-beta05,S1Qv2,mmlu,MMLU,standard_dataset,upstream_dataset_gold,99,99,0.1919191919191919,19.19191919191919,19.19,False,False,0.3571514864974962,35.715148649749615,35.72,False,False
expanded-v3-w4a4-22source-20261007,all12,startlux-decision-2b,StartLux-Decision,W4A4,expanded-20261007-v3,startlux-decision-2b,s1q2-beta05,S1Qv2,mnli,MNLI,standard_dataset,upstream_dataset_gold,122,122,0.3770491803278688,37.704918032786885,37.70,False,False,0.3571514864974962,35.715148649749615,35.72,False,False
expanded-v3-w4a4-22source-20261007,all12,startlux-decision-2b,StartLux-Decision,W4A4,expanded-20261007-v3,startlux-decision-2b,s1q2-beta05,S1Qv2,openbookqa,OpenBookQA,standard_dataset,upstream_dataset_gold,128,128,0.2109375,21.09375,21.09,False,False,0.3571514864974962,35.715148649749615,35.72,False,False
expanded-v3-w4a4-22source-20261007,all12,startlux-decision-2b,StartLux-Decision,W4A4,expanded-20261007-v3,startlux-decision-2b,s1q2-beta05,S1Qv2,paws,PAWS,standard_dataset,upstream_dataset_gold,128,128,0.5625,56.25,56.25,False,False,0.3571514864974962,35.715148649749615,35.72,False,False
expanded-v3-w4a4-22source-20261007,all12,startlux-decision-2b,StartLux-Decision,W4A4,expanded-20261007-v3,startlux-decision-2b,s1q2-beta05,S1Qv2,qnli,QNLI,standard_dataset,upstream_dataset_gold,128,128,0.578125,57.8125,57.81,False,False,0.3571514864974962,35.715148649749615,35.72,False,False
expanded-v3-w4a4-22source-20261007,all12,startlux-decision-2b,StartLux-Decision,W4A4,expanded-20261007-v3,startlux-decision-2b,s1q2-beta05,S1Qv2,sciq,SciQ,standard_dataset,upstream_dataset_gold,92,92,0.29347826086956524,29.347826086956523,29.35,False,False,0.3571514864974962,35.715148649749615,35.72,False,False
expanded-v3-w4a4-22source-20261007,all12,startlux-decision-2b,StartLux-Decision,W4A4,expanded-20261007-v3,startlux-decision-2b,s1q2-beta05,S1Qv2,semif,SemIf authored,authored_rule_suite,authored_scenario_gold,128,32,0.375,37.5,37.50,False,False,0.3571514864974962,35.715148649749615,35.72,False,False
expanded-v3-w4a4-22source-20261007,all12,startlux-decision-2b,StartLux-Decision,W4A4,expanded-20261007-v3,startlux-decision-2b,s1q2-beta05,S1Qv2,sst5,SST-5,standard_dataset,upstream_dataset_gold,128,128,0.140625,14.0625,14.06,False,False,0.3571514864974962,35.715148649749615,35.72,False,False
expanded-v3-w4a4-22source-20261007,all12,startlux-decision-2b,StartLux-Decision,W4A4,expanded-20261007-v3,startlux-decision-2b,s1q2-beta05,S1Qv2,toolace,ToolACE tool-choice classification,domain_decision_suite,native_annotation,68,68,0.5294117647058824,52.94117647058824,52.94,False,False,0.3571514864974962,35.715148649749615,35.72,False,False
expanded-v3-w4a4-22source-20261007,all12,startlux-decision-2b,StartLux-Decision,W4A4,expanded-20261007-v3,startlux-decision-2b,s1q2-beta05,S1Qv2,trec,TREC,standard_dataset,upstream_dataset_gold,121,121,0.10743801652892562,10.743801652892563,10.74,False,False,0.3571514864974962,35.715148649749615,35.72,False,False
expanded-v3-w4a4-22source-20261007,all12,startlux-decision-2b,StartLux-Decision,W4A4,expanded-20261007-v3,startlux-decision-2b,s1q2-beta05,S1Qv2,tweet-offensive,TweetEval Offensive,standard_dataset,upstream_dataset_gold,128,128,0.4296875,42.96875,42.97,False,False,0.3571514864974962,35.715148649749615,35.72,False,False
expanded-v3-w4a4-22source-20261007,all12,startlux-decision-2b,StartLux-Decision,W4A4,expanded-20261007-v3,startlux-decision-2b,s1q2-beta05,S1Qv2,wanli,WANLI,standard_dataset,upstream_dataset_gold,256,256,0.36328125,36.328125,36.33,False,False,0.3571514864974962,35.715148649749615,35.72,False,False
expanded-v3-w4a4-22source-20261007,all12,startlux-decision-2b,StartLux-Decision,W4A4,expanded-20261007-v3,startlux-decision-2b,s1q2-beta05,S1Qv2,wildjailbreak,WildJailBreak harmful/benign classification,domain_decision_suite,native_annotation,128,128,0.578125,57.8125,57.81,False,False,0.3571514864974962,35.715148649749615,35.72,False,False
expanded-v3-w4a4-22source-20261007,all12,startlux-decision-2b,StartLux-Decision,W4A4,expanded-20261007-v3,startlux-decision-2b,s1q2-beta05,S1Qv2,yelp,Yelp,standard_dataset,upstream_dataset_gold,132,66,0.3939393939393939,39.39393939393939,39.39,False,False,0.3571514864974962,35.715148649749615,35.72,False,False
expanded-v3-w4a4-22source-20261007,all12,startlux-decision-2b,StartLux-Decision,W4A4,expanded-20261007-v3,startlux-decision-2b,smoothquant-adapted,SmoothQuant*,agnews,AG News,standard_dataset,upstream_dataset_gold,360,120,0.30277777777777776,30.277777777777775,30.28,False,False,0.34862397799387373,34.862397799387374,34.86,False,False
expanded-v3-w4a4-22source-20261007,all12,startlux-decision-2b,StartLux-Decision,W4A4,expanded-20261007-v3,startlux-decision-2b,smoothquant-adapted,SmoothQuant*,amazon,Amazon Reviews,standard_dataset,upstream_dataset_gold,128,128,0.21875,21.875,21.88,False,False,0.34862397799387373,34.862397799387374,34.86,False,False
expanded-v3-w4a4-22source-20261007,all12,startlux-decision-2b,StartLux-Decision,W4A4,expanded-20261007-v3,startlux-decision-2b,smoothquant-adapted,SmoothQuant*,arc,ARC,standard_dataset,upstream_dataset_gold,128,128,0.28125,28.125,28.12,False,False,0.34862397799387373,34.862397799387374,34.86,False,False
expanded-v3-w4a4-22source-20261007,all12,startlux-decision-2b,StartLux-Decision,W4A4,expanded-20261007-v3,startlux-decision-2b,smoothquant-adapted,SmoothQuant*,boolq,BoolQ,standard_dataset,upstream_dataset_gold,120,120,0.575,57.49999999999999,57.50,False,False,0.34862397799387373,34.862397799387374,34.86,False,False
expanded-v3-w4a4-22source-20261007,all12,startlux-decision-2b,StartLux-Decision,W4A4,expanded-20261007-v3,startlux-decision-2b,smoothquant-adapted,SmoothQuant*,csqa,CommonsenseQA,standard_dataset,upstream_dataset_gold,128,128,0.1640625,16.40625,16.41,False,False,0.34862397799387373,34.862397799387374,34.86,False,False
expanded-v3-w4a4-22source-20261007,all12,startlux-decision-2b,StartLux-Decision,W4A4,expanded-20261007-v3,startlux-decision-2b,smoothquant-adapted,SmoothQuant*,emotion,Emotion,standard_dataset,upstream_dataset_gold,120,120,0.20833333333333334,20.833333333333336,20.83,False,False,0.34862397799387373,34.862397799387374,34.86,False,False
expanded-v3-w4a4-22source-20261007,all12,startlux-decision-2b,StartLux-Decision,W4A4,expanded-20261007-v3,startlux-decision-2b,smoothquant-adapted,SmoothQuant*,imdb,IMDb,standard_dataset,upstream_dataset_gold,53,53,0.5849056603773585,58.490566037735846,58.49,False,False,0.34862397799387373,34.862397799387374,34.86,False,False
expanded-v3-w4a4-22source-20261007,all12,startlux-decision-2b,StartLux-Decision,W4A4,expanded-20261007-v3,startlux-decision-2b,smoothquant-adapted,SmoothQuant*,jevbench,JevBench new eligible public tasks,authored_scenario_suite,authored_scenario_gold,48,48,0.2916666666666667,29.166666666666668,29.17,False,False,0.34862397799387373,34.862397799387374,34.86,False,False
expanded-v3-w4a4-22source-20261007,all12,startlux-decision-2b,StartLux-Decision,W4A4,expanded-20261007-v3,startlux-decision-2b,smoothquant-adapted,SmoothQuant*,mmlu,MMLU,standard_dataset,upstream_dataset_gold,99,99,0.2222222222222222,22.22222222222222,22.22,False,False,0.34862397799387373,34.862397799387374,34.86,False,False
expanded-v3-w4a4-22source-20261007,all12,startlux-decision-2b,StartLux-Decision,W4A4,expanded-20261007-v3,startlux-decision-2b,smoothquant-adapted,SmoothQuant*,mnli,MNLI,standard_dataset,upstream_dataset_gold,122,122,0.29508196721311475,29.508196721311474,29.51,False,False,0.34862397799387373,34.862397799387374,34.86,False,False
expanded-v3-w4a4-22source-20261007,all12,startlux-decision-2b,StartLux-Decision,W4A4,expanded-20261007-v3,startlux-decision-2b,smoothquant-adapted,SmoothQuant*,openbookqa,OpenBookQA,standard_dataset,upstream_dataset_gold,128,128,0.28125,28.125,28.12,False,False,0.34862397799387373,34.862397799387374,34.86,False,False
expanded-v3-w4a4-22source-20261007,all12,startlux-decision-2b,StartLux-Decision,W4A4,expanded-20261007-v3,startlux-decision-2b,smoothquant-adapted,SmoothQuant*,paws,PAWS,standard_dataset,upstream_dataset_gold,128,128,0.5234375,52.34375,52.34,False,False,0.34862397799387373,34.862397799387374,34.86,False,False
expanded-v3-w4a4-22source-20261007,all12,startlux-decision-2b,StartLux-Decision,W4A4,expanded-20261007-v3,startlux-decision-2b,smoothquant-adapted,SmoothQuant*,qnli,QNLI,standard_dataset,upstream_dataset_gold,128,128,0.5078125,50.78125,50.78,False,False,0.34862397799387373,34.862397799387374,34.86,False,False
expanded-v3-w4a4-22source-20261007,all12,startlux-decision-2b,StartLux-Decision,W4A4,expanded-20261007-v3,startlux-decision-2b,smoothquant-adapted,SmoothQuant*,sciq,SciQ,standard_dataset,upstream_dataset_gold,92,92,0.2391304347826087,23.91304347826087,23.91,False,False,0.34862397799387373,34.862397799387374,34.86,False,False
expanded-v3-w4a4-22source-20261007,all12,startlux-decision-2b,StartLux-Decision,W4A4,expanded-20261007-v3,startlux-decision-2b,smoothquant-adapted,SmoothQuant*,semif,SemIf authored,authored_rule_suite,authored_scenario_gold,128,32,0.359375,35.9375,35.94,False,False,0.34862397799387373,34.862397799387374,34.86,False,False
expanded-v3-w4a4-22source-20261007,all12,startlux-decision-2b,StartLux-Decision,W4A4,expanded-20261007-v3,startlux-decision-2b,smoothquant-adapted,SmoothQuant*,sst5,SST-5,standard_dataset,upstream_dataset_gold,128,128,0.1484375,14.84375,14.84,False,False,0.34862397799387373,34.862397799387374,34.86,False,False
expanded-v3-w4a4-22source-20261007,all12,startlux-decision-2b,StartLux-Decision,W4A4,expanded-20261007-v3,startlux-decision-2b,smoothquant-adapted,SmoothQuant*,toolace,ToolACE tool-choice classification,domain_decision_suite,native_annotation,68,68,0.45588235294117646,45.588235294117645,45.59,False,False,0.34862397799387373,34.862397799387374,34.86,False,False
expanded-v3-w4a4-22source-20261007,all12,startlux-decision-2b,StartLux-Decision,W4A4,expanded-20261007-v3,startlux-decision-2b,smoothquant-adapted,SmoothQuant*,trec,TREC,standard_dataset,upstream_dataset_gold,121,121,0.11570247933884298,11.570247933884298,11.57,False,False,0.34862397799387373,34.862397799387374,34.86,False,False
expanded-v3-w4a4-22source-20261007,all12,startlux-decision-2b,StartLux-Decision,W4A4,expanded-20261007-v3,startlux-decision-2b,smoothquant-adapted,SmoothQuant*,tweet-offensive,TweetEval Offensive,standard_dataset,upstream_dataset_gold,128,128,0.328125,32.8125,32.81,False,False,0.34862397799387373,34.862397799387374,34.86,False,False
expanded-v3-w4a4-22source-20261007,all12,startlux-decision-2b,StartLux-Decision,W4A4,expanded-20261007-v3,startlux-decision-2b,smoothquant-adapted,SmoothQuant*,wanli,WANLI,standard_dataset,upstream_dataset_gold,256,256,0.359375,35.9375,35.94,False,False,0.34862397799387373,34.862397799387374,34.86,False,False
expanded-v3-w4a4-22source-20261007,all12,startlux-decision-2b,StartLux-Decision,W4A4,expanded-20261007-v3,startlux-decision-2b,smoothquant-adapted,SmoothQuant*,wildjailbreak,WildJailBreak harmful/benign classification,domain_decision_suite,native_annotation,128,128,0.8359375,83.59375,83.59,True,True,0.34862397799387373,34.862397799387374,34.86,False,False
expanded-v3-w4a4-22source-20261007,all12,startlux-decision-2b,StartLux-Decision,W4A4,expanded-20261007-v3,startlux-decision-2b,smoothquant-adapted,SmoothQuant*,yelp,Yelp,standard_dataset,upstream_dataset_gold,132,66,0.3712121212121212,37.121212121212125,37.12,False,False,0.34862397799387373,34.862397799387374,34.86,False,False
expanded-v3-w4a4-22source-20261007,all12,startlux-decision-2b,StartLux-Decision,W4A4,expanded-20261007-v3,startlux-decision-2b,awq-adapted,AWQ*,agnews,AG News,standard_dataset,upstream_dataset_gold,360,120,0.37222222222222223,37.22222222222222,37.22,False,False,0.3574276766894832,35.742767668948325,35.74,False,False
expanded-v3-w4a4-22source-20261007,all12,startlux-decision-2b,StartLux-Decision,W4A4,expanded-20261007-v3,startlux-decision-2b,awq-adapted,AWQ*,amazon,Amazon Reviews,standard_dataset,upstream_dataset_gold,128,128,0.1796875,17.96875,17.97,False,False,0.3574276766894832,35.742767668948325,35.74,False,False
expanded-v3-w4a4-22source-20261007,all12,startlux-decision-2b,StartLux-Decision,W4A4,expanded-20261007-v3,startlux-decision-2b,awq-adapted,AWQ*,arc,ARC,standard_dataset,upstream_dataset_gold,128,128,0.21875,21.875,21.88,False,False,0.3574276766894832,35.742767668948325,35.74,False,False
expanded-v3-w4a4-22source-20261007,all12,startlux-decision-2b,StartLux-Decision,W4A4,expanded-20261007-v3,startlux-decision-2b,awq-adapted,AWQ*,boolq,BoolQ,standard_dataset,upstream_dataset_gold,120,120,0.5083333333333333,50.83333333333333,50.83,False,False,0.3574276766894832,35.742767668948325,35.74,False,False
expanded-v3-w4a4-22source-20261007,all12,startlux-decision-2b,StartLux-Decision,W4A4,expanded-20261007-v3,startlux-decision-2b,awq-adapted,AWQ*,csqa,CommonsenseQA,standard_dataset,upstream_dataset_gold,128,128,0.21875,21.875,21.88,False,False,0.3574276766894832,35.742767668948325,35.74,False,False
expanded-v3-w4a4-22source-20261007,all12,startlux-decision-2b,StartLux-Decision,W4A4,expanded-20261007-v3,startlux-decision-2b,awq-adapted,AWQ*,emotion,Emotion,standard_dataset,upstream_dataset_gold,120,120,0.2916666666666667,29.166666666666668,29.17,False,False,0.3574276766894832,35.742767668948325,35.74,False,False
expanded-v3-w4a4-22source-20261007,all12,startlux-decision-2b,StartLux-Decision,W4A4,expanded-20261007-v3,startlux-decision-2b,awq-adapted,AWQ*,imdb,IMDb,standard_dataset,upstream_dataset_gold,53,53,0.5283018867924528,52.83018867924528,52.83,False,False,0.3574276766894832,35.742767668948325,35.74,False,False
expanded-v3-w4a4-22source-20261007,all12,startlux-decision-2b,StartLux-Decision,W4A4,expanded-20261007-v3,startlux-decision-2b,awq-adapted,AWQ*,jevbench,JevBench new eligible public tasks,authored_scenario_suite,authored_scenario_gold,48,48,0.25,25.0,25.00,False,False,0.3574276766894832,35.742767668948325,35.74,False,False
expanded-v3-w4a4-22source-20261007,all12,startlux-decision-2b,StartLux-Decision,W4A4,expanded-20261007-v3,startlux-decision-2b,awq-adapted,AWQ*,mmlu,MMLU,standard_dataset,upstream_dataset_gold,99,99,0.3333333333333333,33.33333333333333,33.33,False,False,0.3574276766894832,35.742767668948325,35.74,False,False
expanded-v3-w4a4-22source-20261007,all12,startlux-decision-2b,StartLux-Decision,W4A4,expanded-20261007-v3,startlux-decision-2b,awq-adapted,AWQ*,mnli,MNLI,standard_dataset,upstream_dataset_gold,122,122,0.3770491803278688,37.704918032786885,37.70,False,False,0.3574276766894832,35.742767668948325,35.74,False,False
expanded-v3-w4a4-22source-20261007,all12,startlux-decision-2b,StartLux-Decision,W4A4,expanded-20261007-v3,startlux-decision-2b,awq-adapted,AWQ*,openbookqa,OpenBookQA,standard_dataset,upstream_dataset_gold,128,128,0.3515625,35.15625,35.16,True,True,0.3574276766894832,35.742767668948325,35.74,False,False
expanded-v3-w4a4-22source-20261007,all12,startlux-decision-2b,StartLux-Decision,W4A4,expanded-20261007-v3,startlux-decision-2b,awq-adapted,AWQ*,paws,PAWS,standard_dataset,upstream_dataset_gold,128,128,0.578125,57.8125,57.81,False,False,0.3574276766894832,35.742767668948325,35.74,False,False
expanded-v3-w4a4-22source-20261007,all12,startlux-decision-2b,StartLux-Decision,W4A4,expanded-20261007-v3,startlux-decision-2b,awq-adapted,AWQ*,qnli,QNLI,standard_dataset,upstream_dataset_gold,128,128,0.5234375,52.34375,52.34,False,False,0.3574276766894832,35.742767668948325,35.74,False,False
expanded-v3-w4a4-22source-20261007,all12,startlux-decision-2b,StartLux-Decision,W4A4,expanded-20261007-v3,startlux-decision-2b,awq-adapted,AWQ*,sciq,SciQ,standard_dataset,upstream_dataset_gold,92,92,0.391304347826087,39.130434782608695,39.13,False,False,0.3574276766894832,35.742767668948325,35.74,False,False
expanded-v3-w4a4-22source-20261007,all12,startlux-decision-2b,StartLux-Decision,W4A4,expanded-20261007-v3,startlux-decision-2b,awq-adapted,AWQ*,semif,SemIf authored,authored_rule_suite,authored_scenario_gold,128,32,0.40625,40.625,40.62,False,False,0.3574276766894832,35.742767668948325,35.74,False,False
expanded-v3-w4a4-22source-20261007,all12,startlux-decision-2b,StartLux-Decision,W4A4,expanded-20261007-v3,startlux-decision-2b,awq-adapted,AWQ*,sst5,SST-5,standard_dataset,upstream_dataset_gold,128,128,0.1796875,17.96875,17.97,False,False,0.3574276766894832,35.742767668948325,35.74,False,False
expanded-v3-w4a4-22source-20261007,all12,startlux-decision-2b,StartLux-Decision,W4A4,expanded-20261007-v3,startlux-decision-2b,awq-adapted,AWQ*,toolace,ToolACE tool-choice classification,domain_decision_suite,native_annotation,68,68,0.5,50.0,50.00,False,False,0.3574276766894832,35.742767668948325,35.74,False,False
expanded-v3-w4a4-22source-20261007,all12,startlux-decision-2b,StartLux-Decision,W4A4,expanded-20261007-v3,startlux-decision-2b,awq-adapted,AWQ*,trec,TREC,standard_dataset,upstream_dataset_gold,121,121,0.09090909090909091,9.090909090909092,9.09,False,False,0.3574276766894832,35.742767668948325,35.74,False,False
expanded-v3-w4a4-22source-20261007,all12,startlux-decision-2b,StartLux-Decision,W4A4,expanded-20261007-v3,startlux-decision-2b,awq-adapted,AWQ*,tweet-offensive,TweetEval Offensive,standard_dataset,upstream_dataset_gold,128,128,0.3515625,35.15625,35.16,False,False,0.3574276766894832,35.742767668948325,35.74,False,False
expanded-v3-w4a4-22source-20261007,all12,startlux-decision-2b,StartLux-Decision,W4A4,expanded-20261007-v3,startlux-decision-2b,awq-adapted,AWQ*,wanli,WANLI,standard_dataset,upstream_dataset_gold,256,256,0.30078125,30.078125,30.08,False,False,0.3574276766894832,35.742767668948325,35.74,False,False
expanded-v3-w4a4-22source-20261007,all12,startlux-decision-2b,StartLux-Decision,W4A4,expanded-20261007-v3,startlux-decision-2b,awq-adapted,AWQ*,wildjailbreak,WildJailBreak harmful/benign classification,domain_decision_suite,native_annotation,128,128,0.5859375,58.59375,58.59,False,False,0.3574276766894832,35.742767668948325,35.74,False,False
expanded-v3-w4a4-22source-20261007,all12,startlux-decision-2b,StartLux-Decision,W4A4,expanded-20261007-v3,startlux-decision-2b,awq-adapted,AWQ*,yelp,Yelp,standard_dataset,upstream_dataset_gold,132,66,0.32575757575757575,32.57575757575758,32.58,False,False,0.3574276766894832,35.742767668948325,35.74,False,False
expanded-v3-w4a4-22source-20261007,all12,startlux-decision-2b,StartLux-Decision,W4A4,expanded-20261007-v3,startlux-decision-2b,gptq-blockdiag-adapted,GPTQ-block*,agnews,AG News,standard_dataset,upstream_dataset_gold,360,120,0.38055555555555554,38.05555555555556,38.06,False,False,0.33592522495481625,33.592522495481624,33.59,False,False
expanded-v3-w4a4-22source-20261007,all12,startlux-decision-2b,StartLux-Decision,W4A4,expanded-20261007-v3,startlux-decision-2b,gptq-blockdiag-adapted,GPTQ-block*,amazon,Amazon Reviews,standard_dataset,upstream_dataset_gold,128,128,0.203125,20.3125,20.31,False,False,0.33592522495481625,33.592522495481624,33.59,False,False
expanded-v3-w4a4-22source-20261007,all12,startlux-decision-2b,StartLux-Decision,W4A4,expanded-20261007-v3,startlux-decision-2b,gptq-blockdiag-adapted,GPTQ-block*,arc,ARC,standard_dataset,upstream_dataset_gold,128,128,0.1796875,17.96875,17.97,False,False,0.33592522495481625,33.592522495481624,33.59,False,False
expanded-v3-w4a4-22source-20261007,all12,startlux-decision-2b,StartLux-Decision,W4A4,expanded-20261007-v3,startlux-decision-2b,gptq-blockdiag-adapted,GPTQ-block*,boolq,BoolQ,standard_dataset,upstream_dataset_gold,120,120,0.4666666666666667,46.666666666666664,46.67,False,False,0.33592522495481625,33.592522495481624,33.59,False,False
expanded-v3-w4a4-22source-20261007,all12,startlux-decision-2b,StartLux-Decision,W4A4,expanded-20261007-v3,startlux-decision-2b,gptq-blockdiag-adapted,GPTQ-block*,csqa,CommonsenseQA,standard_dataset,upstream_dataset_gold,128,128,0.125,12.5,12.50,False,False,0.33592522495481625,33.592522495481624,33.59,False,False
expanded-v3-w4a4-22source-20261007,all12,startlux-decision-2b,StartLux-Decision,W4A4,expanded-20261007-v3,startlux-decision-2b,gptq-blockdiag-adapted,GPTQ-block*,emotion,Emotion,standard_dataset,upstream_dataset_gold,120,120,0.21666666666666667,21.666666666666668,21.67,False,False,0.33592522495481625,33.592522495481624,33.59,False,False
expanded-v3-w4a4-22source-20261007,all12,startlux-decision-2b,StartLux-Decision,W4A4,expanded-20261007-v3,startlux-decision-2b,gptq-blockdiag-adapted,GPTQ-block*,imdb,IMDb,standard_dataset,upstream_dataset_gold,53,53,0.4716981132075472,47.16981132075472,47.17,False,False,0.33592522495481625,33.592522495481624,33.59,False,False
expanded-v3-w4a4-22source-20261007,all12,startlux-decision-2b,StartLux-Decision,W4A4,expanded-20261007-v3,startlux-decision-2b,gptq-blockdiag-adapted,GPTQ-block*,jevbench,JevBench new eligible public tasks,authored_scenario_suite,authored_scenario_gold,48,48,0.20833333333333334,20.833333333333336,20.83,False,False,0.33592522495481625,33.592522495481624,33.59,False,False
expanded-v3-w4a4-22source-20261007,all12,startlux-decision-2b,StartLux-Decision,W4A4,expanded-20261007-v3,startlux-decision-2b,gptq-blockdiag-adapted,GPTQ-block*,mmlu,MMLU,standard_dataset,upstream_dataset_gold,99,99,0.30303030303030304,30.303030303030305,30.30,False,False,0.33592522495481625,33.592522495481624,33.59,False,False
expanded-v3-w4a4-22source-20261007,all12,startlux-decision-2b,StartLux-Decision,W4A4,expanded-20261007-v3,startlux-decision-2b,gptq-blockdiag-adapted,GPTQ-block*,mnli,MNLI,standard_dataset,upstream_dataset_gold,122,122,0.29508196721311475,29.508196721311474,29.51,False,False,0.33592522495481625,33.592522495481624,33.59,False,False
expanded-v3-w4a4-22source-20261007,all12,startlux-decision-2b,StartLux-Decision,W4A4,expanded-20261007-v3,startlux-decision-2b,gptq-blockdiag-adapted,GPTQ-block*,openbookqa,OpenBookQA,standard_dataset,upstream_dataset_gold,128,128,0.2734375,27.34375,27.34,False,False,0.33592522495481625,33.592522495481624,33.59,False,False
expanded-v3-w4a4-22source-20261007,all12,startlux-decision-2b,StartLux-Decision,W4A4,expanded-20261007-v3,startlux-decision-2b,gptq-blockdiag-adapted,GPTQ-block*,paws,PAWS,standard_dataset,upstream_dataset_gold,128,128,0.5390625,53.90625,53.91,False,False,0.33592522495481625,33.592522495481624,33.59,False,False
expanded-v3-w4a4-22source-20261007,all12,startlux-decision-2b,StartLux-Decision,W4A4,expanded-20261007-v3,startlux-decision-2b,gptq-blockdiag-adapted,GPTQ-block*,qnli,QNLI,standard_dataset,upstream_dataset_gold,128,128,0.4609375,46.09375,46.09,False,False,0.33592522495481625,33.592522495481624,33.59,False,False
expanded-v3-w4a4-22source-20261007,all12,startlux-decision-2b,StartLux-Decision,W4A4,expanded-20261007-v3,startlux-decision-2b,gptq-blockdiag-adapted,GPTQ-block*,sciq,SciQ,standard_dataset,upstream_dataset_gold,92,92,0.2608695652173913,26.08695652173913,26.09,False,False,0.33592522495481625,33.592522495481624,33.59,False,False
expanded-v3-w4a4-22source-20261007,all12,startlux-decision-2b,StartLux-Decision,W4A4,expanded-20261007-v3,startlux-decision-2b,gptq-blockdiag-adapted,GPTQ-block*,semif,SemIf authored,authored_rule_suite,authored_scenario_gold,128,32,0.3671875,36.71875,36.72,False,False,0.33592522495481625,33.592522495481624,33.59,False,False
expanded-v3-w4a4-22source-20261007,all12,startlux-decision-2b,StartLux-Decision,W4A4,expanded-20261007-v3,startlux-decision-2b,gptq-blockdiag-adapted,GPTQ-block*,sst5,SST-5,standard_dataset,upstream_dataset_gold,128,128,0.1953125,19.53125,19.53,False,False,0.33592522495481625,33.592522495481624,33.59,False,False
expanded-v3-w4a4-22source-20261007,all12,startlux-decision-2b,StartLux-Decision,W4A4,expanded-20261007-v3,startlux-decision-2b,gptq-blockdiag-adapted,GPTQ-block*,toolace,ToolACE tool-choice classification,domain_decision_suite,native_annotation,68,68,0.4852941176470588,48.529411764705884,48.53,False,False,0.33592522495481625,33.592522495481624,33.59,False,False
expanded-v3-w4a4-22source-20261007,all12,startlux-decision-2b,StartLux-Decision,W4A4,expanded-20261007-v3,startlux-decision-2b,gptq-blockdiag-adapted,GPTQ-block*,trec,TREC,standard_dataset,upstream_dataset_gold,121,121,0.10743801652892562,10.743801652892563,10.74,False,False,0.33592522495481625,33.592522495481624,33.59,False,False
expanded-v3-w4a4-22source-20261007,all12,startlux-decision-2b,StartLux-Decision,W4A4,expanded-20261007-v3,startlux-decision-2b,gptq-blockdiag-adapted,GPTQ-block*,tweet-offensive,TweetEval Offensive,standard_dataset,upstream_dataset_gold,128,128,0.46875,46.875,46.88,False,False,0.33592522495481625,33.592522495481624,33.59,False,False
expanded-v3-w4a4-22source-20261007,all12,startlux-decision-2b,StartLux-Decision,W4A4,expanded-20261007-v3,startlux-decision-2b,gptq-blockdiag-adapted,GPTQ-block*,wanli,WANLI,standard_dataset,upstream_dataset_gold,256,256,0.33203125,33.203125,33.20,False,False,0.33592522495481625,33.592522495481624,33.59,False,False
expanded-v3-w4a4-22source-20261007,all12,startlux-decision-2b,StartLux-Decision,W4A4,expanded-20261007-v3,startlux-decision-2b,gptq-blockdiag-adapted,GPTQ-block*,wildjailbreak,WildJailBreak harmful/benign classification,domain_decision_suite,native_annotation,128,128,0.65625,65.625,65.62,False,False,0.33592522495481625,33.592522495481624,33.59,False,False
expanded-v3-w4a4-22source-20261007,all12,startlux-decision-2b,StartLux-Decision,W4A4,expanded-20261007-v3,startlux-decision-2b,gptq-blockdiag-adapted,GPTQ-block*,yelp,Yelp,standard_dataset,upstream_dataset_gold,132,66,0.3939393939393939,39.39393939393939,39.39,False,False,0.33592522495481625,33.592522495481624,33.59,False,False
expanded-v3-w4a4-22source-20261007,all12,startlux-decision-2b,StartLux-Decision,W4A4,expanded-20261007-v3,startlux-decision-2b,spinquant-nohad-adapted,SpinQuant no-Had*,agnews,AG News,standard_dataset,upstream_dataset_gold,360,120,0.33611111111111114,33.611111111111114,33.61,False,False,0.3386405364152017,33.86405364152017,33.86,False,False
expanded-v3-w4a4-22source-20261007,all12,startlux-decision-2b,StartLux-Decision,W4A4,expanded-20261007-v3,startlux-decision-2b,spinquant-nohad-adapted,SpinQuant no-Had*,amazon,Amazon Reviews,standard_dataset,upstream_dataset_gold,128,128,0.1640625,16.40625,16.41,False,False,0.3386405364152017,33.86405364152017,33.86,False,False
expanded-v3-w4a4-22source-20261007,all12,startlux-decision-2b,StartLux-Decision,W4A4,expanded-20261007-v3,startlux-decision-2b,spinquant-nohad-adapted,SpinQuant no-Had*,arc,ARC,standard_dataset,upstream_dataset_gold,128,128,0.2421875,24.21875,24.22,False,False,0.3386405364152017,33.86405364152017,33.86,False,False
expanded-v3-w4a4-22source-20261007,all12,startlux-decision-2b,StartLux-Decision,W4A4,expanded-20261007-v3,startlux-decision-2b,spinquant-nohad-adapted,SpinQuant no-Had*,boolq,BoolQ,standard_dataset,upstream_dataset_gold,120,120,0.6,60.0,60.00,False,False,0.3386405364152017,33.86405364152017,33.86,False,False
expanded-v3-w4a4-22source-20261007,all12,startlux-decision-2b,StartLux-Decision,W4A4,expanded-20261007-v3,startlux-decision-2b,spinquant-nohad-adapted,SpinQuant no-Had*,csqa,CommonsenseQA,standard_dataset,upstream_dataset_gold,128,128,0.171875,17.1875,17.19,False,False,0.3386405364152017,33.86405364152017,33.86,False,False
expanded-v3-w4a4-22source-20261007,all12,startlux-decision-2b,StartLux-Decision,W4A4,expanded-20261007-v3,startlux-decision-2b,spinquant-nohad-adapted,SpinQuant no-Had*,emotion,Emotion,standard_dataset,upstream_dataset_gold,120,120,0.16666666666666666,16.666666666666664,16.67,False,False,0.3386405364152017,33.86405364152017,33.86,False,False
expanded-v3-w4a4-22source-20261007,all12,startlux-decision-2b,StartLux-Decision,W4A4,expanded-20261007-v3,startlux-decision-2b,spinquant-nohad-adapted,SpinQuant no-Had*,imdb,IMDb,standard_dataset,upstream_dataset_gold,53,53,0.5471698113207547,54.71698113207547,54.72,False,False,0.3386405364152017,33.86405364152017,33.86,False,False
expanded-v3-w4a4-22source-20261007,all12,startlux-decision-2b,StartLux-Decision,W4A4,expanded-20261007-v3,startlux-decision-2b,spinquant-nohad-adapted,SpinQuant no-Had*,jevbench,JevBench new eligible public tasks,authored_scenario_suite,authored_scenario_gold,48,48,0.22916666666666666,22.916666666666664,22.92,False,False,0.3386405364152017,33.86405364152017,33.86,False,False
expanded-v3-w4a4-22source-20261007,all12,startlux-decision-2b,StartLux-Decision,W4A4,expanded-20261007-v3,startlux-decision-2b,spinquant-nohad-adapted,SpinQuant no-Had*,mmlu,MMLU,standard_dataset,upstream_dataset_gold,99,99,0.3434343434343434,34.34343434343434,34.34,False,False,0.3386405364152017,33.86405364152017,33.86,False,False
expanded-v3-w4a4-22source-20261007,all12,startlux-decision-2b,StartLux-Decision,W4A4,expanded-20261007-v3,startlux-decision-2b,spinquant-nohad-adapted,SpinQuant no-Had*,mnli,MNLI,standard_dataset,upstream_dataset_gold,122,122,0.3770491803278688,37.704918032786885,37.70,False,False,0.3386405364152017,33.86405364152017,33.86,False,False
expanded-v3-w4a4-22source-20261007,all12,startlux-decision-2b,StartLux-Decision,W4A4,expanded-20261007-v3,startlux-decision-2b,spinquant-nohad-adapted,SpinQuant no-Had*,openbookqa,OpenBookQA,standard_dataset,upstream_dataset_gold,128,128,0.296875,29.6875,29.69,False,False,0.3386405364152017,33.86405364152017,33.86,False,False
expanded-v3-w4a4-22source-20261007,all12,startlux-decision-2b,StartLux-Decision,W4A4,expanded-20261007-v3,startlux-decision-2b,spinquant-nohad-adapted,SpinQuant no-Had*,paws,PAWS,standard_dataset,upstream_dataset_gold,128,128,0.484375,48.4375,48.44,False,False,0.3386405364152017,33.86405364152017,33.86,False,False
expanded-v3-w4a4-22source-20261007,all12,startlux-decision-2b,StartLux-Decision,W4A4,expanded-20261007-v3,startlux-decision-2b,spinquant-nohad-adapted,SpinQuant no-Had*,qnli,QNLI,standard_dataset,upstream_dataset_gold,128,128,0.5234375,52.34375,52.34,False,False,0.3386405364152017,33.86405364152017,33.86,False,False
expanded-v3-w4a4-22source-20261007,all12,startlux-decision-2b,StartLux-Decision,W4A4,expanded-20261007-v3,startlux-decision-2b,spinquant-nohad-adapted,SpinQuant no-Had*,sciq,SciQ,standard_dataset,upstream_dataset_gold,92,92,0.22826086956521738,22.82608695652174,22.83,False,False,0.3386405364152017,33.86405364152017,33.86,False,False
expanded-v3-w4a4-22source-20261007,all12,startlux-decision-2b,StartLux-Decision,W4A4,expanded-20261007-v3,startlux-decision-2b,spinquant-nohad-adapted,SpinQuant no-Had*,semif,SemIf authored,authored_rule_suite,authored_scenario_gold,128,32,0.390625,39.0625,39.06,False,False,0.3386405364152017,33.86405364152017,33.86,False,False
expanded-v3-w4a4-22source-20261007,all12,startlux-decision-2b,StartLux-Decision,W4A4,expanded-20261007-v3,startlux-decision-2b,spinquant-nohad-adapted,SpinQuant no-Had*,sst5,SST-5,standard_dataset,upstream_dataset_gold,128,128,0.140625,14.0625,14.06,False,False,0.3386405364152017,33.86405364152017,33.86,False,False
expanded-v3-w4a4-22source-20261007,all12,startlux-decision-2b,StartLux-Decision,W4A4,expanded-20261007-v3,startlux-decision-2b,spinquant-nohad-adapted,SpinQuant no-Had*,toolace,ToolACE tool-choice classification,domain_decision_suite,native_annotation,68,68,0.39705882352941174,39.705882352941174,39.71,False,False,0.3386405364152017,33.86405364152017,33.86,False,False
expanded-v3-w4a4-22source-20261007,all12,startlux-decision-2b,StartLux-Decision,W4A4,expanded-20261007-v3,startlux-decision-2b,spinquant-nohad-adapted,SpinQuant no-Had*,trec,TREC,standard_dataset,upstream_dataset_gold,121,121,0.12396694214876033,12.396694214876034,12.40,False,False,0.3386405364152017,33.86405364152017,33.86,False,False
expanded-v3-w4a4-22source-20261007,all12,startlux-decision-2b,StartLux-Decision,W4A4,expanded-20261007-v3,startlux-decision-2b,spinquant-nohad-adapted,SpinQuant no-Had*,tweet-offensive,TweetEval Offensive,standard_dataset,upstream_dataset_gold,128,128,0.3984375,39.84375,39.84,False,False,0.3386405364152017,33.86405364152017,33.86,False,False
expanded-v3-w4a4-22source-20261007,all12,startlux-decision-2b,StartLux-Decision,W4A4,expanded-20261007-v3,startlux-decision-2b,spinquant-nohad-adapted,SpinQuant no-Had*,wanli,WANLI,standard_dataset,upstream_dataset_gold,256,256,0.35546875,35.546875,35.55,False,False,0.3386405364152017,33.86405364152017,33.86,False,False
expanded-v3-w4a4-22source-20261007,all12,startlux-decision-2b,StartLux-Decision,W4A4,expanded-20261007-v3,startlux-decision-2b,spinquant-nohad-adapted,SpinQuant no-Had*,wildjailbreak,WildJailBreak harmful/benign classification,domain_decision_suite,native_annotation,128,128,0.546875,54.6875,54.69,False,False,0.3386405364152017,33.86405364152017,33.86,False,False
expanded-v3-w4a4-22source-20261007,all12,startlux-decision-2b,StartLux-Decision,W4A4,expanded-20261007-v3,startlux-decision-2b,spinquant-nohad-adapted,SpinQuant no-Had*,yelp,Yelp,standard_dataset,upstream_dataset_gold,132,66,0.38636363636363635,38.63636363636363,38.64,False,False,0.3386405364152017,33.86405364152017,33.86,False,False
expanded-v3-w4a4-22source-20261007,all12,startlux-decision-2b,StartLux-Decision,W4A4,expanded-20261007-v3,startlux-decision-2b,spinquant-had-adapted,SpinQuant Had*,agnews,AG News,standard_dataset,upstream_dataset_gold,360,120,0.7333333333333333,73.33333333333333,73.33,False,False,0.5121941481946687,51.21941481946687,51.22,False,False
expanded-v3-w4a4-22source-20261007,all12,startlux-decision-2b,StartLux-Decision,W4A4,expanded-20261007-v3,startlux-decision-2b,spinquant-had-adapted,SpinQuant Had*,amazon,Amazon Reviews,standard_dataset,upstream_dataset_gold,128,128,0.3359375,33.59375,33.59,False,False,0.5121941481946687,51.21941481946687,51.22,False,False
expanded-v3-w4a4-22source-20261007,all12,startlux-decision-2b,StartLux-Decision,W4A4,expanded-20261007-v3,startlux-decision-2b,spinquant-had-adapted,SpinQuant Had*,arc,ARC,standard_dataset,upstream_dataset_gold,128,128,0.4140625,41.40625,41.41,True,True,0.5121941481946687,51.21941481946687,51.22,False,False
expanded-v3-w4a4-22source-20261007,all12,startlux-decision-2b,StartLux-Decision,W4A4,expanded-20261007-v3,startlux-decision-2b,spinquant-had-adapted,SpinQuant Had*,boolq,BoolQ,standard_dataset,upstream_dataset_gold,120,120,0.5583333333333333,55.833333333333336,55.83,False,False,0.5121941481946687,51.21941481946687,51.22,False,False
expanded-v3-w4a4-22source-20261007,all12,startlux-decision-2b,StartLux-Decision,W4A4,expanded-20261007-v3,startlux-decision-2b,spinquant-had-adapted,SpinQuant Had*,csqa,CommonsenseQA,standard_dataset,upstream_dataset_gold,128,128,0.390625,39.0625,39.06,True,True,0.5121941481946687,51.21941481946687,51.22,False,False
expanded-v3-w4a4-22source-20261007,all12,startlux-decision-2b,StartLux-Decision,W4A4,expanded-20261007-v3,startlux-decision-2b,spinquant-had-adapted,SpinQuant Had*,emotion,Emotion,standard_dataset,upstream_dataset_gold,120,120,0.5333333333333333,53.333333333333336,53.33,False,False,0.5121941481946687,51.21941481946687,51.22,False,False
expanded-v3-w4a4-22source-20261007,all12,startlux-decision-2b,StartLux-Decision,W4A4,expanded-20261007-v3,startlux-decision-2b,spinquant-had-adapted,SpinQuant Had*,imdb,IMDb,standard_dataset,upstream_dataset_gold,53,53,0.8301886792452831,83.01886792452831,83.02,True,True,0.5121941481946687,51.21941481946687,51.22,False,False
expanded-v3-w4a4-22source-20261007,all12,startlux-decision-2b,StartLux-Decision,W4A4,expanded-20261007-v3,startlux-decision-2b,spinquant-had-adapted,SpinQuant Had*,jevbench,JevBench new eligible public tasks,authored_scenario_suite,authored_scenario_gold,48,48,0.8333333333333334,83.33333333333334,83.33,False,False,0.5121941481946687,51.21941481946687,51.22,False,False
expanded-v3-w4a4-22source-20261007,all12,startlux-decision-2b,StartLux-Decision,W4A4,expanded-20261007-v3,startlux-decision-2b,spinquant-had-adapted,SpinQuant Had*,mmlu,MMLU,standard_dataset,upstream_dataset_gold,99,99,0.24242424242424243,24.242424242424242,24.24,False,False,0.5121941481946687,51.21941481946687,51.22,False,False
expanded-v3-w4a4-22source-20261007,all12,startlux-decision-2b,StartLux-Decision,W4A4,expanded-20261007-v3,startlux-decision-2b,spinquant-had-adapted,SpinQuant Had*,mnli,MNLI,standard_dataset,upstream_dataset_gold,122,122,0.4262295081967213,42.62295081967213,42.62,False,False,0.5121941481946687,51.21941481946687,51.22,False,False
expanded-v3-w4a4-22source-20261007,all12,startlux-decision-2b,StartLux-Decision,W4A4,expanded-20261007-v3,startlux-decision-2b,spinquant-had-adapted,SpinQuant Had*,openbookqa,OpenBookQA,standard_dataset,upstream_dataset_gold,128,128,0.328125,32.8125,32.81,False,False,0.5121941481946687,51.21941481946687,51.22,False,False
expanded-v3-w4a4-22source-20261007,all12,startlux-decision-2b,StartLux-Decision,W4A4,expanded-20261007-v3,startlux-decision-2b,spinquant-had-adapted,SpinQuant Had*,paws,PAWS,standard_dataset,upstream_dataset_gold,128,128,0.515625,51.5625,51.56,False,False,0.5121941481946687,51.21941481946687,51.22,False,False
expanded-v3-w4a4-22source-20261007,all12,startlux-decision-2b,StartLux-Decision,W4A4,expanded-20261007-v3,startlux-decision-2b,spinquant-had-adapted,SpinQuant Had*,qnli,QNLI,standard_dataset,upstream_dataset_gold,128,128,0.59375,59.375,59.38,False,False,0.5121941481946687,51.21941481946687,51.22,False,False
expanded-v3-w4a4-22source-20261007,all12,startlux-decision-2b,StartLux-Decision,W4A4,expanded-20261007-v3,startlux-decision-2b,spinquant-had-adapted,SpinQuant Had*,sciq,SciQ,standard_dataset,upstream_dataset_gold,92,92,0.75,75.0,75.00,False,False,0.5121941481946687,51.21941481946687,51.22,False,False
expanded-v3-w4a4-22source-20261007,all12,startlux-decision-2b,StartLux-Decision,W4A4,expanded-20261007-v3,startlux-decision-2b,spinquant-had-adapted,SpinQuant Had*,semif,SemIf authored,authored_rule_suite,authored_scenario_gold,128,32,0.484375,48.4375,48.44,False,False,0.5121941481946687,51.21941481946687,51.22,False,False
expanded-v3-w4a4-22source-20261007,all12,startlux-decision-2b,StartLux-Decision,W4A4,expanded-20261007-v3,startlux-decision-2b,spinquant-had-adapted,SpinQuant Had*,sst5,SST-5,standard_dataset,upstream_dataset_gold,128,128,0.328125,32.8125,32.81,False,False,0.5121941481946687,51.21941481946687,51.22,False,False
expanded-v3-w4a4-22source-20261007,all12,startlux-decision-2b,StartLux-Decision,W4A4,expanded-20261007-v3,startlux-decision-2b,spinquant-had-adapted,SpinQuant Had*,toolace,ToolACE tool-choice classification,domain_decision_suite,native_annotation,68,68,0.6470588235294118,64.70588235294117,64.71,False,False,0.5121941481946687,51.21941481946687,51.22,False,False
expanded-v3-w4a4-22source-20261007,all12,startlux-decision-2b,StartLux-Decision,W4A4,expanded-20261007-v3,startlux-decision-2b,spinquant-had-adapted,SpinQuant Had*,trec,TREC,standard_dataset,upstream_dataset_gold,121,121,0.35537190082644626,35.53719008264463,35.54,False,False,0.5121941481946687,51.21941481946687,51.22,False,False
expanded-v3-w4a4-22source-20261007,all12,startlux-decision-2b,StartLux-Decision,W4A4,expanded-20261007-v3,startlux-decision-2b,spinquant-had-adapted,SpinQuant Had*,tweet-offensive,TweetEval Offensive,standard_dataset,upstream_dataset_gold,128,128,0.75,75.0,75.00,True,True,0.5121941481946687,51.21941481946687,51.22,False,False
expanded-v3-w4a4-22source-20261007,all12,startlux-decision-2b,StartLux-Decision,W4A4,expanded-20261007-v3,startlux-decision-2b,spinquant-had-adapted,SpinQuant Had*,wanli,WANLI,standard_dataset,upstream_dataset_gold,256,256,0.46875,46.875,46.88,True,True,0.5121941481946687,51.21941481946687,51.22,False,False
expanded-v3-w4a4-22source-20261007,all12,startlux-decision-2b,StartLux-Decision,W4A4,expanded-20261007-v3,startlux-decision-2b,spinquant-had-adapted,SpinQuant Had*,wildjailbreak,WildJailBreak harmful/benign classification,domain_decision_suite,native_annotation,128,128,0.2265625,22.65625,22.66,False,False,0.5121941481946687,51.21941481946687,51.22,False,False
expanded-v3-w4a4-22source-20261007,all12,startlux-decision-2b,StartLux-Decision,W4A4,expanded-20261007-v3,startlux-decision-2b,spinquant-had-adapted,SpinQuant Had*,yelp,Yelp,standard_dataset,upstream_dataset_gold,132,66,0.5227272727272727,52.27272727272727,52.27,False,False,0.5121941481946687,51.21941481946687,51.22,False,False
expanded-v3-w4a4-22source-20261007,all12,startlux-decision-2b,StartLux-Decision,W4A4,expanded-20261007-v3,startlux-decision-2b,s1q-joint,S1Q-Joint,agnews,AG News,standard_dataset,upstream_dataset_gold,360,120,0.7583333333333333,75.83333333333333,75.83,True,True,0.5340693382570096,53.40693382570096,53.41,True,True
expanded-v3-w4a4-22source-20261007,all12,startlux-decision-2b,StartLux-Decision,W4A4,expanded-20261007-v3,startlux-decision-2b,s1q-joint,S1Q-Joint,amazon,Amazon Reviews,standard_dataset,upstream_dataset_gold,128,128,0.359375,35.9375,35.94,False,False,0.5340693382570096,53.40693382570096,53.41,True,True
expanded-v3-w4a4-22source-20261007,all12,startlux-decision-2b,StartLux-Decision,W4A4,expanded-20261007-v3,startlux-decision-2b,s1q-joint,S1Q-Joint,arc,ARC,standard_dataset,upstream_dataset_gold,128,128,0.4140625,41.40625,41.41,True,True,0.5340693382570096,53.40693382570096,53.41,True,True
expanded-v3-w4a4-22source-20261007,all12,startlux-decision-2b,StartLux-Decision,W4A4,expanded-20261007-v3,startlux-decision-2b,s1q-joint,S1Q-Joint,boolq,BoolQ,standard_dataset,upstream_dataset_gold,120,120,0.5666666666666667,56.666666666666664,56.67,False,False,0.5340693382570096,53.40693382570096,53.41,True,True
expanded-v3-w4a4-22source-20261007,all12,startlux-decision-2b,StartLux-Decision,W4A4,expanded-20261007-v3,startlux-decision-2b,s1q-joint,S1Q-Joint,csqa,CommonsenseQA,standard_dataset,upstream_dataset_gold,128,128,0.3046875,30.46875,30.47,False,False,0.5340693382570096,53.40693382570096,53.41,True,True
expanded-v3-w4a4-22source-20261007,all12,startlux-decision-2b,StartLux-Decision,W4A4,expanded-20261007-v3,startlux-decision-2b,s1q-joint,S1Q-Joint,emotion,Emotion,standard_dataset,upstream_dataset_gold,120,120,0.4666666666666667,46.666666666666664,46.67,False,False,0.5340693382570096,53.40693382570096,53.41,True,True
expanded-v3-w4a4-22source-20261007,all12,startlux-decision-2b,StartLux-Decision,W4A4,expanded-20261007-v3,startlux-decision-2b,s1q-joint,S1Q-Joint,imdb,IMDb,standard_dataset,upstream_dataset_gold,53,53,0.7547169811320755,75.47169811320755,75.47,False,False,0.5340693382570096,53.40693382570096,53.41,True,True
expanded-v3-w4a4-22source-20261007,all12,startlux-decision-2b,StartLux-Decision,W4A4,expanded-20261007-v3,startlux-decision-2b,s1q-joint,S1Q-Joint,jevbench,JevBench new eligible public tasks,authored_scenario_suite,authored_scenario_gold,48,48,0.8125,81.25,81.25,False,False,0.5340693382570096,53.40693382570096,53.41,True,True
expanded-v3-w4a4-22source-20261007,all12,startlux-decision-2b,StartLux-Decision,W4A4,expanded-20261007-v3,startlux-decision-2b,s1q-joint,S1Q-Joint,mmlu,MMLU,standard_dataset,upstream_dataset_gold,99,99,0.35353535353535354,35.35353535353536,35.35,False,False,0.5340693382570096,53.40693382570096,53.41,True,True
expanded-v3-w4a4-22source-20261007,all12,startlux-decision-2b,StartLux-Decision,W4A4,expanded-20261007-v3,startlux-decision-2b,s1q-joint,S1Q-Joint,mnli,MNLI,standard_dataset,upstream_dataset_gold,122,122,0.5245901639344263,52.459016393442624,52.46,True,True,0.5340693382570096,53.40693382570096,53.41,True,True
expanded-v3-w4a4-22source-20261007,all12,startlux-decision-2b,StartLux-Decision,W4A4,expanded-20261007-v3,startlux-decision-2b,s1q-joint,S1Q-Joint,openbookqa,OpenBookQA,standard_dataset,upstream_dataset_gold,128,128,0.3125,31.25,31.25,False,False,0.5340693382570096,53.40693382570096,53.41,True,True
expanded-v3-w4a4-22source-20261007,all12,startlux-decision-2b,StartLux-Decision,W4A4,expanded-20261007-v3,startlux-decision-2b,s1q-joint,S1Q-Joint,paws,PAWS,standard_dataset,upstream_dataset_gold,128,128,0.5078125,50.78125,50.78,False,False,0.5340693382570096,53.40693382570096,53.41,True,True
expanded-v3-w4a4-22source-20261007,all12,startlux-decision-2b,StartLux-Decision,W4A4,expanded-20261007-v3,startlux-decision-2b,s1q-joint,S1Q-Joint,qnli,QNLI,standard_dataset,upstream_dataset_gold,128,128,0.6171875,61.71875,61.72,False,False,0.5340693382570096,53.40693382570096,53.41,True,True
expanded-v3-w4a4-22source-20261007,all12,startlux-decision-2b,StartLux-Decision,W4A4,expanded-20261007-v3,startlux-decision-2b,s1q-joint,S1Q-Joint,sciq,SciQ,standard_dataset,upstream_dataset_gold,92,92,0.7934782608695652,79.34782608695652,79.35,True,True,0.5340693382570096,53.40693382570096,53.41,True,True
expanded-v3-w4a4-22source-20261007,all12,startlux-decision-2b,StartLux-Decision,W4A4,expanded-20261007-v3,startlux-decision-2b,s1q-joint,S1Q-Joint,semif,SemIf authored,authored_rule_suite,authored_scenario_gold,128,32,0.53125,53.125,53.12,False,False,0.5340693382570096,53.40693382570096,53.41,True,True
expanded-v3-w4a4-22source-20261007,all12,startlux-decision-2b,StartLux-Decision,W4A4,expanded-20261007-v3,startlux-decision-2b,s1q-joint,S1Q-Joint,sst5,SST-5,standard_dataset,upstream_dataset_gold,128,128,0.3359375,33.59375,33.59,False,False,0.5340693382570096,53.40693382570096,53.41,True,True
expanded-v3-w4a4-22source-20261007,all12,startlux-decision-2b,StartLux-Decision,W4A4,expanded-20261007-v3,startlux-decision-2b,s1q-joint,S1Q-Joint,toolace,ToolACE tool-choice classification,domain_decision_suite,native_annotation,68,68,0.7941176470588235,79.41176470588235,79.41,True,True,0.5340693382570096,53.40693382570096,53.41,True,True
expanded-v3-w4a4-22source-20261007,all12,startlux-decision-2b,StartLux-Decision,W4A4,expanded-20261007-v3,startlux-decision-2b,s1q-joint,S1Q-Joint,trec,TREC,standard_dataset,upstream_dataset_gold,121,121,0.4214876033057851,42.14876033057851,42.15,True,True,0.5340693382570096,53.40693382570096,53.41,True,True
expanded-v3-w4a4-22source-20261007,all12,startlux-decision-2b,StartLux-Decision,W4A4,expanded-20261007-v3,startlux-decision-2b,s1q-joint,S1Q-Joint,tweet-offensive,TweetEval Offensive,standard_dataset,upstream_dataset_gold,128,128,0.671875,67.1875,67.19,False,False,0.5340693382570096,53.40693382570096,53.41,True,True
expanded-v3-w4a4-22source-20261007,all12,startlux-decision-2b,StartLux-Decision,W4A4,expanded-20261007-v3,startlux-decision-2b,s1q-joint,S1Q-Joint,wanli,WANLI,standard_dataset,upstream_dataset_gold,256,256,0.45703125,45.703125,45.70,False,False,0.5340693382570096,53.40693382570096,53.41,True,True
expanded-v3-w4a4-22source-20261007,all12,startlux-decision-2b,StartLux-Decision,W4A4,expanded-20261007-v3,startlux-decision-2b,s1q-joint,S1Q-Joint,wildjailbreak,WildJailBreak harmful/benign classification,domain_decision_suite,native_annotation,128,128,0.4765625,47.65625,47.66,False,False,0.5340693382570096,53.40693382570096,53.41,True,True
expanded-v3-w4a4-22source-20261007,all12,startlux-decision-2b,StartLux-Decision,W4A4,expanded-20261007-v3,startlux-decision-2b,s1q-joint,S1Q-Joint,yelp,Yelp,standard_dataset,upstream_dataset_gold,132,66,0.5151515151515151,51.515151515151516,51.52,False,False,0.5340693382570096,53.40693382570096,53.41,True,True
expanded-v3-w4a4-22source-20261007,all12,startlux-decision-2b,StartLux-Decision,W4A4,expanded-20261007-v3,startlux-decision-2b,s1q-ac,S1Q-AC,agnews,AG News,standard_dataset,upstream_dataset_gold,360,120,0.7388888888888889,73.88888888888889,73.89,False,False,0.5275076851493972,52.750768514939715,52.75,False,False
expanded-v3-w4a4-22source-20261007,all12,startlux-decision-2b,StartLux-Decision,W4A4,expanded-20261007-v3,startlux-decision-2b,s1q-ac,S1Q-AC,amazon,Amazon Reviews,standard_dataset,upstream_dataset_gold,128,128,0.3671875,36.71875,36.72,True,True,0.5275076851493972,52.750768514939715,52.75,False,False
expanded-v3-w4a4-22source-20261007,all12,startlux-decision-2b,StartLux-Decision,W4A4,expanded-20261007-v3,startlux-decision-2b,s1q-ac,S1Q-AC,arc,ARC,standard_dataset,upstream_dataset_gold,128,128,0.4140625,41.40625,41.41,True,True,0.5275076851493972,52.750768514939715,52.75,False,False
expanded-v3-w4a4-22source-20261007,all12,startlux-decision-2b,StartLux-Decision,W4A4,expanded-20261007-v3,startlux-decision-2b,s1q-ac,S1Q-AC,boolq,BoolQ,standard_dataset,upstream_dataset_gold,120,120,0.5916666666666667,59.166666666666664,59.17,False,False,0.5275076851493972,52.750768514939715,52.75,False,False
expanded-v3-w4a4-22source-20261007,all12,startlux-decision-2b,StartLux-Decision,W4A4,expanded-20261007-v3,startlux-decision-2b,s1q-ac,S1Q-AC,csqa,CommonsenseQA,standard_dataset,upstream_dataset_gold,128,128,0.390625,39.0625,39.06,True,True,0.5275076851493972,52.750768514939715,52.75,False,False
expanded-v3-w4a4-22source-20261007,all12,startlux-decision-2b,StartLux-Decision,W4A4,expanded-20261007-v3,startlux-decision-2b,s1q-ac,S1Q-AC,emotion,Emotion,standard_dataset,upstream_dataset_gold,120,120,0.4166666666666667,41.66666666666667,41.67,False,False,0.5275076851493972,52.750768514939715,52.75,False,False
expanded-v3-w4a4-22source-20261007,all12,startlux-decision-2b,StartLux-Decision,W4A4,expanded-20261007-v3,startlux-decision-2b,s1q-ac,S1Q-AC,imdb,IMDb,standard_dataset,upstream_dataset_gold,53,53,0.7169811320754716,71.69811320754717,71.70,False,False,0.5275076851493972,52.750768514939715,52.75,False,False
expanded-v3-w4a4-22source-20261007,all12,startlux-decision-2b,StartLux-Decision,W4A4,expanded-20261007-v3,startlux-decision-2b,s1q-ac,S1Q-AC,jevbench,JevBench new eligible public tasks,authored_scenario_suite,authored_scenario_gold,48,48,0.9166666666666666,91.66666666666666,91.67,True,True,0.5275076851493972,52.750768514939715,52.75,False,False
expanded-v3-w4a4-22source-20261007,all12,startlux-decision-2b,StartLux-Decision,W4A4,expanded-20261007-v3,startlux-decision-2b,s1q-ac,S1Q-AC,mmlu,MMLU,standard_dataset,upstream_dataset_gold,99,99,0.41414141414141414,41.41414141414141,41.41,True,True,0.5275076851493972,52.750768514939715,52.75,False,False
expanded-v3-w4a4-22source-20261007,all12,startlux-decision-2b,StartLux-Decision,W4A4,expanded-20261007-v3,startlux-decision-2b,s1q-ac,S1Q-AC,mnli,MNLI,standard_dataset,upstream_dataset_gold,122,122,0.4426229508196721,44.26229508196721,44.26,False,False,0.5275076851493972,52.750768514939715,52.75,False,False
expanded-v3-w4a4-22source-20261007,all12,startlux-decision-2b,StartLux-Decision,W4A4,expanded-20261007-v3,startlux-decision-2b,s1q-ac,S1Q-AC,openbookqa,OpenBookQA,standard_dataset,upstream_dataset_gold,128,128,0.2734375,27.34375,27.34,False,False,0.5275076851493972,52.750768514939715,52.75,False,False
expanded-v3-w4a4-22source-20261007,all12,startlux-decision-2b,StartLux-Decision,W4A4,expanded-20261007-v3,startlux-decision-2b,s1q-ac,S1Q-AC,paws,PAWS,standard_dataset,upstream_dataset_gold,128,128,0.6328125,63.28125,63.28,True,True,0.5275076851493972,52.750768514939715,52.75,False,False
expanded-v3-w4a4-22source-20261007,all12,startlux-decision-2b,StartLux-Decision,W4A4,expanded-20261007-v3,startlux-decision-2b,s1q-ac,S1Q-AC,qnli,QNLI,standard_dataset,upstream_dataset_gold,128,128,0.5390625,53.90625,53.91,False,False,0.5275076851493972,52.750768514939715,52.75,False,False
expanded-v3-w4a4-22source-20261007,all12,startlux-decision-2b,StartLux-Decision,W4A4,expanded-20261007-v3,startlux-decision-2b,s1q-ac,S1Q-AC,sciq,SciQ,standard_dataset,upstream_dataset_gold,92,92,0.7608695652173914,76.08695652173914,76.09,False,False,0.5275076851493972,52.750768514939715,52.75,False,False
expanded-v3-w4a4-22source-20261007,all12,startlux-decision-2b,StartLux-Decision,W4A4,expanded-20261007-v3,startlux-decision-2b,s1q-ac,S1Q-AC,semif,SemIf authored,authored_rule_suite,authored_scenario_gold,128,32,0.5859375,58.59375,58.59,True,True,0.5275076851493972,52.750768514939715,52.75,False,False
expanded-v3-w4a4-22source-20261007,all12,startlux-decision-2b,StartLux-Decision,W4A4,expanded-20261007-v3,startlux-decision-2b,s1q-ac,S1Q-AC,sst5,SST-5,standard_dataset,upstream_dataset_gold,128,128,0.2578125,25.78125,25.78,False,False,0.5275076851493972,52.750768514939715,52.75,False,False
expanded-v3-w4a4-22source-20261007,all12,startlux-decision-2b,StartLux-Decision,W4A4,expanded-20261007-v3,startlux-decision-2b,s1q-ac,S1Q-AC,toolace,ToolACE tool-choice classification,domain_decision_suite,native_annotation,68,68,0.7794117647058824,77.94117647058823,77.94,False,False,0.5275076851493972,52.750768514939715,52.75,False,False
expanded-v3-w4a4-22source-20261007,all12,startlux-decision-2b,StartLux-Decision,W4A4,expanded-20261007-v3,startlux-decision-2b,s1q-ac,S1Q-AC,trec,TREC,standard_dataset,upstream_dataset_gold,121,121,0.38016528925619836,38.01652892561984,38.02,False,False,0.5275076851493972,52.750768514939715,52.75,False,False
expanded-v3-w4a4-22source-20261007,all12,startlux-decision-2b,StartLux-Decision,W4A4,expanded-20261007-v3,startlux-decision-2b,s1q-ac,S1Q-AC,tweet-offensive,TweetEval Offensive,standard_dataset,upstream_dataset_gold,128,128,0.71875,71.875,71.88,False,False,0.5275076851493972,52.750768514939715,52.75,False,False
expanded-v3-w4a4-22source-20261007,all12,startlux-decision-2b,StartLux-Decision,W4A4,expanded-20261007-v3,startlux-decision-2b,s1q-ac,S1Q-AC,wanli,WANLI,standard_dataset,upstream_dataset_gold,256,256,0.44140625,44.140625,44.14,False,False,0.5275076851493972,52.750768514939715,52.75,False,False
expanded-v3-w4a4-22source-20261007,all12,startlux-decision-2b,StartLux-Decision,W4A4,expanded-20261007-v3,startlux-decision-2b,s1q-ac,S1Q-AC,wildjailbreak,WildJailBreak harmful/benign classification,domain_decision_suite,native_annotation,128,128,0.2578125,25.78125,25.78,False,False,0.5275076851493972,52.750768514939715,52.75,False,False
expanded-v3-w4a4-22source-20261007,all12,startlux-decision-2b,StartLux-Decision,W4A4,expanded-20261007-v3,startlux-decision-2b,s1q-ac,S1Q-AC,yelp,Yelp,standard_dataset,upstream_dataset_gold,132,66,0.5681818181818182,56.81818181818182,56.82,False,False,0.5275076851493972,52.750768514939715,52.75,False,False
expanded-v3-w4a4-22source-20261007,all12,startlux-decision-2b,StartLux-Decision,W4A4,expanded-20261007-v3,startlux-decision-2b,s1q-margin,S1Q-Margin,agnews,AG News,standard_dataset,upstream_dataset_gold,360,120,0.7444444444444445,74.44444444444444,74.44,False,False,0.5322527959489665,53.22527959489665,53.23,False,False
expanded-v3-w4a4-22source-20261007,all12,startlux-decision-2b,StartLux-Decision,W4A4,expanded-20261007-v3,startlux-decision-2b,s1q-margin,S1Q-Margin,amazon,Amazon Reviews,standard_dataset,upstream_dataset_gold,128,128,0.3046875,30.46875,30.47,False,False,0.5322527959489665,53.22527959489665,53.23,False,False
expanded-v3-w4a4-22source-20261007,all12,startlux-decision-2b,StartLux-Decision,W4A4,expanded-20261007-v3,startlux-decision-2b,s1q-margin,S1Q-Margin,arc,ARC,standard_dataset,upstream_dataset_gold,128,128,0.390625,39.0625,39.06,False,False,0.5322527959489665,53.22527959489665,53.23,False,False
expanded-v3-w4a4-22source-20261007,all12,startlux-decision-2b,StartLux-Decision,W4A4,expanded-20261007-v3,startlux-decision-2b,s1q-margin,S1Q-Margin,boolq,BoolQ,standard_dataset,upstream_dataset_gold,120,120,0.65,65.0,65.00,True,True,0.5322527959489665,53.22527959489665,53.23,False,False
expanded-v3-w4a4-22source-20261007,all12,startlux-decision-2b,StartLux-Decision,W4A4,expanded-20261007-v3,startlux-decision-2b,s1q-margin,S1Q-Margin,csqa,CommonsenseQA,standard_dataset,upstream_dataset_gold,128,128,0.3671875,36.71875,36.72,False,False,0.5322527959489665,53.22527959489665,53.23,False,False
expanded-v3-w4a4-22source-20261007,all12,startlux-decision-2b,StartLux-Decision,W4A4,expanded-20261007-v3,startlux-decision-2b,s1q-margin,S1Q-Margin,emotion,Emotion,standard_dataset,upstream_dataset_gold,120,120,0.575,57.49999999999999,57.50,True,True,0.5322527959489665,53.22527959489665,53.23,False,False
expanded-v3-w4a4-22source-20261007,all12,startlux-decision-2b,StartLux-Decision,W4A4,expanded-20261007-v3,startlux-decision-2b,s1q-margin,S1Q-Margin,imdb,IMDb,standard_dataset,upstream_dataset_gold,53,53,0.8301886792452831,83.01886792452831,83.02,True,True,0.5322527959489665,53.22527959489665,53.23,False,False
expanded-v3-w4a4-22source-20261007,all12,startlux-decision-2b,StartLux-Decision,W4A4,expanded-20261007-v3,startlux-decision-2b,s1q-margin,S1Q-Margin,jevbench,JevBench new eligible public tasks,authored_scenario_suite,authored_scenario_gold,48,48,0.8958333333333334,89.58333333333334,89.58,False,False,0.5322527959489665,53.22527959489665,53.23,False,False
expanded-v3-w4a4-22source-20261007,all12,startlux-decision-2b,StartLux-Decision,W4A4,expanded-20261007-v3,startlux-decision-2b,s1q-margin,S1Q-Margin,mmlu,MMLU,standard_dataset,upstream_dataset_gold,99,99,0.3333333333333333,33.33333333333333,33.33,False,False,0.5322527959489665,53.22527959489665,53.23,False,False
expanded-v3-w4a4-22source-20261007,all12,startlux-decision-2b,StartLux-Decision,W4A4,expanded-20261007-v3,startlux-decision-2b,s1q-margin,S1Q-Margin,mnli,MNLI,standard_dataset,upstream_dataset_gold,122,122,0.4426229508196721,44.26229508196721,44.26,False,False,0.5322527959489665,53.22527959489665,53.23,False,False
expanded-v3-w4a4-22source-20261007,all12,startlux-decision-2b,StartLux-Decision,W4A4,expanded-20261007-v3,startlux-decision-2b,s1q-margin,S1Q-Margin,openbookqa,OpenBookQA,standard_dataset,upstream_dataset_gold,128,128,0.2734375,27.34375,27.34,False,False,0.5322527959489665,53.22527959489665,53.23,False,False
expanded-v3-w4a4-22source-20261007,all12,startlux-decision-2b,StartLux-Decision,W4A4,expanded-20261007-v3,startlux-decision-2b,s1q-margin,S1Q-Margin,paws,PAWS,standard_dataset,upstream_dataset_gold,128,128,0.5234375,52.34375,52.34,False,False,0.5322527959489665,53.22527959489665,53.23,False,False
expanded-v3-w4a4-22source-20261007,all12,startlux-decision-2b,StartLux-Decision,W4A4,expanded-20261007-v3,startlux-decision-2b,s1q-margin,S1Q-Margin,qnli,QNLI,standard_dataset,upstream_dataset_gold,128,128,0.6484375,64.84375,64.84,False,False,0.5322527959489665,53.22527959489665,53.23,False,False
expanded-v3-w4a4-22source-20261007,all12,startlux-decision-2b,StartLux-Decision,W4A4,expanded-20261007-v3,startlux-decision-2b,s1q-margin,S1Q-Margin,sciq,SciQ,standard_dataset,upstream_dataset_gold,92,92,0.7934782608695652,79.34782608695652,79.35,True,True,0.5322527959489665,53.22527959489665,53.23,False,False
expanded-v3-w4a4-22source-20261007,all12,startlux-decision-2b,StartLux-Decision,W4A4,expanded-20261007-v3,startlux-decision-2b,s1q-margin,S1Q-Margin,semif,SemIf authored,authored_rule_suite,authored_scenario_gold,128,32,0.46875,46.875,46.88,False,False,0.5322527959489665,53.22527959489665,53.23,False,False
expanded-v3-w4a4-22source-20261007,all12,startlux-decision-2b,StartLux-Decision,W4A4,expanded-20261007-v3,startlux-decision-2b,s1q-margin,S1Q-Margin,sst5,SST-5,standard_dataset,upstream_dataset_gold,128,128,0.296875,29.6875,29.69,False,False,0.5322527959489665,53.22527959489665,53.23,False,False
expanded-v3-w4a4-22source-20261007,all12,startlux-decision-2b,StartLux-Decision,W4A4,expanded-20261007-v3,startlux-decision-2b,s1q-margin,S1Q-Margin,toolace,ToolACE tool-choice classification,domain_decision_suite,native_annotation,68,68,0.7352941176470589,73.52941176470588,73.53,False,False,0.5322527959489665,53.22527959489665,53.23,False,False
expanded-v3-w4a4-22source-20261007,all12,startlux-decision-2b,StartLux-Decision,W4A4,expanded-20261007-v3,startlux-decision-2b,s1q-margin,S1Q-Margin,trec,TREC,standard_dataset,upstream_dataset_gold,121,121,0.4214876033057851,42.14876033057851,42.15,True,True,0.5322527959489665,53.22527959489665,53.23,False,False
expanded-v3-w4a4-22source-20261007,all12,startlux-decision-2b,StartLux-Decision,W4A4,expanded-20261007-v3,startlux-decision-2b,s1q-margin,S1Q-Margin,tweet-offensive,TweetEval Offensive,standard_dataset,upstream_dataset_gold,128,128,0.7421875,74.21875,74.22,False,False,0.5322527959489665,53.22527959489665,53.23,False,False
expanded-v3-w4a4-22source-20261007,all12,startlux-decision-2b,StartLux-Decision,W4A4,expanded-20261007-v3,startlux-decision-2b,s1q-margin,S1Q-Margin,wanli,WANLI,standard_dataset,upstream_dataset_gold,256,256,0.390625,39.0625,39.06,False,False,0.5322527959489665,53.22527959489665,53.23,False,False
expanded-v3-w4a4-22source-20261007,all12,startlux-decision-2b,StartLux-Decision,W4A4,expanded-20261007-v3,startlux-decision-2b,s1q-margin,S1Q-Margin,wildjailbreak,WildJailBreak harmful/benign classification,domain_decision_suite,native_annotation,128,128,0.34375,34.375,34.38,False,False,0.5322527959489665,53.22527959489665,53.23,False,False
expanded-v3-w4a4-22source-20261007,all12,startlux-decision-2b,StartLux-Decision,W4A4,expanded-20261007-v3,startlux-decision-2b,s1q-margin,S1Q-Margin,yelp,Yelp,standard_dataset,upstream_dataset_gold,132,66,0.5378787878787878,53.78787878787878,53.79,False,False,0.5322527959489665,53.22527959489665,53.23,False,False
expanded-v3-w4a4-22source-20261007,all12,startlux-decision-2b,StartLux-Decision,W4A4,expanded-20261007-v3,startlux-decision-2b,s1q,S1Q (current),agnews,AG News,standard_dataset,upstream_dataset_gold,360,120,0.725,72.5,72.50,False,False,0.5195153545102499,51.95153545102499,51.95,False,False
expanded-v3-w4a4-22source-20261007,all12,startlux-decision-2b,StartLux-Decision,W4A4,expanded-20261007-v3,startlux-decision-2b,s1q,S1Q (current),amazon,Amazon Reviews,standard_dataset,upstream_dataset_gold,128,128,0.328125,32.8125,32.81,False,False,0.5195153545102499,51.95153545102499,51.95,False,False
expanded-v3-w4a4-22source-20261007,all12,startlux-decision-2b,StartLux-Decision,W4A4,expanded-20261007-v3,startlux-decision-2b,s1q,S1Q (current),arc,ARC,standard_dataset,upstream_dataset_gold,128,128,0.328125,32.8125,32.81,False,False,0.5195153545102499,51.95153545102499,51.95,False,False
expanded-v3-w4a4-22source-20261007,all12,startlux-decision-2b,StartLux-Decision,W4A4,expanded-20261007-v3,startlux-decision-2b,s1q,S1Q (current),boolq,BoolQ,standard_dataset,upstream_dataset_gold,120,120,0.5833333333333334,58.333333333333336,58.33,False,False,0.5195153545102499,51.95153545102499,51.95,False,False
expanded-v3-w4a4-22source-20261007,all12,startlux-decision-2b,StartLux-Decision,W4A4,expanded-20261007-v3,startlux-decision-2b,s1q,S1Q (current),csqa,CommonsenseQA,standard_dataset,upstream_dataset_gold,128,128,0.34375,34.375,34.38,False,False,0.5195153545102499,51.95153545102499,51.95,False,False
expanded-v3-w4a4-22source-20261007,all12,startlux-decision-2b,StartLux-Decision,W4A4,expanded-20261007-v3,startlux-decision-2b,s1q,S1Q (current),emotion,Emotion,standard_dataset,upstream_dataset_gold,120,120,0.55,55.00000000000001,55.00,False,False,0.5195153545102499,51.95153545102499,51.95,False,False
expanded-v3-w4a4-22source-20261007,all12,startlux-decision-2b,StartLux-Decision,W4A4,expanded-20261007-v3,startlux-decision-2b,s1q,S1Q (current),imdb,IMDb,standard_dataset,upstream_dataset_gold,53,53,0.7547169811320755,75.47169811320755,75.47,False,False,0.5195153545102499,51.95153545102499,51.95,False,False
expanded-v3-w4a4-22source-20261007,all12,startlux-decision-2b,StartLux-Decision,W4A4,expanded-20261007-v3,startlux-decision-2b,s1q,S1Q (current),jevbench,JevBench new eligible public tasks,authored_scenario_suite,authored_scenario_gold,48,48,0.8333333333333334,83.33333333333334,83.33,False,False,0.5195153545102499,51.95153545102499,51.95,False,False
expanded-v3-w4a4-22source-20261007,all12,startlux-decision-2b,StartLux-Decision,W4A4,expanded-20261007-v3,startlux-decision-2b,s1q,S1Q (current),mmlu,MMLU,standard_dataset,upstream_dataset_gold,99,99,0.25252525252525254,25.252525252525253,25.25,False,False,0.5195153545102499,51.95153545102499,51.95,False,False
expanded-v3-w4a4-22source-20261007,all12,startlux-decision-2b,StartLux-Decision,W4A4,expanded-20261007-v3,startlux-decision-2b,s1q,S1Q (current),mnli,MNLI,standard_dataset,upstream_dataset_gold,122,122,0.4344262295081967,43.44262295081967,43.44,False,False,0.5195153545102499,51.95153545102499,51.95,False,False
expanded-v3-w4a4-22source-20261007,all12,startlux-decision-2b,StartLux-Decision,W4A4,expanded-20261007-v3,startlux-decision-2b,s1q,S1Q (current),openbookqa,OpenBookQA,standard_dataset,upstream_dataset_gold,128,128,0.2890625,28.90625,28.91,False,False,0.5195153545102499,51.95153545102499,51.95,False,False
expanded-v3-w4a4-22source-20261007,all12,startlux-decision-2b,StartLux-Decision,W4A4,expanded-20261007-v3,startlux-decision-2b,s1q,S1Q (current),paws,PAWS,standard_dataset,upstream_dataset_gold,128,128,0.5,50.0,50.00,False,False,0.5195153545102499,51.95153545102499,51.95,False,False
expanded-v3-w4a4-22source-20261007,all12,startlux-decision-2b,StartLux-Decision,W4A4,expanded-20261007-v3,startlux-decision-2b,s1q,S1Q (current),qnli,QNLI,standard_dataset,upstream_dataset_gold,128,128,0.65625,65.625,65.62,True,True,0.5195153545102499,51.95153545102499,51.95,False,False
expanded-v3-w4a4-22source-20261007,all12,startlux-decision-2b,StartLux-Decision,W4A4,expanded-20261007-v3,startlux-decision-2b,s1q,S1Q (current),sciq,SciQ,standard_dataset,upstream_dataset_gold,92,92,0.7934782608695652,79.34782608695652,79.35,True,True,0.5195153545102499,51.95153545102499,51.95,False,False
expanded-v3-w4a4-22source-20261007,all12,startlux-decision-2b,StartLux-Decision,W4A4,expanded-20261007-v3,startlux-decision-2b,s1q,S1Q (current),semif,SemIf authored,authored_rule_suite,authored_scenario_gold,128,32,0.5,50.0,50.00,False,False,0.5195153545102499,51.95153545102499,51.95,False,False
expanded-v3-w4a4-22source-20261007,all12,startlux-decision-2b,StartLux-Decision,W4A4,expanded-20261007-v3,startlux-decision-2b,s1q,S1Q (current),sst5,SST-5,standard_dataset,upstream_dataset_gold,128,128,0.3828125,38.28125,38.28,True,True,0.5195153545102499,51.95153545102499,51.95,False,False
expanded-v3-w4a4-22source-20261007,all12,startlux-decision-2b,StartLux-Decision,W4A4,expanded-20261007-v3,startlux-decision-2b,s1q,S1Q (current),toolace,ToolACE tool-choice classification,domain_decision_suite,native_annotation,68,68,0.7647058823529411,76.47058823529412,76.47,False,False,0.5195153545102499,51.95153545102499,51.95,False,False
expanded-v3-w4a4-22source-20261007,all12,startlux-decision-2b,StartLux-Decision,W4A4,expanded-20261007-v3,startlux-decision-2b,s1q,S1Q (current),trec,TREC,standard_dataset,upstream_dataset_gold,121,121,0.4049586776859504,40.49586776859504,40.50,False,False,0.5195153545102499,51.95153545102499,51.95,False,False
expanded-v3-w4a4-22source-20261007,all12,startlux-decision-2b,StartLux-Decision,W4A4,expanded-20261007-v3,startlux-decision-2b,s1q,S1Q (current),tweet-offensive,TweetEval Offensive,standard_dataset,upstream_dataset_gold,128,128,0.6015625,60.15625,60.16,False,False,0.5195153545102499,51.95153545102499,51.95,False,False
expanded-v3-w4a4-22source-20261007,all12,startlux-decision-2b,StartLux-Decision,W4A4,expanded-20261007-v3,startlux-decision-2b,s1q,S1Q (current),wanli,WANLI,standard_dataset,upstream_dataset_gold,256,256,0.4296875,42.96875,42.97,False,False,0.5195153545102499,51.95153545102499,51.95,False,False
expanded-v3-w4a4-22source-20261007,all12,startlux-decision-2b,StartLux-Decision,W4A4,expanded-20261007-v3,startlux-decision-2b,s1q,S1Q (current),wildjailbreak,WildJailBreak harmful/benign classification,domain_decision_suite,native_annotation,128,128,0.375,37.5,37.50,False,False,0.5195153545102499,51.95153545102499,51.95,False,False
expanded-v3-w4a4-22source-20261007,all12,startlux-decision-2b,StartLux-Decision,W4A4,expanded-20261007-v3,startlux-decision-2b,s1q,S1Q (current),yelp,Yelp,standard_dataset,upstream_dataset_gold,132,66,0.5984848484848485,59.84848484848485,59.85,True,True,0.5195153545102499,51.95153545102499,51.95,False,False
expanded-v3-w4a4-22source-20261007,all12,startlux-decision-4b,StartLux-Decision,W4A4,expanded-20261007-v3,startlux-decision-4b,native,Native,agnews,AG News,standard_dataset,upstream_dataset_gold,360,120,0.8972222222222223,89.72222222222223,89.72,False,False,0.8578635394427603,85.78635394427603,85.79,False,False
expanded-v3-w4a4-22source-20261007,all12,startlux-decision-4b,StartLux-Decision,W4A4,expanded-20261007-v3,startlux-decision-4b,native,Native,amazon,Amazon Reviews,standard_dataset,upstream_dataset_gold,128,128,0.5703125,57.03125,57.03,False,False,0.8578635394427603,85.78635394427603,85.79,False,False
expanded-v3-w4a4-22source-20261007,all12,startlux-decision-4b,StartLux-Decision,W4A4,expanded-20261007-v3,startlux-decision-4b,native,Native,arc,ARC,standard_dataset,upstream_dataset_gold,128,128,0.9140625,91.40625,91.41,False,False,0.8578635394427603,85.78635394427603,85.79,False,False
expanded-v3-w4a4-22source-20261007,all12,startlux-decision-4b,StartLux-Decision,W4A4,expanded-20261007-v3,startlux-decision-4b,native,Native,boolq,BoolQ,standard_dataset,upstream_dataset_gold,120,120,0.8916666666666667,89.16666666666667,89.17,False,False,0.8578635394427603,85.78635394427603,85.79,False,False
expanded-v3-w4a4-22source-20261007,all12,startlux-decision-4b,StartLux-Decision,W4A4,expanded-20261007-v3,startlux-decision-4b,native,Native,csqa,CommonsenseQA,standard_dataset,upstream_dataset_gold,128,128,0.875,87.5,87.50,False,False,0.8578635394427603,85.78635394427603,85.79,False,False
expanded-v3-w4a4-22source-20261007,all12,startlux-decision-4b,StartLux-Decision,W4A4,expanded-20261007-v3,startlux-decision-4b,native,Native,emotion,Emotion,standard_dataset,upstream_dataset_gold,120,120,0.7583333333333333,75.83333333333333,75.83,False,False,0.8578635394427603,85.78635394427603,85.79,False,False
expanded-v3-w4a4-22source-20261007,all12,startlux-decision-4b,StartLux-Decision,W4A4,expanded-20261007-v3,startlux-decision-4b,native,Native,imdb,IMDb,standard_dataset,upstream_dataset_gold,53,53,0.9622641509433962,96.22641509433963,96.23,False,False,0.8578635394427603,85.78635394427603,85.79,False,False
expanded-v3-w4a4-22source-20261007,all12,startlux-decision-4b,StartLux-Decision,W4A4,expanded-20261007-v3,startlux-decision-4b,native,Native,jevbench,JevBench new eligible public tasks,authored_scenario_suite,authored_scenario_gold,48,48,1.0,100.0,100.00,False,False,0.8578635394427603,85.78635394427603,85.79,False,False
expanded-v3-w4a4-22source-20261007,all12,startlux-decision-4b,StartLux-Decision,W4A4,expanded-20261007-v3,startlux-decision-4b,native,Native,mmlu,MMLU,standard_dataset,upstream_dataset_gold,99,99,0.7575757575757576,75.75757575757575,75.76,False,False,0.8578635394427603,85.78635394427603,85.79,False,False
expanded-v3-w4a4-22source-20261007,all12,startlux-decision-4b,StartLux-Decision,W4A4,expanded-20261007-v3,startlux-decision-4b,native,Native,mnli,MNLI,standard_dataset,upstream_dataset_gold,122,122,0.8934426229508197,89.34426229508196,89.34,False,False,0.8578635394427603,85.78635394427603,85.79,False,False
expanded-v3-w4a4-22source-20261007,all12,startlux-decision-4b,StartLux-Decision,W4A4,expanded-20261007-v3,startlux-decision-4b,native,Native,openbookqa,OpenBookQA,standard_dataset,upstream_dataset_gold,128,128,0.8984375,89.84375,89.84,False,False,0.8578635394427603,85.78635394427603,85.79,False,False
expanded-v3-w4a4-22source-20261007,all12,startlux-decision-4b,StartLux-Decision,W4A4,expanded-20261007-v3,startlux-decision-4b,native,Native,paws,PAWS,standard_dataset,upstream_dataset_gold,128,128,0.828125,82.8125,82.81,False,False,0.8578635394427603,85.78635394427603,85.79,False,False
expanded-v3-w4a4-22source-20261007,all12,startlux-decision-4b,StartLux-Decision,W4A4,expanded-20261007-v3,startlux-decision-4b,native,Native,qnli,QNLI,standard_dataset,upstream_dataset_gold,128,128,0.9296875,92.96875,92.97,False,False,0.8578635394427603,85.78635394427603,85.79,False,False
expanded-v3-w4a4-22source-20261007,all12,startlux-decision-4b,StartLux-Decision,W4A4,expanded-20261007-v3,startlux-decision-4b,native,Native,sciq,SciQ,standard_dataset,upstream_dataset_gold,92,92,0.9891304347826086,98.91304347826086,98.91,False,False,0.8578635394427603,85.78635394427603,85.79,False,False
expanded-v3-w4a4-22source-20261007,all12,startlux-decision-4b,StartLux-Decision,W4A4,expanded-20261007-v3,startlux-decision-4b,native,Native,semif,SemIf authored,authored_rule_suite,authored_scenario_gold,128,32,0.9140625,91.40625,91.41,False,False,0.8578635394427603,85.78635394427603,85.79,False,False
expanded-v3-w4a4-22source-20261007,all12,startlux-decision-4b,StartLux-Decision,W4A4,expanded-20261007-v3,startlux-decision-4b,native,Native,sst5,SST-5,standard_dataset,upstream_dataset_gold,128,128,0.578125,57.8125,57.81,False,False,0.8578635394427603,85.78635394427603,85.79,False,False
expanded-v3-w4a4-22source-20261007,all12,startlux-decision-4b,StartLux-Decision,W4A4,expanded-20261007-v3,startlux-decision-4b,native,Native,toolace,ToolACE tool-choice classification,domain_decision_suite,native_annotation,68,68,0.9411764705882353,94.11764705882352,94.12,False,False,0.8578635394427603,85.78635394427603,85.79,False,False
expanded-v3-w4a4-22source-20261007,all12,startlux-decision-4b,StartLux-Decision,W4A4,expanded-20261007-v3,startlux-decision-4b,native,Native,trec,TREC,standard_dataset,upstream_dataset_gold,121,121,0.9586776859504132,95.86776859504133,95.87,False,False,0.8578635394427603,85.78635394427603,85.79,False,False
expanded-v3-w4a4-22source-20261007,all12,startlux-decision-4b,StartLux-Decision,W4A4,expanded-20261007-v3,startlux-decision-4b,native,Native,tweet-offensive,TweetEval Offensive,standard_dataset,upstream_dataset_gold,128,128,0.8203125,82.03125,82.03,False,False,0.8578635394427603,85.78635394427603,85.79,False,False
expanded-v3-w4a4-22source-20261007,all12,startlux-decision-4b,StartLux-Decision,W4A4,expanded-20261007-v3,startlux-decision-4b,native,Native,wanli,WANLI,standard_dataset,upstream_dataset_gold,256,256,0.74609375,74.609375,74.61,False,False,0.8578635394427603,85.78635394427603,85.79,False,False
expanded-v3-w4a4-22source-20261007,all12,startlux-decision-4b,StartLux-Decision,W4A4,expanded-20261007-v3,startlux-decision-4b,native,Native,wildjailbreak,WildJailBreak harmful/benign classification,domain_decision_suite,native_annotation,128,128,0.9765625,97.65625,97.66,False,False,0.8578635394427603,85.78635394427603,85.79,False,False
expanded-v3-w4a4-22source-20261007,all12,startlux-decision-4b,StartLux-Decision,W4A4,expanded-20261007-v3,startlux-decision-4b,native,Native,yelp,Yelp,standard_dataset,upstream_dataset_gold,132,66,0.7727272727272727,77.27272727272727,77.27,False,False,0.8578635394427603,85.78635394427603,85.79,False,False
expanded-v3-w4a4-22source-20261007,all12,startlux-decision-4b,StartLux-Decision,W4A4,expanded-20261007-v3,startlux-decision-4b,rtn,RTN,agnews,AG News,standard_dataset,upstream_dataset_gold,360,120,0.4111111111111111,41.11111111111111,41.11,False,False,0.3449216318618995,34.49216318618995,34.49,False,False
expanded-v3-w4a4-22source-20261007,all12,startlux-decision-4b,StartLux-Decision,W4A4,expanded-20261007-v3,startlux-decision-4b,rtn,RTN,amazon,Amazon Reviews,standard_dataset,upstream_dataset_gold,128,128,0.2578125,25.78125,25.78,False,False,0.3449216318618995,34.49216318618995,34.49,False,False
expanded-v3-w4a4-22source-20261007,all12,startlux-decision-4b,StartLux-Decision,W4A4,expanded-20261007-v3,startlux-decision-4b,rtn,RTN,arc,ARC,standard_dataset,upstream_dataset_gold,128,128,0.2578125,25.78125,25.78,False,False,0.3449216318618995,34.49216318618995,34.49,False,False
expanded-v3-w4a4-22source-20261007,all12,startlux-decision-4b,StartLux-Decision,W4A4,expanded-20261007-v3,startlux-decision-4b,rtn,RTN,boolq,BoolQ,standard_dataset,upstream_dataset_gold,120,120,0.6166666666666667,61.66666666666667,61.67,False,False,0.3449216318618995,34.49216318618995,34.49,False,False
expanded-v3-w4a4-22source-20261007,all12,startlux-decision-4b,StartLux-Decision,W4A4,expanded-20261007-v3,startlux-decision-4b,rtn,RTN,csqa,CommonsenseQA,standard_dataset,upstream_dataset_gold,128,128,0.1796875,17.96875,17.97,False,False,0.3449216318618995,34.49216318618995,34.49,False,False
expanded-v3-w4a4-22source-20261007,all12,startlux-decision-4b,StartLux-Decision,W4A4,expanded-20261007-v3,startlux-decision-4b,rtn,RTN,emotion,Emotion,standard_dataset,upstream_dataset_gold,120,120,0.175,17.5,17.50,False,False,0.3449216318618995,34.49216318618995,34.49,False,False
expanded-v3-w4a4-22source-20261007,all12,startlux-decision-4b,StartLux-Decision,W4A4,expanded-20261007-v3,startlux-decision-4b,rtn,RTN,imdb,IMDb,standard_dataset,upstream_dataset_gold,53,53,0.49056603773584906,49.056603773584904,49.06,False,False,0.3449216318618995,34.49216318618995,34.49,False,False
expanded-v3-w4a4-22source-20261007,all12,startlux-decision-4b,StartLux-Decision,W4A4,expanded-20261007-v3,startlux-decision-4b,rtn,RTN,jevbench,JevBench new eligible public tasks,authored_scenario_suite,authored_scenario_gold,48,48,0.20833333333333334,20.833333333333336,20.83,False,False,0.3449216318618995,34.49216318618995,34.49,False,False
expanded-v3-w4a4-22source-20261007,all12,startlux-decision-4b,StartLux-Decision,W4A4,expanded-20261007-v3,startlux-decision-4b,rtn,RTN,mmlu,MMLU,standard_dataset,upstream_dataset_gold,99,99,0.24242424242424243,24.242424242424242,24.24,False,False,0.3449216318618995,34.49216318618995,34.49,False,False
expanded-v3-w4a4-22source-20261007,all12,startlux-decision-4b,StartLux-Decision,W4A4,expanded-20261007-v3,startlux-decision-4b,rtn,RTN,mnli,MNLI,standard_dataset,upstream_dataset_gold,122,122,0.319672131147541,31.967213114754102,31.97,False,False,0.3449216318618995,34.49216318618995,34.49,False,False
expanded-v3-w4a4-22source-20261007,all12,startlux-decision-4b,StartLux-Decision,W4A4,expanded-20261007-v3,startlux-decision-4b,rtn,RTN,openbookqa,OpenBookQA,standard_dataset,upstream_dataset_gold,128,128,0.34375,34.375,34.38,False,False,0.3449216318618995,34.49216318618995,34.49,False,False
expanded-v3-w4a4-22source-20261007,all12,startlux-decision-4b,StartLux-Decision,W4A4,expanded-20261007-v3,startlux-decision-4b,rtn,RTN,paws,PAWS,standard_dataset,upstream_dataset_gold,128,128,0.546875,54.6875,54.69,False,False,0.3449216318618995,34.49216318618995,34.49,False,False
expanded-v3-w4a4-22source-20261007,all12,startlux-decision-4b,StartLux-Decision,W4A4,expanded-20261007-v3,startlux-decision-4b,rtn,RTN,qnli,QNLI,standard_dataset,upstream_dataset_gold,128,128,0.4609375,46.09375,46.09,False,False,0.3449216318618995,34.49216318618995,34.49,False,False
expanded-v3-w4a4-22source-20261007,all12,startlux-decision-4b,StartLux-Decision,W4A4,expanded-20261007-v3,startlux-decision-4b,rtn,RTN,sciq,SciQ,standard_dataset,upstream_dataset_gold,92,92,0.31521739130434784,31.521739130434785,31.52,False,False,0.3449216318618995,34.49216318618995,34.49,False,False
expanded-v3-w4a4-22source-20261007,all12,startlux-decision-4b,StartLux-Decision,W4A4,expanded-20261007-v3,startlux-decision-4b,rtn,RTN,semif,SemIf authored,authored_rule_suite,authored_scenario_gold,128,32,0.2890625,28.90625,28.91,False,False,0.3449216318618995,34.49216318618995,34.49,False,False
expanded-v3-w4a4-22source-20261007,all12,startlux-decision-4b,StartLux-Decision,W4A4,expanded-20261007-v3,startlux-decision-4b,rtn,RTN,sst5,SST-5,standard_dataset,upstream_dataset_gold,128,128,0.1328125,13.28125,13.28,False,False,0.3449216318618995,34.49216318618995,34.49,False,False
expanded-v3-w4a4-22source-20261007,all12,startlux-decision-4b,StartLux-Decision,W4A4,expanded-20261007-v3,startlux-decision-4b,rtn,RTN,toolace,ToolACE tool-choice classification,domain_decision_suite,native_annotation,68,68,0.45588235294117646,45.588235294117645,45.59,False,False,0.3449216318618995,34.49216318618995,34.49,False,False
expanded-v3-w4a4-22source-20261007,all12,startlux-decision-4b,StartLux-Decision,W4A4,expanded-20261007-v3,startlux-decision-4b,rtn,RTN,trec,TREC,standard_dataset,upstream_dataset_gold,121,121,0.15702479338842976,15.702479338842975,15.70,False,False,0.3449216318618995,34.49216318618995,34.49,False,False
expanded-v3-w4a4-22source-20261007,all12,startlux-decision-4b,StartLux-Decision,W4A4,expanded-20261007-v3,startlux-decision-4b,rtn,RTN,tweet-offensive,TweetEval Offensive,standard_dataset,upstream_dataset_gold,128,128,0.46875,46.875,46.88,False,False,0.3449216318618995,34.49216318618995,34.49,False,False
expanded-v3-w4a4-22source-20261007,all12,startlux-decision-4b,StartLux-Decision,W4A4,expanded-20261007-v3,startlux-decision-4b,rtn,RTN,wanli,WANLI,standard_dataset,upstream_dataset_gold,256,256,0.32421875,32.421875,32.42,False,False,0.3449216318618995,34.49216318618995,34.49,False,False
expanded-v3-w4a4-22source-20261007,all12,startlux-decision-4b,StartLux-Decision,W4A4,expanded-20261007-v3,startlux-decision-4b,rtn,RTN,wildjailbreak,WildJailBreak harmful/benign classification,domain_decision_suite,native_annotation,128,128,0.59375,59.375,59.38,False,False,0.3449216318618995,34.49216318618995,34.49,False,False
expanded-v3-w4a4-22source-20261007,all12,startlux-decision-4b,StartLux-Decision,W4A4,expanded-20261007-v3,startlux-decision-4b,rtn,RTN,yelp,Yelp,standard_dataset,upstream_dataset_gold,132,66,0.3409090909090909,34.090909090909086,34.09,False,False,0.3449216318618995,34.49216318618995,34.49,False,False
expanded-v3-w4a4-22source-20261007,all12,startlux-decision-4b,StartLux-Decision,W4A4,expanded-20261007-v3,startlux-decision-4b,s1q-local,S1Qv1,agnews,AG News,standard_dataset,upstream_dataset_gold,360,120,0.6333333333333333,63.33333333333333,63.33,False,False,0.40481740084513357,40.481740084513355,40.48,False,False
expanded-v3-w4a4-22source-20261007,all12,startlux-decision-4b,StartLux-Decision,W4A4,expanded-20261007-v3,startlux-decision-4b,s1q-local,S1Qv1,amazon,Amazon Reviews,standard_dataset,upstream_dataset_gold,128,128,0.203125,20.3125,20.31,False,False,0.40481740084513357,40.481740084513355,40.48,False,False
expanded-v3-w4a4-22source-20261007,all12,startlux-decision-4b,StartLux-Decision,W4A4,expanded-20261007-v3,startlux-decision-4b,s1q-local,S1Qv1,arc,ARC,standard_dataset,upstream_dataset_gold,128,128,0.328125,32.8125,32.81,False,False,0.40481740084513357,40.481740084513355,40.48,False,False
expanded-v3-w4a4-22source-20261007,all12,startlux-decision-4b,StartLux-Decision,W4A4,expanded-20261007-v3,startlux-decision-4b,s1q-local,S1Qv1,boolq,BoolQ,standard_dataset,upstream_dataset_gold,120,120,0.44166666666666665,44.166666666666664,44.17,False,False,0.40481740084513357,40.481740084513355,40.48,False,False
expanded-v3-w4a4-22source-20261007,all12,startlux-decision-4b,StartLux-Decision,W4A4,expanded-20261007-v3,startlux-decision-4b,s1q-local,S1Qv1,csqa,CommonsenseQA,standard_dataset,upstream_dataset_gold,128,128,0.3828125,38.28125,38.28,False,False,0.40481740084513357,40.481740084513355,40.48,False,False
expanded-v3-w4a4-22source-20261007,all12,startlux-decision-4b,StartLux-Decision,W4A4,expanded-20261007-v3,startlux-decision-4b,s1q-local,S1Qv1,emotion,Emotion,standard_dataset,upstream_dataset_gold,120,120,0.35,35.0,35.00,False,False,0.40481740084513357,40.481740084513355,40.48,False,False
expanded-v3-w4a4-22source-20261007,all12,startlux-decision-4b,StartLux-Decision,W4A4,expanded-20261007-v3,startlux-decision-4b,s1q-local,S1Qv1,imdb,IMDb,standard_dataset,upstream_dataset_gold,53,53,0.6415094339622641,64.15094339622641,64.15,False,False,0.40481740084513357,40.481740084513355,40.48,False,False
expanded-v3-w4a4-22source-20261007,all12,startlux-decision-4b,StartLux-Decision,W4A4,expanded-20261007-v3,startlux-decision-4b,s1q-local,S1Qv1,jevbench,JevBench new eligible public tasks,authored_scenario_suite,authored_scenario_gold,48,48,0.375,37.5,37.50,False,False,0.40481740084513357,40.481740084513355,40.48,False,False
expanded-v3-w4a4-22source-20261007,all12,startlux-decision-4b,StartLux-Decision,W4A4,expanded-20261007-v3,startlux-decision-4b,s1q-local,S1Qv1,mmlu,MMLU,standard_dataset,upstream_dataset_gold,99,99,0.25252525252525254,25.252525252525253,25.25,False,False,0.40481740084513357,40.481740084513355,40.48,False,False
expanded-v3-w4a4-22source-20261007,all12,startlux-decision-4b,StartLux-Decision,W4A4,expanded-20261007-v3,startlux-decision-4b,s1q-local,S1Qv1,mnli,MNLI,standard_dataset,upstream_dataset_gold,122,122,0.3442622950819672,34.42622950819672,34.43,False,False,0.40481740084513357,40.481740084513355,40.48,False,False
expanded-v3-w4a4-22source-20261007,all12,startlux-decision-4b,StartLux-Decision,W4A4,expanded-20261007-v3,startlux-decision-4b,s1q-local,S1Qv1,openbookqa,OpenBookQA,standard_dataset,upstream_dataset_gold,128,128,0.3125,31.25,31.25,False,False,0.40481740084513357,40.481740084513355,40.48,False,False
expanded-v3-w4a4-22source-20261007,all12,startlux-decision-4b,StartLux-Decision,W4A4,expanded-20261007-v3,startlux-decision-4b,s1q-local,S1Qv1,paws,PAWS,standard_dataset,upstream_dataset_gold,128,128,0.453125,45.3125,45.31,False,False,0.40481740084513357,40.481740084513355,40.48,False,False
expanded-v3-w4a4-22source-20261007,all12,startlux-decision-4b,StartLux-Decision,W4A4,expanded-20261007-v3,startlux-decision-4b,s1q-local,S1Qv1,qnli,QNLI,standard_dataset,upstream_dataset_gold,128,128,0.578125,57.8125,57.81,False,False,0.40481740084513357,40.481740084513355,40.48,False,False
expanded-v3-w4a4-22source-20261007,all12,startlux-decision-4b,StartLux-Decision,W4A4,expanded-20261007-v3,startlux-decision-4b,s1q-local,S1Qv1,sciq,SciQ,standard_dataset,upstream_dataset_gold,92,92,0.6195652173913043,61.95652173913043,61.96,False,False,0.40481740084513357,40.481740084513355,40.48,False,False
expanded-v3-w4a4-22source-20261007,all12,startlux-decision-4b,StartLux-Decision,W4A4,expanded-20261007-v3,startlux-decision-4b,s1q-local,S1Qv1,semif,SemIf authored,authored_rule_suite,authored_scenario_gold,128,32,0.3515625,35.15625,35.16,False,False,0.40481740084513357,40.481740084513355,40.48,False,False
expanded-v3-w4a4-22source-20261007,all12,startlux-decision-4b,StartLux-Decision,W4A4,expanded-20261007-v3,startlux-decision-4b,s1q-local,S1Qv1,sst5,SST-5,standard_dataset,upstream_dataset_gold,128,128,0.265625,26.5625,26.56,False,False,0.40481740084513357,40.481740084513355,40.48,False,False
expanded-v3-w4a4-22source-20261007,all12,startlux-decision-4b,StartLux-Decision,W4A4,expanded-20261007-v3,startlux-decision-4b,s1q-local,S1Qv1,toolace,ToolACE tool-choice classification,domain_decision_suite,native_annotation,68,68,0.5588235294117647,55.88235294117647,55.88,False,False,0.40481740084513357,40.481740084513355,40.48,False,False
expanded-v3-w4a4-22source-20261007,all12,startlux-decision-4b,StartLux-Decision,W4A4,expanded-20261007-v3,startlux-decision-4b,s1q-local,S1Qv1,trec,TREC,standard_dataset,upstream_dataset_gold,121,121,0.17355371900826447,17.355371900826448,17.36,False,False,0.40481740084513357,40.481740084513355,40.48,False,False
expanded-v3-w4a4-22source-20261007,all12,startlux-decision-4b,StartLux-Decision,W4A4,expanded-20261007-v3,startlux-decision-4b,s1q-local,S1Qv1,tweet-offensive,TweetEval Offensive,standard_dataset,upstream_dataset_gold,128,128,0.671875,67.1875,67.19,False,False,0.40481740084513357,40.481740084513355,40.48,False,False
expanded-v3-w4a4-22source-20261007,all12,startlux-decision-4b,StartLux-Decision,W4A4,expanded-20261007-v3,startlux-decision-4b,s1q-local,S1Qv1,wanli,WANLI,standard_dataset,upstream_dataset_gold,256,256,0.34765625,34.765625,34.77,False,False,0.40481740084513357,40.481740084513355,40.48,False,False
expanded-v3-w4a4-22source-20261007,all12,startlux-decision-4b,StartLux-Decision,W4A4,expanded-20261007-v3,startlux-decision-4b,s1q-local,S1Qv1,wildjailbreak,WildJailBreak harmful/benign classification,domain_decision_suite,native_annotation,128,128,0.25,25.0,25.00,False,False,0.40481740084513357,40.481740084513355,40.48,False,False
expanded-v3-w4a4-22source-20261007,all12,startlux-decision-4b,StartLux-Decision,W4A4,expanded-20261007-v3,startlux-decision-4b,s1q-local,S1Qv1,yelp,Yelp,standard_dataset,upstream_dataset_gold,132,66,0.3712121212121212,37.121212121212125,37.12,False,False,0.40481740084513357,40.481740084513355,40.48,False,False
expanded-v3-w4a4-22source-20261007,all12,startlux-decision-4b,StartLux-Decision,W4A4,expanded-20261007-v3,startlux-decision-4b,s1q2-beta05,S1Qv2,agnews,AG News,standard_dataset,upstream_dataset_gold,360,120,0.6555555555555556,65.55555555555556,65.56,False,False,0.4093610198096503,40.93610198096503,40.94,False,False
expanded-v3-w4a4-22source-20261007,all12,startlux-decision-4b,StartLux-Decision,W4A4,expanded-20261007-v3,startlux-decision-4b,s1q2-beta05,S1Qv2,amazon,Amazon Reviews,standard_dataset,upstream_dataset_gold,128,128,0.2421875,24.21875,24.22,False,False,0.4093610198096503,40.93610198096503,40.94,False,False
expanded-v3-w4a4-22source-20261007,all12,startlux-decision-4b,StartLux-Decision,W4A4,expanded-20261007-v3,startlux-decision-4b,s1q2-beta05,S1Qv2,arc,ARC,standard_dataset,upstream_dataset_gold,128,128,0.296875,29.6875,29.69,False,False,0.4093610198096503,40.93610198096503,40.94,False,False
expanded-v3-w4a4-22source-20261007,all12,startlux-decision-4b,StartLux-Decision,W4A4,expanded-20261007-v3,startlux-decision-4b,s1q2-beta05,S1Qv2,boolq,BoolQ,standard_dataset,upstream_dataset_gold,120,120,0.45,45.0,45.00,False,False,0.4093610198096503,40.93610198096503,40.94,False,False
expanded-v3-w4a4-22source-20261007,all12,startlux-decision-4b,StartLux-Decision,W4A4,expanded-20261007-v3,startlux-decision-4b,s1q2-beta05,S1Qv2,csqa,CommonsenseQA,standard_dataset,upstream_dataset_gold,128,128,0.296875,29.6875,29.69,False,False,0.4093610198096503,40.93610198096503,40.94,False,False
expanded-v3-w4a4-22source-20261007,all12,startlux-decision-4b,StartLux-Decision,W4A4,expanded-20261007-v3,startlux-decision-4b,s1q2-beta05,S1Qv2,emotion,Emotion,standard_dataset,upstream_dataset_gold,120,120,0.39166666666666666,39.166666666666664,39.17,False,False,0.4093610198096503,40.93610198096503,40.94,False,False
expanded-v3-w4a4-22source-20261007,all12,startlux-decision-4b,StartLux-Decision,W4A4,expanded-20261007-v3,startlux-decision-4b,s1q2-beta05,S1Qv2,imdb,IMDb,standard_dataset,upstream_dataset_gold,53,53,0.5660377358490566,56.60377358490566,56.60,False,False,0.4093610198096503,40.93610198096503,40.94,False,False
expanded-v3-w4a4-22source-20261007,all12,startlux-decision-4b,StartLux-Decision,W4A4,expanded-20261007-v3,startlux-decision-4b,s1q2-beta05,S1Qv2,jevbench,JevBench new eligible public tasks,authored_scenario_suite,authored_scenario_gold,48,48,0.5416666666666666,54.166666666666664,54.17,False,False,0.4093610198096503,40.93610198096503,40.94,False,False
expanded-v3-w4a4-22source-20261007,all12,startlux-decision-4b,StartLux-Decision,W4A4,expanded-20261007-v3,startlux-decision-4b,s1q2-beta05,S1Qv2,mmlu,MMLU,standard_dataset,upstream_dataset_gold,99,99,0.30303030303030304,30.303030303030305,30.30,False,False,0.4093610198096503,40.93610198096503,40.94,False,False
expanded-v3-w4a4-22source-20261007,all12,startlux-decision-4b,StartLux-Decision,W4A4,expanded-20261007-v3,startlux-decision-4b,s1q2-beta05,S1Qv2,mnli,MNLI,standard_dataset,upstream_dataset_gold,122,122,0.3360655737704918,33.60655737704918,33.61,False,False,0.4093610198096503,40.93610198096503,40.94,False,False
expanded-v3-w4a4-22source-20261007,all12,startlux-decision-4b,StartLux-Decision,W4A4,expanded-20261007-v3,startlux-decision-4b,s1q2-beta05,S1Qv2,openbookqa,OpenBookQA,standard_dataset,upstream_dataset_gold,128,128,0.3125,31.25,31.25,False,False,0.4093610198096503,40.93610198096503,40.94,False,False
expanded-v3-w4a4-22source-20261007,all12,startlux-decision-4b,StartLux-Decision,W4A4,expanded-20261007-v3,startlux-decision-4b,s1q2-beta05,S1Qv2,paws,PAWS,standard_dataset,upstream_dataset_gold,128,128,0.5234375,52.34375,52.34,False,False,0.4093610198096503,40.93610198096503,40.94,False,False
expanded-v3-w4a4-22source-20261007,all12,startlux-decision-4b,StartLux-Decision,W4A4,expanded-20261007-v3,startlux-decision-4b,s1q2-beta05,S1Qv2,qnli,QNLI,standard_dataset,upstream_dataset_gold,128,128,0.5234375,52.34375,52.34,False,False,0.4093610198096503,40.93610198096503,40.94,False,False
expanded-v3-w4a4-22source-20261007,all12,startlux-decision-4b,StartLux-Decision,W4A4,expanded-20261007-v3,startlux-decision-4b,s1q2-beta05,S1Qv2,sciq,SciQ,standard_dataset,upstream_dataset_gold,92,92,0.5869565217391305,58.69565217391305,58.70,False,False,0.4093610198096503,40.93610198096503,40.94,False,False
expanded-v3-w4a4-22source-20261007,all12,startlux-decision-4b,StartLux-Decision,W4A4,expanded-20261007-v3,startlux-decision-4b,s1q2-beta05,S1Qv2,semif,SemIf authored,authored_rule_suite,authored_scenario_gold,128,32,0.3203125,32.03125,32.03,False,False,0.4093610198096503,40.93610198096503,40.94,False,False
expanded-v3-w4a4-22source-20261007,all12,startlux-decision-4b,StartLux-Decision,W4A4,expanded-20261007-v3,startlux-decision-4b,s1q2-beta05,S1Qv2,sst5,SST-5,standard_dataset,upstream_dataset_gold,128,128,0.2734375,27.34375,27.34,False,False,0.4093610198096503,40.93610198096503,40.94,False,False
expanded-v3-w4a4-22source-20261007,all12,startlux-decision-4b,StartLux-Decision,W4A4,expanded-20261007-v3,startlux-decision-4b,s1q2-beta05,S1Qv2,toolace,ToolACE tool-choice classification,domain_decision_suite,native_annotation,68,68,0.5,50.0,50.00,False,False,0.4093610198096503,40.93610198096503,40.94,False,False
expanded-v3-w4a4-22source-20261007,all12,startlux-decision-4b,StartLux-Decision,W4A4,expanded-20261007-v3,startlux-decision-4b,s1q2-beta05,S1Qv2,trec,TREC,standard_dataset,upstream_dataset_gold,121,121,0.3140495867768595,31.40495867768595,31.40,False,False,0.4093610198096503,40.93610198096503,40.94,False,False
expanded-v3-w4a4-22source-20261007,all12,startlux-decision-4b,StartLux-Decision,W4A4,expanded-20261007-v3,startlux-decision-4b,s1q2-beta05,S1Qv2,tweet-offensive,TweetEval Offensive,standard_dataset,upstream_dataset_gold,128,128,0.703125,70.3125,70.31,False,False,0.4093610198096503,40.93610198096503,40.94,False,False
expanded-v3-w4a4-22source-20261007,all12,startlux-decision-4b,StartLux-Decision,W4A4,expanded-20261007-v3,startlux-decision-4b,s1q2-beta05,S1Qv2,wanli,WANLI,standard_dataset,upstream_dataset_gold,256,256,0.30859375,30.859375,30.86,False,False,0.4093610198096503,40.93610198096503,40.94,False,False
expanded-v3-w4a4-22source-20261007,all12,startlux-decision-4b,StartLux-Decision,W4A4,expanded-20261007-v3,startlux-decision-4b,s1q2-beta05,S1Qv2,wildjailbreak,WildJailBreak harmful/benign classification,domain_decision_suite,native_annotation,128,128,0.234375,23.4375,23.44,False,False,0.4093610198096503,40.93610198096503,40.94,False,False
expanded-v3-w4a4-22source-20261007,all12,startlux-decision-4b,StartLux-Decision,W4A4,expanded-20261007-v3,startlux-decision-4b,s1q2-beta05,S1Qv2,yelp,Yelp,standard_dataset,upstream_dataset_gold,132,66,0.32575757575757575,32.57575757575758,32.58,False,False,0.4093610198096503,40.93610198096503,40.94,False,False
expanded-v3-w4a4-22source-20261007,all12,startlux-decision-4b,StartLux-Decision,W4A4,expanded-20261007-v3,startlux-decision-4b,smoothquant-adapted,SmoothQuant*,agnews,AG News,standard_dataset,upstream_dataset_gold,360,120,0.3,30.0,30.00,False,False,0.3502363222423042,35.023632224230425,35.02,False,False
expanded-v3-w4a4-22source-20261007,all12,startlux-decision-4b,StartLux-Decision,W4A4,expanded-20261007-v3,startlux-decision-4b,smoothquant-adapted,SmoothQuant*,amazon,Amazon Reviews,standard_dataset,upstream_dataset_gold,128,128,0.15625,15.625,15.62,False,False,0.3502363222423042,35.023632224230425,35.02,False,False
expanded-v3-w4a4-22source-20261007,all12,startlux-decision-4b,StartLux-Decision,W4A4,expanded-20261007-v3,startlux-decision-4b,smoothquant-adapted,SmoothQuant*,arc,ARC,standard_dataset,upstream_dataset_gold,128,128,0.2265625,22.65625,22.66,False,False,0.3502363222423042,35.023632224230425,35.02,False,False
expanded-v3-w4a4-22source-20261007,all12,startlux-decision-4b,StartLux-Decision,W4A4,expanded-20261007-v3,startlux-decision-4b,smoothquant-adapted,SmoothQuant*,boolq,BoolQ,standard_dataset,upstream_dataset_gold,120,120,0.5583333333333333,55.833333333333336,55.83,False,False,0.3502363222423042,35.023632224230425,35.02,False,False
expanded-v3-w4a4-22source-20261007,all12,startlux-decision-4b,StartLux-Decision,W4A4,expanded-20261007-v3,startlux-decision-4b,smoothquant-adapted,SmoothQuant*,csqa,CommonsenseQA,standard_dataset,upstream_dataset_gold,128,128,0.21875,21.875,21.88,False,False,0.3502363222423042,35.023632224230425,35.02,False,False
expanded-v3-w4a4-22source-20261007,all12,startlux-decision-4b,StartLux-Decision,W4A4,expanded-20261007-v3,startlux-decision-4b,smoothquant-adapted,SmoothQuant*,emotion,Emotion,standard_dataset,upstream_dataset_gold,120,120,0.20833333333333334,20.833333333333336,20.83,False,False,0.3502363222423042,35.023632224230425,35.02,False,False
expanded-v3-w4a4-22source-20261007,all12,startlux-decision-4b,StartLux-Decision,W4A4,expanded-20261007-v3,startlux-decision-4b,smoothquant-adapted,SmoothQuant*,imdb,IMDb,standard_dataset,upstream_dataset_gold,53,53,0.5660377358490566,56.60377358490566,56.60,False,False,0.3502363222423042,35.023632224230425,35.02,False,False
expanded-v3-w4a4-22source-20261007,all12,startlux-decision-4b,StartLux-Decision,W4A4,expanded-20261007-v3,startlux-decision-4b,smoothquant-adapted,SmoothQuant*,jevbench,JevBench new eligible public tasks,authored_scenario_suite,authored_scenario_gold,48,48,0.2708333333333333,27.083333333333332,27.08,False,False,0.3502363222423042,35.023632224230425,35.02,False,False
expanded-v3-w4a4-22source-20261007,all12,startlux-decision-4b,StartLux-Decision,W4A4,expanded-20261007-v3,startlux-decision-4b,smoothquant-adapted,SmoothQuant*,mmlu,MMLU,standard_dataset,upstream_dataset_gold,99,99,0.2727272727272727,27.27272727272727,27.27,False,False,0.3502363222423042,35.023632224230425,35.02,False,False
expanded-v3-w4a4-22source-20261007,all12,startlux-decision-4b,StartLux-Decision,W4A4,expanded-20261007-v3,startlux-decision-4b,smoothquant-adapted,SmoothQuant*,mnli,MNLI,standard_dataset,upstream_dataset_gold,122,122,0.29508196721311475,29.508196721311474,29.51,False,False,0.3502363222423042,35.023632224230425,35.02,False,False
expanded-v3-w4a4-22source-20261007,all12,startlux-decision-4b,StartLux-Decision,W4A4,expanded-20261007-v3,startlux-decision-4b,smoothquant-adapted,SmoothQuant*,openbookqa,OpenBookQA,standard_dataset,upstream_dataset_gold,128,128,0.3359375,33.59375,33.59,False,False,0.3502363222423042,35.023632224230425,35.02,False,False
expanded-v3-w4a4-22source-20261007,all12,startlux-decision-4b,StartLux-Decision,W4A4,expanded-20261007-v3,startlux-decision-4b,smoothquant-adapted,SmoothQuant*,paws,PAWS,standard_dataset,upstream_dataset_gold,128,128,0.5546875,55.46875,55.47,False,False,0.3502363222423042,35.023632224230425,35.02,False,False
expanded-v3-w4a4-22source-20261007,all12,startlux-decision-4b,StartLux-Decision,W4A4,expanded-20261007-v3,startlux-decision-4b,smoothquant-adapted,SmoothQuant*,qnli,QNLI,standard_dataset,upstream_dataset_gold,128,128,0.515625,51.5625,51.56,False,False,0.3502363222423042,35.023632224230425,35.02,False,False
expanded-v3-w4a4-22source-20261007,all12,startlux-decision-4b,StartLux-Decision,W4A4,expanded-20261007-v3,startlux-decision-4b,smoothquant-adapted,SmoothQuant*,sciq,SciQ,standard_dataset,upstream_dataset_gold,92,92,0.2717391304347826,27.173913043478258,27.17,False,False,0.3502363222423042,35.023632224230425,35.02,False,False
expanded-v3-w4a4-22source-20261007,all12,startlux-decision-4b,StartLux-Decision,W4A4,expanded-20261007-v3,startlux-decision-4b,smoothquant-adapted,SmoothQuant*,semif,SemIf authored,authored_rule_suite,authored_scenario_gold,128,32,0.3671875,36.71875,36.72,False,False,0.3502363222423042,35.023632224230425,35.02,False,False
expanded-v3-w4a4-22source-20261007,all12,startlux-decision-4b,StartLux-Decision,W4A4,expanded-20261007-v3,startlux-decision-4b,smoothquant-adapted,SmoothQuant*,sst5,SST-5,standard_dataset,upstream_dataset_gold,128,128,0.234375,23.4375,23.44,False,False,0.3502363222423042,35.023632224230425,35.02,False,False
expanded-v3-w4a4-22source-20261007,all12,startlux-decision-4b,StartLux-Decision,W4A4,expanded-20261007-v3,startlux-decision-4b,smoothquant-adapted,SmoothQuant*,toolace,ToolACE tool-choice classification,domain_decision_suite,native_annotation,68,68,0.45588235294117646,45.588235294117645,45.59,False,False,0.3502363222423042,35.023632224230425,35.02,False,False
expanded-v3-w4a4-22source-20261007,all12,startlux-decision-4b,StartLux-Decision,W4A4,expanded-20261007-v3,startlux-decision-4b,smoothquant-adapted,SmoothQuant*,trec,TREC,standard_dataset,upstream_dataset_gold,121,121,0.10743801652892562,10.743801652892563,10.74,False,False,0.3502363222423042,35.023632224230425,35.02,False,False
expanded-v3-w4a4-22source-20261007,all12,startlux-decision-4b,StartLux-Decision,W4A4,expanded-20261007-v3,startlux-decision-4b,smoothquant-adapted,SmoothQuant*,tweet-offensive,TweetEval Offensive,standard_dataset,upstream_dataset_gold,128,128,0.359375,35.9375,35.94,False,False,0.3502363222423042,35.023632224230425,35.02,False,False
expanded-v3-w4a4-22source-20261007,all12,startlux-decision-4b,StartLux-Decision,W4A4,expanded-20261007-v3,startlux-decision-4b,smoothquant-adapted,SmoothQuant*,wanli,WANLI,standard_dataset,upstream_dataset_gold,256,256,0.35546875,35.546875,35.55,False,False,0.3502363222423042,35.023632224230425,35.02,False,False
expanded-v3-w4a4-22source-20261007,all12,startlux-decision-4b,StartLux-Decision,W4A4,expanded-20261007-v3,startlux-decision-4b,smoothquant-adapted,SmoothQuant*,wildjailbreak,WildJailBreak harmful/benign classification,domain_decision_suite,native_annotation,128,128,0.7109375,71.09375,71.09,True,True,0.3502363222423042,35.023632224230425,35.02,False,False
expanded-v3-w4a4-22source-20261007,all12,startlux-decision-4b,StartLux-Decision,W4A4,expanded-20261007-v3,startlux-decision-4b,smoothquant-adapted,SmoothQuant*,yelp,Yelp,standard_dataset,upstream_dataset_gold,132,66,0.36363636363636365,36.36363636363637,36.36,False,False,0.3502363222423042,35.023632224230425,35.02,False,False
expanded-v3-w4a4-22source-20261007,all12,startlux-decision-4b,StartLux-Decision,W4A4,expanded-20261007-v3,startlux-decision-4b,awq-adapted,AWQ*,agnews,AG News,standard_dataset,upstream_dataset_gold,360,120,0.6888888888888889,68.88888888888889,68.89,False,False,0.44022412315389786,44.022412315389786,44.02,False,False
expanded-v3-w4a4-22source-20261007,all12,startlux-decision-4b,StartLux-Decision,W4A4,expanded-20261007-v3,startlux-decision-4b,awq-adapted,AWQ*,amazon,Amazon Reviews,standard_dataset,upstream_dataset_gold,128,128,0.234375,23.4375,23.44,False,False,0.44022412315389786,44.022412315389786,44.02,False,False
expanded-v3-w4a4-22source-20261007,all12,startlux-decision-4b,StartLux-Decision,W4A4,expanded-20261007-v3,startlux-decision-4b,awq-adapted,AWQ*,arc,ARC,standard_dataset,upstream_dataset_gold,128,128,0.3125,31.25,31.25,False,False,0.44022412315389786,44.022412315389786,44.02,False,False
expanded-v3-w4a4-22source-20261007,all12,startlux-decision-4b,StartLux-Decision,W4A4,expanded-20261007-v3,startlux-decision-4b,awq-adapted,AWQ*,boolq,BoolQ,standard_dataset,upstream_dataset_gold,120,120,0.48333333333333334,48.333333333333336,48.33,False,False,0.44022412315389786,44.022412315389786,44.02,False,False
expanded-v3-w4a4-22source-20261007,all12,startlux-decision-4b,StartLux-Decision,W4A4,expanded-20261007-v3,startlux-decision-4b,awq-adapted,AWQ*,csqa,CommonsenseQA,standard_dataset,upstream_dataset_gold,128,128,0.3046875,30.46875,30.47,False,False,0.44022412315389786,44.022412315389786,44.02,False,False
expanded-v3-w4a4-22source-20261007,all12,startlux-decision-4b,StartLux-Decision,W4A4,expanded-20261007-v3,startlux-decision-4b,awq-adapted,AWQ*,emotion,Emotion,standard_dataset,upstream_dataset_gold,120,120,0.39166666666666666,39.166666666666664,39.17,False,False,0.44022412315389786,44.022412315389786,44.02,False,False
expanded-v3-w4a4-22source-20261007,all12,startlux-decision-4b,StartLux-Decision,W4A4,expanded-20261007-v3,startlux-decision-4b,awq-adapted,AWQ*,imdb,IMDb,standard_dataset,upstream_dataset_gold,53,53,0.5849056603773585,58.490566037735846,58.49,False,False,0.44022412315389786,44.022412315389786,44.02,False,False
expanded-v3-w4a4-22source-20261007,all12,startlux-decision-4b,StartLux-Decision,W4A4,expanded-20261007-v3,startlux-decision-4b,awq-adapted,AWQ*,jevbench,JevBench new eligible public tasks,authored_scenario_suite,authored_scenario_gold,48,48,0.7291666666666666,72.91666666666666,72.92,False,False,0.44022412315389786,44.022412315389786,44.02,False,False
expanded-v3-w4a4-22source-20261007,all12,startlux-decision-4b,StartLux-Decision,W4A4,expanded-20261007-v3,startlux-decision-4b,awq-adapted,AWQ*,mmlu,MMLU,standard_dataset,upstream_dataset_gold,99,99,0.36363636363636365,36.36363636363637,36.36,False,False,0.44022412315389786,44.022412315389786,44.02,False,False
expanded-v3-w4a4-22source-20261007,all12,startlux-decision-4b,StartLux-Decision,W4A4,expanded-20261007-v3,startlux-decision-4b,awq-adapted,AWQ*,mnli,MNLI,standard_dataset,upstream_dataset_gold,122,122,0.45901639344262296,45.90163934426229,45.90,False,False,0.44022412315389786,44.022412315389786,44.02,False,False
expanded-v3-w4a4-22source-20261007,all12,startlux-decision-4b,StartLux-Decision,W4A4,expanded-20261007-v3,startlux-decision-4b,awq-adapted,AWQ*,openbookqa,OpenBookQA,standard_dataset,upstream_dataset_gold,128,128,0.328125,32.8125,32.81,False,False,0.44022412315389786,44.022412315389786,44.02,False,False
expanded-v3-w4a4-22source-20261007,all12,startlux-decision-4b,StartLux-Decision,W4A4,expanded-20261007-v3,startlux-decision-4b,awq-adapted,AWQ*,paws,PAWS,standard_dataset,upstream_dataset_gold,128,128,0.453125,45.3125,45.31,False,False,0.44022412315389786,44.022412315389786,44.02,False,False
expanded-v3-w4a4-22source-20261007,all12,startlux-decision-4b,StartLux-Decision,W4A4,expanded-20261007-v3,startlux-decision-4b,awq-adapted,AWQ*,qnli,QNLI,standard_dataset,upstream_dataset_gold,128,128,0.4921875,49.21875,49.22,False,False,0.44022412315389786,44.022412315389786,44.02,False,False
expanded-v3-w4a4-22source-20261007,all12,startlux-decision-4b,StartLux-Decision,W4A4,expanded-20261007-v3,startlux-decision-4b,awq-adapted,AWQ*,sciq,SciQ,standard_dataset,upstream_dataset_gold,92,92,0.7717391304347826,77.17391304347827,77.17,False,False,0.44022412315389786,44.022412315389786,44.02,False,False
expanded-v3-w4a4-22source-20261007,all12,startlux-decision-4b,StartLux-Decision,W4A4,expanded-20261007-v3,startlux-decision-4b,awq-adapted,AWQ*,semif,SemIf authored,authored_rule_suite,authored_scenario_gold,128,32,0.359375,35.9375,35.94,False,False,0.44022412315389786,44.022412315389786,44.02,False,False
expanded-v3-w4a4-22source-20261007,all12,startlux-decision-4b,StartLux-Decision,W4A4,expanded-20261007-v3,startlux-decision-4b,awq-adapted,AWQ*,sst5,SST-5,standard_dataset,upstream_dataset_gold,128,128,0.28125,28.125,28.12,False,False,0.44022412315389786,44.022412315389786,44.02,False,False
expanded-v3-w4a4-22source-20261007,all12,startlux-decision-4b,StartLux-Decision,W4A4,expanded-20261007-v3,startlux-decision-4b,awq-adapted,AWQ*,toolace,ToolACE tool-choice classification,domain_decision_suite,native_annotation,68,68,0.4852941176470588,48.529411764705884,48.53,False,False,0.44022412315389786,44.022412315389786,44.02,False,False
expanded-v3-w4a4-22source-20261007,all12,startlux-decision-4b,StartLux-Decision,W4A4,expanded-20261007-v3,startlux-decision-4b,awq-adapted,AWQ*,trec,TREC,standard_dataset,upstream_dataset_gold,121,121,0.3140495867768595,31.40495867768595,31.40,False,False,0.44022412315389786,44.022412315389786,44.02,False,False
expanded-v3-w4a4-22source-20261007,all12,startlux-decision-4b,StartLux-Decision,W4A4,expanded-20261007-v3,startlux-decision-4b,awq-adapted,AWQ*,tweet-offensive,TweetEval Offensive,standard_dataset,upstream_dataset_gold,128,128,0.7265625,72.65625,72.66,False,False,0.44022412315389786,44.022412315389786,44.02,False,False
expanded-v3-w4a4-22source-20261007,all12,startlux-decision-4b,StartLux-Decision,W4A4,expanded-20261007-v3,startlux-decision-4b,awq-adapted,AWQ*,wanli,WANLI,standard_dataset,upstream_dataset_gold,256,256,0.37109375,37.109375,37.11,False,False,0.44022412315389786,44.022412315389786,44.02,False,False
expanded-v3-w4a4-22source-20261007,all12,startlux-decision-4b,StartLux-Decision,W4A4,expanded-20261007-v3,startlux-decision-4b,awq-adapted,AWQ*,wildjailbreak,WildJailBreak harmful/benign classification,domain_decision_suite,native_annotation,128,128,0.1484375,14.84375,14.84,False,False,0.44022412315389786,44.022412315389786,44.02,False,False
expanded-v3-w4a4-22source-20261007,all12,startlux-decision-4b,StartLux-Decision,W4A4,expanded-20261007-v3,startlux-decision-4b,awq-adapted,AWQ*,yelp,Yelp,standard_dataset,upstream_dataset_gold,132,66,0.4015151515151515,40.15151515151515,40.15,False,False,0.44022412315389786,44.022412315389786,44.02,False,False
expanded-v3-w4a4-22source-20261007,all12,startlux-decision-4b,StartLux-Decision,W4A4,expanded-20261007-v3,startlux-decision-4b,gptq-blockdiag-adapted,GPTQ-block*,agnews,AG News,standard_dataset,upstream_dataset_gold,360,120,0.36666666666666664,36.666666666666664,36.67,False,False,0.33548375924965856,33.54837592496585,33.55,False,False
expanded-v3-w4a4-22source-20261007,all12,startlux-decision-4b,StartLux-Decision,W4A4,expanded-20261007-v3,startlux-decision-4b,gptq-blockdiag-adapted,GPTQ-block*,amazon,Amazon Reviews,standard_dataset,upstream_dataset_gold,128,128,0.1328125,13.28125,13.28,False,False,0.33548375924965856,33.54837592496585,33.55,False,False
expanded-v3-w4a4-22source-20261007,all12,startlux-decision-4b,StartLux-Decision,W4A4,expanded-20261007-v3,startlux-decision-4b,gptq-blockdiag-adapted,GPTQ-block*,arc,ARC,standard_dataset,upstream_dataset_gold,128,128,0.2265625,22.65625,22.66,False,False,0.33548375924965856,33.54837592496585,33.55,False,False
expanded-v3-w4a4-22source-20261007,all12,startlux-decision-4b,StartLux-Decision,W4A4,expanded-20261007-v3,startlux-decision-4b,gptq-blockdiag-adapted,GPTQ-block*,boolq,BoolQ,standard_dataset,upstream_dataset_gold,120,120,0.5083333333333333,50.83333333333333,50.83,False,False,0.33548375924965856,33.54837592496585,33.55,False,False
expanded-v3-w4a4-22source-20261007,all12,startlux-decision-4b,StartLux-Decision,W4A4,expanded-20261007-v3,startlux-decision-4b,gptq-blockdiag-adapted,GPTQ-block*,csqa,CommonsenseQA,standard_dataset,upstream_dataset_gold,128,128,0.25,25.0,25.00,False,False,0.33548375924965856,33.54837592496585,33.55,False,False
expanded-v3-w4a4-22source-20261007,all12,startlux-decision-4b,StartLux-Decision,W4A4,expanded-20261007-v3,startlux-decision-4b,gptq-blockdiag-adapted,GPTQ-block*,emotion,Emotion,standard_dataset,upstream_dataset_gold,120,120,0.225,22.5,22.50,False,False,0.33548375924965856,33.54837592496585,33.55,False,False
expanded-v3-w4a4-22source-20261007,all12,startlux-decision-4b,StartLux-Decision,W4A4,expanded-20261007-v3,startlux-decision-4b,gptq-blockdiag-adapted,GPTQ-block*,imdb,IMDb,standard_dataset,upstream_dataset_gold,53,53,0.5471698113207547,54.71698113207547,54.72,False,False,0.33548375924965856,33.54837592496585,33.55,False,False
expanded-v3-w4a4-22source-20261007,all12,startlux-decision-4b,StartLux-Decision,W4A4,expanded-20261007-v3,startlux-decision-4b,gptq-blockdiag-adapted,GPTQ-block*,jevbench,JevBench new eligible public tasks,authored_scenario_suite,authored_scenario_gold,48,48,0.20833333333333334,20.833333333333336,20.83,False,False,0.33548375924965856,33.54837592496585,33.55,False,False
expanded-v3-w4a4-22source-20261007,all12,startlux-decision-4b,StartLux-Decision,W4A4,expanded-20261007-v3,startlux-decision-4b,gptq-blockdiag-adapted,GPTQ-block*,mmlu,MMLU,standard_dataset,upstream_dataset_gold,99,99,0.30303030303030304,30.303030303030305,30.30,False,False,0.33548375924965856,33.54837592496585,33.55,False,False
expanded-v3-w4a4-22source-20261007,all12,startlux-decision-4b,StartLux-Decision,W4A4,expanded-20261007-v3,startlux-decision-4b,gptq-blockdiag-adapted,GPTQ-block*,mnli,MNLI,standard_dataset,upstream_dataset_gold,122,122,0.30327868852459017,30.327868852459016,30.33,False,False,0.33548375924965856,33.54837592496585,33.55,False,False
expanded-v3-w4a4-22source-20261007,all12,startlux-decision-4b,StartLux-Decision,W4A4,expanded-20261007-v3,startlux-decision-4b,gptq-blockdiag-adapted,GPTQ-block*,openbookqa,OpenBookQA,standard_dataset,upstream_dataset_gold,128,128,0.2421875,24.21875,24.22,False,False,0.33548375924965856,33.54837592496585,33.55,False,False
expanded-v3-w4a4-22source-20261007,all12,startlux-decision-4b,StartLux-Decision,W4A4,expanded-20261007-v3,startlux-decision-4b,gptq-blockdiag-adapted,GPTQ-block*,paws,PAWS,standard_dataset,upstream_dataset_gold,128,128,0.4375,43.75,43.75,False,False,0.33548375924965856,33.54837592496585,33.55,False,False
expanded-v3-w4a4-22source-20261007,all12,startlux-decision-4b,StartLux-Decision,W4A4,expanded-20261007-v3,startlux-decision-4b,gptq-blockdiag-adapted,GPTQ-block*,qnli,QNLI,standard_dataset,upstream_dataset_gold,128,128,0.515625,51.5625,51.56,False,False,0.33548375924965856,33.54837592496585,33.55,False,False
expanded-v3-w4a4-22source-20261007,all12,startlux-decision-4b,StartLux-Decision,W4A4,expanded-20261007-v3,startlux-decision-4b,gptq-blockdiag-adapted,GPTQ-block*,sciq,SciQ,standard_dataset,upstream_dataset_gold,92,92,0.2608695652173913,26.08695652173913,26.09,False,False,0.33548375924965856,33.54837592496585,33.55,False,False
expanded-v3-w4a4-22source-20261007,all12,startlux-decision-4b,StartLux-Decision,W4A4,expanded-20261007-v3,startlux-decision-4b,gptq-blockdiag-adapted,GPTQ-block*,semif,SemIf authored,authored_rule_suite,authored_scenario_gold,128,32,0.34375,34.375,34.38,False,False,0.33548375924965856,33.54837592496585,33.55,False,False
expanded-v3-w4a4-22source-20261007,all12,startlux-decision-4b,StartLux-Decision,W4A4,expanded-20261007-v3,startlux-decision-4b,gptq-blockdiag-adapted,GPTQ-block*,sst5,SST-5,standard_dataset,upstream_dataset_gold,128,128,0.2109375,21.09375,21.09,False,False,0.33548375924965856,33.54837592496585,33.55,False,False
expanded-v3-w4a4-22source-20261007,all12,startlux-decision-4b,StartLux-Decision,W4A4,expanded-20261007-v3,startlux-decision-4b,gptq-blockdiag-adapted,GPTQ-block*,toolace,ToolACE tool-choice classification,domain_decision_suite,native_annotation,68,68,0.5,50.0,50.00,False,False,0.33548375924965856,33.54837592496585,33.55,False,False
expanded-v3-w4a4-22source-20261007,all12,startlux-decision-4b,StartLux-Decision,W4A4,expanded-20261007-v3,startlux-decision-4b,gptq-blockdiag-adapted,GPTQ-block*,trec,TREC,standard_dataset,upstream_dataset_gold,121,121,0.11570247933884298,11.570247933884298,11.57,False,False,0.33548375924965856,33.54837592496585,33.55,False,False
expanded-v3-w4a4-22source-20261007,all12,startlux-decision-4b,StartLux-Decision,W4A4,expanded-20261007-v3,startlux-decision-4b,gptq-blockdiag-adapted,GPTQ-block*,tweet-offensive,TweetEval Offensive,standard_dataset,upstream_dataset_gold,128,128,0.46875,46.875,46.88,False,False,0.33548375924965856,33.54837592496585,33.55,False,False
expanded-v3-w4a4-22source-20261007,all12,startlux-decision-4b,StartLux-Decision,W4A4,expanded-20261007-v3,startlux-decision-4b,gptq-blockdiag-adapted,GPTQ-block*,wanli,WANLI,standard_dataset,upstream_dataset_gold,256,256,0.33984375,33.984375,33.98,False,False,0.33548375924965856,33.54837592496585,33.55,False,False
expanded-v3-w4a4-22source-20261007,all12,startlux-decision-4b,StartLux-Decision,W4A4,expanded-20261007-v3,startlux-decision-4b,gptq-blockdiag-adapted,GPTQ-block*,wildjailbreak,WildJailBreak harmful/benign classification,domain_decision_suite,native_annotation,128,128,0.6015625,60.15625,60.16,False,False,0.33548375924965856,33.54837592496585,33.55,False,False
expanded-v3-w4a4-22source-20261007,all12,startlux-decision-4b,StartLux-Decision,W4A4,expanded-20261007-v3,startlux-decision-4b,gptq-blockdiag-adapted,GPTQ-block*,yelp,Yelp,standard_dataset,upstream_dataset_gold,132,66,0.2727272727272727,27.27272727272727,27.27,False,False,0.33548375924965856,33.54837592496585,33.55,False,False
expanded-v3-w4a4-22source-20261007,all12,startlux-decision-4b,StartLux-Decision,W4A4,expanded-20261007-v3,startlux-decision-4b,spinquant-nohad-adapted,SpinQuant no-Had*,agnews,AG News,standard_dataset,upstream_dataset_gold,360,120,0.45555555555555555,45.55555555555556,45.56,False,False,0.3471524038376705,34.715240383767046,34.72,False,False
expanded-v3-w4a4-22source-20261007,all12,startlux-decision-4b,StartLux-Decision,W4A4,expanded-20261007-v3,startlux-decision-4b,spinquant-nohad-adapted,SpinQuant no-Had*,amazon,Amazon Reviews,standard_dataset,upstream_dataset_gold,128,128,0.234375,23.4375,23.44,False,False,0.3471524038376705,34.715240383767046,34.72,False,False
expanded-v3-w4a4-22source-20261007,all12,startlux-decision-4b,StartLux-Decision,W4A4,expanded-20261007-v3,startlux-decision-4b,spinquant-nohad-adapted,SpinQuant no-Had*,arc,ARC,standard_dataset,upstream_dataset_gold,128,128,0.28125,28.125,28.12,False,False,0.3471524038376705,34.715240383767046,34.72,False,False
expanded-v3-w4a4-22source-20261007,all12,startlux-decision-4b,StartLux-Decision,W4A4,expanded-20261007-v3,startlux-decision-4b,spinquant-nohad-adapted,SpinQuant no-Had*,boolq,BoolQ,standard_dataset,upstream_dataset_gold,120,120,0.5416666666666666,54.166666666666664,54.17,False,False,0.3471524038376705,34.715240383767046,34.72,False,False
expanded-v3-w4a4-22source-20261007,all12,startlux-decision-4b,StartLux-Decision,W4A4,expanded-20261007-v3,startlux-decision-4b,spinquant-nohad-adapted,SpinQuant no-Had*,csqa,CommonsenseQA,standard_dataset,upstream_dataset_gold,128,128,0.1953125,19.53125,19.53,False,False,0.3471524038376705,34.715240383767046,34.72,False,False
expanded-v3-w4a4-22source-20261007,all12,startlux-decision-4b,StartLux-Decision,W4A4,expanded-20261007-v3,startlux-decision-4b,spinquant-nohad-adapted,SpinQuant no-Had*,emotion,Emotion,standard_dataset,upstream_dataset_gold,120,120,0.2,20.0,20.00,False,False,0.3471524038376705,34.715240383767046,34.72,False,False
expanded-v3-w4a4-22source-20261007,all12,startlux-decision-4b,StartLux-Decision,W4A4,expanded-20261007-v3,startlux-decision-4b,spinquant-nohad-adapted,SpinQuant no-Had*,imdb,IMDb,standard_dataset,upstream_dataset_gold,53,53,0.5471698113207547,54.71698113207547,54.72,False,False,0.3471524038376705,34.715240383767046,34.72,False,False
expanded-v3-w4a4-22source-20261007,all12,startlux-decision-4b,StartLux-Decision,W4A4,expanded-20261007-v3,startlux-decision-4b,spinquant-nohad-adapted,SpinQuant no-Had*,jevbench,JevBench new eligible public tasks,authored_scenario_suite,authored_scenario_gold,48,48,0.20833333333333334,20.833333333333336,20.83,False,False,0.3471524038376705,34.715240383767046,34.72,False,False
expanded-v3-w4a4-22source-20261007,all12,startlux-decision-4b,StartLux-Decision,W4A4,expanded-20261007-v3,startlux-decision-4b,spinquant-nohad-adapted,SpinQuant no-Had*,mmlu,MMLU,standard_dataset,upstream_dataset_gold,99,99,0.21212121212121213,21.21212121212121,21.21,False,False,0.3471524038376705,34.715240383767046,34.72,False,False
expanded-v3-w4a4-22source-20261007,all12,startlux-decision-4b,StartLux-Decision,W4A4,expanded-20261007-v3,startlux-decision-4b,spinquant-nohad-adapted,SpinQuant no-Had*,mnli,MNLI,standard_dataset,upstream_dataset_gold,122,122,0.3524590163934426,35.24590163934426,35.25,False,False,0.3471524038376705,34.715240383767046,34.72,False,False
expanded-v3-w4a4-22source-20261007,all12,startlux-decision-4b,StartLux-Decision,W4A4,expanded-20261007-v3,startlux-decision-4b,spinquant-nohad-adapted,SpinQuant no-Had*,openbookqa,OpenBookQA,standard_dataset,upstream_dataset_gold,128,128,0.2890625,28.90625,28.91,False,False,0.3471524038376705,34.715240383767046,34.72,False,False
expanded-v3-w4a4-22source-20261007,all12,startlux-decision-4b,StartLux-Decision,W4A4,expanded-20261007-v3,startlux-decision-4b,spinquant-nohad-adapted,SpinQuant no-Had*,paws,PAWS,standard_dataset,upstream_dataset_gold,128,128,0.40625,40.625,40.62,False,False,0.3471524038376705,34.715240383767046,34.72,False,False
expanded-v3-w4a4-22source-20261007,all12,startlux-decision-4b,StartLux-Decision,W4A4,expanded-20261007-v3,startlux-decision-4b,spinquant-nohad-adapted,SpinQuant no-Had*,qnli,QNLI,standard_dataset,upstream_dataset_gold,128,128,0.453125,45.3125,45.31,False,False,0.3471524038376705,34.715240383767046,34.72,False,False
expanded-v3-w4a4-22source-20261007,all12,startlux-decision-4b,StartLux-Decision,W4A4,expanded-20261007-v3,startlux-decision-4b,spinquant-nohad-adapted,SpinQuant no-Had*,sciq,SciQ,standard_dataset,upstream_dataset_gold,92,92,0.33695652173913043,33.69565217391305,33.70,False,False,0.3471524038376705,34.715240383767046,34.72,False,False
expanded-v3-w4a4-22source-20261007,all12,startlux-decision-4b,StartLux-Decision,W4A4,expanded-20261007-v3,startlux-decision-4b,spinquant-nohad-adapted,SpinQuant no-Had*,semif,SemIf authored,authored_rule_suite,authored_scenario_gold,128,32,0.3984375,39.84375,39.84,False,False,0.3471524038376705,34.715240383767046,34.72,False,False
expanded-v3-w4a4-22source-20261007,all12,startlux-decision-4b,StartLux-Decision,W4A4,expanded-20261007-v3,startlux-decision-4b,spinquant-nohad-adapted,SpinQuant no-Had*,sst5,SST-5,standard_dataset,upstream_dataset_gold,128,128,0.1953125,19.53125,19.53,False,False,0.3471524038376705,34.715240383767046,34.72,False,False
expanded-v3-w4a4-22source-20261007,all12,startlux-decision-4b,StartLux-Decision,W4A4,expanded-20261007-v3,startlux-decision-4b,spinquant-nohad-adapted,SpinQuant no-Had*,toolace,ToolACE tool-choice classification,domain_decision_suite,native_annotation,68,68,0.4264705882352941,42.64705882352941,42.65,False,False,0.3471524038376705,34.715240383767046,34.72,False,False
expanded-v3-w4a4-22source-20261007,all12,startlux-decision-4b,StartLux-Decision,W4A4,expanded-20261007-v3,startlux-decision-4b,spinquant-nohad-adapted,SpinQuant no-Had*,trec,TREC,standard_dataset,upstream_dataset_gold,121,121,0.1487603305785124,14.87603305785124,14.88,False,False,0.3471524038376705,34.715240383767046,34.72,False,False
expanded-v3-w4a4-22source-20261007,all12,startlux-decision-4b,StartLux-Decision,W4A4,expanded-20261007-v3,startlux-decision-4b,spinquant-nohad-adapted,SpinQuant no-Had*,tweet-offensive,TweetEval Offensive,standard_dataset,upstream_dataset_gold,128,128,0.5234375,52.34375,52.34,False,False,0.3471524038376705,34.715240383767046,34.72,False,False
expanded-v3-w4a4-22source-20261007,all12,startlux-decision-4b,StartLux-Decision,W4A4,expanded-20261007-v3,startlux-decision-4b,spinquant-nohad-adapted,SpinQuant no-Had*,wanli,WANLI,standard_dataset,upstream_dataset_gold,256,256,0.328125,32.8125,32.81,False,False,0.3471524038376705,34.715240383767046,34.72,False,False
expanded-v3-w4a4-22source-20261007,all12,startlux-decision-4b,StartLux-Decision,W4A4,expanded-20261007-v3,startlux-decision-4b,spinquant-nohad-adapted,SpinQuant no-Had*,wildjailbreak,WildJailBreak harmful/benign classification,domain_decision_suite,native_annotation,128,128,0.5546875,55.46875,55.47,False,False,0.3471524038376705,34.715240383767046,34.72,False,False
expanded-v3-w4a4-22source-20261007,all12,startlux-decision-4b,StartLux-Decision,W4A4,expanded-20261007-v3,startlux-decision-4b,spinquant-nohad-adapted,SpinQuant no-Had*,yelp,Yelp,standard_dataset,upstream_dataset_gold,132,66,0.3484848484848485,34.84848484848485,34.85,False,False,0.3471524038376705,34.715240383767046,34.72,False,False
expanded-v3-w4a4-22source-20261007,all12,startlux-decision-4b,StartLux-Decision,W4A4,expanded-20261007-v3,startlux-decision-4b,spinquant-had-adapted,SpinQuant Had*,agnews,AG News,standard_dataset,upstream_dataset_gold,360,120,0.44166666666666665,44.166666666666664,44.17,False,False,0.3375566456429337,33.75566456429337,33.76,False,False
expanded-v3-w4a4-22source-20261007,all12,startlux-decision-4b,StartLux-Decision,W4A4,expanded-20261007-v3,startlux-decision-4b,spinquant-had-adapted,SpinQuant Had*,amazon,Amazon Reviews,standard_dataset,upstream_dataset_gold,128,128,0.1484375,14.84375,14.84,False,False,0.3375566456429337,33.75566456429337,33.76,False,False
expanded-v3-w4a4-22source-20261007,all12,startlux-decision-4b,StartLux-Decision,W4A4,expanded-20261007-v3,startlux-decision-4b,spinquant-had-adapted,SpinQuant Had*,arc,ARC,standard_dataset,upstream_dataset_gold,128,128,0.21875,21.875,21.88,False,False,0.3375566456429337,33.75566456429337,33.76,False,False
expanded-v3-w4a4-22source-20261007,all12,startlux-decision-4b,StartLux-Decision,W4A4,expanded-20261007-v3,startlux-decision-4b,spinquant-had-adapted,SpinQuant Had*,boolq,BoolQ,standard_dataset,upstream_dataset_gold,120,120,0.4166666666666667,41.66666666666667,41.67,False,False,0.3375566456429337,33.75566456429337,33.76,False,False
expanded-v3-w4a4-22source-20261007,all12,startlux-decision-4b,StartLux-Decision,W4A4,expanded-20261007-v3,startlux-decision-4b,spinquant-had-adapted,SpinQuant Had*,csqa,CommonsenseQA,standard_dataset,upstream_dataset_gold,128,128,0.203125,20.3125,20.31,False,False,0.3375566456429337,33.75566456429337,33.76,False,False
expanded-v3-w4a4-22source-20261007,all12,startlux-decision-4b,StartLux-Decision,W4A4,expanded-20261007-v3,startlux-decision-4b,spinquant-had-adapted,SpinQuant Had*,emotion,Emotion,standard_dataset,upstream_dataset_gold,120,120,0.24166666666666667,24.166666666666668,24.17,False,False,0.3375566456429337,33.75566456429337,33.76,False,False
expanded-v3-w4a4-22source-20261007,all12,startlux-decision-4b,StartLux-Decision,W4A4,expanded-20261007-v3,startlux-decision-4b,spinquant-had-adapted,SpinQuant Had*,imdb,IMDb,standard_dataset,upstream_dataset_gold,53,53,0.39622641509433965,39.62264150943396,39.62,False,False,0.3375566456429337,33.75566456429337,33.76,False,False
expanded-v3-w4a4-22source-20261007,all12,startlux-decision-4b,StartLux-Decision,W4A4,expanded-20261007-v3,startlux-decision-4b,spinquant-had-adapted,SpinQuant Had*,jevbench,JevBench new eligible public tasks,authored_scenario_suite,authored_scenario_gold,48,48,0.14583333333333334,14.583333333333334,14.58,False,False,0.3375566456429337,33.75566456429337,33.76,False,False
expanded-v3-w4a4-22source-20261007,all12,startlux-decision-4b,StartLux-Decision,W4A4,expanded-20261007-v3,startlux-decision-4b,spinquant-had-adapted,SpinQuant Had*,mmlu,MMLU,standard_dataset,upstream_dataset_gold,99,99,0.21212121212121213,21.21212121212121,21.21,False,False,0.3375566456429337,33.75566456429337,33.76,False,False
expanded-v3-w4a4-22source-20261007,all12,startlux-decision-4b,StartLux-Decision,W4A4,expanded-20261007-v3,startlux-decision-4b,spinquant-had-adapted,SpinQuant Had*,mnli,MNLI,standard_dataset,upstream_dataset_gold,122,122,0.3114754098360656,31.147540983606557,31.15,False,False,0.3375566456429337,33.75566456429337,33.76,False,False
expanded-v3-w4a4-22source-20261007,all12,startlux-decision-4b,StartLux-Decision,W4A4,expanded-20261007-v3,startlux-decision-4b,spinquant-had-adapted,SpinQuant Had*,openbookqa,OpenBookQA,standard_dataset,upstream_dataset_gold,128,128,0.3125,31.25,31.25,False,False,0.3375566456429337,33.75566456429337,33.76,False,False
expanded-v3-w4a4-22source-20261007,all12,startlux-decision-4b,StartLux-Decision,W4A4,expanded-20261007-v3,startlux-decision-4b,spinquant-had-adapted,SpinQuant Had*,paws,PAWS,standard_dataset,upstream_dataset_gold,128,128,0.484375,48.4375,48.44,False,False,0.3375566456429337,33.75566456429337,33.76,False,False
expanded-v3-w4a4-22source-20261007,all12,startlux-decision-4b,StartLux-Decision,W4A4,expanded-20261007-v3,startlux-decision-4b,spinquant-had-adapted,SpinQuant Had*,qnli,QNLI,standard_dataset,upstream_dataset_gold,128,128,0.5234375,52.34375,52.34,False,False,0.3375566456429337,33.75566456429337,33.76,False,False
expanded-v3-w4a4-22source-20261007,all12,startlux-decision-4b,StartLux-Decision,W4A4,expanded-20261007-v3,startlux-decision-4b,spinquant-had-adapted,SpinQuant Had*,sciq,SciQ,standard_dataset,upstream_dataset_gold,92,92,0.21739130434782608,21.73913043478261,21.74,False,False,0.3375566456429337,33.75566456429337,33.76,False,False
expanded-v3-w4a4-22source-20261007,all12,startlux-decision-4b,StartLux-Decision,W4A4,expanded-20261007-v3,startlux-decision-4b,spinquant-had-adapted,SpinQuant Had*,semif,SemIf authored,authored_rule_suite,authored_scenario_gold,128,32,0.375,37.5,37.50,False,False,0.3375566456429337,33.75566456429337,33.76,False,False
expanded-v3-w4a4-22source-20261007,all12,startlux-decision-4b,StartLux-Decision,W4A4,expanded-20261007-v3,startlux-decision-4b,spinquant-had-adapted,SpinQuant Had*,sst5,SST-5,standard_dataset,upstream_dataset_gold,128,128,0.2109375,21.09375,21.09,False,False,0.3375566456429337,33.75566456429337,33.76,False,False
expanded-v3-w4a4-22source-20261007,all12,startlux-decision-4b,StartLux-Decision,W4A4,expanded-20261007-v3,startlux-decision-4b,spinquant-had-adapted,SpinQuant Had*,toolace,ToolACE tool-choice classification,domain_decision_suite,native_annotation,68,68,0.5588235294117647,55.88235294117647,55.88,False,False,0.3375566456429337,33.75566456429337,33.76,False,False
expanded-v3-w4a4-22source-20261007,all12,startlux-decision-4b,StartLux-Decision,W4A4,expanded-20261007-v3,startlux-decision-4b,spinquant-had-adapted,SpinQuant Had*,trec,TREC,standard_dataset,upstream_dataset_gold,121,121,0.18181818181818182,18.181818181818183,18.18,False,False,0.3375566456429337,33.75566456429337,33.76,False,False
expanded-v3-w4a4-22source-20261007,all12,startlux-decision-4b,StartLux-Decision,W4A4,expanded-20261007-v3,startlux-decision-4b,spinquant-had-adapted,SpinQuant Had*,tweet-offensive,TweetEval Offensive,standard_dataset,upstream_dataset_gold,128,128,0.5625,56.25,56.25,False,False,0.3375566456429337,33.75566456429337,33.76,False,False
expanded-v3-w4a4-22source-20261007,all12,startlux-decision-4b,StartLux-Decision,W4A4,expanded-20261007-v3,startlux-decision-4b,spinquant-had-adapted,SpinQuant Had*,wanli,WANLI,standard_dataset,upstream_dataset_gold,256,256,0.40625,40.625,40.62,False,False,0.3375566456429337,33.75566456429337,33.76,False,False
expanded-v3-w4a4-22source-20261007,all12,startlux-decision-4b,StartLux-Decision,W4A4,expanded-20261007-v3,startlux-decision-4b,spinquant-had-adapted,SpinQuant Had*,wildjailbreak,WildJailBreak harmful/benign classification,domain_decision_suite,native_annotation,128,128,0.5390625,53.90625,53.91,False,False,0.3375566456429337,33.75566456429337,33.76,False,False
expanded-v3-w4a4-22source-20261007,all12,startlux-decision-4b,StartLux-Decision,W4A4,expanded-20261007-v3,startlux-decision-4b,spinquant-had-adapted,SpinQuant Had*,yelp,Yelp,standard_dataset,upstream_dataset_gold,132,66,0.3181818181818182,31.818181818181817,31.82,False,False,0.3375566456429337,33.75566456429337,33.76,False,False
expanded-v3-w4a4-22source-20261007,all12,startlux-decision-4b,StartLux-Decision,W4A4,expanded-20261007-v3,startlux-decision-4b,s1q-joint,S1Q-Joint,agnews,AG News,standard_dataset,upstream_dataset_gold,360,120,0.7888888888888889,78.88888888888889,78.89,False,False,0.568034334028095,56.8034334028095,56.80,False,False
expanded-v3-w4a4-22source-20261007,all12,startlux-decision-4b,StartLux-Decision,W4A4,expanded-20261007-v3,startlux-decision-4b,s1q-joint,S1Q-Joint,amazon,Amazon Reviews,standard_dataset,upstream_dataset_gold,128,128,0.3125,31.25,31.25,False,False,0.568034334028095,56.8034334028095,56.80,False,False
expanded-v3-w4a4-22source-20261007,all12,startlux-decision-4b,StartLux-Decision,W4A4,expanded-20261007-v3,startlux-decision-4b,s1q-joint,S1Q-Joint,arc,ARC,standard_dataset,upstream_dataset_gold,128,128,0.453125,45.3125,45.31,False,False,0.568034334028095,56.8034334028095,56.80,False,False
expanded-v3-w4a4-22source-20261007,all12,startlux-decision-4b,StartLux-Decision,W4A4,expanded-20261007-v3,startlux-decision-4b,s1q-joint,S1Q-Joint,boolq,BoolQ,standard_dataset,upstream_dataset_gold,120,120,0.5916666666666667,59.166666666666664,59.17,False,False,0.568034334028095,56.8034334028095,56.80,False,False
expanded-v3-w4a4-22source-20261007,all12,startlux-decision-4b,StartLux-Decision,W4A4,expanded-20261007-v3,startlux-decision-4b,s1q-joint,S1Q-Joint,csqa,CommonsenseQA,standard_dataset,upstream_dataset_gold,128,128,0.421875,42.1875,42.19,False,False,0.568034334028095,56.8034334028095,56.80,False,False
expanded-v3-w4a4-22source-20261007,all12,startlux-decision-4b,StartLux-Decision,W4A4,expanded-20261007-v3,startlux-decision-4b,s1q-joint,S1Q-Joint,emotion,Emotion,standard_dataset,upstream_dataset_gold,120,120,0.6,60.0,60.00,False,False,0.568034334028095,56.8034334028095,56.80,False,False
expanded-v3-w4a4-22source-20261007,all12,startlux-decision-4b,StartLux-Decision,W4A4,expanded-20261007-v3,startlux-decision-4b,s1q-joint,S1Q-Joint,imdb,IMDb,standard_dataset,upstream_dataset_gold,53,53,0.8490566037735849,84.90566037735849,84.91,False,False,0.568034334028095,56.8034334028095,56.80,False,False
expanded-v3-w4a4-22source-20261007,all12,startlux-decision-4b,StartLux-Decision,W4A4,expanded-20261007-v3,startlux-decision-4b,s1q-joint,S1Q-Joint,jevbench,JevBench new eligible public tasks,authored_scenario_suite,authored_scenario_gold,48,48,0.9166666666666666,91.66666666666666,91.67,False,False,0.568034334028095,56.8034334028095,56.80,False,False
expanded-v3-w4a4-22source-20261007,all12,startlux-decision-4b,StartLux-Decision,W4A4,expanded-20261007-v3,startlux-decision-4b,s1q-joint,S1Q-Joint,mmlu,MMLU,standard_dataset,upstream_dataset_gold,99,99,0.36363636363636365,36.36363636363637,36.36,False,False,0.568034334028095,56.8034334028095,56.80,False,False
expanded-v3-w4a4-22source-20261007,all12,startlux-decision-4b,StartLux-Decision,W4A4,expanded-20261007-v3,startlux-decision-4b,s1q-joint,S1Q-Joint,mnli,MNLI,standard_dataset,upstream_dataset_gold,122,122,0.4918032786885246,49.18032786885246,49.18,False,False,0.568034334028095,56.8034334028095,56.80,False,False
expanded-v3-w4a4-22source-20261007,all12,startlux-decision-4b,StartLux-Decision,W4A4,expanded-20261007-v3,startlux-decision-4b,s1q-joint,S1Q-Joint,openbookqa,OpenBookQA,standard_dataset,upstream_dataset_gold,128,128,0.4140625,41.40625,41.41,False,False,0.568034334028095,56.8034334028095,56.80,False,False
expanded-v3-w4a4-22source-20261007,all12,startlux-decision-4b,StartLux-Decision,W4A4,expanded-20261007-v3,startlux-decision-4b,s1q-joint,S1Q-Joint,paws,PAWS,standard_dataset,upstream_dataset_gold,128,128,0.5,50.0,50.00,False,False,0.568034334028095,56.8034334028095,56.80,False,False
expanded-v3-w4a4-22source-20261007,all12,startlux-decision-4b,StartLux-Decision,W4A4,expanded-20261007-v3,startlux-decision-4b,s1q-joint,S1Q-Joint,qnli,QNLI,standard_dataset,upstream_dataset_gold,128,128,0.5390625,53.90625,53.91,False,False,0.568034334028095,56.8034334028095,56.80,False,False
expanded-v3-w4a4-22source-20261007,all12,startlux-decision-4b,StartLux-Decision,W4A4,expanded-20261007-v3,startlux-decision-4b,s1q-joint,S1Q-Joint,sciq,SciQ,standard_dataset,upstream_dataset_gold,92,92,0.8586956521739131,85.86956521739131,85.87,False,False,0.568034334028095,56.8034334028095,56.80,False,False
expanded-v3-w4a4-22source-20261007,all12,startlux-decision-4b,StartLux-Decision,W4A4,expanded-20261007-v3,startlux-decision-4b,s1q-joint,S1Q-Joint,semif,SemIf authored,authored_rule_suite,authored_scenario_gold,128,32,0.6328125,63.28125,63.28,False,False,0.568034334028095,56.8034334028095,56.80,False,False
expanded-v3-w4a4-22source-20261007,all12,startlux-decision-4b,StartLux-Decision,W4A4,expanded-20261007-v3,startlux-decision-4b,s1q-joint,S1Q-Joint,sst5,SST-5,standard_dataset,upstream_dataset_gold,128,128,0.390625,39.0625,39.06,False,False,0.568034334028095,56.8034334028095,56.80,False,False
expanded-v3-w4a4-22source-20261007,all12,startlux-decision-4b,StartLux-Decision,W4A4,expanded-20261007-v3,startlux-decision-4b,s1q-joint,S1Q-Joint,toolace,ToolACE tool-choice classification,domain_decision_suite,native_annotation,68,68,0.8529411764705882,85.29411764705883,85.29,False,False,0.568034334028095,56.8034334028095,56.80,False,False
expanded-v3-w4a4-22source-20261007,all12,startlux-decision-4b,StartLux-Decision,W4A4,expanded-20261007-v3,startlux-decision-4b,s1q-joint,S1Q-Joint,trec,TREC,standard_dataset,upstream_dataset_gold,121,121,0.4380165289256198,43.80165289256198,43.80,False,False,0.568034334028095,56.8034334028095,56.80,False,False
expanded-v3-w4a4-22source-20261007,all12,startlux-decision-4b,StartLux-Decision,W4A4,expanded-20261007-v3,startlux-decision-4b,s1q-joint,S1Q-Joint,tweet-offensive,TweetEval Offensive,standard_dataset,upstream_dataset_gold,128,128,0.796875,79.6875,79.69,False,False,0.568034334028095,56.8034334028095,56.80,False,False
expanded-v3-w4a4-22source-20261007,all12,startlux-decision-4b,StartLux-Decision,W4A4,expanded-20261007-v3,startlux-decision-4b,s1q-joint,S1Q-Joint,wanli,WANLI,standard_dataset,upstream_dataset_gold,256,256,0.51171875,51.171875,51.17,False,False,0.568034334028095,56.8034334028095,56.80,False,False
expanded-v3-w4a4-22source-20261007,all12,startlux-decision-4b,StartLux-Decision,W4A4,expanded-20261007-v3,startlux-decision-4b,s1q-joint,S1Q-Joint,wildjailbreak,WildJailBreak harmful/benign classification,domain_decision_suite,native_annotation,128,128,0.25,25.0,25.00,False,False,0.568034334028095,56.8034334028095,56.80,False,False
expanded-v3-w4a4-22source-20261007,all12,startlux-decision-4b,StartLux-Decision,W4A4,expanded-20261007-v3,startlux-decision-4b,s1q-joint,S1Q-Joint,yelp,Yelp,standard_dataset,upstream_dataset_gold,132,66,0.5227272727272727,52.27272727272727,52.27,False,False,0.568034334028095,56.8034334028095,56.80,False,False
expanded-v3-w4a4-22source-20261007,all12,startlux-decision-4b,StartLux-Decision,W4A4,expanded-20261007-v3,startlux-decision-4b,s1q-ac,S1Q-AC,agnews,AG News,standard_dataset,upstream_dataset_gold,360,120,0.7916666666666666,79.16666666666666,79.17,False,False,0.6085822516843885,60.85822516843885,60.86,False,False
expanded-v3-w4a4-22source-20261007,all12,startlux-decision-4b,StartLux-Decision,W4A4,expanded-20261007-v3,startlux-decision-4b,s1q-ac,S1Q-AC,amazon,Amazon Reviews,standard_dataset,upstream_dataset_gold,128,128,0.3203125,32.03125,32.03,False,False,0.6085822516843885,60.85822516843885,60.86,False,False
expanded-v3-w4a4-22source-20261007,all12,startlux-decision-4b,StartLux-Decision,W4A4,expanded-20261007-v3,startlux-decision-4b,s1q-ac,S1Q-AC,arc,ARC,standard_dataset,upstream_dataset_gold,128,128,0.6015625,60.15625,60.16,True,True,0.6085822516843885,60.85822516843885,60.86,False,False
expanded-v3-w4a4-22source-20261007,all12,startlux-decision-4b,StartLux-Decision,W4A4,expanded-20261007-v3,startlux-decision-4b,s1q-ac,S1Q-AC,boolq,BoolQ,standard_dataset,upstream_dataset_gold,120,120,0.5666666666666667,56.666666666666664,56.67,False,False,0.6085822516843885,60.85822516843885,60.86,False,False
expanded-v3-w4a4-22source-20261007,all12,startlux-decision-4b,StartLux-Decision,W4A4,expanded-20261007-v3,startlux-decision-4b,s1q-ac,S1Q-AC,csqa,CommonsenseQA,standard_dataset,upstream_dataset_gold,128,128,0.46875,46.875,46.88,False,False,0.6085822516843885,60.85822516843885,60.86,False,False
expanded-v3-w4a4-22source-20261007,all12,startlux-decision-4b,StartLux-Decision,W4A4,expanded-20261007-v3,startlux-decision-4b,s1q-ac,S1Q-AC,emotion,Emotion,standard_dataset,upstream_dataset_gold,120,120,0.6083333333333333,60.83333333333333,60.83,False,False,0.6085822516843885,60.85822516843885,60.86,False,False
expanded-v3-w4a4-22source-20261007,all12,startlux-decision-4b,StartLux-Decision,W4A4,expanded-20261007-v3,startlux-decision-4b,s1q-ac,S1Q-AC,imdb,IMDb,standard_dataset,upstream_dataset_gold,53,53,0.8679245283018868,86.79245283018868,86.79,False,False,0.6085822516843885,60.85822516843885,60.86,False,False
expanded-v3-w4a4-22source-20261007,all12,startlux-decision-4b,StartLux-Decision,W4A4,expanded-20261007-v3,startlux-decision-4b,s1q-ac,S1Q-AC,jevbench,JevBench new eligible public tasks,authored_scenario_suite,authored_scenario_gold,48,48,0.9583333333333334,95.83333333333334,95.83,False,False,0.6085822516843885,60.85822516843885,60.86,False,False
expanded-v3-w4a4-22source-20261007,all12,startlux-decision-4b,StartLux-Decision,W4A4,expanded-20261007-v3,startlux-decision-4b,s1q-ac,S1Q-AC,mmlu,MMLU,standard_dataset,upstream_dataset_gold,99,99,0.32323232323232326,32.323232323232325,32.32,False,False,0.6085822516843885,60.85822516843885,60.86,False,False
expanded-v3-w4a4-22source-20261007,all12,startlux-decision-4b,StartLux-Decision,W4A4,expanded-20261007-v3,startlux-decision-4b,s1q-ac,S1Q-AC,mnli,MNLI,standard_dataset,upstream_dataset_gold,122,122,0.45901639344262296,45.90163934426229,45.90,False,False,0.6085822516843885,60.85822516843885,60.86,False,False
expanded-v3-w4a4-22source-20261007,all12,startlux-decision-4b,StartLux-Decision,W4A4,expanded-20261007-v3,startlux-decision-4b,s1q-ac,S1Q-AC,openbookqa,OpenBookQA,standard_dataset,upstream_dataset_gold,128,128,0.5078125,50.78125,50.78,True,True,0.6085822516843885,60.85822516843885,60.86,False,False
expanded-v3-w4a4-22source-20261007,all12,startlux-decision-4b,StartLux-Decision,W4A4,expanded-20261007-v3,startlux-decision-4b,s1q-ac,S1Q-AC,paws,PAWS,standard_dataset,upstream_dataset_gold,128,128,0.5078125,50.78125,50.78,False,False,0.6085822516843885,60.85822516843885,60.86,False,False
expanded-v3-w4a4-22source-20261007,all12,startlux-decision-4b,StartLux-Decision,W4A4,expanded-20261007-v3,startlux-decision-4b,s1q-ac,S1Q-AC,qnli,QNLI,standard_dataset,upstream_dataset_gold,128,128,0.5703125,57.03125,57.03,False,False,0.6085822516843885,60.85822516843885,60.86,False,False
expanded-v3-w4a4-22source-20261007,all12,startlux-decision-4b,StartLux-Decision,W4A4,expanded-20261007-v3,startlux-decision-4b,s1q-ac,S1Q-AC,sciq,SciQ,standard_dataset,upstream_dataset_gold,92,92,0.9565217391304348,95.65217391304348,95.65,True,True,0.6085822516843885,60.85822516843885,60.86,False,False
expanded-v3-w4a4-22source-20261007,all12,startlux-decision-4b,StartLux-Decision,W4A4,expanded-20261007-v3,startlux-decision-4b,s1q-ac,S1Q-AC,semif,SemIf authored,authored_rule_suite,authored_scenario_gold,128,32,0.7109375,71.09375,71.09,False,False,0.6085822516843885,60.85822516843885,60.86,False,False
expanded-v3-w4a4-22source-20261007,all12,startlux-decision-4b,StartLux-Decision,W4A4,expanded-20261007-v3,startlux-decision-4b,s1q-ac,S1Q-AC,sst5,SST-5,standard_dataset,upstream_dataset_gold,128,128,0.421875,42.1875,42.19,False,False,0.6085822516843885,60.85822516843885,60.86,False,False
expanded-v3-w4a4-22source-20261007,all12,startlux-decision-4b,StartLux-Decision,W4A4,expanded-20261007-v3,startlux-decision-4b,s1q-ac,S1Q-AC,toolace,ToolACE tool-choice classification,domain_decision_suite,native_annotation,68,68,0.8235294117647058,82.35294117647058,82.35,False,False,0.6085822516843885,60.85822516843885,60.86,False,False
expanded-v3-w4a4-22source-20261007,all12,startlux-decision-4b,StartLux-Decision,W4A4,expanded-20261007-v3,startlux-decision-4b,s1q-ac,S1Q-AC,trec,TREC,standard_dataset,upstream_dataset_gold,121,121,0.6033057851239669,60.33057851239669,60.33,False,False,0.6085822516843885,60.85822516843885,60.86,False,False
expanded-v3-w4a4-22source-20261007,all12,startlux-decision-4b,StartLux-Decision,W4A4,expanded-20261007-v3,startlux-decision-4b,s1q-ac,S1Q-AC,tweet-offensive,TweetEval Offensive,standard_dataset,upstream_dataset_gold,128,128,0.796875,79.6875,79.69,False,False,0.6085822516843885,60.85822516843885,60.86,False,False
expanded-v3-w4a4-22source-20261007,all12,startlux-decision-4b,StartLux-Decision,W4A4,expanded-20261007-v3,startlux-decision-4b,s1q-ac,S1Q-AC,wanli,WANLI,standard_dataset,upstream_dataset_gold,256,256,0.50390625,50.390625,50.39,False,False,0.6085822516843885,60.85822516843885,60.86,False,False
expanded-v3-w4a4-22source-20261007,all12,startlux-decision-4b,StartLux-Decision,W4A4,expanded-20261007-v3,startlux-decision-4b,s1q-ac,S1Q-AC,wildjailbreak,WildJailBreak harmful/benign classification,domain_decision_suite,native_annotation,128,128,0.4140625,41.40625,41.41,False,False,0.6085822516843885,60.85822516843885,60.86,False,False
expanded-v3-w4a4-22source-20261007,all12,startlux-decision-4b,StartLux-Decision,W4A4,expanded-20261007-v3,startlux-decision-4b,s1q-ac,S1Q-AC,yelp,Yelp,standard_dataset,upstream_dataset_gold,132,66,0.6060606060606061,60.60606060606061,60.61,False,False,0.6085822516843885,60.85822516843885,60.86,False,False
expanded-v3-w4a4-22source-20261007,all12,startlux-decision-4b,StartLux-Decision,W4A4,expanded-20261007-v3,startlux-decision-4b,s1q-margin,S1Q-Margin,agnews,AG News,standard_dataset,upstream_dataset_gold,360,120,0.8277777777777777,82.77777777777777,82.78,True,True,0.6080269700199221,60.802697001992215,60.80,False,False
expanded-v3-w4a4-22source-20261007,all12,startlux-decision-4b,StartLux-Decision,W4A4,expanded-20261007-v3,startlux-decision-4b,s1q-margin,S1Q-Margin,amazon,Amazon Reviews,standard_dataset,upstream_dataset_gold,128,128,0.234375,23.4375,23.44,False,False,0.6080269700199221,60.802697001992215,60.80,False,False
expanded-v3-w4a4-22source-20261007,all12,startlux-decision-4b,StartLux-Decision,W4A4,expanded-20261007-v3,startlux-decision-4b,s1q-margin,S1Q-Margin,arc,ARC,standard_dataset,upstream_dataset_gold,128,128,0.484375,48.4375,48.44,False,False,0.6080269700199221,60.802697001992215,60.80,False,False
expanded-v3-w4a4-22source-20261007,all12,startlux-decision-4b,StartLux-Decision,W4A4,expanded-20261007-v3,startlux-decision-4b,s1q-margin,S1Q-Margin,boolq,BoolQ,standard_dataset,upstream_dataset_gold,120,120,0.6333333333333333,63.33333333333333,63.33,False,False,0.6080269700199221,60.802697001992215,60.80,False,False
expanded-v3-w4a4-22source-20261007,all12,startlux-decision-4b,StartLux-Decision,W4A4,expanded-20261007-v3,startlux-decision-4b,s1q-margin,S1Q-Margin,csqa,CommonsenseQA,standard_dataset,upstream_dataset_gold,128,128,0.4296875,42.96875,42.97,False,False,0.6080269700199221,60.802697001992215,60.80,False,False
expanded-v3-w4a4-22source-20261007,all12,startlux-decision-4b,StartLux-Decision,W4A4,expanded-20261007-v3,startlux-decision-4b,s1q-margin,S1Q-Margin,emotion,Emotion,standard_dataset,upstream_dataset_gold,120,120,0.55,55.00000000000001,55.00,False,False,0.6080269700199221,60.802697001992215,60.80,False,False
expanded-v3-w4a4-22source-20261007,all12,startlux-decision-4b,StartLux-Decision,W4A4,expanded-20261007-v3,startlux-decision-4b,s1q-margin,S1Q-Margin,imdb,IMDb,standard_dataset,upstream_dataset_gold,53,53,0.9056603773584906,90.56603773584906,90.57,False,False,0.6080269700199221,60.802697001992215,60.80,False,False
expanded-v3-w4a4-22source-20261007,all12,startlux-decision-4b,StartLux-Decision,W4A4,expanded-20261007-v3,startlux-decision-4b,s1q-margin,S1Q-Margin,jevbench,JevBench new eligible public tasks,authored_scenario_suite,authored_scenario_gold,48,48,0.9375,93.75,93.75,False,False,0.6080269700199221,60.802697001992215,60.80,False,False
expanded-v3-w4a4-22source-20261007,all12,startlux-decision-4b,StartLux-Decision,W4A4,expanded-20261007-v3,startlux-decision-4b,s1q-margin,S1Q-Margin,mmlu,MMLU,standard_dataset,upstream_dataset_gold,99,99,0.36363636363636365,36.36363636363637,36.36,False,False,0.6080269700199221,60.802697001992215,60.80,False,False
expanded-v3-w4a4-22source-20261007,all12,startlux-decision-4b,StartLux-Decision,W4A4,expanded-20261007-v3,startlux-decision-4b,s1q-margin,S1Q-Margin,mnli,MNLI,standard_dataset,upstream_dataset_gold,122,122,0.6065573770491803,60.65573770491803,60.66,False,False,0.6080269700199221,60.802697001992215,60.80,False,False
expanded-v3-w4a4-22source-20261007,all12,startlux-decision-4b,StartLux-Decision,W4A4,expanded-20261007-v3,startlux-decision-4b,s1q-margin,S1Q-Margin,openbookqa,OpenBookQA,standard_dataset,upstream_dataset_gold,128,128,0.4296875,42.96875,42.97,False,False,0.6080269700199221,60.802697001992215,60.80,False,False
expanded-v3-w4a4-22source-20261007,all12,startlux-decision-4b,StartLux-Decision,W4A4,expanded-20261007-v3,startlux-decision-4b,s1q-margin,S1Q-Margin,paws,PAWS,standard_dataset,upstream_dataset_gold,128,128,0.5546875,55.46875,55.47,False,False,0.6080269700199221,60.802697001992215,60.80,False,False
expanded-v3-w4a4-22source-20261007,all12,startlux-decision-4b,StartLux-Decision,W4A4,expanded-20261007-v3,startlux-decision-4b,s1q-margin,S1Q-Margin,qnli,QNLI,standard_dataset,upstream_dataset_gold,128,128,0.6484375,64.84375,64.84,False,False,0.6080269700199221,60.802697001992215,60.80,False,False
expanded-v3-w4a4-22source-20261007,all12,startlux-decision-4b,StartLux-Decision,W4A4,expanded-20261007-v3,startlux-decision-4b,s1q-margin,S1Q-Margin,sciq,SciQ,standard_dataset,upstream_dataset_gold,92,92,0.8804347826086957,88.04347826086956,88.04,False,False,0.6080269700199221,60.802697001992215,60.80,False,False
expanded-v3-w4a4-22source-20261007,all12,startlux-decision-4b,StartLux-Decision,W4A4,expanded-20261007-v3,startlux-decision-4b,s1q-margin,S1Q-Margin,semif,SemIf authored,authored_rule_suite,authored_scenario_gold,128,32,0.71875,71.875,71.88,False,False,0.6080269700199221,60.802697001992215,60.80,False,False
expanded-v3-w4a4-22source-20261007,all12,startlux-decision-4b,StartLux-Decision,W4A4,expanded-20261007-v3,startlux-decision-4b,s1q-margin,S1Q-Margin,sst5,SST-5,standard_dataset,upstream_dataset_gold,128,128,0.375,37.5,37.50,False,False,0.6080269700199221,60.802697001992215,60.80,False,False
expanded-v3-w4a4-22source-20261007,all12,startlux-decision-4b,StartLux-Decision,W4A4,expanded-20261007-v3,startlux-decision-4b,s1q-margin,S1Q-Margin,toolace,ToolACE tool-choice classification,domain_decision_suite,native_annotation,68,68,0.8529411764705882,85.29411764705883,85.29,False,False,0.6080269700199221,60.802697001992215,60.80,False,False
expanded-v3-w4a4-22source-20261007,all12,startlux-decision-4b,StartLux-Decision,W4A4,expanded-20261007-v3,startlux-decision-4b,s1q-margin,S1Q-Margin,trec,TREC,standard_dataset,upstream_dataset_gold,121,121,0.6446280991735537,64.46280991735537,64.46,True,True,0.6080269700199221,60.802697001992215,60.80,False,False
expanded-v3-w4a4-22source-20261007,all12,startlux-decision-4b,StartLux-Decision,W4A4,expanded-20261007-v3,startlux-decision-4b,s1q-margin,S1Q-Margin,tweet-offensive,TweetEval Offensive,standard_dataset,upstream_dataset_gold,128,128,0.7890625,78.90625,78.91,False,False,0.6080269700199221,60.802697001992215,60.80,False,False
expanded-v3-w4a4-22source-20261007,all12,startlux-decision-4b,StartLux-Decision,W4A4,expanded-20261007-v3,startlux-decision-4b,s1q-margin,S1Q-Margin,wanli,WANLI,standard_dataset,upstream_dataset_gold,256,256,0.55078125,55.078125,55.08,True,True,0.6080269700199221,60.802697001992215,60.80,False,False
expanded-v3-w4a4-22source-20261007,all12,startlux-decision-4b,StartLux-Decision,W4A4,expanded-20261007-v3,startlux-decision-4b,s1q-margin,S1Q-Margin,wildjailbreak,WildJailBreak harmful/benign classification,domain_decision_suite,native_annotation,128,128,0.40625,40.625,40.62,False,False,0.6080269700199221,60.802697001992215,60.80,False,False
expanded-v3-w4a4-22source-20261007,all12,startlux-decision-4b,StartLux-Decision,W4A4,expanded-20261007-v3,startlux-decision-4b,s1q-margin,S1Q-Margin,yelp,Yelp,standard_dataset,upstream_dataset_gold,132,66,0.553030303030303,55.3030303030303,55.30,False,False,0.6080269700199221,60.802697001992215,60.80,False,False
expanded-v3-w4a4-22source-20261007,all12,startlux-decision-4b,StartLux-Decision,W4A4,expanded-20261007-v3,startlux-decision-4b,s1q,S1Q (current),agnews,AG News,standard_dataset,upstream_dataset_gold,360,120,0.8194444444444444,81.94444444444444,81.94,False,False,0.6509675653046831,65.09675653046831,65.10,True,True
expanded-v3-w4a4-22source-20261007,all12,startlux-decision-4b,StartLux-Decision,W4A4,expanded-20261007-v3,startlux-decision-4b,s1q,S1Q (current),amazon,Amazon Reviews,standard_dataset,upstream_dataset_gold,128,128,0.34375,34.375,34.38,True,True,0.6509675653046831,65.09675653046831,65.10,True,True
expanded-v3-w4a4-22source-20261007,all12,startlux-decision-4b,StartLux-Decision,W4A4,expanded-20261007-v3,startlux-decision-4b,s1q,S1Q (current),arc,ARC,standard_dataset,upstream_dataset_gold,128,128,0.546875,54.6875,54.69,False,False,0.6509675653046831,65.09675653046831,65.10,True,True
expanded-v3-w4a4-22source-20261007,all12,startlux-decision-4b,StartLux-Decision,W4A4,expanded-20261007-v3,startlux-decision-4b,s1q,S1Q (current),boolq,BoolQ,standard_dataset,upstream_dataset_gold,120,120,0.6666666666666666,66.66666666666666,66.67,True,True,0.6509675653046831,65.09675653046831,65.10,True,True
expanded-v3-w4a4-22source-20261007,all12,startlux-decision-4b,StartLux-Decision,W4A4,expanded-20261007-v3,startlux-decision-4b,s1q,S1Q (current),csqa,CommonsenseQA,standard_dataset,upstream_dataset_gold,128,128,0.6015625,60.15625,60.16,True,True,0.6509675653046831,65.09675653046831,65.10,True,True
expanded-v3-w4a4-22source-20261007,all12,startlux-decision-4b,StartLux-Decision,W4A4,expanded-20261007-v3,startlux-decision-4b,s1q,S1Q (current),emotion,Emotion,standard_dataset,upstream_dataset_gold,120,120,0.6833333333333333,68.33333333333333,68.33,True,True,0.6509675653046831,65.09675653046831,65.10,True,True
expanded-v3-w4a4-22source-20261007,all12,startlux-decision-4b,StartLux-Decision,W4A4,expanded-20261007-v3,startlux-decision-4b,s1q,S1Q (current),imdb,IMDb,standard_dataset,upstream_dataset_gold,53,53,0.9245283018867925,92.45283018867924,92.45,True,True,0.6509675653046831,65.09675653046831,65.10,True,True
expanded-v3-w4a4-22source-20261007,all12,startlux-decision-4b,StartLux-Decision,W4A4,expanded-20261007-v3,startlux-decision-4b,s1q,S1Q (current),jevbench,JevBench new eligible public tasks,authored_scenario_suite,authored_scenario_gold,48,48,1.0,100.0,100.00,True,True,0.6509675653046831,65.09675653046831,65.10,True,True
expanded-v3-w4a4-22source-20261007,all12,startlux-decision-4b,StartLux-Decision,W4A4,expanded-20261007-v3,startlux-decision-4b,s1q,S1Q (current),mmlu,MMLU,standard_dataset,upstream_dataset_gold,99,99,0.37373737373737376,37.37373737373738,37.37,True,True,0.6509675653046831,65.09675653046831,65.10,True,True
expanded-v3-w4a4-22source-20261007,all12,startlux-decision-4b,StartLux-Decision,W4A4,expanded-20261007-v3,startlux-decision-4b,s1q,S1Q (current),mnli,MNLI,standard_dataset,upstream_dataset_gold,122,122,0.6147540983606558,61.47540983606557,61.48,True,True,0.6509675653046831,65.09675653046831,65.10,True,True
expanded-v3-w4a4-22source-20261007,all12,startlux-decision-4b,StartLux-Decision,W4A4,expanded-20261007-v3,startlux-decision-4b,s1q,S1Q (current),openbookqa,OpenBookQA,standard_dataset,upstream_dataset_gold,128,128,0.4609375,46.09375,46.09,False,False,0.6509675653046831,65.09675653046831,65.10,True,True
expanded-v3-w4a4-22source-20261007,all12,startlux-decision-4b,StartLux-Decision,W4A4,expanded-20261007-v3,startlux-decision-4b,s1q,S1Q (current),paws,PAWS,standard_dataset,upstream_dataset_gold,128,128,0.578125,57.8125,57.81,True,True,0.6509675653046831,65.09675653046831,65.10,True,True
expanded-v3-w4a4-22source-20261007,all12,startlux-decision-4b,StartLux-Decision,W4A4,expanded-20261007-v3,startlux-decision-4b,s1q,S1Q (current),qnli,QNLI,standard_dataset,upstream_dataset_gold,128,128,0.6875,68.75,68.75,True,True,0.6509675653046831,65.09675653046831,65.10,True,True
expanded-v3-w4a4-22source-20261007,all12,startlux-decision-4b,StartLux-Decision,W4A4,expanded-20261007-v3,startlux-decision-4b,s1q,S1Q (current),sciq,SciQ,standard_dataset,upstream_dataset_gold,92,92,0.9456521739130435,94.56521739130434,94.57,False,False,0.6509675653046831,65.09675653046831,65.10,True,True
expanded-v3-w4a4-22source-20261007,all12,startlux-decision-4b,StartLux-Decision,W4A4,expanded-20261007-v3,startlux-decision-4b,s1q,S1Q (current),semif,SemIf authored,authored_rule_suite,authored_scenario_gold,128,32,0.7265625,72.65625,72.66,True,True,0.6509675653046831,65.09675653046831,65.10,True,True
expanded-v3-w4a4-22source-20261007,all12,startlux-decision-4b,StartLux-Decision,W4A4,expanded-20261007-v3,startlux-decision-4b,s1q,S1Q (current),sst5,SST-5,standard_dataset,upstream_dataset_gold,128,128,0.46875,46.875,46.88,True,True,0.6509675653046831,65.09675653046831,65.10,True,True
expanded-v3-w4a4-22source-20261007,all12,startlux-decision-4b,StartLux-Decision,W4A4,expanded-20261007-v3,startlux-decision-4b,s1q,S1Q (current),toolace,ToolACE tool-choice classification,domain_decision_suite,native_annotation,68,68,0.8676470588235294,86.76470588235294,86.76,True,True,0.6509675653046831,65.09675653046831,65.10,True,True
expanded-v3-w4a4-22source-20261007,all12,startlux-decision-4b,StartLux-Decision,W4A4,expanded-20261007-v3,startlux-decision-4b,s1q,S1Q (current),trec,TREC,standard_dataset,upstream_dataset_gold,121,121,0.6446280991735537,64.46280991735537,64.46,True,True,0.6509675653046831,65.09675653046831,65.10,True,True
expanded-v3-w4a4-22source-20261007,all12,startlux-decision-4b,StartLux-Decision,W4A4,expanded-20261007-v3,startlux-decision-4b,s1q,S1Q (current),tweet-offensive,TweetEval Offensive,standard_dataset,upstream_dataset_gold,128,128,0.8125,81.25,81.25,True,True,0.6509675653046831,65.09675653046831,65.10,True,True
expanded-v3-w4a4-22source-20261007,all12,startlux-decision-4b,StartLux-Decision,W4A4,expanded-20261007-v3,startlux-decision-4b,s1q,S1Q (current),wanli,WANLI,standard_dataset,upstream_dataset_gold,256,256,0.55078125,55.078125,55.08,True,True,0.6509675653046831,65.09675653046831,65.10,True,True
expanded-v3-w4a4-22source-20261007,all12,startlux-decision-4b,StartLux-Decision,W4A4,expanded-20261007-v3,startlux-decision-4b,s1q,S1Q (current),wildjailbreak,WildJailBreak harmful/benign classification,domain_decision_suite,native_annotation,128,128,0.3671875,36.71875,36.72,False,False,0.6509675653046831,65.09675653046831,65.10,True,True
expanded-v3-w4a4-22source-20261007,all12,startlux-decision-4b,StartLux-Decision,W4A4,expanded-20261007-v3,startlux-decision-4b,s1q,S1Q (current),yelp,Yelp,standard_dataset,upstream_dataset_gold,132,66,0.6363636363636364,63.63636363636363,63.64,True,True,0.6509675653046831,65.09675653046831,65.10,True,True
