experiment_batch_id,run_id,model,family,precision,dataset_id,cohort,method,original_method_id,method_label,status,study_cohort,metric_target,execution,n,n_clusters,accuracy,macro_source_accuracy,nll,brier,ece_15,mean_confidence,score_mae,js_to_native,teacher_flip_rate,harmful_teacher_flip_rate,beneficial_teacher_flip_rate,coverage_at_risk_0_01,coverage_at_risk_0_05,coverage_at_risk_0_10,quantization_seconds
optimization-20261004,kev08-w3a4-full-v2,kev-0.8b,Kev,W3A4,development,development,native,native,Native,complete,exploratory_development_stress_full_source_v2,labeled_decision_accuracy,floating_point_native,311,184,0.8006430868167203,0.8077053429027113,0.6468350672984271,0.3073851040777006,0.13893114840397025,0.9223246559077531,0.45548418876456015,,,,,0.09967845659163987,0.4694533762057878,0.7106109324758842,
optimization-20261004,kev08-w3a4-full-v2,kev-0.8b,Kev,W3A4,development,development,rtn,rtn,RTN,complete,exploratory_development_stress_full_source_v2,labeled_decision_accuracy,floating_point_QDQ,311,184,0.40514469453376206,0.416430754917597,1.2811249165704774,0.730648317519025,0.22683430016299835,0.6306683324386565,1.333362916588871,0.258833794912346,0.5787781350482315,0.4630225080385852,0.06752411575562701,0.0,0.0,0.0,1.6419767420738935
optimization-20261004,kev08-w3a4-full-v2,kev-0.8b,Kev,W3A4,development,development,s1q-local,s1q-local,S1Qv1,complete,exploratory_development_stress_full_source_v2,labeled_decision_accuracy,floating_point_QDQ,311,184,0.4180064308681672,0.4096026049973418,1.1106722611732018,0.6459436391776843,0.16854638811552144,0.5845669793498627,1.2539145287927682,0.22295137033013446,0.5787781350482315,0.4565916398713826,0.07395498392282958,0.003215434083601286,0.003215434083601286,0.003215434083601286,2.866073125973344
optimization-20261004,kev08-w3a4-full-v2,kev-0.8b,Kev,W3A4,development,development,s1q2-beta05,s1q2-beta05,S1Qv2,complete,exploratory_development_stress_full_source_v2,labeled_decision_accuracy,floating_point_QDQ,311,184,0.44694533762057875,0.4104864433811802,1.0161891545276833,0.6199655542339997,0.14182532657988933,0.5860409297739967,1.0264357257361691,0.21124920580527817,0.5144694533762058,0.4115755627009646,0.05787781350482315,0.03536977491961415,0.03536977491961415,0.04180064308681672,4.061037676874548
optimization-20261004,kev08-w3a4-full-v2,kev-0.8b,Kev,W3A4,development,development,awq-adapted,awq-adapted,AWQ*,complete,exploratory_development_stress_full_source_v2,labeled_decision_accuracy,floating_point_QDQ,311,184,0.4212218649517685,0.4556186868686869,1.1105840470597157,0.6639188144783338,0.15961133826508772,0.5808332032168563,1.156492100628904,0.22471368878589615,0.5787781350482315,0.4565916398713826,0.07717041800643087,0.0,0.0,0.0,5.6864311441313475
optimization-20261004,kev08-w3a4-full-v2,kev-0.8b,Kev,W3A4,development,development,gptq-blockdiag-adapted,gptq-blockdiag-adapted,GPTQ-block*,complete,exploratory_development_stress_full_source_v2,labeled_decision_accuracy,floating_point_QDQ,311,184,0.36977491961414793,0.36168926103136634,1.3965557686233754,0.787776454365469,0.29920588908990015,0.6689808087040481,1.408835181569891,0.2770894242156572,0.617363344051447,0.4887459807073955,0.05787781350482315,0.0,0.0,0.0,43.40440597804263
optimization-20261004,kev08-w3a4-full-v2,kev-0.8b,Kev,W3A4,development,development,spinquant-nohad-adapted,spinquant-nohad-adapted,SpinQuant no-Had*,complete,exploratory_development_stress_full_source_v2,labeled_decision_accuracy,floating_point_QDQ,311,184,0.40192926045016075,0.43861975013290805,1.1840968113592534,0.7018471075527121,0.19533073768111334,0.5972599981312741,1.3217872046427317,0.2485664602631661,0.5787781350482315,0.4565916398713826,0.05787781350482315,0.00964630225080386,0.00964630225080386,0.00964630225080386,13.757193130906671
optimization-20261004,kev08-w3a4-full-v2,kev-0.8b,Kev,W3A4,development,development,spinquant-had-adapted,spinquant-had-adapted,SpinQuant Had*,complete,exploratory_development_stress_full_source_v2,labeled_decision_accuracy,floating_point_QDQ,311,184,0.4437299035369775,0.4578149920255184,1.0594187783682272,0.6456259834406454,0.14988576575967666,0.56739310228812,1.1905050269690591,0.23738920471602937,0.6109324758842444,0.45980707395498394,0.10289389067524116,0.0,0.0,0.0,13.433440648950636
optimization-20261004,kev08-w3a4-full-v2,kev-0.8b,Kev,W3A4,development,development,s1q-joint,s1q-joint,S1Q-Joint,complete,exploratory_development_stress_full_source_v2,labeled_decision_accuracy,floating_point_QDQ,311,184,0.4565916398713826,0.49593633705475815,1.0433709512886002,0.6293401683461809,0.1515812139648204,0.5773378800291792,1.1243452602352881,0.21812643089571995,0.5369774919614148,0.4180064308681672,0.07395498392282958,0.01607717041800643,0.01607717041800643,0.01607717041800643,19.10627518990077
optimization-20261004,kev08-w3a4-full-v2,kev-0.8b,Kev,W3A4,development,development,s1q-ac,s1q-ac,S1Q-AC,complete,exploratory_development_stress_full_source_v2,labeled_decision_accuracy,floating_point_QDQ,311,184,0.40836012861736337,0.42457801701222747,1.0505214947075192,0.6317125594174231,0.16368582087714276,0.5685832796333136,1.0767392247267162,0.2233108495665515,0.5852090032154341,0.4694533762057878,0.07717041800643087,0.0,0.0,0.0,45.44959963299334
optimization-20261004,kev08-w3a4-full-v2,kev-0.8b,Kev,W3A4,development,development,s1q-margin,s1q-margin,S1Q-Margin,complete,exploratory_development_stress_full_source_v2,labeled_decision_accuracy,floating_point_QDQ,311,184,0.4662379421221865,0.4832901382243488,1.0830461762640442,0.6396665693640246,0.1350722972004065,0.5930499361895667,1.16662949161401,0.223283099273546,0.5337620578778135,0.4115755627009646,0.07717041800643087,0.012861736334405145,0.012861736334405145,0.012861736334405145,19.129191675921902
optimization-20261004,kev08-w3a4-full-v2,kev-0.8b,Kev,W3A4,development,development,s1q,s1q-mac,S1Q (current),complete,exploratory_development_stress_full_source_v2,labeled_decision_accuracy,floating_point_QDQ,311,184,0.47266881028938906,0.4880847953216374,1.0817737312782914,0.6294271695470448,0.14950815892303926,0.5865433252124564,1.1196999925489655,0.22625840049122167,0.5434083601286174,0.4115755627009646,0.08360128617363344,0.006430868167202572,0.006430868167202572,0.03215434083601286,45.515236765146255
optimization-20261004,kev08-w3a4-full-v2,kev-0.8b,Kev,W3A4,development,development,awq-ac,awq-ac,awq-ac,complete,exploratory_development_stress_full_source_v2,labeled_decision_accuracy,floating_point_QDQ,311,184,0.45016077170418006,0.45594763423710793,1.0207963123424872,0.611513617751518,0.13712023971747128,0.5679480553895889,1.1431982550952848,0.2201852202428405,0.5337620578778135,0.4212218649517685,0.0707395498392283,0.006430868167202572,0.006430868167202572,0.006430868167202572,76.85678016697057
optimization-20261004,kev08-w3a4-full-v2,kev-0.8b,Kev,W3A4,development,development,awq-mac,awq-mac,awq-mac,complete,exploratory_development_stress_full_source_v2,labeled_decision_accuracy,floating_point_QDQ,311,184,0.4180064308681672,0.4219397926634768,1.1174510621266087,0.6740538784705421,0.17150798988730698,0.5895144207554742,1.1951464695575327,0.22975979879477543,0.5434083601286174,0.43086816720257237,0.04823151125401929,0.0,0.0,0.0,77.08216756489128
optimization-20261004,kev08-w3a4-full-v2,kev-0.8b,Kev,W3A4,development,development,gptq-ac,gptq-ac,gptq-ac,complete,exploratory_development_stress_full_source_v2,labeled_decision_accuracy,floating_point_QDQ,311,184,0.3536977491961415,0.36357655502392344,1.321732372824022,0.770445972504934,0.2684940664255328,0.6221918156216742,1.3584408022813308,0.26305457766532914,0.6109324758842444,0.5016077170418006,0.05466237942122187,0.0,0.0,0.0,85.45986220403574
optimization-20261004,kev08-w3a4-full-v2,kev-0.8b,Kev,W3A4,development,development,gptq-mac,gptq-mac,gptq-mac,complete,exploratory_development_stress_full_source_v2,labeled_decision_accuracy,floating_point_QDQ,311,184,0.4405144694533762,0.47041799574694304,1.211556518555739,0.7016720488240777,0.20423391724321915,0.6416752592726404,1.275899733563806,0.24739825988282166,0.5466237942122186,0.43086816720257237,0.0707395498392283,0.003215434083601286,0.003215434083601286,0.003215434083601286,85.52000006986782
optimization-20261004,kev08-w3a4-full-v2,kev-0.8b,Kev,W3A4,development,development,spinquant-nohad-mac,spinquant-nohad-mac,spinquant-nohad-mac,complete,exploratory_development_stress_full_source_v2,labeled_decision_accuracy,floating_point_QDQ,311,184,0.4212218649517685,0.44074627857522586,1.1125490617453355,0.6722591470004325,0.16033739041506972,0.5815592553668382,1.2124306210711697,0.23496909833815266,0.5627009646302251,0.4437299035369775,0.06430868167202572,0.0,0.0,0.0,16.020915950881317
optimization-20261004,kev08-w3a4-full-v2,kev-0.8b,Kev,W3A4,development,development,spinquant-had-mac,spinquant-had-mac,spinquant-had-mac,complete,exploratory_development_stress_full_source_v2,labeled_decision_accuracy,floating_point_QDQ,311,184,0.36977491961414793,0.369215178096757,1.1636133961266715,0.7070616185498159,0.20357185823499085,0.5718337851698039,1.288775623074871,0.24531984231623136,0.6109324758842444,0.4887459807073955,0.05787781350482315,0.0,0.0,0.0,16.12864224612713
optimization-20261004,kev08-w4a4-full-v2,kev-0.8b,Kev,W4A4,development,development,native,native,Native,complete,exploratory_development,labeled_decision_accuracy,floating_point_native,311,184,0.8006430868167203,0.8077053429027113,0.645370014246698,0.3064953147308603,0.13812501257935042,0.9222761497609937,0.45319204303744864,,,,,0.10610932475884244,0.4694533762057878,0.707395498392283,
optimization-20261004,kev08-w4a4-full-v2,kev-0.8b,Kev,W4A4,development,development,rtn,rtn,RTN,complete,exploratory_development,labeled_decision_accuracy,floating_point_QDQ,311,184,0.4340836012861736,0.43112041467304624,1.1566914313768215,0.6736075122087888,0.15474937106546524,0.5864377070138752,1.2895696340157323,0.24757424878075812,0.5852090032154341,0.45016077170418006,0.08360128617363344,0.01929260450160772,0.01929260450160772,0.01929260450160772,0.9306521192193031
optimization-20261004,kev08-w4a4-full-v2,kev-0.8b,Kev,W4A4,development,development,s1q-local,s1q-local,S1Qv1,complete,exploratory_development,labeled_decision_accuracy,floating_point_QDQ,311,184,0.6141479099678456,0.6036450026581606,0.8342433001483869,0.4902169506409209,0.11586285295431578,0.7139078829838279,0.8609067292467348,0.1359190456292959,0.3504823151125402,0.2508038585209003,0.06430868167202572,0.003215434083601286,0.003215434083601286,0.2572347266881029,1.3020280608907342
optimization-20261004,kev08-w4a4-full-v2,kev-0.8b,Kev,W4A4,development,development,s1q2-beta05,s1q2-beta05,S1Qv2,complete,exploratory_development,labeled_decision_accuracy,floating_point_QDQ,311,184,0.639871382636656,0.6194444444444445,0.8036016411000025,0.4754977404455212,0.10188761969942049,0.7116495756700252,0.7465800423517736,0.13635966078951714,0.3440514469453376,0.2379421221864952,0.07717041800643087,0.0,0.07717041800643087,0.24758842443729903,1.4978636060841382
optimization-20261004,kev08-w4a4-full-v2,kev-0.8b,Kev,W4A4,development,development,awq-adapted,awq-adapted,AWQ*,complete,exploratory_development,labeled_decision_accuracy,floating_point_QDQ,311,184,0.5787781350482315,0.5528043593833067,0.8327604225394123,0.497039995134382,0.1157698756620824,0.6945480107103138,0.7490268462978205,0.14009431395765598,0.3633440514469453,0.2829581993569132,0.06109324758842444,0.03215434083601286,0.03215434083601286,0.21221864951768488,2.0147482259199023
optimization-20261004,kev08-w4a4-full-v2,kev-0.8b,Kev,W4A4,development,development,gptq-blockdiag-adapted,gptq-blockdiag-adapted,GPTQ-block*,complete,exploratory_development,labeled_decision_accuracy,floating_point_QDQ,311,184,0.40192926045016075,0.42218567251461986,1.1446910702137738,0.6966657013262655,0.19694931829015758,0.5898623704270618,1.3364865501887488,0.24332000089410427,0.5852090032154341,0.4694533762057878,0.0707395498392283,0.006430868167202572,0.006430868167202572,0.006430868167202572,18.96174173988402
optimization-20261004,kev08-w4a4-full-v2,kev-0.8b,Kev,W4A4,development,development,spinquant-nohad-adapted,spinquant-nohad-adapted,SpinQuant no-Had*,complete,exploratory_development,labeled_decision_accuracy,floating_point_QDQ,311,184,0.45016077170418006,0.4401648059542796,1.0398198360246453,0.6292516742657368,0.14296181072278416,0.5916464342813984,1.0497353396978326,0.21420527867239034,0.5048231511254019,0.40836012861736337,0.05787781350482315,0.00964630225080386,0.00964630225080386,0.00964630225080386,6.977146137040108
optimization-20261004,kev08-w4a4-full-v2,kev-0.8b,Kev,W4A4,development,development,spinquant-had-adapted,spinquant-had-adapted,SpinQuant Had*,complete,exploratory_development,labeled_decision_accuracy,floating_point_QDQ,311,184,0.5562700964630225,0.5293460925039872,0.9147184843055078,0.5485094247621128,0.10546112977950094,0.6485698521053308,0.8320466017688255,0.1652155093598717,0.3890675241157556,0.2990353697749196,0.05466237942122187,0.0,0.08360128617363344,0.09646302250803858,7.772571962792426
optimization-20261004,kev08-w4a4-full-v2,kev-0.8b,Kev,W4A4,development,development,s1q-joint,s1q-joint,S1Q-Joint,complete,exploratory_development,labeled_decision_accuracy,floating_point_QDQ,311,184,0.662379421221865,0.662689393939394,0.7208927633710567,0.42401917111923265,0.07283133865209011,0.7168056971122824,0.7152284896210529,0.1172264712584508,0.28938906752411575,0.20257234726688103,0.06430868167202572,0.03858520900321544,0.08360128617363344,0.35691318327974275,3.9348882851190865
optimization-20261004,kev08-w4a4-full-v2,kev-0.8b,Kev,W4A4,development,development,s1q-ac,s1q-ac,S1Q-AC,complete,exploratory_development,labeled_decision_accuracy,floating_point_QDQ,311,184,0.6655948553054662,0.6744185273790537,0.7844443185324044,0.4578539025005968,0.10025379295715606,0.7273961312603096,0.6717596914954692,0.11919416265320042,0.2797427652733119,0.19935691318327975,0.06430868167202572,0.012861736334405145,0.012861736334405145,0.15112540192926044,175.72211946127936
optimization-20261004,kev08-w4a4-full-v2,kev-0.8b,Kev,W4A4,development,development,s1q-margin,s1q-margin,S1Q-Margin,complete,exploratory_development,labeled_decision_accuracy,floating_point_QDQ,311,184,0.684887459807074,0.6763955342902711,0.7679184068351483,0.4370221409394954,0.05931195042668906,0.7107605343241999,0.7905055696459949,0.12053135593278196,0.2861736334405145,0.19292604501607716,0.07717041800643087,0.03215434083601286,0.08360128617363344,0.27009646302250806,20.87211494008079
optimization-20261004,kev08-w4a4-full-v2,kev-0.8b,Kev,W4A4,development,development,s1q,s1q-mac,S1Q (current),complete,exploratory_development,labeled_decision_accuracy,floating_point_QDQ,311,184,0.6141479099678456,0.5722554492291335,0.8073524921638442,0.47289971852092716,0.12315452230899007,0.7287684248160202,0.7815972251423564,0.1240497787538259,0.3311897106109325,0.24437299035369775,0.05787781350482315,0.006430868167202572,0.13183279742765272,0.19292604501607716,168.90904948767275
optimization-20261004,kev08-w4a4-full-v2,kev-0.8b,Kev,W4A4,development,development,awq-ac,awq-ac,awq-ac,complete,exploratory_development,labeled_decision_accuracy,floating_point_QDQ,311,184,0.6109324758842444,0.5680555555555555,0.8601954863638613,0.49828774975083856,0.11473578992654798,0.7238782878217146,0.8155617576051414,0.13630008451863146,0.34726688102893893,0.2572347266881029,0.06752411575562701,0.012861736334405145,0.012861736334405145,0.1157556270096463,13.492140309419483
optimization-20261004,kev08-w4a4-full-v2,kev-0.8b,Kev,W4A4,development,development,awq-mac,awq-mac,awq-mac,complete,exploratory_development,labeled_decision_accuracy,floating_point_QDQ,311,184,0.617363344051447,0.6002026847421584,0.8160160960299567,0.4673296359096111,0.11413683897940165,0.7315001830308486,0.7709584179818569,0.14007276023243595,0.3858520900321543,0.26688102893890675,0.08360128617363344,0.01929260450160772,0.01929260450160772,0.2572347266881029,13.496061699930578
optimization-20261004,kev08-w4a4-full-v2,kev-0.8b,Kev,W4A4,development,development,gptq-ac,gptq-ac,gptq-ac,complete,exploratory_development,labeled_decision_accuracy,floating_point_QDQ,311,184,0.36012861736334406,0.35416334396597554,1.161793362145373,0.7091994599920292,0.19998239317585337,0.5598393104887269,1.281422430699034,0.24621662242332262,0.6270096463022508,0.5080385852090032,0.06752411575562701,0.0,0.0,0.0,126.4897745680064
optimization-20261004,kev08-w4a4-full-v2,kev-0.8b,Kev,W4A4,development,development,gptq-mac,gptq-mac,gptq-mac,complete,exploratory_development,labeled_decision_accuracy,floating_point_QDQ,311,184,0.3954983922829582,0.4089679691653376,1.1561213909332668,0.67684901134136,0.18609300200269477,0.581591394285653,1.261547676983878,0.2488815523075542,0.6012861736334405,0.47266881028938906,0.06752411575562701,0.006430868167202572,0.006430868167202572,0.006430868167202572,127.14149793609977
optimization-20261004,kev08-w4a4-full-v2,kev-0.8b,Kev,W4A4,development,development,spinquant-nohad-mac,spinquant-nohad-mac,spinquant-nohad-mac,complete,exploratory_development,labeled_decision_accuracy,floating_point_QDQ,311,184,0.48231511254019294,0.4753189792663477,1.0138000477139653,0.6126860797923218,0.13861230917698406,0.6178377361912033,0.951255038521129,0.20801488817763256,0.4919614147909968,0.39228295819935693,0.07395498392282958,0.02572347266881029,0.02572347266881029,0.03215434083601286,49.84290174487978
optimization-20261004,kev08-w4a4-full-v2,kev-0.8b,Kev,W4A4,development,development,spinquant-had-mac,spinquant-had-mac,spinquant-had-mac,complete,exploratory_development,labeled_decision_accuracy,floating_point_QDQ,311,184,0.594855305466238,0.5579312865497076,0.896898620995328,0.5179915664621249,0.10973002486187089,0.695362003341979,0.8487174662856063,0.16352042870051,0.3987138263665595,0.28938906752411575,0.08360128617363344,0.01929260450160772,0.01929260450160772,0.17684887459807075,52.65412127925083
optimization-20261004,kev08-w4a4-full-v2,kev-0.8b,Kev,W4A4,development,development,s1q-ac-repair,s1q-ac-repair,s1q-ac-repair,complete,exploratory_development,labeled_decision_accuracy,floating_point_QDQ,311,184,0.662379421221865,0.6183845029239766,0.7041937660705951,0.4162925956100919,0.05567496342356093,0.684593296788469,0.6683617832113492,0.11723708304086046,0.3054662379421222,0.21221864951768488,0.07395498392282958,0.022508038585209004,0.21221864951768488,0.3215434083601286,262.37331768730655
optimization-20261004,kev08-w4a4-full-v2,kev-0.8b,Kev,W4A4,development,development,awq-ac-repair,awq-ac-repair,awq-ac-repair,complete,exploratory_development,labeled_decision_accuracy,floating_point_QDQ,311,184,0.662379421221865,0.6365031897926635,0.7044865396574932,0.42795855968938834,0.07029028469905706,0.7271487416502145,0.6861376990362946,0.11812734363476775,0.3279742765273312,0.22508038585209003,0.08681672025723473,0.03858520900321544,0.19614147909967847,0.3279742765273312,277.71889770030975
optimization-20261004,kev08-w4a4-full-v2,kev-0.8b,Kev,W4A4,development,development,gptq-ac-repair,gptq-ac-repair,gptq-ac-repair,complete,exploratory_development,labeled_decision_accuracy,floating_point_QDQ,311,184,0.36012861736334406,0.35416334396597554,1.161793362145373,0.7091994599920292,0.19998239317585337,0.5598393104887269,1.281422430699034,0.24621662242332262,0.6270096463022508,0.5080385852090032,0.06752411575562701,0.0,0.0,0.0,137.17096598213539
optimization-20261004,kev08-w4a4-full-v2,kev-0.8b,Kev,W4A4,development,development,s1q2-beta05-repair,s1q2-beta05-repair,s1q2-beta05-repair,complete,exploratory_development,labeled_decision_accuracy,floating_point_QDQ,311,184,0.6430868167202572,0.5820740297713983,0.7072564144097261,0.43869854806212316,0.0827188762696929,0.7124827773664906,0.6054195869412818,0.1233655144911534,0.3247588424437299,0.2315112540192926,0.07395498392282958,0.07717041800643087,0.1414790996784566,0.2990353697749196,33.241153887007385
optimization-20261004,kev08-w4a4-full-v2,kev-0.8b,Kev,W4A4,development,development,spinquant-nohad-adapted-repair,spinquant-nohad-adapted-repair,spinquant-nohad-adapted-repair,complete,exploratory_development,labeled_decision_accuracy,floating_point_QDQ,311,184,0.4662379421221865,0.48552631578947375,0.9697615017911156,0.5922379824080175,0.09273764404263245,0.5449362415659029,0.9557896832813224,0.21262102899889126,0.5434083601286174,0.42443729903536975,0.09003215434083602,0.03215434083601286,0.03215434083601286,0.03536977491961415,45.72658007405698
optimization-20261004,kev08-w4a4-full-v2,kev-0.8b,Kev,W4A4,development,development,spinquant-had-adapted-repair,spinquant-had-adapted-repair,spinquant-had-adapted-repair,complete,exploratory_development,labeled_decision_accuracy,floating_point_QDQ,311,184,0.5691318327974276,0.5477438862307283,0.826726393721484,0.5021353575158279,0.06965707272331431,0.638788905520742,0.7636048460967223,0.15754715905781083,0.38263665594855306,0.29260450160771706,0.06109324758842444,0.0,0.0,0.19292604501607716,35.52815287001431
optimization-20261004,kev08-w4a4-full-v2,kev-0.8b,Kev,W4A4,mmlu-pro,mmlu-pro,native,native,Native,complete,exploratory_development,labeled_decision_accuracy,floating_point_native,156,156,0.21794871794871795,0.21794871794871795,2.460243723612229,0.9112262420619078,0.17776090505503153,0.3922198989164104,,,,,,0.019230769230769232,0.019230769230769232,0.019230769230769232,
optimization-20261004,kev08-w4a4-full-v2,kev-0.8b,Kev,W4A4,mmlu-pro,mmlu-pro,rtn,rtn,RTN,complete,exploratory_development,labeled_decision_accuracy,floating_point_QDQ,156,156,0.1282051282051282,0.1282051282051282,2.510791557006452,0.9506205450938159,0.14785457524091017,0.27605970344603836,,0.19438962923182948,0.9038461538461539,0.17307692307692307,0.08333333333333333,0.0,0.0,0.0,0.9306521192193031
optimization-20261004,kev08-w4a4-full-v2,kev-0.8b,Kev,W4A4,mmlu-pro,mmlu-pro,s1q-local,s1q-local,S1Qv1,complete,exploratory_development,labeled_decision_accuracy,floating_point_QDQ,156,156,0.11538461538461539,0.11538461538461539,2.7043991196386425,0.9916267608374384,0.22058585151459245,0.3304285694421096,,0.17739033430485832,0.8205128205128205,0.16666666666666666,0.0641025641025641,0.0,0.0,0.0,1.3020280608907342
optimization-20261004,kev08-w4a4-full-v2,kev-0.8b,Kev,W4A4,mmlu-pro,mmlu-pro,s1q2-beta05,s1q2-beta05,S1Qv2,complete,exploratory_development,labeled_decision_accuracy,floating_point_QDQ,156,156,0.07692307692307693,0.07692307692307693,2.6302557572973138,0.9816034861495532,0.2254759245287502,0.30239900145182713,,0.16781259782170563,0.8141025641025641,0.1794871794871795,0.038461538461538464,0.0,0.0,0.0,1.4978636060841382
optimization-20261004,kev08-w4a4-full-v2,kev-0.8b,Kev,W4A4,mmlu-pro,mmlu-pro,awq-adapted,awq-adapted,AWQ*,complete,exploratory_development,labeled_decision_accuracy,floating_point_QDQ,156,156,0.0641025641025641,0.0641025641025641,2.697289145997811,0.9956966752829368,0.2492975228949268,0.3134000869974909,,0.18208129371214288,0.8717948717948718,0.21153846153846154,0.057692307692307696,0.0,0.0,0.0,2.0147482259199023
optimization-20261004,kev08-w4a4-full-v2,kev-0.8b,Kev,W4A4,mmlu-pro,mmlu-pro,gptq-blockdiag-adapted,gptq-blockdiag-adapted,GPTQ-block*,complete,exploratory_development,labeled_decision_accuracy,floating_point_QDQ,156,156,0.1282051282051282,0.1282051282051282,2.5333182092545456,0.948894804928986,0.14459247739491626,0.27279760560004446,,0.19665685416255962,0.9038461538461539,0.1987179487179487,0.10897435897435898,0.0,0.0,0.0,18.96174173988402
optimization-20261004,kev08-w4a4-full-v2,kev-0.8b,Kev,W4A4,mmlu-pro,mmlu-pro,spinquant-nohad-adapted,spinquant-nohad-adapted,SpinQuant no-Had*,complete,exploratory_development,labeled_decision_accuracy,floating_point_QDQ,156,156,0.15384615384615385,0.15384615384615385,2.578946276810167,0.9504161536607771,0.12091137901795408,0.2704974421099279,,0.179338165753895,0.9166666666666666,0.19230769230769232,0.1282051282051282,0.00641025641025641,0.00641025641025641,0.00641025641025641,6.977146137040108
optimization-20261004,kev08-w4a4-full-v2,kev-0.8b,Kev,W4A4,mmlu-pro,mmlu-pro,spinquant-had-adapted,spinquant-had-adapted,SpinQuant Had*,complete,exploratory_development,labeled_decision_accuracy,floating_point_QDQ,156,156,0.1346153846153846,0.1346153846153846,2.5112719041707785,0.9434510185602641,0.18243536148882186,0.3040869997561694,,0.16439472339281871,0.7884615384615384,0.16025641025641027,0.07692307692307693,0.0,0.0,0.0,7.772571962792426
optimization-20261004,kev08-w4a4-full-v2,kev-0.8b,Kev,W4A4,mmlu-pro,mmlu-pro,s1q-joint,s1q-joint,S1Q-Joint,complete,exploratory_development,labeled_decision_accuracy,floating_point_QDQ,156,156,0.12179487179487179,0.12179487179487179,2.605404440575937,0.964328853400581,0.15936624401813962,0.28116111581301145,,0.15537042803140308,0.782051282051282,0.17307692307692307,0.07692307692307693,0.0,0.0,0.0,3.9348882851190865
optimization-20261004,kev08-w4a4-full-v2,kev-0.8b,Kev,W4A4,mmlu-pro,mmlu-pro,s1q-ac,s1q-ac,S1Q-AC,complete,exploratory_development,labeled_decision_accuracy,floating_point_QDQ,156,156,0.08974358974358974,0.08974358974358974,2.8027945012882505,1.0050212326208,0.2360936188882914,0.32583720863188115,,0.16664891722263825,0.782051282051282,0.1858974358974359,0.057692307692307696,0.0,0.0,0.0,175.72211946127936
optimization-20261004,kev08-w4a4-full-v2,kev-0.8b,Kev,W4A4,mmlu-pro,mmlu-pro,s1q-margin,s1q-margin,S1Q-Margin,complete,exploratory_development,labeled_decision_accuracy,floating_point_QDQ,156,156,0.04487179487179487,0.04487179487179487,2.5872365485462763,0.9828415180545096,0.24735128052771857,0.2922230753995134,,0.16261519291068632,0.8076923076923077,0.20512820512820512,0.03205128205128205,0.0,0.0,0.0,20.87211494008079
optimization-20261004,kev08-w4a4-full-v2,kev-0.8b,Kev,W4A4,mmlu-pro,mmlu-pro,s1q,s1q-mac,S1Q (current),complete,exploratory_development,labeled_decision_accuracy,floating_point_QDQ,156,156,0.14743589743589744,0.14743589743589744,2.570842930407454,0.9535055062433745,0.1612296536774686,0.30353974188079436,,0.16934702289089906,0.8205128205128205,0.15384615384615385,0.08333333333333333,0.01282051282051282,0.01282051282051282,0.01282051282051282,168.90904948767275
optimization-20261004,kev08-w4a4-full-v2,kev-0.8b,Kev,W4A4,mmlu-pro,mmlu-pro,awq-ac,awq-ac,awq-ac,complete,exploratory_development,labeled_decision_accuracy,floating_point_QDQ,156,156,0.12179487179487179,0.12179487179487179,2.7081915560113976,0.9921476601629516,0.2142216244224407,0.33601649621731244,,0.18864985025491898,0.8974358974358975,0.20512820512820512,0.10897435897435898,0.0,0.0,0.0,13.492140309419483
optimization-20261004,kev08-w4a4-full-v2,kev-0.8b,Kev,W4A4,mmlu-pro,mmlu-pro,awq-mac,awq-mac,awq-mac,complete,exploratory_development,labeled_decision_accuracy,floating_point_QDQ,156,156,0.0641025641025641,0.0641025641025641,2.8328667388763162,1.0306841415286694,0.28328226516403465,0.3473848292665988,,0.18310265508893855,0.8525641025641025,0.1987179487179487,0.04487179487179487,0.0,0.0,0.0,13.496061699930578
optimization-20261004,kev08-w4a4-full-v2,kev-0.8b,Kev,W4A4,mmlu-pro,mmlu-pro,gptq-ac,gptq-ac,gptq-ac,complete,exploratory_development,labeled_decision_accuracy,floating_point_QDQ,156,156,0.0641025641025641,0.0641025641025641,2.518191577314291,0.9528179151939141,0.20080676022172858,0.2611198237111917,,0.18696752928729216,0.8782051282051282,0.19230769230769232,0.038461538461538464,0.00641025641025641,0.00641025641025641,0.00641025641025641,126.4897745680064
optimization-20261004,kev08-w4a4-full-v2,kev-0.8b,Kev,W4A4,mmlu-pro,mmlu-pro,gptq-mac,gptq-mac,gptq-mac,complete,exploratory_development,labeled_decision_accuracy,floating_point_QDQ,156,156,0.16666666666666666,0.16666666666666666,2.4487222975128,0.9498977562765207,0.1293853430447176,0.2902287180480698,,0.19319334097832128,0.8782051282051282,0.16666666666666666,0.11538461538461539,0.0,0.0,0.0,127.14149793609977
optimization-20261004,kev08-w4a4-full-v2,kev-0.8b,Kev,W4A4,mmlu-pro,mmlu-pro,spinquant-nohad-mac,spinquant-nohad-mac,spinquant-nohad-mac,complete,exploratory_development,labeled_decision_accuracy,floating_point_QDQ,156,156,0.10897435897435898,0.10897435897435898,2.659195400839958,0.9697426682904395,0.19484701512753852,0.28448517852484717,,0.184100669150461,0.9038461538461539,0.19230769230769232,0.08333333333333333,0.0,0.0,0.0,49.84290174487978
optimization-20261004,kev08-w4a4-full-v2,kev-0.8b,Kev,W4A4,mmlu-pro,mmlu-pro,spinquant-had-mac,spinquant-had-mac,spinquant-had-mac,complete,exploratory_development,labeled_decision_accuracy,floating_point_QDQ,156,156,0.1282051282051282,0.1282051282051282,2.790123931446534,1.0068737776900714,0.21993844736442164,0.3481435755695498,,0.1999633596598094,0.7948717948717948,0.16666666666666666,0.07692307692307693,0.0,0.0,0.0,52.65412127925083
optimization-20261004,kev08-w4a4-full-v2,kev-0.8b,Kev,W4A4,mmlu-pro,mmlu-pro,s1q-ac-repair,s1q-ac-repair,s1q-ac-repair,complete,exploratory_development,labeled_decision_accuracy,floating_point_QDQ,156,156,0.09615384615384616,0.09615384615384616,2.494678746757619,0.9481039614755381,0.1633174350090736,0.2594712811629198,,0.14763097734407965,0.7948717948717948,0.17307692307692307,0.05128205128205128,0.0,0.0,0.0,262.37331768730655
optimization-20261004,kev08-w4a4-full-v2,kev-0.8b,Kev,W4A4,mmlu-pro,mmlu-pro,awq-ac-repair,awq-ac-repair,awq-ac-repair,complete,exploratory_development,labeled_decision_accuracy,floating_point_QDQ,156,156,0.11538461538461539,0.11538461538461539,2.637263048562342,0.9706893305239908,0.18825031572617643,0.302050481400665,,0.15342863821816177,0.8012820512820513,0.17307692307692307,0.07051282051282051,0.00641025641025641,0.00641025641025641,0.00641025641025641,277.71889770030975
optimization-20261004,kev08-w4a4-full-v2,kev-0.8b,Kev,W4A4,mmlu-pro,mmlu-pro,gptq-ac-repair,gptq-ac-repair,gptq-ac-repair,complete,exploratory_development,labeled_decision_accuracy,floating_point_QDQ,156,156,0.0641025641025641,0.0641025641025641,2.518191577314291,0.9528179151939141,0.20080676022172858,0.2611198237111917,,0.18696752928729216,0.8782051282051282,0.19230769230769232,0.038461538461538464,0.00641025641025641,0.00641025641025641,0.00641025641025641,137.17096598213539
optimization-20261004,kev08-w4a4-full-v2,kev-0.8b,Kev,W4A4,mmlu-pro,mmlu-pro,s1q2-beta05-repair,s1q2-beta05-repair,s1q2-beta05-repair,complete,exploratory_development,labeled_decision_accuracy,floating_point_QDQ,156,156,0.08333333333333333,0.08333333333333333,2.4452977134576455,0.9466448030872144,0.19287092702102282,0.2762042603543562,,0.16544539088470442,0.8333333333333334,0.19230769230769232,0.057692307692307696,0.0,0.0,0.0,33.241153887007385
optimization-20261004,kev08-w4a4-full-v2,kev-0.8b,Kev,W4A4,mmlu-pro,mmlu-pro,spinquant-nohad-adapted-repair,spinquant-nohad-adapted-repair,spinquant-nohad-adapted-repair,complete,exploratory_development,labeled_decision_accuracy,floating_point_QDQ,156,156,0.0641025641025641,0.0641025641025641,2.5243267066817596,0.9511660672154202,0.16651940152238567,0.23062196562494977,,0.16714799402081296,0.8397435897435898,0.20512820512820512,0.05128205128205128,0.0,0.0,0.0,45.72658007405698
optimization-20261004,kev08-w4a4-full-v2,kev-0.8b,Kev,W4A4,mmlu-pro,mmlu-pro,spinquant-had-adapted-repair,spinquant-had-adapted-repair,spinquant-had-adapted-repair,complete,exploratory_development,labeled_decision_accuracy,floating_point_QDQ,156,156,0.1282051282051282,0.1282051282051282,2.5035888308910303,0.9427354918296564,0.12256384954289148,0.25076897774801965,,0.16798930922369218,0.8653846153846154,0.1858974358974359,0.09615384615384616,0.0,0.0,0.0,35.52815287001431
optimization-20261004,kev08-w4a4-full-v2,kev-0.8b,Kev,W4A4,wanli,wanli,native,native,Native,complete,exploratory_development,labeled_decision_accuracy,floating_point_native,256,256,0.63671875,0.63671875,1.4450321377635318,0.6123479726291969,0.2602964467267739,0.8921524194798731,,,,,,0.0078125,0.0078125,0.0078125,
optimization-20261004,kev08-w4a4-full-v2,kev-0.8b,Kev,W4A4,wanli,wanli,rtn,rtn,RTN,complete,exploratory_development,labeled_decision_accuracy,floating_point_QDQ,256,256,0.34375,0.34375,1.3055998440484928,0.7727231061559474,0.22846539173639036,0.5407877225379061,,0.26737418042593963,0.70703125,0.44921875,0.15625,0.0,0.0,0.0,0.9306521192193031
optimization-20261004,kev08-w4a4-full-v2,kev-0.8b,Kev,W4A4,wanli,wanli,s1q-local,s1q-local,S1Qv1,complete,exploratory_development,labeled_decision_accuracy,floating_point_QDQ,256,256,0.46875,0.46875,1.190085395683369,0.6841807217144058,0.1514972285069583,0.6074240333919485,,0.18778813681867718,0.46484375,0.2890625,0.12109375,0.0,0.0,0.0,1.3020280608907342
optimization-20261004,kev08-w4a4-full-v2,kev-0.8b,Kev,W4A4,wanli,wanli,s1q2-beta05,s1q2-beta05,S1Qv2,complete,exploratory_development,labeled_decision_accuracy,floating_point_QDQ,256,256,0.390625,0.390625,1.1935084899323418,0.726755806945266,0.20247896649435085,0.5926707088512304,,0.19891026365263845,0.484375,0.33203125,0.0859375,0.01171875,0.01171875,0.01171875,1.4978636060841382
optimization-20261004,kev08-w4a4-full-v2,kev-0.8b,Kev,W4A4,wanli,wanli,awq-adapted,awq-adapted,AWQ*,complete,exploratory_development,labeled_decision_accuracy,floating_point_QDQ,256,256,0.421875,0.421875,1.2034216067045946,0.724803005183836,0.20127646584673434,0.6103154593200957,,0.20998361596857731,0.50390625,0.32421875,0.109375,0.0,0.0,0.0,2.0147482259199023
optimization-20261004,kev08-w4a4-full-v2,kev-0.8b,Kev,W4A4,wanli,wanli,gptq-blockdiag-adapted,gptq-blockdiag-adapted,GPTQ-block*,complete,exploratory_development,labeled_decision_accuracy,floating_point_QDQ,256,256,0.26953125,0.26953125,1.313768889958384,0.7981734073828128,0.27117378379381496,0.5407050337938148,,0.2604463578190781,0.69921875,0.48046875,0.11328125,0.0078125,0.0078125,0.0078125,18.96174173988402
optimization-20261004,kev08-w4a4-full-v2,kev-0.8b,Kev,W4A4,wanli,wanli,spinquant-nohad-adapted,spinquant-nohad-adapted,SpinQuant no-Had*,complete,exploratory_development,labeled_decision_accuracy,floating_point_QDQ,256,256,0.37109375,0.37109375,1.2183381891130844,0.7375209956859976,0.18030149116837824,0.5409515632740549,,0.25284439064869046,0.65625,0.4140625,0.1484375,0.0,0.0,0.0,6.977146137040108
optimization-20261004,kev08-w4a4-full-v2,kev-0.8b,Kev,W4A4,wanli,wanli,spinquant-had-adapted,spinquant-had-adapted,SpinQuant Had*,complete,exploratory_development,labeled_decision_accuracy,floating_point_QDQ,256,256,0.42578125,0.42578125,1.1553709267460253,0.6961243826405061,0.1406937311247257,0.5556813871621736,,0.21954408642327983,0.546875,0.35546875,0.14453125,0.0,0.0,0.0,7.772571962792426
optimization-20261004,kev08-w4a4-full-v2,kev-0.8b,Kev,W4A4,wanli,wanli,s1q-joint,s1q-joint,S1Q-Joint,complete,exploratory_development,labeled_decision_accuracy,floating_point_QDQ,256,256,0.4609375,0.4609375,1.1277629308313315,0.6668838995763509,0.14949163612023292,0.6025487889311263,,0.17977765250518246,0.42578125,0.27734375,0.1015625,0.00390625,0.00390625,0.00390625,3.9348882851190865
optimization-20261004,kev08-w4a4-full-v2,kev-0.8b,Kev,W4A4,wanli,wanli,s1q-ac,s1q-ac,S1Q-AC,complete,exploratory_development,labeled_decision_accuracy,floating_point_QDQ,256,256,0.42578125,0.42578125,1.2240984753556297,0.7148876612602078,0.21301956618307027,0.6388008161830703,,0.17889528062909585,0.44140625,0.296875,0.0859375,0.0,0.0,0.0,175.72211946127936
optimization-20261004,kev08-w4a4-full-v2,kev-0.8b,Kev,W4A4,wanli,wanli,s1q-margin,s1q-margin,S1Q-Margin,complete,exploratory_development,labeled_decision_accuracy,floating_point_QDQ,256,256,0.4453125,0.4453125,1.1934194312123274,0.7090447482016777,0.20266694623644343,0.6479794462364434,,0.17447241711293004,0.41796875,0.28125,0.08984375,0.0078125,0.0078125,0.0078125,20.87211494008079
optimization-20261004,kev08-w4a4-full-v2,kev-0.8b,Kev,W4A4,wanli,wanli,s1q,s1q-mac,S1Q (current),complete,exploratory_development,labeled_decision_accuracy,floating_point_QDQ,256,256,0.43359375,0.43359375,1.1889111364258866,0.6939988621971906,0.2038121787264706,0.6374059287264706,,0.1671820700452557,0.4375,0.27734375,0.07421875,0.0,0.0,0.0,168.90904948767275
optimization-20261004,kev08-w4a4-full-v2,kev-0.8b,Kev,W4A4,wanli,wanli,awq-ac,awq-ac,awq-ac,complete,exploratory_development,labeled_decision_accuracy,floating_point_QDQ,256,256,0.453125,0.453125,1.1907913214705443,0.7004455389636739,0.19856630767235317,0.6392575732982291,,0.18244248851115663,0.44921875,0.2890625,0.10546875,0.0,0.0,0.0,13.492140309419483
optimization-20261004,kev08-w4a4-full-v2,kev-0.8b,Kev,W4A4,wanli,wanli,awq-mac,awq-mac,awq-mac,complete,exploratory_development,labeled_decision_accuracy,floating_point_QDQ,256,256,0.41796875,0.41796875,1.2530170744182332,0.734008635471705,0.22051448854752914,0.6365223687586028,,0.2149707713767872,0.578125,0.36328125,0.14453125,0.0,0.0,0.0,13.496061699930578
optimization-20261004,kev08-w4a4-full-v2,kev-0.8b,Kev,W4A4,wanli,wanli,gptq-ac,gptq-ac,gptq-ac,complete,exploratory_development,labeled_decision_accuracy,floating_point_QDQ,256,256,0.390625,0.390625,1.1868934106779956,0.7107670804393689,0.12912749192918613,0.5165916429519535,,0.26070131857953505,0.69140625,0.40625,0.16015625,0.0078125,0.0078125,0.0078125,126.4897745680064
optimization-20261004,kev08-w4a4-full-v2,kev-0.8b,Kev,W4A4,wanli,wanli,gptq-mac,gptq-mac,gptq-mac,complete,exploratory_development,labeled_decision_accuracy,floating_point_QDQ,256,256,0.328125,0.328125,1.3053800717792976,0.7851895021386319,0.21925358460317554,0.5473785846031756,,0.26467620189666374,0.69921875,0.44921875,0.140625,0.0,0.0,0.0,127.14149793609977
optimization-20261004,kev08-w4a4-full-v2,kev-0.8b,Kev,W4A4,wanli,wanli,spinquant-nohad-mac,spinquant-nohad-mac,spinquant-nohad-mac,complete,exploratory_development,labeled_decision_accuracy,floating_point_QDQ,256,256,0.3515625,0.3515625,1.2758270561604388,0.7566960623050373,0.1839933175362876,0.5355558175362876,,0.2556891110417314,0.6796875,0.43359375,0.1484375,0.0,0.0,0.0,49.84290174487978
optimization-20261004,kev08-w4a4-full-v2,kev-0.8b,Kev,W4A4,wanli,wanli,spinquant-had-mac,spinquant-had-mac,spinquant-had-mac,complete,exploratory_development,labeled_decision_accuracy,floating_point_QDQ,256,256,0.44140625,0.44140625,1.1663630827991298,0.6942979321083336,0.1817559275599904,0.6231621775599905,,0.1819964907469981,0.42578125,0.27734375,0.08203125,0.0,0.0,0.0,52.65412127925083
optimization-20261004,kev08-w4a4-full-v2,kev-0.8b,Kev,W4A4,wanli,wanli,s1q-ac-repair,s1q-ac-repair,s1q-ac-repair,complete,exploratory_development,labeled_decision_accuracy,floating_point_QDQ,256,256,0.43359375,0.43359375,1.1551821725519433,0.691896913857843,0.17244348130409556,0.604076147737576,,0.1682656026762363,0.390625,0.26171875,0.05859375,0.00390625,0.00390625,0.00390625,262.37331768730655
optimization-20261004,kev08-w4a4-full-v2,kev-0.8b,Kev,W4A4,wanli,wanli,awq-ac-repair,awq-ac-repair,awq-ac-repair,complete,exploratory_development,labeled_decision_accuracy,floating_point_QDQ,256,256,0.4765625,0.4765625,1.1058273437962844,0.6650075791934611,0.1886181665997993,0.6263056194359873,,0.17906319550272667,0.4375,0.26171875,0.1015625,0.0,0.0,0.0,277.71889770030975
optimization-20261004,kev08-w4a4-full-v2,kev-0.8b,Kev,W4A4,wanli,wanli,gptq-ac-repair,gptq-ac-repair,gptq-ac-repair,complete,exploratory_development,labeled_decision_accuracy,floating_point_QDQ,256,256,0.390625,0.390625,1.1868934106779956,0.7107670804393689,0.12912749192918613,0.5165916429519535,,0.26070131857953505,0.69140625,0.40625,0.16015625,0.0078125,0.0078125,0.0078125,137.17096598213539
optimization-20261004,kev08-w4a4-full-v2,kev-0.8b,Kev,W4A4,wanli,wanli,s1q2-beta05-repair,s1q2-beta05-repair,s1q2-beta05-repair,complete,exploratory_development,labeled_decision_accuracy,floating_point_QDQ,256,256,0.453125,0.453125,1.231954181227316,0.7159904629631637,0.16935732042252644,0.6118886986007879,,0.18743298256937835,0.484375,0.30859375,0.125,0.00390625,0.00390625,0.00390625,33.241153887007385
optimization-20261004,kev08-w4a4-full-v2,kev-0.8b,Kev,W4A4,wanli,wanli,spinquant-nohad-adapted-repair,spinquant-nohad-adapted-repair,spinquant-nohad-adapted-repair,complete,exploratory_development,labeled_decision_accuracy,floating_point_QDQ,256,256,0.33984375,0.33984375,1.1815737753079236,0.7195397726667958,0.14777375650467794,0.4866312935629597,,0.24995500080501062,0.703125,0.453125,0.15625,0.00390625,0.00390625,0.00390625,45.72658007405698
optimization-20261004,kev08-w4a4-full-v2,kev-0.8b,Kev,W4A4,wanli,wanli,spinquant-had-adapted-repair,spinquant-had-adapted-repair,spinquant-had-adapted-repair,complete,exploratory_development,labeled_decision_accuracy,floating_point_QDQ,256,256,0.38671875,0.38671875,1.1332873034122406,0.6896781441053188,0.14896739310074386,0.5342736169598296,,0.21157350249310206,0.546875,0.36328125,0.11328125,0.0078125,0.0078125,0.0078125,35.52815287001431
optimization-20261004,kev4-w3a4-full-v2,kev-4b,Kev,W3A4,development,development,native,native,Native,complete,exploratory_development_stress_full_source_v2,labeled_decision_accuracy,floating_point_native,311,184,0.8553054662379421,0.8801734449760765,0.5200418483969912,0.22108628488223106,0.09633032591932604,0.9473131695663216,0.4897033489876185,,,,,0.12540192926045016,0.77491961414791,0.9003215434083601,
optimization-20261004,kev4-w3a4-full-v2,kev-4b,Kev,W3A4,development,development,rtn,rtn,RTN,complete,exploratory_development_stress_full_source_v2,labeled_decision_accuracy,floating_point_QDQ,311,184,0.37942122186495175,0.3685938330675173,2.397911009780772,0.9922811246595421,0.4569457036346844,0.8363669254996362,1.5290705604720767,0.34571122969735835,0.6109324758842444,0.5144694533762058,0.03858520900321544,0.01929260450160772,0.01929260450160772,0.03215434083601286,9.0849167809356
optimization-20261004,kev4-w3a4-full-v2,kev-4b,Kev,W3A4,development,development,s1q-local,s1q-local,S1Qv1,complete,exploratory_development_stress_full_source_v2,labeled_decision_accuracy,floating_point_QDQ,311,184,0.42765273311897106,0.421042663476874,1.2898971677224653,0.7565784945402331,0.2565590694310111,0.6762472647827706,1.10873359988226,0.27508502509544835,0.5755627009646302,0.4790996784565916,0.05144694533762058,0.0,0.0,0.0,15.406935878098011
optimization-20261004,kev4-w3a4-full-v2,kev-4b,Kev,W3A4,development,development,s1q2-beta05,s1q2-beta05,S1Qv2,complete,exploratory_development_stress_full_source_v2,labeled_decision_accuracy,floating_point_QDQ,311,184,0.4405144694533762,0.4544524189261031,1.1844941386697574,0.7056275976532644,0.24715269652946856,0.6751991347093402,1.2779343883683485,0.2593217089190129,0.5819935691318328,0.4662379421221865,0.05144694533762058,0.0,0.0,0.0,27.651372242951766
optimization-20261004,kev4-w3a4-full-v2,kev-4b,Kev,W3A4,development,development,awq-adapted,awq-adapted,AWQ*,complete,exploratory_development_stress_full_source_v2,labeled_decision_accuracy,floating_point_QDQ,311,184,0.40192926045016075,0.3991095162147793,1.2311634920354138,0.7206260626709831,0.2671377574931091,0.6690670179432698,1.1755050094792274,0.2732374849898119,0.6045016077170418,0.4983922829581994,0.04501607717041801,0.0,0.0,0.0,18.06918324599974
optimization-20261004,kev4-w3a4-full-v2,kev-4b,Kev,W3A4,development,development,gptq-blockdiag-adapted,gptq-blockdiag-adapted,GPTQ-block*,complete,exploratory_development_stress_full_source_v2,labeled_decision_accuracy,floating_point_QDQ,311,184,0.4115755627009646,0.41217769803296117,2.33935987019995,0.9486382197583726,0.4295161920046472,0.8249267377912795,1.3706790462800837,0.32246532733115946,0.5691318327974276,0.4758842443729904,0.03215434083601286,0.006430868167202572,0.006430868167202572,0.006430868167202572,144.7987737399526
optimization-20261004,kev4-w3a4-full-v2,kev-4b,Kev,W3A4,development,development,spinquant-nohad-adapted,spinquant-nohad-adapted,SpinQuant no-Had*,complete,exploratory_development_stress_full_source_v2,labeled_decision_accuracy,floating_point_QDQ,311,184,0.3762057877813505,0.38431020733652316,1.876638333876668,0.8996471171142295,0.3740843206056316,0.7502901083869821,1.3792838214385135,0.3205986587717122,0.6141479099678456,0.5080385852090032,0.028938906752411574,0.003215434083601286,0.003215434083601286,0.003215434083601286,33.5423908859957
optimization-20261004,kev4-w3a4-full-v2,kev-4b,Kev,W3A4,development,development,spinquant-had-adapted,spinquant-had-adapted,SpinQuant Had*,complete,exploratory_development_stress_full_source_v2,labeled_decision_accuracy,floating_point_QDQ,311,184,0.39228295819935693,0.452894072301967,1.845727602281369,0.8889633929464721,0.3686061050302729,0.7608890632296299,1.458194361358214,0.31770563587890266,0.6109324758842444,0.5048231511254019,0.04180064308681672,0.0,0.0,0.0,19.123862833017483
optimization-20261004,kev4-w3a4-full-v2,kev-4b,Kev,W3A4,development,development,s1q-joint,s1q-joint,S1Q-Joint,complete,exploratory_development_stress_full_source_v2,labeled_decision_accuracy,floating_point_QDQ,311,184,0.5144694533762058,0.4682117224880383,1.0237315781808582,0.5989289525024668,0.13427460449933848,0.6487440578755442,1.0129139496386415,0.22056294034398474,0.4887459807073955,0.39228295819935693,0.05144694533762058,0.00964630225080386,0.00964630225080386,0.00964630225080386,50.894665848929435
optimization-20261004,kev4-w3a4-full-v2,kev-4b,Kev,W3A4,development,development,s1q-ac,s1q-ac,S1Q-AC,complete,exploratory_development_stress_full_source_v2,labeled_decision_accuracy,floating_point_QDQ,311,184,0.5209003215434084,0.5419823232323233,1.066490422970198,0.6265747193138949,0.15668396114622718,0.6475298533720761,1.050800036140091,0.23214494444026873,0.4758842443729904,0.3890675241157556,0.05466237942122187,0.012861736334405145,0.012861736334405145,0.03215434083601286,63.895756487967446
optimization-20261004,kev4-w3a4-full-v2,kev-4b,Kev,W3A4,development,development,s1q-margin,s1q-margin,S1Q-Margin,complete,exploratory_development_stress_full_source_v2,labeled_decision_accuracy,floating_point_QDQ,311,184,0.4790996784565916,0.4471092503987241,1.1905210974779792,0.6544064602255539,0.19572732544493412,0.6748270039015257,1.256063912441302,0.23762135392587241,0.5241157556270096,0.42443729903536975,0.04823151125401929,0.006430868167202572,0.006430868167202572,0.006430868167202572,22.682809490943328
optimization-20261004,kev4-w3a4-full-v2,kev-4b,Kev,W3A4,development,development,s1q,s1q-mac,S1Q (current),complete,exploratory_development_stress_full_source_v2,labeled_decision_accuracy,floating_point_QDQ,311,184,0.5691318327974276,0.5686968367889421,0.9763365663251771,0.5648137523766932,0.12513132296480964,0.6485917249752563,0.9811823177403887,0.21351568153799258,0.4437299035369775,0.3440514469453376,0.05787781350482315,0.02572347266881029,0.02572347266881029,0.06752411575562701,35.941116370027885
optimization-20261004,kev4-w3a4-full-v2,kev-4b,Kev,W3A4,development,development,awq-ac,awq-ac,awq-ac,complete,exploratory_development_stress_full_source_v2,labeled_decision_accuracy,floating_point_QDQ,311,184,0.4758842443729904,0.4517876129718235,1.1012121603723197,0.6598029421999497,0.17339763626015745,0.6489945334334697,1.0955957614038778,0.23575390983846184,0.4887459807073955,0.40514469453376206,0.02572347266881029,0.003215434083601286,0.003215434083601286,0.003215434083601286,126.49464655388147
optimization-20261004,kev4-w3a4-full-v2,kev-4b,Kev,W3A4,development,development,awq-mac,awq-mac,awq-mac,complete,exploratory_development_stress_full_source_v2,labeled_decision_accuracy,floating_point_QDQ,311,184,0.5594855305466238,0.5511330409356726,0.9515234367213763,0.5573410065609181,0.09991993573554137,0.6463093376253631,1.004579416618237,0.2162480768219637,0.4533762057877814,0.3536977491961415,0.05787781350482315,0.05787781350482315,0.07717041800643087,0.10289389067524116,106.28102211211808
optimization-20261004,kev4-w3a4-full-v2,kev-4b,Kev,W3A4,development,development,gptq-ac,gptq-ac,gptq-ac,complete,exploratory_development_stress_full_source_v2,labeled_decision_accuracy,floating_point_QDQ,311,184,0.42765273311897106,0.4795421318447634,1.8420451445366524,0.837149059856698,0.3468938934606869,0.774546626579658,1.466754572356589,0.30269474901785953,0.5691318327974276,0.4662379421221865,0.03858520900321544,0.012861736334405145,0.012861736334405145,0.012861736334405145,297.5982504871208
optimization-20261004,kev4-w3a4-full-v2,kev-4b,Kev,W3A4,development,development,gptq-mac,gptq-mac,gptq-mac,complete,exploratory_development_stress_full_source_v2,labeled_decision_accuracy,floating_point_QDQ,311,184,0.38263665594855306,0.3866327751196172,1.9612253287171018,0.9286254470758332,0.39607102707293407,0.7787076830214871,1.5074231922575683,0.33022525249226015,0.6237942122186495,0.5176848874598071,0.04501607717041801,0.01607717041800643,0.01607717041800643,0.01607717041800643,264.8322058499325
optimization-20261004,kev4-w3a4-full-v2,kev-4b,Kev,W3A4,development,development,spinquant-nohad-mac,spinquant-nohad-mac,spinquant-nohad-mac,complete,exploratory_development_stress_full_source_v2,labeled_decision_accuracy,floating_point_QDQ,311,184,0.3762057877813505,0.3972687400318979,1.4994122808195052,0.8348448795994187,0.35315237525017545,0.7293581630315259,1.425052853517147,0.3039815737497455,0.639871382636656,0.5305466237942122,0.05144694533762058,0.0,0.0,0.0,24.088071202859282
optimization-20261004,kev4-w3a4-full-v2,kev-4b,Kev,W3A4,development,development,spinquant-had-mac,spinquant-had-mac,spinquant-had-mac,complete,exploratory_development_stress_full_source_v2,labeled_decision_accuracy,floating_point_QDQ,311,184,0.33440514469453375,0.31963051568314726,1.5570337605555307,0.8705513485303823,0.36007278368015155,0.6944779283746854,1.3678289912623716,0.3127575932825212,0.6366559485530546,0.5434083601286174,0.022508038585209004,0.01607717041800643,0.01607717041800643,0.01607717041800643,22.565951257012784
optimization-20261004,kev4-w4a4-full-v2,kev-4b,Kev,W4A4,development,development,native,native,Native,complete,exploratory_development,labeled_decision_accuracy,floating_point_native,311,184,0.8520900321543409,0.8777811004784689,0.517431940109411,0.2195251592876227,0.09502136109235677,0.9471113932466977,0.48854047417780133,,,,,0.12540192926045016,0.7684887459807074,0.9003215434083601,
optimization-20261004,kev4-w4a4-full-v2,kev-4b,Kev,W4A4,development,development,rtn,rtn,RTN,complete,exploratory_development,labeled_decision_accuracy,floating_point_QDQ,311,184,0.3504823151125402,0.368367889420521,2.287436997064444,0.988744749567373,0.46611252834289973,0.8116013608812092,1.4137729858296664,0.34854837788303533,0.639871382636656,0.5434083601286174,0.04180064308681672,0.0,0.0,0.0,17.399599086027592
optimization-20261004,kev4-w4a4-full-v2,kev-4b,Kev,W4A4,development,development,s1q-local,s1q-local,S1Qv1,complete,exploratory_development,labeled_decision_accuracy,floating_point_QDQ,311,184,0.5369774919614148,0.4991194843168527,0.8999994703776164,0.543921598611134,0.13399462687036995,0.6709721188317848,0.9027621435814471,0.200829826116126,0.4533762057877814,0.3665594855305466,0.05144694533762058,0.03858520900321544,0.08360128617363344,0.13183279742765272,28.85357076721266
optimization-20261004,kev4-w4a4-full-v2,kev-4b,Kev,W4A4,development,development,s1q2-beta05,s1q2-beta05,S1Qv2,complete,exploratory_development,labeled_decision_accuracy,floating_point_QDQ,311,184,0.5562700964630225,0.5617723285486442,0.8813387571525878,0.5359333898424631,0.11337863244466136,0.6636314092772023,0.8879798356651118,0.1880067321546008,0.37942122186495175,0.3215434083601286,0.02572347266881029,0.06109324758842444,0.0707395498392283,0.08360128617363344,36.3444278659299
optimization-20261004,kev4-w4a4-full-v2,kev-4b,Kev,W4A4,development,development,awq-adapted,awq-adapted,AWQ*,complete,exploratory_development,labeled_decision_accuracy,floating_point_QDQ,311,184,0.5530546623794212,0.5625431951089847,0.884383548192357,0.5317240137358579,0.1352795875304908,0.6850833159457882,0.9224852760384687,0.18742006515292386,0.4180064308681672,0.33762057877813506,0.03858520900321544,0.08681672025723473,0.09646302250803858,0.1414790996784566,42.02054278412834
optimization-20261004,kev4-w4a4-full-v2,kev-4b,Kev,W4A4,development,development,gptq-blockdiag-adapted,gptq-blockdiag-adapted,GPTQ-block*,complete,exploratory_development,labeled_decision_accuracy,floating_point_QDQ,311,184,0.37942122186495175,0.3828681552365763,2.051061015878879,0.9517887642320481,0.41315519689575125,0.792576418760703,1.5441015910682463,0.3335627491112298,0.6109324758842444,0.5016077170418006,0.028938906752411574,0.003215434083601286,0.003215434083601286,0.003215434083601286,161.22272036084905
optimization-20261004,kev4-w4a4-full-v2,kev-4b,Kev,W4A4,development,development,spinquant-nohad-adapted,spinquant-nohad-adapted,SpinQuant no-Had*,complete,exploratory_development,labeled_decision_accuracy,floating_point_QDQ,311,184,0.3729903536977492,0.4046351674641148,1.5567422408995657,0.8689348026647391,0.3354854207197325,0.7056596014204518,1.3982403110610393,0.3214888781570936,0.6270096463022508,0.5209003215434084,0.04180064308681672,0.0,0.0,0.0,51.133756005670875
optimization-20261004,kev4-w4a4-full-v2,kev-4b,Kev,W4A4,development,development,spinquant-had-adapted,spinquant-had-adapted,SpinQuant Had*,complete,exploratory_development,labeled_decision_accuracy,floating_point_QDQ,311,184,0.5980707395498392,0.5668527379053695,0.8824860021619834,0.5395222883926934,0.11317856647343669,0.6589952114136118,0.8428931677816341,0.18845890882082705,0.3987138263665595,0.3054662379421222,0.05144694533762058,0.01929260450160772,0.06752411575562701,0.09646302250803858,74.14269501203671
optimization-20261004,kev4-w4a4-full-v2,kev-4b,Kev,W4A4,development,development,s1q-joint,s1q-joint,S1Q-Joint,complete,exploratory_development,labeled_decision_accuracy,floating_point_QDQ,311,184,0.7491961414790996,0.774727538543328,0.6568538687956038,0.364916742722321,0.0947295956828192,0.8123560638442772,0.6071656190118048,0.09786031717486837,0.20257234726688103,0.14469453376205788,0.04180064308681672,0.022508038585209004,0.36977491961414793,0.47266881028938906,205.19105267804116
optimization-20261004,kev4-w4a4-full-v2,kev-4b,Kev,W4A4,development,development,s1q-ac,s1q-ac,S1Q-AC,complete,exploratory_development,labeled_decision_accuracy,floating_point_QDQ,311,184,0.7363344051446945,0.7716407496012759,0.6334225519993482,0.3491326455486748,0.08159669522307245,0.7861374193747187,0.7018876362834997,0.10516372481154361,0.2315112540192926,0.1639871382636656,0.04823151125401929,0.05466237942122187,0.19614147909967847,0.5627009646302251,111.02340145315975
optimization-20261004,kev4-w4a4-full-v2,kev-4b,Kev,W4A4,development,development,s1q-margin,s1q-margin,S1Q-Margin,complete,exploratory_development,labeled_decision_accuracy,floating_point_QDQ,311,184,0.7427652733118971,0.7625730994152048,0.6150816412342562,0.3393637280406686,0.08173648885661611,0.8220768005673751,0.6541549641301756,0.09774907557194593,0.24115755627009647,0.16720257234726688,0.05787781350482315,0.10932475884244373,0.4630225080385852,0.5627009646302251,90.72193905105814
optimization-20261004,kev4-w4a4-full-v2,kev-4b,Kev,W4A4,development,development,s1q,s1q-mac,S1Q (current),complete,exploratory_development,labeled_decision_accuracy,floating_point_QDQ,311,184,0.7684887459807074,0.800983519404572,0.6162924135871208,0.33003551213758897,0.06334366910099619,0.8187633928254536,0.7236601832431345,0.08910492202844168,0.22186495176848875,0.14469453376205788,0.06109324758842444,0.07395498392282958,0.43729903536977494,0.5498392282958199,121.10205484507605
optimization-20261004,kev4-w4a4-full-v2,kev-4b,Kev,W4A4,development,development,awq-ac,awq-ac,awq-ac,complete,exploratory_development,labeled_decision_accuracy,floating_point_QDQ,311,184,0.7331189710610932,0.7368354598617757,0.6965056095525753,0.3773437874897274,0.09842655810281033,0.811764622518912,0.8011919724217695,0.11364148802514758,0.2508038585209003,0.17041800643086816,0.05144694533762058,0.13504823151125403,0.2379421221864952,0.4662379421221865,210.48225933033973
optimization-20261004,kev4-w4a4-full-v2,kev-4b,Kev,W4A4,development,development,awq-mac,awq-mac,awq-mac,complete,exploratory_development,labeled_decision_accuracy,floating_point_QDQ,311,184,0.7234726688102894,0.7424873737373737,0.6185923212756116,0.36139630539149115,0.08024559029109694,0.8011308684053211,0.6450287163678227,0.10649060491393464,0.22508038585209003,0.16720257234726688,0.03858520900321544,0.03215434083601286,0.3665594855305466,0.4405144694533762,86.06213665893301
optimization-20261004,kev4-w4a4-full-v2,kev-4b,Kev,W4A4,development,development,gptq-ac,gptq-ac,gptq-ac,complete,exploratory_development,labeled_decision_accuracy,floating_point_QDQ,311,184,0.3729903536977492,0.36526780967570444,1.7122177819366096,0.8781470176954428,0.358886632574832,0.7318769862725811,1.4321452198081988,0.32027383415178456,0.6302250803858521,0.5209003215434084,0.04180064308681672,0.0,0.0,0.0,181.07442820305005
optimization-20261004,kev4-w4a4-full-v2,kev-4b,Kev,W4A4,development,development,gptq-mac,gptq-mac,gptq-mac,complete,exploratory_development,labeled_decision_accuracy,floating_point_QDQ,311,184,0.38263665594855306,0.40081073896863373,1.580508930035125,0.8467838809280104,0.3067701573843667,0.6894068133329198,1.3240823482174615,0.313610233430934,0.6077170418006431,0.5016077170418006,0.03215434083601286,0.0,0.0,0.0,180.36316440673545
optimization-20261004,kev4-w4a4-full-v2,kev-4b,Kev,W4A4,development,development,spinquant-nohad-mac,spinquant-nohad-mac,spinquant-nohad-mac,complete,exploratory_development,labeled_decision_accuracy,floating_point_QDQ,311,184,0.37942122186495175,0.3711589580010633,1.190236548145694,0.6947001204979321,0.18759466064183683,0.5662459867687514,1.3455435032204073,0.27472079749552913,0.6270096463022508,0.5112540192926045,0.03858520900321544,0.003215434083601286,0.003215434083601286,0.003215434083601286,21.041729441843927
optimization-20261004,kev4-w4a4-full-v2,kev-4b,Kev,W4A4,development,development,spinquant-had-mac,spinquant-had-mac,spinquant-had-mac,complete,exploratory_development,labeled_decision_accuracy,floating_point_QDQ,311,184,0.4437299035369775,0.4877159755449229,1.0636316457702362,0.641884980776715,0.14519360512540527,0.5820026966557287,1.1437516889164636,0.25703625417187886,0.572347266881029,0.4630225080385852,0.05466237942122187,0.012861736334405145,0.012861736334405145,0.012861736334405145,26.263961063232273
optimization-20261004,kev4-w4a4-full-v2,kev-4b,Kev,W4A4,development,development,s1q-ac-repair,s1q-ac-repair,s1q-ac-repair,complete,exploratory_development,labeled_decision_accuracy,floating_point_QDQ,311,184,0.7427652733118971,0.7660353535353536,0.6587497058024087,0.35951218474150154,0.09528072278290531,0.8135599791545868,0.6821124864414104,0.10143479239675578,0.2315112540192926,0.15755627009646303,0.04823151125401929,0.10610932475884244,0.26366559485530544,0.4919614147909968,115.71334521705285
optimization-20261004,kev4-w4a4-full-v2,kev-4b,Kev,W4A4,development,development,awq-ac-repair,awq-ac-repair,awq-ac-repair,complete,exploratory_development,labeled_decision_accuracy,floating_point_QDQ,311,184,0.7331189710610932,0.7442484051036683,0.5834544857642443,0.3370327394913438,0.08001708641785008,0.7988574164202816,0.6318450505328128,0.10303113098688767,0.2282958199356913,0.1639871382636656,0.04501607717041801,0.04180064308681672,0.33440514469453375,0.5627009646302251,285.41391539527103
optimization-20261004,kev4-w4a4-full-v2,kev-4b,Kev,W4A4,development,development,gptq-ac-repair,gptq-ac-repair,gptq-ac-repair,complete,exploratory_development,labeled_decision_accuracy,floating_point_QDQ,311,184,0.39228295819935693,0.41552698032961194,1.3340191569588915,0.7500245142650382,0.2998762266985001,0.692159184897857,1.2915041271353247,0.2792142048004095,0.6012861736334405,0.4983922829581994,0.03858520900321544,0.006430868167202572,0.006430868167202572,0.006430868167202572,310.2421168582514
optimization-20261004,kev4-w4a4-full-v2,kev-4b,Kev,W4A4,development,development,s1q2-beta05-repair,s1q2-beta05-repair,s1q2-beta05-repair,complete,exploratory_development,labeled_decision_accuracy,floating_point_QDQ,311,184,0.6270096463022508,0.6054126794258373,0.772279673639112,0.4673147638843332,0.08652423750104893,0.6734935325959744,0.8371710945863347,0.16793912938759722,0.36977491961414793,0.2797427652733119,0.05466237942122187,0.012861736334405145,0.012861736334405145,0.17684887459807075,100.61347389500588
optimization-20261004,kev4-w4a4-full-v2,kev-4b,Kev,W4A4,development,development,spinquant-nohad-adapted-repair,spinquant-nohad-adapted-repair,spinquant-nohad-adapted-repair,complete,exploratory_development,labeled_decision_accuracy,floating_point_QDQ,311,184,0.44694533762057875,0.4592969165337586,1.144994954963415,0.6618708091486837,0.1440114639694236,0.5909568015900024,1.2941519661519643,0.2617241503578247,0.5530546623794212,0.45016077170418006,0.04501607717041801,0.00964630225080386,0.00964630225080386,0.00964630225080386,76.27992785861716
optimization-20261004,kev4-w4a4-full-v2,kev-4b,Kev,W4A4,development,development,spinquant-had-adapted-repair,spinquant-had-adapted-repair,spinquant-had-adapted-repair,complete,exploratory_development,labeled_decision_accuracy,floating_point_QDQ,311,184,0.5852090032154341,0.5792198298777246,0.8224225707114331,0.5030798023570411,0.06640481229241889,0.6488132866716754,0.8704273085004883,0.17970851597420967,0.39228295819935693,0.31511254019292606,0.04823151125401929,0.06109324758842444,0.09003215434083602,0.17363344051446947,93.67890834296122
optimization-20261004,kev4-w4a4-full-v2,kev-4b,Kev,W4A4,mmlu-pro,mmlu-pro,native,native,Native,complete,exploratory_development,labeled_decision_accuracy,floating_point_native,156,156,0.5384615384615384,0.5384615384615384,1.679413871280757,0.5904112530003277,0.11399875043268744,0.6433636778808478,,,,,,0.01282051282051282,0.01282051282051282,0.33974358974358976,
optimization-20261004,kev4-w4a4-full-v2,kev-4b,Kev,W4A4,mmlu-pro,mmlu-pro,rtn,rtn,RTN,complete,exploratory_development,labeled_decision_accuracy,floating_point_QDQ,156,156,0.11538461538461539,0.11538461538461539,4.2880623290043856,1.2563793985310063,0.4976779535091494,0.6130625688937648,,0.46239110257885585,0.9294871794871795,0.48717948717948717,0.0641025641025641,0.0,0.0,0.0,17.399599086027592
optimization-20261004,kev4-w4a4-full-v2,kev-4b,Kev,W4A4,mmlu-pro,mmlu-pro,s1q-local,s1q-local,S1Qv1,complete,exploratory_development,labeled_decision_accuracy,floating_point_QDQ,156,156,0.10256410256410256,0.10256410256410256,2.8119830218913333,1.0084698604024724,0.2357930081547998,0.33835711071890234,,0.3381340185836446,0.8589743589743589,0.47435897435897434,0.038461538461538464,0.0,0.0,0.0,28.85357076721266
optimization-20261004,kev4-w4a4-full-v2,kev-4b,Kev,W4A4,mmlu-pro,mmlu-pro,s1q2-beta05,s1q2-beta05,S1Qv2,complete,exploratory_development,labeled_decision_accuracy,floating_point_QDQ,156,156,0.10897435897435898,0.10897435897435898,2.5955542279699557,0.963415670387981,0.19533249398180316,0.30430685295616217,,0.32543075824888323,0.8397435897435898,0.4423076923076923,0.01282051282051282,0.0,0.0,0.0,36.3444278659299
optimization-20261004,kev4-w4a4-full-v2,kev-4b,Kev,W4A4,mmlu-pro,mmlu-pro,awq-adapted,awq-adapted,AWQ*,complete,exploratory_development,labeled_decision_accuracy,floating_point_QDQ,156,156,0.1346153846153846,0.1346153846153846,2.622220695280721,0.9797568995077856,0.2080298738298787,0.3426452584452632,,0.32456021733127044,0.8205128205128205,0.44871794871794873,0.04487179487179487,0.0,0.0,0.0,42.02054278412834
optimization-20261004,kev4-w4a4-full-v2,kev-4b,Kev,W4A4,mmlu-pro,mmlu-pro,gptq-blockdiag-adapted,gptq-blockdiag-adapted,GPTQ-block*,complete,exploratory_development,labeled_decision_accuracy,floating_point_QDQ,156,156,0.14102564102564102,0.14102564102564102,4.412289313943085,1.231724136368358,0.4890159680710504,0.6300416090966914,,0.42962416813358556,0.8717948717948718,0.4551282051282051,0.057692307692307696,0.0,0.0,0.0,161.22272036084905
optimization-20261004,kev4-w4a4-full-v2,kev-4b,Kev,W4A4,mmlu-pro,mmlu-pro,spinquant-nohad-adapted,spinquant-nohad-adapted,SpinQuant no-Had*,complete,exploratory_development,labeled_decision_accuracy,floating_point_QDQ,156,156,0.12179487179487179,0.12179487179487179,3.070421721695378,1.0792054271359581,0.3214004104634865,0.44319528225835836,,0.38210402013514766,0.9038461538461539,0.4807692307692308,0.0641025641025641,0.0,0.0,0.0,51.133756005670875
optimization-20261004,kev4-w4a4-full-v2,kev-4b,Kev,W4A4,mmlu-pro,mmlu-pro,spinquant-had-adapted,spinquant-had-adapted,SpinQuant Had*,complete,exploratory_development,labeled_decision_accuracy,floating_point_QDQ,156,156,0.1346153846153846,0.1346153846153846,2.606259535116678,0.967902074274776,0.1842811133891909,0.3144857991001403,,0.32066411414209306,0.8012820512820513,0.42948717948717946,0.02564102564102564,0.0,0.0,0.0,74.14269501203671
optimization-20261004,kev4-w4a4-full-v2,kev-4b,Kev,W4A4,mmlu-pro,mmlu-pro,s1q-joint,s1q-joint,S1Q-Joint,complete,exploratory_development,labeled_decision_accuracy,floating_point_QDQ,156,156,0.1858974358974359,0.1858974358974359,2.667562631297587,0.9652114984013866,0.20422490627461126,0.3901223421720471,,0.31081750698380983,0.7884615384615384,0.391025641025641,0.038461538461538464,0.00641025641025641,0.00641025641025641,0.00641025641025641,205.19105267804116
optimization-20261004,kev4-w4a4-full-v2,kev-4b,Kev,W4A4,mmlu-pro,mmlu-pro,s1q-ac,s1q-ac,S1Q-AC,complete,exploratory_development,labeled_decision_accuracy,floating_point_QDQ,156,156,0.1858974358974359,0.1858974358974359,2.4419140211983597,0.9266445561944939,0.1947266188400326,0.3792092305635676,,0.2720702254776277,0.7692307692307693,0.3717948717948718,0.019230769230769232,0.019230769230769232,0.019230769230769232,0.019230769230769232,111.02340145315975
optimization-20261004,kev4-w4a4-full-v2,kev-4b,Kev,W4A4,mmlu-pro,mmlu-pro,s1q-margin,s1q-margin,S1Q-Margin,complete,exploratory_development,labeled_decision_accuracy,floating_point_QDQ,156,156,0.16666666666666666,0.16666666666666666,2.6272855753852546,0.9654990933114539,0.2636148826297237,0.4215500551234175,,0.2921774398790263,0.7628205128205128,0.4166666666666667,0.04487179487179487,0.00641025641025641,0.00641025641025641,0.00641025641025641,90.72193905105814
optimization-20261004,kev4-w4a4-full-v2,kev-4b,Kev,W4A4,mmlu-pro,mmlu-pro,s1q,s1q-mac,S1Q (current),complete,exploratory_development,labeled_decision_accuracy,floating_point_QDQ,156,156,0.17307692307692307,0.17307692307692307,2.4795960114043627,0.9525564607918711,0.2068735007023401,0.37995042377926314,,0.28539761620755083,0.7884615384615384,0.4230769230769231,0.057692307692307696,0.0,0.0,0.0,121.10205484507605
optimization-20261004,kev4-w4a4-full-v2,kev-4b,Kev,W4A4,mmlu-pro,mmlu-pro,awq-ac,awq-ac,awq-ac,complete,exploratory_development,labeled_decision_accuracy,floating_point_QDQ,156,156,0.1282051282051282,0.1282051282051282,2.5760152816984183,0.9752863522201748,0.25162338532232653,0.3765724612302335,,0.2916768437215686,0.7692307692307693,0.4230769230769231,0.01282051282051282,0.0,0.0,0.0,210.48225933033973
optimization-20261004,kev4-w4a4-full-v2,kev-4b,Kev,W4A4,mmlu-pro,mmlu-pro,awq-mac,awq-mac,awq-mac,complete,exploratory_development,labeled_decision_accuracy,floating_point_QDQ,156,156,0.1794871794871795,0.1794871794871795,2.4672431302111706,0.9348576243416948,0.16292322714620236,0.3424104066333818,,0.2871900878669399,0.8333333333333334,0.42948717948717946,0.07051282051282051,0.0,0.0,0.0,86.06213665893301
optimization-20261004,kev4-w4a4-full-v2,kev-4b,Kev,W4A4,mmlu-pro,mmlu-pro,gptq-ac,gptq-ac,gptq-ac,complete,exploratory_development,labeled_decision_accuracy,floating_point_QDQ,156,156,0.1282051282051282,0.1282051282051282,3.185131006920446,1.1064785265009234,0.37759839282951224,0.497956252298102,,0.3848217223985885,0.8910256410256411,0.46794871794871795,0.057692307692307696,0.0,0.0,0.0,181.07442820305005
optimization-20261004,kev4-w4a4-full-v2,kev-4b,Kev,W4A4,mmlu-pro,mmlu-pro,gptq-mac,gptq-mac,gptq-mac,complete,exploratory_development,labeled_decision_accuracy,floating_point_QDQ,156,156,0.10256410256410256,0.10256410256410256,2.982111111293389,1.0628427410766554,0.32359502112878774,0.42615912369289033,,0.3802065162048559,0.8782051282051282,0.4807692307692308,0.04487179487179487,0.0,0.0,0.0,180.36316440673545
optimization-20261004,kev4-w4a4-full-v2,kev-4b,Kev,W4A4,mmlu-pro,mmlu-pro,spinquant-nohad-mac,spinquant-nohad-mac,spinquant-nohad-mac,complete,exploratory_development,labeled_decision_accuracy,floating_point_QDQ,156,156,0.15384615384615385,0.15384615384615385,2.415665417719325,0.9275083906414028,0.12259782411214126,0.27140466000529845,,0.31679445576126025,0.8653846153846154,0.4358974358974359,0.05128205128205128,0.00641025641025641,0.00641025641025641,0.00641025641025641,21.041729441843927
optimization-20261004,kev4-w4a4-full-v2,kev-4b,Kev,W4A4,mmlu-pro,mmlu-pro,spinquant-had-mac,spinquant-had-mac,spinquant-had-mac,complete,exploratory_development,labeled_decision_accuracy,floating_point_QDQ,156,156,0.14743589743589744,0.14743589743589744,2.5210977000442902,0.9472701784020244,0.14445941444070606,0.28272537174277484,,0.3337806957962276,0.8717948717948718,0.4551282051282051,0.0641025641025641,0.00641025641025641,0.00641025641025641,0.00641025641025641,26.263961063232273
optimization-20261004,kev4-w4a4-full-v2,kev-4b,Kev,W4A4,mmlu-pro,mmlu-pro,s1q-ac-repair,s1q-ac-repair,s1q-ac-repair,complete,exploratory_development,labeled_decision_accuracy,floating_point_QDQ,156,156,0.17307692307692307,0.17307692307692307,2.323727848473998,0.9041826982332477,0.1705887934905556,0.33861168079921455,,0.2716678040885694,0.7371794871794872,0.40384615384615385,0.038461538461538464,0.0,0.0,0.0,115.71334521705285
optimization-20261004,kev4-w4a4-full-v2,kev-4b,Kev,W4A4,mmlu-pro,mmlu-pro,awq-ac-repair,awq-ac-repair,awq-ac-repair,complete,exploratory_development,labeled_decision_accuracy,floating_point_QDQ,156,156,0.16025641025641027,0.16025641025641027,2.3629334578009242,0.9187447303821487,0.1893788282830272,0.347482311302736,,0.2820370372722035,0.7948717948717948,0.4166666666666667,0.038461538461538464,0.01282051282051282,0.01282051282051282,0.01282051282051282,285.41391539527103
optimization-20261004,kev4-w4a4-full-v2,kev-4b,Kev,W4A4,mmlu-pro,mmlu-pro,gptq-ac-repair,gptq-ac-repair,gptq-ac-repair,complete,exploratory_development,labeled_decision_accuracy,floating_point_QDQ,156,156,0.1282051282051282,0.1282051282051282,2.9581745672131583,1.035686378941477,0.27731841990549455,0.4055235481106228,,0.3617759403017929,0.8782051282051282,0.4807692307692308,0.07051282051282051,0.0,0.0,0.0,310.2421168582514
optimization-20261004,kev4-w4a4-full-v2,kev-4b,Kev,W4A4,mmlu-pro,mmlu-pro,s1q2-beta05-repair,s1q2-beta05-repair,s1q2-beta05-repair,complete,exploratory_development,labeled_decision_accuracy,floating_point_QDQ,156,156,0.1858974358974359,0.1858974358974359,2.317008955381838,0.9113238629020096,0.09185373638178544,0.27775117227922136,,0.2991916391609813,0.8205128205128205,0.4166666666666667,0.0641025641025641,0.0,0.0,0.0,100.61347389500588
optimization-20261004,kev4-w4a4-full-v2,kev-4b,Kev,W4A4,mmlu-pro,mmlu-pro,spinquant-nohad-adapted-repair,spinquant-nohad-adapted-repair,spinquant-nohad-adapted-repair,complete,exploratory_development,labeled_decision_accuracy,floating_point_QDQ,156,156,0.10256410256410256,0.10256410256410256,2.5897984816013078,0.9714030512448135,0.19770341838037714,0.2902503701581588,,0.33570310764696093,0.8782051282051282,0.46794871794871795,0.03205128205128205,0.0,0.0,0.0,76.27992785861716
optimization-20261004,kev4-w4a4-full-v2,kev-4b,Kev,W4A4,mmlu-pro,mmlu-pro,spinquant-had-adapted-repair,spinquant-had-adapted-repair,spinquant-had-adapted-repair,complete,exploratory_development,labeled_decision_accuracy,floating_point_QDQ,156,156,0.1282051282051282,0.1282051282051282,2.3380483319515566,0.9239962440529862,0.15545654437820738,0.2836616725833356,,0.3174690342776698,0.8653846153846154,0.4551282051282051,0.04487179487179487,0.0,0.0,0.0,93.67890834296122
optimization-20261004,kev4-w4a4-full-v2,kev-4b,Kev,W4A4,wanli,wanli,native,native,Native,complete,exploratory_development,labeled_decision_accuracy,floating_point_native,256,256,0.69921875,0.69921875,1.4107457815553879,0.500738216419752,0.23724547098890034,0.9291171780240941,,,,,,0.0546875,0.0546875,0.06640625,
optimization-20261004,kev4-w4a4-full-v2,kev-4b,Kev,W4A4,wanli,wanli,rtn,rtn,RTN,complete,exploratory_development,labeled_decision_accuracy,floating_point_QDQ,256,256,0.375,0.375,2.264790100117454,0.9650277058566048,0.402683031989188,0.7708767370022865,,0.3421572817397819,0.66015625,0.44921875,0.125,0.0,0.0,0.0,17.399599086027592
optimization-20261004,kev4-w4a4-full-v2,kev-4b,Kev,W4A4,wanli,wanli,s1q-local,s1q-local,S1Qv1,complete,exploratory_development,labeled_decision_accuracy,floating_point_QDQ,256,256,0.37890625,0.37890625,1.377909064213338,0.7958598658105533,0.2553113640332941,0.6342176140332941,,0.27904140937264343,0.59765625,0.4375,0.1171875,0.00390625,0.00390625,0.00390625,28.85357076721266
optimization-20261004,kev4-w4a4-full-v2,kev-4b,Kev,W4A4,wanli,wanli,s1q2-beta05,s1q2-beta05,S1Qv2,complete,exploratory_development,labeled_decision_accuracy,floating_point_QDQ,256,256,0.34375,0.34375,1.364728804491075,0.8053930257402351,0.2786605795838634,0.6052761977613168,,0.27398669295449407,0.59765625,0.45703125,0.1015625,0.0,0.0,0.0,36.3444278659299
optimization-20261004,kev4-w4a4-full-v2,kev-4b,Kev,W4A4,wanli,wanli,awq-adapted,awq-adapted,AWQ*,complete,exploratory_development,labeled_decision_accuracy,floating_point_QDQ,256,256,0.3984375,0.3984375,1.434125718219962,0.8082122043046649,0.2708663781716546,0.6693038781716546,,0.261678328936944,0.546875,0.40234375,0.1015625,0.015625,0.015625,0.015625,42.02054278412834
optimization-20261004,kev4-w4a4-full-v2,kev-4b,Kev,W4A4,wanli,wanli,gptq-blockdiag-adapted,gptq-blockdiag-adapted,GPTQ-block*,complete,exploratory_development,labeled_decision_accuracy,floating_point_QDQ,256,256,0.35546875,0.35546875,2.214152352513662,0.981365445472572,0.41637857285440866,0.7718473228544087,,0.34614237634280764,0.67578125,0.46875,0.125,0.0,0.0,0.0,161.22272036084905
optimization-20261004,kev4-w4a4-full-v2,kev-4b,Kev,W4A4,wanli,wanli,spinquant-nohad-adapted,spinquant-nohad-adapted,SpinQuant no-Had*,complete,exploratory_development,labeled_decision_accuracy,floating_point_QDQ,256,256,0.38671875,0.38671875,1.524120754242882,0.8227326556063775,0.29039074075092897,0.677109490750929,,0.3214059252551422,0.65625,0.4296875,0.1171875,0.0,0.0,0.0,51.133756005670875
optimization-20261004,kev4-w4a4-full-v2,kev-4b,Kev,W4A4,wanli,wanli,spinquant-had-adapted,spinquant-had-adapted,SpinQuant Had*,complete,exploratory_development,labeled_decision_accuracy,floating_point_QDQ,256,256,0.42578125,0.42578125,1.1560010447208813,0.6906053161046061,0.15659046658056575,0.5803010135141444,,0.24905421133739475,0.55078125,0.38671875,0.11328125,0.0078125,0.0078125,0.0078125,74.14269501203671
optimization-20261004,kev4-w4a4-full-v2,kev-4b,Kev,W4A4,wanli,wanli,s1q-joint,s1q-joint,S1Q-Joint,complete,exploratory_development,labeled_decision_accuracy,floating_point_QDQ,256,256,0.47265625,0.47265625,1.2454004168662056,0.7224505674776893,0.2535954586132612,0.7262517086132612,,0.20561943342599753,0.43359375,0.3203125,0.09375,0.0234375,0.0234375,0.0234375,205.19105267804116
optimization-20261004,kev4-w4a4-full-v2,kev-4b,Kev,W4A4,wanli,wanli,s1q-ac,s1q-ac,S1Q-AC,complete,exploratory_development,labeled_decision_accuracy,floating_point_QDQ,256,256,0.4140625,0.4140625,1.2776852012816797,0.7567394293121875,0.27750242115127594,0.6894573696359244,,0.21775324262682594,0.515625,0.38671875,0.1015625,0.0,0.0,0.0,111.02340145315975
optimization-20261004,kev4-w4a4-full-v2,kev-4b,Kev,W4A4,wanli,wanli,s1q-margin,s1q-margin,S1Q-Margin,complete,exploratory_development,labeled_decision_accuracy,floating_point_QDQ,256,256,0.5,0.5,1.209091115475563,0.6863024471234108,0.19703216440806845,0.6970321644080685,,0.2079243354729576,0.4296875,0.3046875,0.10546875,0.0078125,0.0078125,0.0078125,90.72193905105814
optimization-20261004,kev4-w4a4-full-v2,kev-4b,Kev,W4A4,wanli,wanli,s1q,s1q-mac,S1Q (current),complete,exploratory_development,labeled_decision_accuracy,floating_point_QDQ,256,256,0.4765625,0.4765625,1.2940325553959253,0.7277955617963501,0.25699788510358557,0.7327821164795518,,0.20010769761976877,0.45703125,0.328125,0.10546875,0.0,0.0,0.0,121.10205484507605
optimization-20261004,kev4-w4a4-full-v2,kev-4b,Kev,W4A4,wanli,wanli,awq-ac,awq-ac,awq-ac,complete,exploratory_development,labeled_decision_accuracy,floating_point_QDQ,256,256,0.421875,0.421875,1.3666790078562445,0.7758539310612346,0.32100546017535414,0.7363965385829488,,0.22282613339613017,0.4921875,0.37890625,0.1015625,0.0078125,0.0078125,0.04296875,210.48225933033973
optimization-20261004,kev4-w4a4-full-v2,kev-4b,Kev,W4A4,wanli,wanli,awq-mac,awq-mac,awq-mac,complete,exploratory_development,labeled_decision_accuracy,floating_point_QDQ,256,256,0.4453125,0.4453125,1.4505136271170094,0.8022277205747452,0.33193748933408784,0.758562610232504,,0.22825578737524063,0.515625,0.37109375,0.1171875,0.00390625,0.00390625,0.00390625,86.06213665893301
optimization-20261004,kev4-w4a4-full-v2,kev-4b,Kev,W4A4,wanli,wanli,gptq-ac,gptq-ac,gptq-ac,complete,exploratory_development,labeled_decision_accuracy,floating_point_QDQ,256,256,0.36328125,0.36328125,1.7149056676257313,0.9138996674325331,0.34681344623415994,0.7011073913073874,,0.3330803323937717,0.65625,0.44140625,0.10546875,0.0,0.0,0.0,181.07442820305005
optimization-20261004,kev4-w4a4-full-v2,kev-4b,Kev,W4A4,wanli,wanli,gptq-mac,gptq-mac,gptq-mac,complete,exploratory_development,labeled_decision_accuracy,floating_point_QDQ,256,256,0.3125,0.3125,1.5963317342925323,0.8934846958931884,0.35486755227891253,0.6589997410907771,,0.3205932548272879,0.69921875,0.5,0.11328125,0.0078125,0.0078125,0.0078125,180.36316440673545
optimization-20261004,kev4-w4a4-full-v2,kev-4b,Kev,W4A4,wanli,wanli,spinquant-nohad-mac,spinquant-nohad-mac,spinquant-nohad-mac,complete,exploratory_development,labeled_decision_accuracy,floating_point_QDQ,256,256,0.3203125,0.3203125,1.2572370087629112,0.7488865091305731,0.22478791502734138,0.5451004150273414,,0.2795198026641006,0.625,0.45703125,0.078125,0.00390625,0.00390625,0.00390625,21.041729441843927
optimization-20261004,kev4-w4a4-full-v2,kev-4b,Kev,W4A4,wanli,wanli,spinquant-had-mac,spinquant-had-mac,spinquant-had-mac,complete,exploratory_development,labeled_decision_accuracy,floating_point_QDQ,256,256,0.30078125,0.30078125,1.3099431367734395,0.7845665228677753,0.25155906889435903,0.552340318894359,,0.2860432052997677,0.66796875,0.48046875,0.08203125,0.0078125,0.0078125,0.0078125,26.263961063232273
optimization-20261004,kev4-w4a4-full-v2,kev-4b,Kev,W4A4,wanli,wanli,s1q-ac-repair,s1q-ac-repair,s1q-ac-repair,complete,exploratory_development,labeled_decision_accuracy,floating_point_QDQ,256,256,0.48828125,0.48828125,1.2022404977894237,0.705046527101673,0.24081179544347475,0.7006155406092445,,0.20014135696750768,0.41796875,0.3046875,0.09375,0.0,0.0,0.0,115.71334521705285
optimization-20261004,kev4-w4a4-full-v2,kev-4b,Kev,W4A4,wanli,wanli,awq-ac-repair,awq-ac-repair,awq-ac-repair,complete,exploratory_development,labeled_decision_accuracy,floating_point_QDQ,256,256,0.4296875,0.4296875,1.1973016128662595,0.7357696440409744,0.29416987046534904,0.7231265045145401,,0.21392801890973417,0.4921875,0.375,0.10546875,0.0,0.0,0.0,285.41391539527103
optimization-20261004,kev4-w4a4-full-v2,kev-4b,Kev,W4A4,wanli,wanli,gptq-ac-repair,gptq-ac-repair,gptq-ac-repair,complete,exploratory_development,labeled_decision_accuracy,floating_point_QDQ,256,256,0.3203125,0.3203125,1.56611758573533,0.8676985384615643,0.3459305410655597,0.6662430410655598,,0.3179133781233866,0.67578125,0.484375,0.10546875,0.0,0.0,0.0,310.2421168582514
optimization-20261004,kev4-w4a4-full-v2,kev-4b,Kev,W4A4,wanli,wanli,s1q2-beta05-repair,s1q2-beta05-repair,s1q2-beta05-repair,complete,exploratory_development,labeled_decision_accuracy,floating_point_QDQ,256,256,0.37890625,0.37890625,1.1701893038647433,0.6939353263401435,0.17620161388296238,0.5551078638829624,,0.25588761160054063,0.62890625,0.44140625,0.12109375,0.0,0.0,0.0,100.61347389500588
optimization-20261004,kev4-w4a4-full-v2,kev-4b,Kev,W4A4,wanli,wanli,spinquant-nohad-adapted-repair,spinquant-nohad-adapted-repair,spinquant-nohad-adapted-repair,complete,exploratory_development,labeled_decision_accuracy,floating_point_QDQ,256,256,0.375,0.375,1.2069056523037296,0.7352660669543852,0.20652282152085785,0.5752625101155157,,0.2918870902438366,0.6796875,0.453125,0.12890625,0.015625,0.015625,0.015625,76.27992785861716
optimization-20261004,kev4-w4a4-full-v2,kev-4b,Kev,W4A4,wanli,wanli,spinquant-had-adapted-repair,spinquant-had-adapted-repair,spinquant-had-adapted-repair,complete,exploratory_development,labeled_decision_accuracy,floating_point_QDQ,256,256,0.43359375,0.43359375,1.0568321958184113,0.6393358393964844,0.1109181539492383,0.5425381775818159,,0.24118517518980837,0.5625,0.39453125,0.12890625,0.015625,0.015625,0.0390625,93.67890834296122
optimization-20261004,kev9-w4a4-full-v2,kev-9b,Kev,W4A4,development,development,native,native,Native,complete,exploratory_optimization_r2,labeled_decision_accuracy,floating_point_native,311,184,0.8553054662379421,0.8910320308346624,0.5047064190671553,0.21969889634523682,0.09373351823527551,0.9490389844732179,0.4897251438622705,,,,,0.4340836012861736,0.7877813504823151,0.9196141479099679,
optimization-20261004,kev9-w4a4-full-v2,kev-9b,Kev,W4A4,development,development,rtn,rtn,RTN,complete,exploratory_optimization_r2,labeled_decision_accuracy,floating_point_QDQ,311,184,0.40192926045016075,0.42694710260499735,1.468862103178414,0.8087842611386586,0.28316816692751035,0.6850974273776711,1.2671389261239336,0.29631071428987393,0.5852090032154341,0.4887459807073955,0.03536977491961415,0.0,0.0,0.0,28.74546262063086
optimization-20261004,kev9-w4a4-full-v2,kev-9b,Kev,W4A4,development,development,s1q-local,s1q-local,S1Qv1,complete,exploratory_optimization_r2,labeled_decision_accuracy,floating_point_QDQ,311,184,0.3987138263665595,0.39146065922381706,1.2516252041561255,0.7242657198574141,0.23927903562900782,0.6379928619955673,1.2750619277738915,0.27795573842098453,0.6012861736334405,0.5016077170418006,0.04501607717041801,0.0,0.0,0.0,61.06861536204815
optimization-20261004,kev9-w4a4-full-v2,kev-9b,Kev,W4A4,development,development,s1q2-beta05,s1q2-beta05,S1Qv2,complete,exploratory_optimization_r2,labeled_decision_accuracy,floating_point_QDQ,311,184,0.41479099678456594,0.39718567251461984,1.2326650055977335,0.7265464135903297,0.22150102613659445,0.6349611071481854,1.325313086860658,0.2813438847288672,0.5980707395498392,0.49517684887459806,0.05466237942122187,0.0,0.0,0.0,53.19969138875604
optimization-20261004,kev9-w4a4-full-v2,kev-9b,Kev,W4A4,development,development,awq-adapted,awq-adapted,AWQ*,complete,exploratory_optimization_r2,labeled_decision_accuracy,floating_point_QDQ,311,184,0.42765273311897106,0.42796717171717175,1.1177703034618756,0.6699943557695732,0.18977453507456896,0.6121576443900489,1.2248314131443718,0.2577554222709851,0.5819935691318328,0.4790996784565916,0.05144694533762058,0.028938906752411574,0.028938906752411574,0.03215434083601286,68.01739251660183
optimization-20261004,kev9-w4a4-full-v2,kev-9b,Kev,W4A4,development,development,gptq-blockdiag-adapted,gptq-blockdiag-adapted,GPTQ-block*,complete,exploratory_optimization_r2,labeled_decision_accuracy,floating_point_QDQ,311,184,0.38263665594855306,0.39246411483253585,1.3664592184321944,0.7646552301261376,0.2913018149775538,0.6685111884934332,1.3388443304460262,0.2869631708528941,0.6077170418006431,0.5144694533762058,0.04180064308681672,0.0,0.0,0.0,258.8476999280974
optimization-20261004,kev9-w4a4-full-v2,kev-9b,Kev,W4A4,development,development,s1q-joint,s1q-joint,S1Q-Joint,complete,exploratory_optimization_r2,labeled_decision_accuracy,floating_point_QDQ,311,184,0.7009646302250804,0.6978103402445508,0.6267978646972506,0.3668420726257263,0.07630241389412708,0.7661525015904772,0.7106832375029287,0.12536344779700792,0.2765273311897106,0.2090032154340836,0.05466237942122187,0.03215434083601286,0.34726688102893893,0.5176848874598071,111.21433613169938
optimization-20261004,kev9-w4a4-full-v2,kev-9b,Kev,W4A4,development,development,s1q-ac,s1q-ac,S1Q-AC,complete,exploratory_optimization_r2,labeled_decision_accuracy,floating_point_QDQ,311,184,0.7138263665594855,0.715663211057948,0.667796403846624,0.38314621151278966,0.10766557100945226,0.7940812840187724,0.706454692692287,0.12555941706226875,0.2733118971061093,0.19935691318327975,0.05787781350482315,0.03858520900321544,0.2733118971061093,0.4662379421221865,188.22831445466727
optimization-20261004,kev9-w4a4-full-v2,kev-9b,Kev,W4A4,development,development,s1q-margin,s1q-margin,S1Q-Margin,complete,exploratory_optimization_r2,labeled_decision_accuracy,floating_point_QDQ,311,184,0.7138263665594855,0.7294557416267943,0.6195357479532609,0.37439344902914606,0.07316153569376599,0.7807494135477284,0.5963522539623073,0.11263389435648842,0.2572347266881029,0.19292604501607716,0.05144694533762058,0.21543408360128619,0.36977491961414793,0.4919614147909968,66.19258960243315
optimization-20261004,kev9-w4a4-full-v2,kev-9b,Kev,W4A4,development,development,s1q,s1q-mac,S1Q (current),complete,exploratory_optimization_r2,labeled_decision_accuracy,floating_point_QDQ,311,184,0.7170418006430869,0.7238935406698565,0.6224799101921615,0.3753661400011911,0.1261162451085097,0.8292986154788256,0.5902815189559558,0.10873223983665663,0.2379421221864952,0.18006430868167203,0.04180064308681672,0.04823151125401929,0.3987138263665595,0.5819935691318328,170.85615557106212
optimization-20261004,kev9-w4a4-full-v2,kev-9b,Kev,W4A4,development,development,awq-ac,awq-ac,awq-ac,complete,exploratory_optimization_r2,labeled_decision_accuracy,floating_point_QDQ,311,184,0.7588424437299035,0.7628389154704944,0.5435734098441118,0.31756727453557165,0.07819523724874453,0.8036499781699289,0.5882819653206186,0.10936272758998027,0.2508038585209003,0.16720257234726688,0.0707395498392283,0.02572347266881029,0.4180064308681672,0.6237942122186495,285.05022915499285
optimization-20261004,kev9-w4a4-full-v2,kev-9b,Kev,W4A4,development,development,awq-mac,awq-mac,awq-mac,complete,exploratory_optimization_r2,labeled_decision_accuracy,floating_point_QDQ,311,184,0.752411575562701,0.7759137426900586,0.6370731125769952,0.3583902128957499,0.10888018047047471,0.824348042743353,0.6423781376088769,0.10695506045794567,0.24115755627009647,0.1639871382636656,0.06109324758842444,0.01607717041800643,0.19292604501607716,0.4180064308681672,270.70352872181684
optimization-20261004,kev9-w4a4-full-v2,kev-9b,Kev,W4A4,development,development,gptq-ac,gptq-ac,gptq-ac,complete,exploratory_optimization_r2,labeled_decision_accuracy,floating_point_QDQ,311,184,0.3890675241157556,0.41927166400850613,1.072161585764461,0.6484939927287443,0.13724956057923574,0.5263170846949914,1.271129103777231,0.2637249216909957,0.6012861736334405,0.4983922829581994,0.03215434083601286,0.0,0.0,0.0,294.91266797296703
optimization-20261004,kev9-w4a4-full-v2,kev-9b,Kev,W4A4,development,development,gptq-mac,gptq-mac,gptq-mac,complete,exploratory_optimization_r2,labeled_decision_accuracy,floating_point_QDQ,311,184,0.39228295819935693,0.4023192450824029,1.08290148774545,0.6536630415135372,0.17349905804311427,0.5576378218831017,1.25721016400273,0.27029441165232165,0.6463022508038585,0.5241157556270096,0.06109324758842444,0.012861736334405145,0.012861736334405145,0.012861736334405145,361.10993851488456
optimization-20261004,kev9-w4a4-full-v2,kev-9b,Kev,W4A4,development,development,s1q-ac-repair,s1q-ac-repair,s1q-ac-repair,complete,exploratory_optimization_r2,labeled_decision_accuracy,floating_point_QDQ,311,184,0.7845659163987139,0.7958997873471557,0.6120073587798076,0.32125965721801,0.09074923408815365,0.8285393623061437,0.6010911569171428,0.1022102791312913,0.2057877813504823,0.12540192926045016,0.05466237942122187,0.02572347266881029,0.21543408360128619,0.5530546623794212,259.2056096661836
optimization-20261004,kev9-w4a4-full-v2,kev-9b,Kev,W4A4,mmlu-pro,mmlu-pro,native,native,Native,complete,exploratory_optimization_r2,labeled_decision_accuracy,floating_point_native,156,156,0.4935897435897436,0.4935897435897436,1.774101209345021,0.6654735890781893,0.17648219618263916,0.6389377352537237,,,,,,0.01282051282051282,0.01282051282051282,0.27564102564102566,
optimization-20261004,kev9-w4a4-full-v2,kev-9b,Kev,W4A4,mmlu-pro,mmlu-pro,rtn,rtn,RTN,complete,exploratory_optimization_r2,labeled_decision_accuracy,floating_point_QDQ,156,156,0.10256410256410256,0.10256410256410256,2.9028342984247155,1.0620664757519944,0.30927847025971755,0.4118425728238202,,0.3500443575779671,0.8782051282051282,0.4230769230769231,0.03205128205128205,0.0,0.0,0.0,28.74546262063086
optimization-20261004,kev9-w4a4-full-v2,kev-9b,Kev,W4A4,mmlu-pro,mmlu-pro,s1q-local,s1q-local,S1Qv1,complete,exploratory_optimization_r2,labeled_decision_accuracy,floating_point_QDQ,156,156,0.12179487179487179,0.12179487179487179,2.717201280703198,1.0050177882623266,0.23351050843782165,0.3553053802326934,,0.34713790474878276,0.8974358974358975,0.44871794871794873,0.07692307692307693,0.0,0.0,0.0,61.06861536204815
optimization-20261004,kev9-w4a4-full-v2,kev-9b,Kev,W4A4,mmlu-pro,mmlu-pro,s1q2-beta05,s1q2-beta05,S1Qv2,complete,exploratory_optimization_r2,labeled_decision_accuracy,floating_point_QDQ,156,156,0.09615384615384616,0.09615384615384616,2.8923512088231758,1.0274007292758514,0.2541547605739453,0.34706469436710585,,0.3430693846740263,0.8333333333333334,0.42948717948717946,0.03205128205128205,0.00641025641025641,0.00641025641025641,0.00641025641025641,53.19969138875604
optimization-20261004,kev9-w4a4-full-v2,kev-9b,Kev,W4A4,mmlu-pro,mmlu-pro,awq-adapted,awq-adapted,AWQ*,complete,exploratory_optimization_r2,labeled_decision_accuracy,floating_point_QDQ,156,156,0.1346153846153846,0.1346153846153846,2.562131178895895,0.9497549787640278,0.16899596088116428,0.29729759222842644,,0.3257432830307773,0.8846153846153846,0.44871794871794873,0.08974358974358974,0.01282051282051282,0.01282051282051282,0.01282051282051282,68.01739251660183
optimization-20261004,kev9-w4a4-full-v2,kev-9b,Kev,W4A4,mmlu-pro,mmlu-pro,gptq-blockdiag-adapted,gptq-blockdiag-adapted,GPTQ-block*,complete,exploratory_optimization_r2,labeled_decision_accuracy,floating_point_QDQ,156,156,0.1346153846153846,0.1346153846153846,2.942554309775886,1.0399742421995954,0.2618552214317473,0.3944747259828148,,0.3572867743645983,0.8782051282051282,0.4358974358974359,0.07692307692307693,0.0,0.0,0.0,258.8476999280974
optimization-20261004,kev9-w4a4-full-v2,kev-9b,Kev,W4A4,mmlu-pro,mmlu-pro,s1q-joint,s1q-joint,S1Q-Joint,complete,exploratory_optimization_r2,labeled_decision_accuracy,floating_point_QDQ,156,156,0.14102564102564102,0.14102564102564102,2.459990334842456,0.9740230443122351,0.23739164850948094,0.32758800213883577,,0.29305437610556967,0.8141025641025641,0.4166666666666667,0.0641025641025641,0.0,0.0,0.0,111.21433613169938
optimization-20261004,kev9-w4a4-full-v2,kev-9b,Kev,W4A4,mmlu-pro,mmlu-pro,s1q-ac,s1q-ac,S1Q-AC,complete,exploratory_optimization_r2,labeled_decision_accuracy,floating_point_QDQ,156,156,0.14102564102564102,0.14102564102564102,2.335852220278931,0.9352684539072447,0.20103218483670068,0.3420578258623417,,0.2759981504220105,0.8461538461538461,0.4166666666666667,0.0641025641025641,0.0,0.0,0.0,188.22831445466727
optimization-20261004,kev9-w4a4-full-v2,kev-9b,Kev,W4A4,mmlu-pro,mmlu-pro,s1q-margin,s1q-margin,S1Q-Margin,complete,exploratory_optimization_r2,labeled_decision_accuracy,floating_point_QDQ,156,156,0.1987179487179487,0.1987179487179487,2.424394209908605,0.9338409657812883,0.16591659223999894,0.36231507154350395,,0.29082404585485083,0.8141025641025641,0.3782051282051282,0.08333333333333333,0.01282051282051282,0.01282051282051282,0.01282051282051282,66.19258960243315
optimization-20261004,kev9-w4a4-full-v2,kev-9b,Kev,W4A4,mmlu-pro,mmlu-pro,s1q,s1q-mac,S1Q (current),complete,exploratory_optimization_r2,labeled_decision_accuracy,floating_point_QDQ,156,156,0.14102564102564102,0.14102564102564102,2.431229659930444,0.9442059709725242,0.23507643797573013,0.3741835106542285,,0.25861495583205707,0.7692307692307693,0.391025641025641,0.038461538461538464,0.00641025641025641,0.00641025641025641,0.00641025641025641,170.85615557106212
optimization-20261004,kev9-w4a4-full-v2,kev-9b,Kev,W4A4,mmlu-pro,mmlu-pro,awq-ac,awq-ac,awq-ac,complete,exploratory_optimization_r2,labeled_decision_accuracy,floating_point_QDQ,156,156,0.17307692307692307,0.17307692307692307,2.3596130010898855,0.9338504267255584,0.2193056581528991,0.39040893832592655,,0.2642170435639566,0.7692307692307693,0.3525641025641026,0.03205128205128205,0.02564102564102564,0.02564102564102564,0.02564102564102564,285.05022915499285
optimization-20261004,kev9-w4a4-full-v2,kev-9b,Kev,W4A4,mmlu-pro,mmlu-pro,awq-mac,awq-mac,awq-mac,complete,exploratory_optimization_r2,labeled_decision_accuracy,floating_point_QDQ,156,156,0.1794871794871795,0.1794871794871795,2.439255050892623,0.9740825091740948,0.22506021530171502,0.39138914072578995,,0.2862916349914249,0.8333333333333334,0.3974358974358974,0.08333333333333333,0.00641025641025641,0.00641025641025641,0.00641025641025641,270.70352872181684
optimization-20261004,kev9-w4a4-full-v2,kev-9b,Kev,W4A4,mmlu-pro,mmlu-pro,gptq-ac,gptq-ac,gptq-ac,complete,exploratory_optimization_r2,labeled_decision_accuracy,floating_point_QDQ,156,156,0.09615384615384616,0.09615384615384616,2.3832106674283864,0.9291900731948554,0.12115200755063663,0.21682567512982273,,0.2961023683626881,0.8653846153846154,0.4230769230769231,0.02564102564102564,0.0,0.0,0.0,294.91266797296703
optimization-20261004,kev9-w4a4-full-v2,kev-9b,Kev,W4A4,mmlu-pro,mmlu-pro,gptq-mac,gptq-mac,gptq-mac,complete,exploratory_optimization_r2,labeled_decision_accuracy,floating_point_QDQ,156,156,0.10897435897435898,0.10897435897435898,2.540180212937105,0.9472334250446597,0.1363703711947564,0.24534473016911534,,0.3117025710897205,0.8910256410256411,0.4358974358974359,0.05128205128205128,0.0,0.0,0.0,361.10993851488456
optimization-20261004,kev9-w4a4-full-v2,kev-9b,Kev,W4A4,mmlu-pro,mmlu-pro,s1q-ac-repair,s1q-ac-repair,s1q-ac-repair,complete,exploratory_optimization_r2,labeled_decision_accuracy,floating_point_QDQ,156,156,0.19230769230769232,0.19230769230769232,2.292379051313187,0.9054847406494559,0.1808808306118892,0.35620797694157774,,0.2511861997677693,0.7756410256410257,0.36538461538461536,0.0641025641025641,0.019230769230769232,0.019230769230769232,0.019230769230769232,259.2056096661836
optimization-20261004,kev9-w4a4-full-v2,kev-9b,Kev,W4A4,wanli,wanli,native,native,Native,complete,exploratory_optimization_r2,labeled_decision_accuracy,floating_point_native,256,256,0.7421875,0.7421875,1.5076953136480111,0.4824951104236347,0.22368775201305774,0.9481013132764179,,,,,,0.01171875,0.01171875,0.01171875,
optimization-20261004,kev9-w4a4-full-v2,kev-9b,Kev,W4A4,wanli,wanli,rtn,rtn,RTN,complete,exploratory_optimization_r2,labeled_decision_accuracy,floating_point_QDQ,256,256,0.3359375,0.3359375,1.5599384531595866,0.884570572562019,0.3225337265089688,0.6556774395899709,,0.3165570131318766,0.65625,0.48046875,0.07421875,0.0,0.0,0.0,28.74546262063086
optimization-20261004,kev9-w4a4-full-v2,kev-9b,Kev,W4A4,wanli,wanli,s1q-local,s1q-local,S1Qv1,complete,exploratory_optimization_r2,labeled_decision_accuracy,floating_point_QDQ,256,256,0.3203125,0.3203125,1.538304827280982,0.8582224739743185,0.3069267974586669,0.6272392974586669,,0.3110656084886004,0.6484375,0.4921875,0.0703125,0.0,0.0,0.0,61.06861536204815
optimization-20261004,kev9-w4a4-full-v2,kev-9b,Kev,W4A4,wanli,wanli,s1q2-beta05,s1q2-beta05,S1Qv2,complete,exploratory_optimization_r2,labeled_decision_accuracy,floating_point_QDQ,256,256,0.3125,0.3125,1.5646468839943979,0.8761595066889126,0.3299853257646303,0.6424853257646304,,0.3057726866337493,0.671875,0.49609375,0.06640625,0.0,0.0,0.0,53.19969138875604
optimization-20261004,kev9-w4a4-full-v2,kev-9b,Kev,W4A4,wanli,wanli,awq-adapted,awq-adapted,AWQ*,complete,exploratory_optimization_r2,labeled_decision_accuracy,floating_point_QDQ,256,256,0.30859375,0.30859375,1.5001893322342568,0.8634913939948492,0.29472306672155546,0.6033168167215555,,0.3060547994182573,0.6796875,0.5234375,0.08984375,0.0,0.0,0.0,68.01739251660183
optimization-20261004,kev9-w4a4-full-v2,kev-9b,Kev,W4A4,wanli,wanli,gptq-blockdiag-adapted,gptq-blockdiag-adapted,GPTQ-block*,complete,exploratory_optimization_r2,labeled_decision_accuracy,floating_point_QDQ,256,256,0.32421875,0.32421875,1.5756754172113587,0.8820962172240814,0.31981452480233824,0.6440332748023382,,0.3221388350938921,0.6796875,0.5078125,0.08984375,0.0,0.0,0.0,258.8476999280974
optimization-20261004,kev9-w4a4-full-v2,kev-9b,Kev,W4A4,wanli,wanli,s1q-joint,s1q-joint,S1Q-Joint,complete,exploratory_optimization_r2,labeled_decision_accuracy,floating_point_QDQ,256,256,0.48828125,0.48828125,1.1717281632878989,0.6758165917339052,0.1943939097700875,0.6826751597700875,,0.20612993051027445,0.453125,0.3359375,0.08203125,0.00390625,0.00390625,0.00390625,111.21433613169938
optimization-20261004,kev9-w4a4-full-v2,kev-9b,Kev,W4A4,wanli,wanli,s1q-ac,s1q-ac,S1Q-AC,complete,exploratory_optimization_r2,labeled_decision_accuracy,floating_point_QDQ,256,256,0.515625,0.515625,1.1941923024578995,0.6761298096369243,0.19106959493102757,0.6977896818444675,,0.17924867021103683,0.34375,0.27734375,0.05078125,0.0,0.0,0.0,188.22831445466727
optimization-20261004,kev9-w4a4-full-v2,kev-9b,Kev,W4A4,wanli,wanli,s1q-margin,s1q-margin,S1Q-Margin,complete,exploratory_optimization_r2,labeled_decision_accuracy,floating_point_QDQ,256,256,0.484375,0.484375,1.2146042765889757,0.6860984632706764,0.19114065021017676,0.6755156502101768,,0.21098018815328418,0.44140625,0.33203125,0.07421875,0.00390625,0.00390625,0.00390625,66.19258960243315
optimization-20261004,kev9-w4a4-full-v2,kev-9b,Kev,W4A4,wanli,wanli,s1q,s1q-mac,S1Q (current),complete,exploratory_optimization_r2,labeled_decision_accuracy,floating_point_QDQ,256,256,0.58984375,0.58984375,1.0304472611550024,0.588978944439574,0.11590083572019175,0.6990295030067533,,0.17109866870542284,0.3046875,0.21875,0.06640625,0.0078125,0.0078125,0.0078125,170.85615557106212
optimization-20261004,kev9-w4a4-full-v2,kev-9b,Kev,W4A4,wanli,wanli,awq-ac,awq-ac,awq-ac,complete,exploratory_optimization_r2,labeled_decision_accuracy,floating_point_QDQ,256,256,0.546875,0.546875,1.1310943413102041,0.6326694180037529,0.16717745241996512,0.7072024768525969,,0.17306058699413462,0.34375,0.25390625,0.05859375,0.0,0.0,0.0,285.05022915499285
optimization-20261004,kev9-w4a4-full-v2,kev-9b,Kev,W4A4,wanli,wanli,awq-mac,awq-mac,awq-mac,complete,exploratory_optimization_r2,labeled_decision_accuracy,floating_point_QDQ,256,256,0.48046875,0.48046875,1.2000355911084355,0.6792929923398978,0.2072941582863354,0.6863901861397899,,0.19756963087002463,0.42578125,0.328125,0.06640625,0.00390625,0.00390625,0.00390625,270.70352872181684
optimization-20261004,kev9-w4a4-full-v2,kev-9b,Kev,W4A4,wanli,wanli,gptq-ac,gptq-ac,gptq-ac,complete,exploratory_optimization_r2,labeled_decision_accuracy,floating_point_QDQ,256,256,0.3046875,0.3046875,1.2188363222888894,0.7406114633064882,0.19901677387455186,0.48488131825140324,,0.29386925885749826,0.6875,0.51171875,0.07421875,0.0,0.0,0.0,294.91266797296703
optimization-20261004,kev9-w4a4-full-v2,kev-9b,Kev,W4A4,wanli,wanli,gptq-mac,gptq-mac,gptq-mac,complete,exploratory_optimization_r2,labeled_decision_accuracy,floating_point_QDQ,256,256,0.3203125,0.3203125,1.3200640276687512,0.7997878054566672,0.2520891530430986,0.5724016530430986,,0.3095633198535434,0.73828125,0.515625,0.09375,0.00390625,0.00390625,0.00390625,361.10993851488456
optimization-20261004,kev9-w4a4-full-v2,kev-9b,Kev,W4A4,wanli,wanli,s1q-ac-repair,s1q-ac-repair,s1q-ac-repair,complete,exploratory_optimization_r2,labeled_decision_accuracy,floating_point_QDQ,256,256,0.53515625,0.53515625,1.1785144280342097,0.6638163707505008,0.21909015586513275,0.746556817595943,,0.16068425553769022,0.32421875,0.2578125,0.05078125,0.0078125,0.0078125,0.0078125,259.2056096661836
optimization-20261004,laya-w4a4-full-v2,laya,Laya,W4A4,development,development,native,native,Native,complete,exploratory_optimization_r2,labeled_decision_accuracy,floating_point_native,311,184,0.6559485530546624,0.6508672248803827,1.4848265411016273,0.5106004364451133,0.1949127519385193,0.8446844904419392,1.1136855508552188,,,,,0.08038585209003216,0.08360128617363344,0.08681672025723473,
optimization-20261004,laya-w4a4-full-v2,laya,Laya,W4A4,development,development,rtn,rtn,RTN,complete,exploratory_optimization_r2,labeled_decision_accuracy,floating_point_QDQ,311,184,0.5016077170418006,0.47328548644338125,1.4197667052951708,0.7072850797136727,0.24276844845826798,0.7443761655000687,1.589319049792826,0.1462882542345701,0.43729903536977494,0.26366559485530544,0.10932475884244373,0.012861736334405145,0.012861736334405145,0.012861736334405145,1.2461298909038305
optimization-20261004,laya-w4a4-full-v2,laya,Laya,W4A4,development,development,s1q-local,s1q-local,S1Qv1,complete,exploratory_optimization_r2,labeled_decision_accuracy,floating_point_QDQ,311,184,0.5755627009646302,0.5727272727272728,1.6507779532203757,0.6241450271147139,0.23049030268930593,0.8060530036539361,1.4705466176047743,0.10646649976046806,0.3665594855305466,0.19614147909967847,0.1157556270096463,0.01929260450160772,0.01929260450160772,0.01929260450160772,1.0689712753519416
optimization-20261004,laya-w4a4-full-v2,laya,Laya,W4A4,development,development,s1q2-beta05,s1q2-beta05,S1Qv2,complete,exploratory_optimization_r2,labeled_decision_accuracy,floating_point_QDQ,311,184,0.5594855305466238,0.5430688463583201,1.5554869329756216,0.6638968134893954,0.25142675211378396,0.8063964435372185,1.5511496880224358,0.10871196269706819,0.3408360128617363,0.19292604501607716,0.09646302250803858,0.03215434083601286,0.03215434083601286,0.03858520900321544,1.095637718681246
optimization-20261004,laya-w4a4-full-v2,laya,Laya,W4A4,development,development,awq-adapted,awq-adapted,AWQ*,complete,exploratory_optimization_r2,labeled_decision_accuracy,floating_point_QDQ,311,184,0.5369774919614148,0.5111244019138756,1.7794989122256484,0.676124739322024,0.2714064847816957,0.8083839767431105,1.4864949881364764,0.12413786870242165,0.34726688102893893,0.21221864951768488,0.0932475884244373,0.006430868167202572,0.006430868167202572,0.006430868167202572,1.335010346956551
optimization-20261004,laya-w4a4-full-v2,laya,Laya,W4A4,development,development,gptq-blockdiag-adapted,gptq-blockdiag-adapted,GPTQ-block*,complete,exploratory_optimization_r2,labeled_decision_accuracy,floating_point_QDQ,311,184,0.5016077170418006,0.4853934077618289,1.2534784626803186,0.6660142674481699,0.2072159524729701,0.7066918639651667,1.4501803907172781,0.14406557784745236,0.4565916398713826,0.27009646302250806,0.1157556270096463,0.02572347266881029,0.02572347266881029,0.03536977491961415,11.108781610615551
optimization-20261004,laya-w4a4-full-v2,laya,Laya,W4A4,development,development,spinquant-nohad-adapted,spinquant-nohad-adapted,SpinQuant no-Had*,complete,exploratory_optimization_r2,labeled_decision_accuracy,floating_point_QDQ,311,184,0.572347266881029,0.5560705741626794,1.3641538530076136,0.6162850800163703,0.21133865721326753,0.7776700968278627,1.2702131088598414,0.07727857032150562,0.26688102893890675,0.15434083601286175,0.0707395498392283,0.03215434083601286,0.03215434083601286,0.04501607717041801,3.790283744689077
optimization-20261004,laya-w4a4-full-v2,laya,Laya,W4A4,development,development,spinquant-had-adapted,spinquant-had-adapted,SpinQuant Had*,complete,exploratory_optimization_r2,labeled_decision_accuracy,floating_point_QDQ,311,184,0.639871382636656,0.6472820308346624,1.3736431805374423,0.5405080524265913,0.19084938231509763,0.7972070333564476,1.0693931387937998,0.05771013043839932,0.22508038585209003,0.10932475884244373,0.0932475884244373,0.022508038585209004,0.022508038585209004,0.03215434083601286,3.744227583054453
optimization-20261004,laya-w4a4-full-v2,laya,Laya,W4A4,development,development,s1q-joint,s1q-joint,S1Q-Joint,complete,exploratory_optimization_r2,labeled_decision_accuracy,floating_point_QDQ,311,184,0.5755627009646302,0.543969298245614,1.5117440828715494,0.6653837080110013,0.2530863795397029,0.8269083060894251,1.4037477783607388,0.10391039863995169,0.33440514469453375,0.1832797427652733,0.10289389067524116,0.04823151125401929,0.0707395498392283,0.07717041800643087,2.5880038919858634
optimization-20261004,laya-w4a4-full-v2,laya,Laya,W4A4,development,development,s1q-ac,s1q-ac,S1Q-AC,complete,exploratory_optimization_r2,labeled_decision_accuracy,floating_point_QDQ,311,184,0.5916398713826366,0.5898856990962253,1.3595464671183854,0.6297664464197804,0.2288474717799045,0.8005248789720086,1.3630387380848565,0.08663552214228977,0.3086816720257235,0.16720257234726688,0.10289389067524116,0.04180064308681672,0.04180064308681672,0.1157556270096463,5.610643292311579
optimization-20261004,laya-w4a4-full-v2,laya,Laya,W4A4,development,development,s1q-margin,s1q-margin,S1Q-Margin,complete,exploratory_optimization_r2,labeled_decision_accuracy,floating_point_QDQ,311,184,0.5691318327974276,0.5588749335459862,1.5684738534208045,0.6537189737436757,0.2641843000886164,0.8310109362290137,1.3278457537533965,0.09551807448181562,0.2958199356913183,0.16720257234726688,0.08038585209003216,0.01607717041800643,0.01607717041800643,0.06430868167202572,2.6321144099347293
optimization-20261004,laya-w4a4-full-v2,laya,Laya,W4A4,development,development,s1q,s1q-mac,S1Q (current),complete,exploratory_optimization_r2,labeled_decision_accuracy,floating_point_QDQ,311,184,0.5980707395498392,0.5856027379053694,1.3088170027890076,0.6073677727594075,0.23646209721767958,0.8278208285867371,1.2431664763758297,0.09456534061550957,0.31189710610932475,0.16720257234726688,0.10932475884244373,0.06752411575562701,0.07395498392282958,0.09967845659163987,5.404188271146268
optimization-20261004,laya-w4a4-full-v2,laya,Laya,W4A4,development,development,awq-ac,awq-ac,awq-ac,complete,exploratory_optimization_r2,labeled_decision_accuracy,floating_point_QDQ,311,184,0.5659163987138264,0.5486675970228602,1.3690511040605493,0.6191720987414827,0.24059804061654025,0.7968848631352248,1.1848366476854206,0.08285933219584415,0.2829581993569132,0.16720257234726688,0.07717041800643087,0.022508038585209004,0.022508038585209004,0.06430868167202572,8.44328735768795
optimization-20261004,laya-w4a4-full-v2,laya,Laya,W4A4,development,development,awq-mac,awq-mac,awq-mac,complete,exploratory_optimization_r2,labeled_decision_accuracy,floating_point_QDQ,311,184,0.6141479099678456,0.614058346624136,1.265626477847245,0.5672076268271815,0.18384803435040095,0.7955118214469091,1.2245960319132316,0.08012697699713213,0.2829581993569132,0.1414790996784566,0.09967845659163987,0.04823151125401929,0.04823151125401929,0.15434083601286175,45.11212930176407
optimization-20261004,laya-w4a4-full-v2,laya,Laya,W4A4,development,development,gptq-ac,gptq-ac,gptq-ac,complete,exploratory_optimization_r2,labeled_decision_accuracy,floating_point_QDQ,311,184,0.4662379421221865,0.4445773524720893,1.136910401164718,0.6291685288914894,0.17225681301026508,0.6384947551324515,1.2938886778053071,0.13541619889668685,0.45016077170418006,0.2861736334405145,0.09646302250803858,0.006430868167202572,0.006430868167202572,0.03215434083601286,43.29734839685261
optimization-20261004,laya-w4a4-full-v2,laya,Laya,W4A4,development,development,gptq-mac,gptq-mac,gptq-mac,complete,exploratory_optimization_r2,labeled_decision_accuracy,floating_point_QDQ,311,184,0.5305466237942122,0.523524720893142,1.1791939909026135,0.6138889677100221,0.1365217234278108,0.664937592348774,1.4267637927996584,0.141710158272305,0.4565916398713826,0.2540192926045016,0.12861736334405144,0.0,0.0,0.0,22.87554721115157
optimization-20261004,laya-w4a4-full-v2,laya,Laya,W4A4,development,development,spinquant-nohad-mac,spinquant-nohad-mac,spinquant-nohad-mac,complete,exploratory_optimization_r2,labeled_decision_accuracy,floating_point_QDQ,311,184,0.5916398713826366,0.5661715842636895,1.3926893182172873,0.5850343590923874,0.2183341986025047,0.7885556330506285,1.2560642091598984,0.07220690942717638,0.26688102893890675,0.15112540192926044,0.08681672025723473,0.02572347266881029,0.02572347266881029,0.02572347266881029,5.710103484336287
optimization-20261004,laya-w4a4-full-v2,laya,Laya,W4A4,development,development,spinquant-had-mac,spinquant-had-mac,spinquant-had-mac,complete,exploratory_optimization_r2,labeled_decision_accuracy,floating_point_QDQ,311,184,0.6302250803858521,0.5796683944710261,1.5105557078749579,0.5573723713946258,0.1916289589424429,0.7922481854052708,1.1526397885490753,0.055636572222772185,0.21864951768488747,0.10289389067524116,0.07717041800643087,0.00964630225080386,0.00964630225080386,0.00964630225080386,6.239028302021325
optimization-20261004,laya-w4a4-full-v2,laya,Laya,W4A4,development,development,s1q-ac-repair,s1q-ac-repair,s1q-ac-repair,complete,exploratory_optimization_r2,labeled_decision_accuracy,floating_point_QDQ,311,184,0.594855305466238,0.592165071770335,1.3298586424956516,0.5620266197963825,0.18367436471528217,0.7665939898441936,1.2995083440686408,0.07654805246999641,0.2861736334405145,0.15112540192926044,0.09003215434083602,0.03858520900321544,0.03858520900321544,0.04180064308681672,106.53635681513697
optimization-20261004,laya-w4a4-full-v2,laya,Laya,W4A4,development,development,awq-ac-repair,awq-ac-repair,awq-ac-repair,complete,exploratory_optimization_r2,labeled_decision_accuracy,floating_point_QDQ,311,184,0.5659163987138264,0.5682881446039341,1.2905986817718458,0.6069267108212085,0.199805902178084,0.7657223008919104,1.2323066286805262,0.0828846704837785,0.2797427652733119,0.1607717041800643,0.0707395498392283,0.03536977491961415,0.03536977491961415,0.06430868167202572,148.9509932748042
optimization-20261004,laya-w4a4-full-v2,laya,Laya,W4A4,development,development,gptq-ac-repair,gptq-ac-repair,gptq-ac-repair,complete,exploratory_optimization_r2,labeled_decision_accuracy,floating_point_QDQ,311,184,0.5048231511254019,0.5206771664008506,1.143009785353452,0.6038844545215519,0.1221047397197633,0.6259312916163448,1.326777185061661,0.13331043997209915,0.4790996784565916,0.28938906752411575,0.1382636655948553,0.0,0.0,0.0,75.62755600176752
optimization-20261004,laya-w4a4-full-v2,laya,Laya,W4A4,development,development,s1q2-beta05-repair,s1q2-beta05-repair,s1q2-beta05-repair,complete,exploratory_optimization_r2,labeled_decision_accuracy,floating_point_QDQ,311,184,0.5466237942122186,0.5072534556087187,1.2089531298244731,0.582836626738343,0.17525311241303293,0.7218769066252516,1.3059278263663254,0.08347811973486545,0.31511254019292606,0.19292604501607716,0.08360128617363344,0.02572347266881029,0.06752411575562701,0.0707395498392283,10.935916467104107
optimization-20261004,laya-w4a4-full-v2,laya,Laya,W4A4,development,development,spinquant-nohad-adapted-repair,spinquant-nohad-adapted-repair,spinquant-nohad-adapted-repair,complete,exploratory_optimization_r2,labeled_decision_accuracy,floating_point_QDQ,311,184,0.572347266881029,0.5316387559808612,1.3174576727185274,0.5859856900235696,0.18386761028880766,0.7562148771698366,1.0964264387179279,0.07042846114375187,0.2540192926045016,0.15112540192926044,0.06752411575562701,0.03536977491961415,0.03536977491961415,0.04180064308681672,15.222039924003184
optimization-20261004,laya-w4a4-full-v2,laya,Laya,W4A4,development,development,spinquant-had-adapted-repair,spinquant-had-adapted-repair,spinquant-had-adapted-repair,complete,exploratory_optimization_r2,labeled_decision_accuracy,floating_point_QDQ,311,184,0.6334405144694534,0.6014354066985645,1.532637144913166,0.5387113582710683,0.1779991034400249,0.7819575211330239,1.1201820831375997,0.05052793072602926,0.2347266881028939,0.1157556270096463,0.0932475884244373,0.006430868167202572,0.006430868167202572,0.006430868167202572,13.099021857138723
optimization-20261004,laya-w4a4-full-v2,laya,Laya,W4A4,mmlu-pro,mmlu-pro,native,native,Native,complete,exploratory_optimization_r2,labeled_decision_accuracy,floating_point_native,156,156,0.12179487179487179,0.12179487179487179,2.6145098666571913,1.0235171335538176,0.24591067062282987,0.3565441788382627,,,,,,0.0,0.0,0.0,
optimization-20261004,laya-w4a4-full-v2,laya,Laya,W4A4,mmlu-pro,mmlu-pro,rtn,rtn,RTN,complete,exploratory_optimization_r2,labeled_decision_accuracy,floating_point_QDQ,156,156,0.07692307692307693,0.07692307692307693,2.427577320838124,0.9322106699817159,0.15381316529855235,0.2238832934212604,,0.09246024988748512,0.782051282051282,0.10256410256410256,0.057692307692307696,0.00641025641025641,0.00641025641025641,0.00641025641025641,1.2461298909038305
optimization-20261004,laya-w4a4-full-v2,laya,Laya,W4A4,mmlu-pro,mmlu-pro,s1q-local,s1q-local,S1Qv1,complete,exploratory_optimization_r2,labeled_decision_accuracy,floating_point_QDQ,156,156,0.10897435897435898,0.10897435897435898,2.455142461840003,0.9540864278871612,0.17491679847708327,0.2821419922899634,,0.08556772018500286,0.6730769230769231,0.08333333333333333,0.07051282051282051,0.00641025641025641,0.00641025641025641,0.00641025641025641,1.0689712753519416
optimization-20261004,laya-w4a4-full-v2,laya,Laya,W4A4,mmlu-pro,mmlu-pro,s1q2-beta05,s1q2-beta05,S1Qv2,complete,exploratory_optimization_r2,labeled_decision_accuracy,floating_point_QDQ,156,156,0.10256410256410256,0.10256410256410256,2.5187822247503076,0.9549182952901065,0.15332026961388062,0.25588437217798315,,0.09093637617338883,0.7307692307692307,0.08333333333333333,0.0641025641025641,0.0,0.0,0.0,1.095637718681246
optimization-20261004,laya-w4a4-full-v2,laya,Laya,W4A4,mmlu-pro,mmlu-pro,awq-adapted,awq-adapted,AWQ*,complete,exploratory_optimization_r2,labeled_decision_accuracy,floating_point_QDQ,156,156,0.16025641025641027,0.16025641025641027,2.3823552737636793,0.9369510893080888,0.10956291858353091,0.2522929202352162,,0.08691925105601107,0.6858974358974359,0.07051282051282051,0.10897435897435898,0.0,0.0,0.0,1.335010346956551
optimization-20261004,laya-w4a4-full-v2,laya,Laya,W4A4,mmlu-pro,mmlu-pro,gptq-blockdiag-adapted,gptq-blockdiag-adapted,GPTQ-block*,complete,exploratory_optimization_r2,labeled_decision_accuracy,floating_point_QDQ,156,156,0.10897435897435898,0.10897435897435898,2.362090697541901,0.9227863616480649,0.10525693191233092,0.21423129088668993,,0.0971357221471749,0.8205128205128205,0.09615384615384616,0.08333333333333333,0.0,0.0,0.0,11.108781610615551
optimization-20261004,laya-w4a4-full-v2,laya,Laya,W4A4,mmlu-pro,mmlu-pro,spinquant-nohad-adapted,spinquant-nohad-adapted,SpinQuant no-Had*,complete,exploratory_optimization_r2,labeled_decision_accuracy,floating_point_QDQ,156,156,0.08974358974358974,0.08974358974358974,2.496293996971957,0.9656397808530951,0.18447978237696003,0.27422337212054976,,0.0691922391423562,0.6217948717948718,0.07692307692307693,0.04487179487179487,0.0,0.0,0.0,3.790283744689077
optimization-20261004,laya-w4a4-full-v2,laya,Laya,W4A4,mmlu-pro,mmlu-pro,spinquant-had-adapted,spinquant-had-adapted,SpinQuant Had*,complete,exploratory_optimization_r2,labeled_decision_accuracy,floating_point_QDQ,156,156,0.11538461538461539,0.11538461538461539,2.5528335200562444,0.9923418685901871,0.20012906483359116,0.31551368021820647,,0.056064165373063024,0.6474358974358975,0.09615384615384616,0.08974358974358974,0.0,0.0,0.0,3.744227583054453
optimization-20261004,laya-w4a4-full-v2,laya,Laya,W4A4,mmlu-pro,mmlu-pro,s1q-joint,s1q-joint,S1Q-Joint,complete,exploratory_optimization_r2,labeled_decision_accuracy,floating_point_QDQ,156,156,0.07692307692307693,0.07692307692307693,2.5388977248901043,0.9698056990419625,0.2199601914693879,0.2968832683924648,,0.08727614603763319,0.6666666666666666,0.08974358974358974,0.04487179487179487,0.0,0.0,0.0,2.5880038919858634
optimization-20261004,laya-w4a4-full-v2,laya,Laya,W4A4,mmlu-pro,mmlu-pro,s1q-ac,s1q-ac,S1Q-AC,complete,exploratory_optimization_r2,labeled_decision_accuracy,floating_point_QDQ,156,156,0.1282051282051282,0.1282051282051282,2.445225142129864,0.9571454883783886,0.15791676759579396,0.27835964233345156,,0.07999145523274291,0.6923076923076923,0.10256410256410256,0.10897435897435898,0.0,0.0,0.0,5.610643292311579
optimization-20261004,laya-w4a4-full-v2,laya,Laya,W4A4,mmlu-pro,mmlu-pro,s1q-margin,s1q-margin,S1Q-Margin,complete,exploratory_optimization_r2,labeled_decision_accuracy,floating_point_QDQ,156,156,0.11538461538461539,0.11538461538461539,2.5064392746197215,0.977305714584433,0.18415001270456458,0.2960451290527864,,0.0756785555874893,0.6410256410256411,0.08974358974358974,0.08333333333333333,0.0,0.0,0.0,2.6321144099347293
optimization-20261004,laya-w4a4-full-v2,laya,Laya,W4A4,mmlu-pro,mmlu-pro,s1q,s1q-mac,S1Q (current),complete,exploratory_optimization_r2,labeled_decision_accuracy,floating_point_QDQ,156,156,0.14102564102564102,0.14102564102564102,2.4070811373455228,0.9421440786437483,0.157264647884351,0.298290288909992,,0.08254707562844502,0.6410256410256411,0.07692307692307693,0.09615384615384616,0.0,0.0,0.0,5.404188271146268
optimization-20261004,laya-w4a4-full-v2,laya,Laya,W4A4,mmlu-pro,mmlu-pro,awq-ac,awq-ac,awq-ac,complete,exploratory_optimization_r2,labeled_decision_accuracy,floating_point_QDQ,156,156,0.09615384615384616,0.09615384615384616,2.4036484058722625,0.9483933195555877,0.16237826750266154,0.2581668215653411,,0.0824043035402487,0.717948717948718,0.10897435897435898,0.08333333333333333,0.0,0.0,0.0,8.44328735768795
optimization-20261004,laya-w4a4-full-v2,laya,Laya,W4A4,mmlu-pro,mmlu-pro,awq-mac,awq-mac,awq-mac,complete,exploratory_optimization_r2,labeled_decision_accuracy,floating_point_QDQ,156,156,0.1346153846153846,0.1346153846153846,2.4528542468105945,0.9556732975384756,0.19847311425140163,0.2724222243073312,,0.07926505428596693,0.6858974358974359,0.08333333333333333,0.09615384615384616,0.0,0.0,0.0,45.11212930176407
optimization-20261004,laya-w4a4-full-v2,laya,Laya,W4A4,mmlu-pro,mmlu-pro,gptq-ac,gptq-ac,gptq-ac,complete,exploratory_optimization_r2,labeled_decision_accuracy,floating_point_QDQ,156,156,0.09615384615384616,0.09615384615384616,2.3044957016103127,0.9104385027487077,0.0882541865998778,0.1829434229431566,,0.09195270345396482,0.8012820512820513,0.10897435897435898,0.08333333333333333,0.0,0.0,0.0,43.29734839685261
optimization-20261004,laya-w4a4-full-v2,laya,Laya,W4A4,mmlu-pro,mmlu-pro,gptq-mac,gptq-mac,gptq-mac,complete,exploratory_optimization_r2,labeled_decision_accuracy,floating_point_QDQ,156,156,0.11538461538461539,0.11538461538461539,2.3480133582905025,0.9130179377828622,0.09151584447066834,0.19422343067783396,,0.09089707604697261,0.8141025641025641,0.08974358974358974,0.08333333333333333,0.0,0.0,0.0,22.87554721115157
optimization-20261004,laya-w4a4-full-v2,laya,Laya,W4A4,mmlu-pro,mmlu-pro,spinquant-nohad-mac,spinquant-nohad-mac,spinquant-nohad-mac,complete,exploratory_optimization_r2,labeled_decision_accuracy,floating_point_QDQ,156,156,0.10256410256410256,0.10256410256410256,2.509205087725895,0.9613707746546382,0.17893343848579432,0.2814975410498968,,0.06307503521778737,0.5384615384615384,0.057692307692307696,0.038461538461538464,0.0,0.0,0.0,5.710103484336287
optimization-20261004,laya-w4a4-full-v2,laya,Laya,W4A4,mmlu-pro,mmlu-pro,spinquant-had-mac,spinquant-had-mac,spinquant-had-mac,complete,exploratory_optimization_r2,labeled_decision_accuracy,floating_point_QDQ,156,156,0.08974358974358974,0.08974358974358974,2.5332682584900668,0.9897102794952738,0.2276356654992787,0.3173792552428685,,0.05869428490428733,0.5128205128205128,0.07692307692307693,0.04487179487179487,0.0,0.0,0.0,6.239028302021325
optimization-20261004,laya-w4a4-full-v2,laya,Laya,W4A4,mmlu-pro,mmlu-pro,s1q-ac-repair,s1q-ac-repair,s1q-ac-repair,complete,exploratory_optimization_r2,labeled_decision_accuracy,floating_point_QDQ,156,156,0.11538461538461539,0.11538461538461539,2.3514836814944062,0.9299481183682544,0.1214717839814399,0.23685639936605532,,0.07809247519202102,0.7115384615384616,0.08974358974358974,0.08333333333333333,0.0,0.0,0.0,106.53635681513697
optimization-20261004,laya-w4a4-full-v2,laya,Laya,W4A4,mmlu-pro,mmlu-pro,awq-ac-repair,awq-ac-repair,awq-ac-repair,complete,exploratory_optimization_r2,labeled_decision_accuracy,floating_point_QDQ,156,156,0.14102564102564102,0.14102564102564102,2.3116851375766325,0.9193313567998868,0.10416762726714836,0.237496572570951,,0.08010800797127231,0.7564102564102564,0.08333333333333333,0.10256410256410256,0.0,0.0,0.0,148.9509932748042
optimization-20261004,laya-w4a4-full-v2,laya,Laya,W4A4,mmlu-pro,mmlu-pro,gptq-ac-repair,gptq-ac-repair,gptq-ac-repair,complete,exploratory_optimization_r2,labeled_decision_accuracy,floating_point_QDQ,156,156,0.10256410256410256,0.10256410256410256,2.2971739268077034,0.9078592209620928,0.08270532573556785,0.1806032733919716,,0.09779808263047067,0.8397435897435898,0.11538461538461539,0.09615384615384616,0.0,0.0,0.0,75.62755600176752
optimization-20261004,laya-w4a4-full-v2,laya,Laya,W4A4,mmlu-pro,mmlu-pro,s1q2-beta05-repair,s1q2-beta05-repair,s1q2-beta05-repair,complete,exploratory_optimization_r2,labeled_decision_accuracy,floating_point_QDQ,156,156,0.1282051282051282,0.1282051282051282,2.4104607335295656,0.9339639342792163,0.103463522497454,0.23166865070258225,,0.08025228036850929,0.6602564102564102,0.04487179487179487,0.05128205128205128,0.0,0.0,0.0,10.935916467104107
optimization-20261004,laya-w4a4-full-v2,laya,Laya,W4A4,mmlu-pro,mmlu-pro,spinquant-nohad-adapted-repair,spinquant-nohad-adapted-repair,spinquant-nohad-adapted-repair,complete,exploratory_optimization_r2,labeled_decision_accuracy,floating_point_QDQ,156,156,0.08333333333333333,0.08333333333333333,2.3883370624696996,0.9327598343822668,0.1494034443145471,0.2327367776478804,,0.06889082134460733,0.6089743589743589,0.08974358974358974,0.05128205128205128,0.0,0.0,0.0,15.222039924003184
optimization-20261004,laya-w4a4-full-v2,laya,Laya,W4A4,mmlu-pro,mmlu-pro,spinquant-had-adapted-repair,spinquant-had-adapted-repair,spinquant-had-adapted-repair,complete,exploratory_optimization_r2,labeled_decision_accuracy,floating_point_QDQ,156,156,0.14102564102564102,0.14102564102564102,2.444338073078761,0.9493844087170223,0.1290635692240126,0.2700892102496536,,0.05847458033717583,0.5705128205128205,0.04487179487179487,0.0641025641025641,0.0,0.0,0.0,13.099021857138723
optimization-20261004,laya-w4a4-full-v2,laya,Laya,W4A4,wanli,wanli,native,native,Native,complete,exploratory_optimization_r2,labeled_decision_accuracy,floating_point_native,256,256,0.5546875,0.5546875,1.1828328899202645,0.6386260715690366,0.20224609283853107,0.756933592838531,,,,,,0.00390625,0.00390625,0.00390625,
optimization-20261004,laya-w4a4-full-v2,laya,Laya,W4A4,wanli,wanli,rtn,rtn,RTN,complete,exploratory_optimization_r2,labeled_decision_accuracy,floating_point_QDQ,256,256,0.38671875,0.38671875,1.2398317339727778,0.735850495267302,0.1745471531203735,0.5612659031203735,,0.1529984749160559,0.6328125,0.3359375,0.16796875,0.0,0.0,0.0,1.2461298909038305
optimization-20261004,laya-w4a4-full-v2,laya,Laya,W4A4,wanli,wanli,s1q-local,s1q-local,S1Qv1,complete,exploratory_optimization_r2,labeled_decision_accuracy,floating_point_QDQ,256,256,0.48046875,0.48046875,1.1610240849906468,0.6556475738517958,0.1704295955527267,0.6508983455527266,,0.10536071825373877,0.4296875,0.19921875,0.125,0.03125,0.03125,0.0390625,1.0689712753519416
optimization-20261004,laya-w4a4-full-v2,laya,Laya,W4A4,wanli,wanli,s1q2-beta05,s1q2-beta05,S1Qv2,complete,exploratory_optimization_r2,labeled_decision_accuracy,floating_point_QDQ,256,256,0.48828125,0.48828125,1.1340192565910245,0.6559426007895525,0.16834862293211697,0.6453227781816534,,0.10320653804290063,0.453125,0.2109375,0.14453125,0.0234375,0.0234375,0.0390625,1.095637718681246
optimization-20261004,laya-w4a4-full-v2,laya,Laya,W4A4,wanli,wanli,awq-adapted,awq-adapted,AWQ*,complete,exploratory_optimization_r2,labeled_decision_accuracy,floating_point_QDQ,256,256,0.48828125,0.48828125,1.0769661746099497,0.6314572111276355,0.14775598790344116,0.6296381062192526,,0.11911375227037607,0.48046875,0.234375,0.16796875,0.015625,0.015625,0.078125,1.335010346956551
optimization-20261004,laya-w4a4-full-v2,laya,Laya,W4A4,wanli,wanli,gptq-blockdiag-adapted,gptq-blockdiag-adapted,GPTQ-block*,complete,exploratory_optimization_r2,labeled_decision_accuracy,floating_point_QDQ,256,256,0.33984375,0.33984375,1.320028711619813,0.7792934250807472,0.22580109322967062,0.5656448432296706,,0.16985333418488774,0.6640625,0.35546875,0.140625,0.0,0.0,0.0,11.108781610615551
optimization-20261004,laya-w4a4-full-v2,laya,Laya,W4A4,wanli,wanli,spinquant-nohad-adapted,spinquant-nohad-adapted,SpinQuant no-Had*,complete,exploratory_optimization_r2,labeled_decision_accuracy,floating_point_QDQ,256,256,0.5390625,0.5390625,1.0591791831450235,0.6194424056805545,0.15472088681848228,0.6606647760964431,,0.08046900833966228,0.34375,0.15625,0.140625,0.00390625,0.00390625,0.00390625,3.790283744689077
optimization-20261004,laya-w4a4-full-v2,laya,Laya,W4A4,wanli,wanli,spinquant-had-adapted,spinquant-had-adapted,SpinQuant Had*,complete,exploratory_optimization_r2,labeled_decision_accuracy,floating_point_QDQ,256,256,0.5546875,0.5546875,1.0451134801768145,0.6021355920413695,0.12171316760563276,0.6690441324308732,,0.06476607124336202,0.3515625,0.140625,0.140625,0.01171875,0.01171875,0.01171875,3.744227583054453
optimization-20261004,laya-w4a4-full-v2,laya,Laya,W4A4,wanli,wanli,s1q-joint,s1q-joint,S1Q-Joint,complete,exploratory_optimization_r2,labeled_decision_accuracy,floating_point_QDQ,256,256,0.51953125,0.51953125,1.0995991560166813,0.6304604739835132,0.151366316002021,0.6630449508478965,,0.08720737090419418,0.36328125,0.171875,0.13671875,0.02734375,0.02734375,0.046875,2.5880038919858634
optimization-20261004,laya-w4a4-full-v2,laya,Laya,W4A4,wanli,wanli,s1q-ac,s1q-ac,S1Q-AC,complete,exploratory_optimization_r2,labeled_decision_accuracy,floating_point_QDQ,256,256,0.4921875,0.4921875,1.1426321839975193,0.6501889506553843,0.16185169002160613,0.654039190021606,,0.08391587539485172,0.33203125,0.1640625,0.1015625,0.0,0.0,0.0,5.610643292311579
optimization-20261004,laya-w4a4-full-v2,laya,Laya,W4A4,wanli,wanli,s1q-margin,s1q-margin,S1Q-Margin,complete,exploratory_optimization_r2,labeled_decision_accuracy,floating_point_QDQ,256,256,0.53125,0.53125,1.223221109097293,0.6737365656368808,0.1835032452349521,0.6965206363594426,,0.08865883949701911,0.328125,0.1484375,0.125,0.0,0.0,0.0,2.6321144099347293
optimization-20261004,laya-w4a4-full-v2,laya,Laya,W4A4,wanli,wanli,s1q,s1q-mac,S1Q (current),complete,exploratory_optimization_r2,labeled_decision_accuracy,floating_point_QDQ,256,256,0.4921875,0.4921875,1.1983792674114468,0.6741126577371493,0.1906797847961349,0.682867284796135,,0.09611824769872375,0.37890625,0.1875,0.125,0.0,0.0,0.0,5.404188271146268
optimization-20261004,laya-w4a4-full-v2,laya,Laya,W4A4,wanli,wanli,awq-ac,awq-ac,awq-ac,complete,exploratory_optimization_r2,labeled_decision_accuracy,floating_point_QDQ,256,256,0.50390625,0.50390625,1.1266035587666254,0.6536062204730111,0.17269259829984762,0.6395406834576798,,0.09412745296516915,0.41015625,0.1953125,0.14453125,0.01171875,0.01171875,0.01171875,8.44328735768795
optimization-20261004,laya-w4a4-full-v2,laya,Laya,W4A4,wanli,wanli,awq-mac,awq-mac,awq-mac,complete,exploratory_optimization_r2,labeled_decision_accuracy,floating_point_QDQ,256,256,0.52734375,0.52734375,1.1608537154654515,0.6613740916170407,0.175931273520742,0.671716308011322,,0.08969720925555982,0.375,0.171875,0.14453125,0.01171875,0.01171875,0.01171875,45.11212930176407
optimization-20261004,laya-w4a4-full-v2,laya,Laya,W4A4,wanli,wanli,gptq-ac,gptq-ac,gptq-ac,complete,exploratory_optimization_r2,labeled_decision_accuracy,floating_point_QDQ,256,256,0.3984375,0.3984375,1.2181888109258168,0.7246939477200738,0.1451685372060507,0.5264230995013326,,0.1618006783674394,0.6640625,0.34375,0.1875,0.0078125,0.0078125,0.0078125,43.29734839685261
optimization-20261004,laya-w4a4-full-v2,laya,Laya,W4A4,wanli,wanli,gptq-mac,gptq-mac,gptq-mac,complete,exploratory_optimization_r2,labeled_decision_accuracy,floating_point_QDQ,256,256,0.3671875,0.3671875,1.2492174900136168,0.7417123848754497,0.19563723466331687,0.5628247346633168,,0.16421526651044202,0.66015625,0.3203125,0.1328125,0.0,0.0,0.0,22.87554721115157
optimization-20261004,laya-w4a4-full-v2,laya,Laya,W4A4,wanli,wanli,spinquant-nohad-mac,spinquant-nohad-mac,spinquant-nohad-mac,complete,exploratory_optimization_r2,labeled_decision_accuracy,floating_point_QDQ,256,256,0.546875,0.546875,1.0757357357952428,0.6058484956393295,0.14289284771964653,0.6823532309219505,,0.07215123340485952,0.34375,0.140625,0.1328125,0.0,0.0,0.0,5.710103484336287
optimization-20261004,laya-w4a4-full-v2,laya,Laya,W4A4,wanli,wanli,spinquant-had-mac,spinquant-had-mac,spinquant-had-mac,complete,exploratory_optimization_r2,labeled_decision_accuracy,floating_point_QDQ,256,256,0.53515625,0.53515625,1.0390367028840886,0.601816319194872,0.1557593795718935,0.690668627578416,,0.05965000939384905,0.26953125,0.12109375,0.1015625,0.0,0.0,0.0,6.239028302021325
optimization-20261004,laya-w4a4-full-v2,laya,Laya,W4A4,wanli,wanli,s1q-ac-repair,s1q-ac-repair,s1q-ac-repair,complete,exploratory_optimization_r2,labeled_decision_accuracy,floating_point_QDQ,256,256,0.5390625,0.5390625,0.9777978773335425,0.5721037704297274,0.09639839283769276,0.6163729943870838,,0.07484604847136203,0.3515625,0.1484375,0.1328125,0.00390625,0.00390625,0.00390625,106.53635681513697
optimization-20261004,laya-w4a4-full-v2,laya,Laya,W4A4,wanli,wanli,awq-ac-repair,awq-ac-repair,awq-ac-repair,complete,exploratory_optimization_r2,labeled_decision_accuracy,floating_point_QDQ,256,256,0.48046875,0.48046875,1.10020243071709,0.6497574271796969,0.1487591453508122,0.6056212733000642,,0.09121518411233714,0.359375,0.18359375,0.109375,0.0,0.0,0.0,148.9509932748042
optimization-20261004,laya-w4a4-full-v2,laya,Laya,W4A4,wanli,wanli,gptq-ac-repair,gptq-ac-repair,gptq-ac-repair,complete,exploratory_optimization_r2,labeled_decision_accuracy,floating_point_QDQ,256,256,0.3984375,0.3984375,1.1913840420666686,0.7095464636923853,0.1239199226129076,0.501468833869593,,0.15359704060018692,0.64453125,0.33984375,0.18359375,0.0078125,0.0078125,0.0078125,75.62755600176752
optimization-20261004,laya-w4a4-full-v2,laya,Laya,W4A4,wanli,wanli,s1q2-beta05-repair,s1q2-beta05-repair,s1q2-beta05-repair,complete,exploratory_optimization_r2,labeled_decision_accuracy,floating_point_QDQ,256,256,0.49609375,0.49609375,1.0973650466777003,0.6498804042617276,0.12580456966586953,0.6023333642437265,,0.08794249785977434,0.34375,0.16796875,0.109375,0.0078125,0.0078125,0.0078125,10.935916467104107
optimization-20261004,laya-w4a4-full-v2,laya,Laya,W4A4,wanli,wanli,spinquant-nohad-adapted-repair,spinquant-nohad-adapted-repair,spinquant-nohad-adapted-repair,complete,exploratory_optimization_r2,labeled_decision_accuracy,floating_point_QDQ,256,256,0.49609375,0.49609375,0.9953059461106184,0.5955693453804819,0.1032599695510382,0.5993537195510382,,0.08004189923377564,0.375,0.1796875,0.12109375,0.02734375,0.02734375,0.02734375,15.222039924003184
optimization-20261004,laya-w4a4-full-v2,laya,Laya,W4A4,wanli,wanli,spinquant-had-adapted-repair,spinquant-had-adapted-repair,spinquant-had-adapted-repair,complete,exploratory_optimization_r2,labeled_decision_accuracy,floating_point_QDQ,256,256,0.5546875,0.5546875,0.9976781754364832,0.5850988662873948,0.1377843555160318,0.6584873724361202,,0.05597871479319791,0.21875,0.078125,0.078125,0.00390625,0.00390625,0.00390625,13.099021857138723
optimization-20261004,nano-w4a4-full-v2,nanojev,NanoJev,W4A4,development,development,native,native,Native,complete,exploratory_optimization_r2,reference_action_compatibility,floating_point_native,255,21,0.8196078431372549,0.8196078431372549,0.4262517231868649,0.2211678895552351,0.06671397130650861,0.8368910698185604,,,,,,0.5411764705882353,0.796078431372549,0.8705882352941177,
optimization-20261004,nano-w4a4-full-v2,nanojev,NanoJev,W4A4,development,development,rtn,rtn,RTN,complete,exploratory_optimization_r2,reference_action_compatibility,floating_point_QDQ,255,21,0.36470588235294116,0.36470588235294116,1.3074486966062282,0.7148075216046068,0.02747052874421803,0.3885681120212607,,0.24661571394282103,0.6,0.48627450980392156,0.03137254901960784,0.0,0.0,0.0,1.4189586797729135
optimization-20261004,nano-w4a4-full-v2,nanojev,NanoJev,W4A4,development,development,s1q-local,s1q-local,S1Qv1,complete,exploratory_optimization_r2,reference_action_compatibility,floating_point_QDQ,255,21,0.803921568627451,0.803921568627451,0.4523304155492917,0.24185582976131179,0.02302230160545394,0.816882106421179,,0.006914446543353168,0.09019607843137255,0.0392156862745098,0.023529411764705882,0.5098039215686274,0.7372549019607844,0.8156862745098039,1.548789574764669
optimization-20261004,nano-w4a4-full-v2,nanojev,NanoJev,W4A4,development,development,s1q2-beta05,s1q2-beta05,S1Qv2,complete,exploratory_optimization_r2,reference_action_compatibility,floating_point_QDQ,255,21,0.792156862745098,0.792156862745098,0.47710371941003843,0.2555399439480465,0.047027824789374464,0.8166264226331867,,0.009161351106220432,0.09019607843137255,0.043137254901960784,0.01568627450980392,0.5333333333333333,0.7294117647058823,0.796078431372549,1.6839445987716317
optimization-20261004,nano-w4a4-full-v2,nanojev,NanoJev,W4A4,development,development,awq-adapted,awq-adapted,AWQ*,complete,exploratory_optimization_r2,reference_action_compatibility,floating_point_QDQ,255,21,0.6901960784313725,0.6901960784313725,0.8069278244448924,0.4224445154062459,0.10203120594312587,0.7770737730182575,,0.08627234495543423,0.26666666666666666,0.1411764705882353,0.011764705882352941,0.09803921568627451,0.12549019607843137,0.5333333333333333,2.213405391201377
optimization-20261004,nano-w4a4-full-v2,nanojev,NanoJev,W4A4,development,development,gptq-blockdiag-adapted,gptq-blockdiag-adapted,GPTQ-block*,complete,exploratory_optimization_r2,reference_action_compatibility,floating_point_QDQ,255,21,0.403921568627451,0.403921568627451,1.2949068907484893,0.7006837851647244,0.03341492907070513,0.3961229453128189,,0.24122185304498608,0.5725490196078431,0.4549019607843137,0.0392156862745098,0.00392156862745098,0.00392156862745098,0.00392156862745098,23.392439540941268
optimization-20261004,nano-w4a4-full-v2,nanojev,NanoJev,W4A4,development,development,spinquant-nohad-adapted,spinquant-nohad-adapted,SpinQuant no-Had*,complete,exploratory_optimization_r2,reference_action_compatibility,floating_point_QDQ,255,21,0.7725490196078432,0.7725490196078432,0.5237178468450001,0.271896133786954,0.046504061393508184,0.7838512036844754,,0.020368307691523552,0.12549019607843137,0.06274509803921569,0.01568627450980392,0.4392156862745098,0.7137254901960784,0.7843137254901961,8.096436063293368
optimization-20261004,nano-w4a4-full-v2,nanojev,NanoJev,W4A4,development,development,spinquant-had-adapted,spinquant-had-adapted,SpinQuant Had*,complete,exploratory_optimization_r2,reference_action_compatibility,floating_point_QDQ,255,21,0.788235294117647,0.788235294117647,0.49885489670203886,0.25843881918082295,0.06710499348557702,0.8329393406478978,,0.00929168518296184,0.08627450980392157,0.043137254901960784,0.011764705882352941,0.4235294117647059,0.7215686274509804,0.8117647058823529,9.316007750108838
optimization-20261004,nano-w4a4-full-v2,nanojev,NanoJev,W4A4,development,development,s1q-joint,s1q-joint,S1Q-Joint,complete,exploratory_optimization_r2,reference_action_compatibility,floating_point_QDQ,255,21,0.807843137254902,0.807843137254902,0.5097385345395653,0.2677918926551592,0.059409801194200355,0.8069299159454674,,0.014260805161954042,0.11372549019607843,0.047058823529411764,0.03529411764705882,0.09019607843137255,0.6901960784313725,0.792156862745098,6.350414285901934
optimization-20261004,nano-w4a4-full-v2,nanojev,NanoJev,W4A4,development,development,s1q-ac,s1q-ac,S1Q-AC,complete,exploratory_optimization_r2,reference_action_compatibility,floating_point_QDQ,255,21,0.807843137254902,0.807843137254902,0.45820033228798535,0.24067012574804675,0.06387954244063007,0.8107368505534153,,0.006954111683851086,0.08235294117647059,0.03137254901960784,0.0196078431372549,0.4823529411764706,0.7607843137254902,0.8509803921568627,13.559726689010859
optimization-20261004,nano-w4a4-full-v2,nanojev,NanoJev,W4A4,development,development,s1q-margin,s1q-margin,S1Q-Margin,complete,exploratory_optimization_r2,reference_action_compatibility,floating_point_QDQ,255,21,0.807843137254902,0.807843137254902,0.4586798020067644,0.23680410529587162,0.06631509359508955,0.8363447141291797,,0.004536883759153685,0.08235294117647059,0.03529411764705882,0.023529411764705882,0.5411764705882353,0.7607843137254902,0.8313725490196079,7.048907566349953
optimization-20261004,nano-w4a4-full-v2,nanojev,NanoJev,W4A4,development,development,s1q,s1q-mac,S1Q (current),complete,exploratory_optimization_r2,reference_action_compatibility,floating_point_QDQ,255,21,0.8235294117647058,0.8235294117647058,0.4475633624180707,0.2323074454669073,0.05734778964684335,0.835286036381122,,0.003079270373935378,0.054901960784313725,0.011764705882352941,0.01568627450980392,0.4980392156862745,0.7411764705882353,0.8666666666666667,11.944354598876089
optimization-20261004,nano-w4a4-full-v2,nanojev,NanoJev,W4A4,development,development,awq-ac,awq-ac,awq-ac,complete,exploratory_optimization_r2,reference_action_compatibility,floating_point_QDQ,255,21,0.7686274509803922,0.7686274509803922,0.5108677955042461,0.27079412401585357,0.05984075237145819,0.804730263861264,,0.012977927749319104,0.10980392156862745,0.058823529411764705,0.00784313725490196,0.42745098039215684,0.7137254901960784,0.7843137254901961,13.955439095385373
optimization-20261004,nano-w4a4-full-v2,nanojev,NanoJev,W4A4,development,development,awq-mac,awq-mac,awq-mac,complete,exploratory_optimization_r2,reference_action_compatibility,floating_point_QDQ,255,21,0.8235294117647058,0.8235294117647058,0.4541692770645321,0.2372923640953153,0.05735091482035621,0.8279837220522435,,0.00415022933174287,0.07058823529411765,0.0196078431372549,0.023529411764705882,0.5725490196078431,0.7294117647058823,0.8274509803921568,13.963653302751482
optimization-20261004,nano-w4a4-full-v2,nanojev,NanoJev,W4A4,development,development,gptq-ac,gptq-ac,gptq-ac,complete,exploratory_optimization_r2,reference_action_compatibility,floating_point_QDQ,255,21,0.3411764705882353,0.3411764705882353,1.3671832267522765,0.7424251270335064,0.06469951282607997,0.352906847489855,,0.258629749161575,0.6078431372549019,0.4980392156862745,0.0196078431372549,0.0,0.0,0.0,42.15649391897023
optimization-20261004,nano-w4a4-full-v2,nanojev,NanoJev,W4A4,development,development,gptq-mac,gptq-mac,gptq-mac,complete,exploratory_optimization_r2,reference_action_compatibility,floating_point_QDQ,255,21,0.4392156862745098,0.4392156862745098,1.2888042485601519,0.7009448478831275,0.11148751741034263,0.3281470167333148,,0.24766784576506784,0.5450980392156862,0.403921568627451,0.023529411764705882,0.011764705882352941,0.011764705882352941,0.011764705882352941,41.949156388640404
optimization-20261004,nano-w4a4-full-v2,nanojev,NanoJev,W4A4,development,development,spinquant-nohad-mac,spinquant-nohad-mac,spinquant-nohad-mac,complete,exploratory_optimization_r2,reference_action_compatibility,floating_point_QDQ,255,21,0.7529411764705882,0.7529411764705882,0.545640185186413,0.28409178975426685,0.05450103812080196,0.7776986245668334,,0.02494757658947754,0.12941176470588237,0.07450980392156863,0.00784313725490196,0.4588235294117647,0.6862745098039216,0.7686274509803922,7.362201761920005
optimization-20261004,nano-w4a4-full-v2,nanojev,NanoJev,W4A4,development,development,spinquant-had-mac,spinquant-had-mac,spinquant-had-mac,complete,exploratory_optimization_r2,reference_action_compatibility,floating_point_QDQ,255,21,0.7607843137254902,0.7607843137254902,0.5191380525865026,0.2725184341099668,0.0643826006952371,0.7873862857068459,,0.016998723246876974,0.13725490196078433,0.0784313725490196,0.0196078431372549,0.49019607843137253,0.6901960784313725,0.788235294117647,7.259193195030093
optimization-20261004,nano-w4a4-full-v2,nanojev,NanoJev,W4A4,development,development,s1q-ac-repair,s1q-ac-repair,s1q-ac-repair,complete,exploratory_optimization_r2,reference_action_compatibility,floating_point_QDQ,255,21,0.7568627450980392,0.7568627450980392,0.516667864150612,0.2746997556762553,0.0661394438818533,0.8145946667193007,,0.012006723017423913,0.13333333333333333,0.08235294117647059,0.0196078431372549,0.44313725490196076,0.6901960784313725,0.7607843137254902,24.28786993585527
optimization-20261004,nano-w4a4-full-v2,nanojev,NanoJev,W4A4,development,development,awq-ac-repair,awq-ac-repair,awq-ac-repair,complete,exploratory_optimization_r2,reference_action_compatibility,floating_point_QDQ,255,21,0.788235294117647,0.788235294117647,0.5484946135628792,0.28057910557059146,0.05070798688754954,0.801057327106181,,0.015326123784750977,0.12156862745098039,0.06274509803921569,0.03137254901960784,0.24313725490196078,0.6745098039215687,0.7647058823529411,29.36745993234217
optimization-20261004,nano-w4a4-full-v2,nanojev,NanoJev,W4A4,development,development,gptq-ac-repair,gptq-ac-repair,gptq-ac-repair,complete,exploratory_optimization_r2,reference_action_compatibility,floating_point_QDQ,255,21,0.5686274509803921,0.5686274509803921,1.1182836321347538,0.5763744102923254,0.10165555883876273,0.5816265187022474,,0.1835948100496229,0.40784313725490196,0.2627450980392157,0.011764705882352941,0.0,0.0,0.12156862745098039,59.54197187907994
optimization-20261004,nano-w4a4-full-v2,nanojev,NanoJev,W4A4,development,development,s1q2-beta05-repair,s1q2-beta05-repair,s1q2-beta05-repair,complete,exploratory_optimization_r2,reference_action_compatibility,floating_point_QDQ,255,21,0.8117647058823529,0.8117647058823529,0.4547957734258923,0.2434423942073666,0.056700858477760005,0.8186555696049684,,0.006258853854855084,0.0784313725490196,0.03137254901960784,0.023529411764705882,0.4823529411764706,0.7254901960784313,0.796078431372549,17.480757270939648
optimization-20261004,nano-w4a4-full-v2,nanojev,NanoJev,W4A4,development,development,spinquant-nohad-adapted-repair,spinquant-nohad-adapted-repair,spinquant-nohad-adapted-repair,complete,exploratory_optimization_r2,reference_action_compatibility,floating_point_QDQ,255,21,0.7764705882352941,0.7764705882352941,0.5118877040025845,0.27076218612721403,0.06477252754010228,0.8234115345463312,,0.013587577398961473,0.10196078431372549,0.06274509803921569,0.0196078431372549,0.4549019607843137,0.6862745098039216,0.7686274509803922,30.064471386838704
optimization-20261004,nano-w4a4-full-v2,nanojev,NanoJev,W4A4,development,development,spinquant-had-adapted-repair,spinquant-had-adapted-repair,spinquant-had-adapted-repair,complete,exploratory_optimization_r2,reference_action_compatibility,floating_point_QDQ,255,21,0.796078431372549,0.796078431372549,0.44446305488619975,0.2392582781679756,0.05115487735517106,0.8267395150923118,,0.008480646269657574,0.11372549019607843,0.054901960784313725,0.03137254901960784,0.5333333333333333,0.7372549019607844,0.807843137254902,31.022423803806305
decision-extension-20261006,intern-decision-0.8b/w4a4-full-v1,intern-decision-0.8b,Intern-Decision,W4A4,development,development,native,native,Native,complete,new_family_fixed_recipe_extension,labeled_decision_accuracy,floating_point_native,311,184,0.6495176848874598,0.6592038809144072,0.8855455874877707,0.49886670937123373,0.16906419769708422,0.7944860127220347,0.7326305105434615,,,,,0.03215434083601286,0.24115755627009647,0.3215434083601286,
decision-extension-20261006,intern-decision-0.8b/w4a4-full-v1,intern-decision-0.8b,Intern-Decision,W4A4,development,development,rtn,rtn,RTN,complete,new_family_fixed_recipe_extension,labeled_decision_accuracy,floating_point_QDQ,311,184,0.3729903536977492,0.4019803296119085,1.6597661599522389,0.8678043939550716,0.3382594254708741,0.7103312002174067,1.624810054936186,0.22472317290519553,0.6045016077170418,0.3858520900321543,0.10932475884244373,0.00964630225080386,0.00964630225080386,0.00964630225080386,2.2198330308310688
decision-extension-20261006,intern-decision-0.8b/w4a4-full-v1,intern-decision-0.8b,Intern-Decision,W4A4,development,development,s1q-local,s1q-local,S1Qv1,complete,new_family_fixed_recipe_extension,labeled_decision_accuracy,floating_point_QDQ,311,184,0.35691318327974275,0.37844564061669317,1.454692800101636,0.7797967715940132,0.2892785614111479,0.6461917446908907,1.568464227927877,0.19246182196252234,0.5819935691318328,0.39228295819935693,0.09967845659163987,0.0,0.0,0.0,3.778319225180894
decision-extension-20261006,intern-decision-0.8b/w4a4-full-v1,intern-decision-0.8b,Intern-Decision,W4A4,development,development,s1q2-beta05,s1q2-beta05,S1Qv2,complete,new_family_fixed_recipe_extension,labeled_decision_accuracy,floating_point_QDQ,311,184,0.3762057877813505,0.3913177830940988,1.4841297026271494,0.79294360165235,0.26411187822745014,0.6403176660088006,1.5281017635234098,0.18968998609058246,0.5498392282958199,0.3633440514469453,0.09003215434083602,0.0,0.0,0.0,4.943798103835434
decision-extension-20261006,intern-decision-0.8b/w4a4-full-v1,intern-decision-0.8b,Intern-Decision,W4A4,development,development,awq-adapted,awq-adapted,AWQ*,complete,new_family_fixed_recipe_extension,labeled_decision_accuracy,floating_point_QDQ,311,184,0.3890675241157556,0.38122674109516214,1.454624395844777,0.7909280631833429,0.25857029967202594,0.6476378237877816,1.560932187273483,0.19391085683773476,0.5916398713826366,0.3729903536977492,0.11254019292604502,0.0,0.0,0.0,6.996567700989544
decision-extension-20261006,intern-decision-0.8b/w4a4-full-v1,intern-decision-0.8b,Intern-Decision,W4A4,development,development,gptq-blockdiag-adapted,gptq-blockdiag-adapted,GPTQ-block*,complete,new_family_fixed_recipe_extension,labeled_decision_accuracy,floating_point_QDQ,311,184,0.4115755627009646,0.423444976076555,1.7138172274804087,0.8571042095032373,0.3321103444891195,0.743685907190084,1.511335807860038,0.2225936341865178,0.5787781350482315,0.36012861736334406,0.12218649517684887,0.0,0.0,0.0,38.229324023239315
decision-extension-20261006,intern-decision-0.8b/w4a4-full-v1,intern-decision-0.8b,Intern-Decision,W4A4,development,development,spinquant-nohad-adapted,spinquant-nohad-adapted,SpinQuant no-Had*,complete,new_family_fixed_recipe_extension,labeled_decision_accuracy,floating_point_QDQ,311,184,0.37942122186495175,0.37014221158958,1.51831955602567,0.8102611433517048,0.30005299723513645,0.6794742191000882,1.7013343813212318,0.20977466231523234,0.617363344051447,0.3858520900321543,0.1157556270096463,0.003215434083601286,0.003215434083601286,0.003215434083601286,12.763015186414123
decision-extension-20261006,intern-decision-0.8b/w4a4-full-v1,intern-decision-0.8b,Intern-Decision,W4A4,development,development,spinquant-had-adapted,spinquant-had-adapted,SpinQuant Had*,complete,new_family_fixed_recipe_extension,labeled_decision_accuracy,floating_point_QDQ,311,184,0.3504823151125402,0.3480097022860181,1.4069069815292923,0.7873208312339033,0.28066120410017437,0.6311435192127145,1.545692638355143,0.19177608663378803,0.6045016077170418,0.40192926045016075,0.10289389067524116,0.006430868167202572,0.006430868167202572,0.006430868167202572,13.222575790248811
decision-extension-20261006,intern-decision-0.8b/w4a4-full-v1,intern-decision-0.8b,Intern-Decision,W4A4,development,development,s1q-joint,s1q-joint,S1Q-Joint,complete,new_family_fixed_recipe_extension,labeled_decision_accuracy,floating_point_QDQ,311,184,0.42765273311897106,0.42861842105263165,1.2148770044214718,0.6952620837920416,0.17639316512517522,0.5972944780232149,1.3686346100885365,0.17032089603036019,0.5562700964630225,0.33440514469453375,0.11254019292604502,0.006430868167202572,0.006430868167202572,0.006430868167202572,6.185615090187639
decision-extension-20261006,intern-decision-0.8b/w4a4-full-v1,intern-decision-0.8b,Intern-Decision,W4A4,development,development,s1q-ac,s1q-ac,S1Q-AC,complete,new_family_fixed_recipe_extension,labeled_decision_accuracy,floating_point_QDQ,311,184,0.4180064308681672,0.40587121212121213,1.1903602392449204,0.6788376823366122,0.1861153753474772,0.6031519228245321,1.413380887510928,0.16883660131753636,0.5530546623794212,0.3440514469453376,0.11254019292604502,0.00964630225080386,0.00964630225080386,0.00964630225080386,12.358693956863135
decision-extension-20261006,intern-decision-0.8b/w4a4-full-v1,intern-decision-0.8b,Intern-Decision,W4A4,development,development,s1q-margin,s1q-margin,S1Q-Margin,complete,new_family_fixed_recipe_extension,labeled_decision_accuracy,floating_point_QDQ,311,184,0.40836012861736337,0.4281067251461988,1.1381638390782762,0.6818002693437237,0.17745002547095604,0.5858101540883194,1.1469512493373515,0.1564596835676658,0.5048231511254019,0.3311897106109325,0.09003215434083602,0.0,0.0,0.0,5.703322816174477
decision-extension-20261006,intern-decision-0.8b/w4a4-full-v1,intern-decision-0.8b,Intern-Decision,W4A4,development,development,s1q,s1q,S1Q (current),complete,new_family_fixed_recipe_extension,labeled_decision_accuracy,floating_point_QDQ,311,184,0.4180064308681672,0.44735180754917603,1.2604118975308896,0.7066591768681191,0.1988465819448679,0.6168530128130352,1.2471081407619375,0.16506840165167197,0.5337620578778135,0.33762057877813506,0.10610932475884244,0.003215434083601286,0.003215434083601286,0.003215434083601286,12.135359259787947
decision-extension-20261006,intern-decision-0.8b/w4a4-full-v1,intern-decision-0.8b,Intern-Decision,W4A4,mmlu-pro,mmlu-pro,native,native,Native,complete,new_family_fixed_recipe_extension,labeled_decision_accuracy,floating_point_native,156,156,0.28846153846153844,0.28846153846153844,2.486467676792615,0.944779833151513,0.22156690875877535,0.5100284472203137,,,,,,0.0,0.0,0.0,
decision-extension-20261006,intern-decision-0.8b/w4a4-full-v1,intern-decision-0.8b,Intern-Decision,W4A4,mmlu-pro,mmlu-pro,rtn,rtn,RTN,complete,new_family_fixed_recipe_extension,labeled_decision_accuracy,floating_point_QDQ,156,156,0.10256410256410256,0.10256410256410256,3.5540276116235736,1.162252769840946,0.4031836595660989,0.5057477621302016,,0.2864486066193155,0.8205128205128205,0.23717948717948717,0.05128205128205128,0.0,0.0,0.0,2.2198330308310688
decision-extension-20261006,intern-decision-0.8b/w4a4-full-v1,intern-decision-0.8b,Intern-Decision,W4A4,mmlu-pro,mmlu-pro,s1q-local,s1q-local,S1Qv1,complete,new_family_fixed_recipe_extension,labeled_decision_accuracy,floating_point_QDQ,156,156,0.16025641025641027,0.16025641025641027,2.957294431979069,0.993434401192441,0.22872144539306313,0.38584471215386645,,0.217650076395147,0.717948717948718,0.1858974358974359,0.057692307692307696,0.00641025641025641,0.00641025641025641,0.00641025641025641,3.778319225180894
decision-extension-20261006,intern-decision-0.8b/w4a4-full-v1,intern-decision-0.8b,Intern-Decision,W4A4,mmlu-pro,mmlu-pro,s1q2-beta05,s1q2-beta05,S1Qv2,complete,new_family_fixed_recipe_extension,labeled_decision_accuracy,floating_point_QDQ,156,156,0.14743589743589744,0.14743589743589744,2.9410816066114114,1.0110009148601615,0.23840844965306265,0.3858443470889601,,0.2175851551453831,0.7756410256410257,0.21153846153846154,0.07051282051282051,0.0,0.0,0.0,4.943798103835434
decision-extension-20261006,intern-decision-0.8b/w4a4-full-v1,intern-decision-0.8b,Intern-Decision,W4A4,mmlu-pro,mmlu-pro,awq-adapted,awq-adapted,AWQ*,complete,new_family_fixed_recipe_extension,labeled_decision_accuracy,floating_point_QDQ,156,156,0.11538461538461539,0.11538461538461539,2.791632642967545,1.0052506227890408,0.2671101877559108,0.3824948031405262,,0.22225408182856837,0.7115384615384616,0.21153846153846154,0.038461538461538464,0.0,0.0,0.0,6.996567700989544
decision-extension-20261006,intern-decision-0.8b/w4a4-full-v1,intern-decision-0.8b,Intern-Decision,W4A4,mmlu-pro,mmlu-pro,gptq-blockdiag-adapted,gptq-blockdiag-adapted,GPTQ-block*,complete,new_family_fixed_recipe_extension,labeled_decision_accuracy,floating_point_QDQ,156,156,0.11538461538461539,0.11538461538461539,3.273471002331598,1.116845604741582,0.3809006091737916,0.4952578952617622,,0.28431699761233575,0.8397435897435898,0.23076923076923078,0.057692307692307696,0.01282051282051282,0.01282051282051282,0.01282051282051282,38.229324023239315
decision-extension-20261006,intern-decision-0.8b/w4a4-full-v1,intern-decision-0.8b,Intern-Decision,W4A4,mmlu-pro,mmlu-pro,spinquant-nohad-adapted,spinquant-nohad-adapted,SpinQuant no-Had*,complete,new_family_fixed_recipe_extension,labeled_decision_accuracy,floating_point_QDQ,156,156,0.10256410256410256,0.10256410256410256,2.9985306069997764,1.0713486354750705,0.35324781431866165,0.45581191688276423,,0.2445354588547775,0.7692307692307693,0.23076923076923078,0.04487179487179487,0.0,0.0,0.0,12.763015186414123
decision-extension-20261006,intern-decision-0.8b/w4a4-full-v1,intern-decision-0.8b,Intern-Decision,W4A4,mmlu-pro,mmlu-pro,spinquant-had-adapted,spinquant-had-adapted,SpinQuant Had*,complete,new_family_fixed_recipe_extension,labeled_decision_accuracy,floating_point_QDQ,156,156,0.11538461538461539,0.11538461538461539,3.1425627242611225,1.0762160998632204,0.33528657564964365,0.45067119103425896,,0.24793260728957497,0.7692307692307693,0.23076923076923078,0.057692307692307696,0.0,0.0,0.0,13.222575790248811
decision-extension-20261006,intern-decision-0.8b/w4a4-full-v1,intern-decision-0.8b,Intern-Decision,W4A4,mmlu-pro,mmlu-pro,s1q-joint,s1q-joint,S1Q-Joint,complete,new_family_fixed_recipe_extension,labeled_decision_accuracy,floating_point_QDQ,156,156,0.1282051282051282,0.1282051282051282,2.851331300433688,0.9981702380077724,0.2137667678400275,0.3310475961069903,,0.22503092806896965,0.8076923076923077,0.23076923076923078,0.07051282051282051,0.00641025641025641,0.00641025641025641,0.00641025641025641,6.185615090187639
decision-extension-20261006,intern-decision-0.8b/w4a4-full-v1,intern-decision-0.8b,Intern-Decision,W4A4,mmlu-pro,mmlu-pro,s1q-ac,s1q-ac,S1Q-AC,complete,new_family_fixed_recipe_extension,labeled_decision_accuracy,floating_point_QDQ,156,156,0.12179487179487179,0.12179487179487179,3.099861985260757,1.0213595959616963,0.24722428235329147,0.3690191541481633,,0.2266550031166607,0.7564102564102564,0.23076923076923078,0.0641025641025641,0.0,0.0,0.0,12.358693956863135
decision-extension-20261006,intern-decision-0.8b/w4a4-full-v1,intern-decision-0.8b,Intern-Decision,W4A4,mmlu-pro,mmlu-pro,s1q-margin,s1q-margin,S1Q-Margin,complete,new_family_fixed_recipe_extension,labeled_decision_accuracy,floating_point_QDQ,156,156,0.1282051282051282,0.1282051282051282,2.7008003955281437,0.9723453540793933,0.18569420483624902,0.31389933304137724,,0.21481948001943502,0.7564102564102564,0.23717948717948717,0.07692307692307693,0.0,0.0,0.0,5.703322816174477
decision-extension-20261006,intern-decision-0.8b/w4a4-full-v1,intern-decision-0.8b,Intern-Decision,W4A4,mmlu-pro,mmlu-pro,s1q,s1q,S1Q (current),complete,new_family_fixed_recipe_extension,labeled_decision_accuracy,floating_point_QDQ,156,156,0.11538461538461539,0.11538461538461539,2.784017591859896,1.0000429355258549,0.2233313160919389,0.3387159314765543,,0.22333963277036034,0.8141025641025641,0.24358974358974358,0.07051282051282051,0.0,0.0,0.0,12.135359259787947
decision-extension-20261006,intern-decision-0.8b/w4a4-full-v1,intern-decision-0.8b,Intern-Decision,W4A4,wanli,wanli,native,native,Native,complete,new_family_fixed_recipe_extension,labeled_decision_accuracy,floating_point_native,256,256,0.4609375,0.4609375,1.4138713080548486,0.736856152883454,0.29173944844540517,0.745613873049721,,,,,,0.0,0.0,0.0,
decision-extension-20261006,intern-decision-0.8b/w4a4-full-v1,intern-decision-0.8b,Intern-Decision,W4A4,wanli,wanli,rtn,rtn,RTN,complete,new_family_fixed_recipe_extension,labeled_decision_accuracy,floating_point_QDQ,256,256,0.32421875,0.32421875,1.8003052365569803,0.9396751310862934,0.37828621637705906,0.7025049663770593,,0.1939429130751809,0.58984375,0.26953125,0.1328125,0.0,0.0,0.0,2.2198330308310688
decision-extension-20261006,intern-decision-0.8b/w4a4-full-v1,intern-decision-0.8b,Intern-Decision,W4A4,wanli,wanli,s1q-local,s1q-local,S1Qv1,complete,new_family_fixed_recipe_extension,labeled_decision_accuracy,floating_point_QDQ,256,256,0.29296875,0.29296875,1.430009420316971,0.8312345681910585,0.2859985714785283,0.5789673214785283,,0.14925409319377808,0.59765625,0.296875,0.12890625,0.0,0.0,0.0,3.778319225180894
decision-extension-20261006,intern-decision-0.8b/w4a4-full-v1,intern-decision-0.8b,Intern-Decision,W4A4,wanli,wanli,s1q2-beta05,s1q2-beta05,S1Qv2,complete,new_family_fixed_recipe_extension,labeled_decision_accuracy,floating_point_QDQ,256,256,0.33984375,0.33984375,1.388728287276114,0.7712048592612477,0.24743605113972666,0.5872798011397267,,0.14503706065484234,0.54296875,0.26171875,0.140625,0.0,0.0,0.0,4.943798103835434
decision-extension-20261006,intern-decision-0.8b/w4a4-full-v1,intern-decision-0.8b,Intern-Decision,W4A4,wanli,wanli,awq-adapted,awq-adapted,AWQ*,complete,new_family_fixed_recipe_extension,labeled_decision_accuracy,floating_point_QDQ,256,256,0.30859375,0.30859375,1.3633443073018512,0.8065409646791696,0.25070277534286795,0.5536453720613119,,0.15861442712278148,0.59765625,0.28515625,0.1328125,0.0,0.0,0.0,6.996567700989544
decision-extension-20261006,intern-decision-0.8b/w4a4-full-v1,intern-decision-0.8b,Intern-Decision,W4A4,wanli,wanli,gptq-blockdiag-adapted,gptq-blockdiag-adapted,GPTQ-block*,complete,new_family_fixed_recipe_extension,labeled_decision_accuracy,floating_point_QDQ,256,256,0.36328125,0.36328125,1.8659638286827334,0.9471255790986898,0.375265201848442,0.7265974212928308,,0.19009480657816044,0.59375,0.26171875,0.1640625,0.0,0.0,0.0,38.229324023239315
decision-extension-20261006,intern-decision-0.8b/w4a4-full-v1,intern-decision-0.8b,Intern-Decision,W4A4,wanli,wanli,spinquant-nohad-adapted,spinquant-nohad-adapted,SpinQuant no-Had*,complete,new_family_fixed_recipe_extension,labeled_decision_accuracy,floating_point_QDQ,256,256,0.29296875,0.29296875,1.717093439282813,0.9301737979273996,0.3844964589301083,0.667907719657263,,0.18343066176411307,0.58984375,0.28125,0.11328125,0.00390625,0.00390625,0.00390625,12.763015186414123
decision-extension-20261006,intern-decision-0.8b/w4a4-full-v1,intern-decision-0.8b,Intern-Decision,W4A4,wanli,wanli,spinquant-had-adapted,spinquant-had-adapted,SpinQuant Had*,complete,new_family_fixed_recipe_extension,labeled_decision_accuracy,floating_point_QDQ,256,256,0.32421875,0.32421875,1.4515497074448345,0.8354189041208361,0.26422328208825135,0.5884420320882513,,0.15795291328913152,0.59765625,0.28515625,0.1484375,0.0,0.0,0.0,13.222575790248811
decision-extension-20261006,intern-decision-0.8b/w4a4-full-v1,intern-decision-0.8b,Intern-Decision,W4A4,wanli,wanli,s1q-joint,s1q-joint,S1Q-Joint,complete,new_family_fixed_recipe_extension,labeled_decision_accuracy,floating_point_QDQ,256,256,0.33984375,0.33984375,1.4463742062900273,0.8237674520777376,0.26644965315497765,0.6062934031549776,,0.1655183973237659,0.6015625,0.2890625,0.16796875,0.0,0.0,0.0,6.185615090187639
decision-extension-20261006,intern-decision-0.8b/w4a4-full-v1,intern-decision-0.8b,Intern-Decision,W4A4,wanli,wanli,s1q-ac,s1q-ac,S1Q-AC,complete,new_family_fixed_recipe_extension,labeled_decision_accuracy,floating_point_QDQ,256,256,0.33984375,0.33984375,1.4916337015080325,0.8188745071063264,0.24908149798328516,0.5848901273774796,,0.1572664822534859,0.55859375,0.234375,0.11328125,0.0,0.0,0.0,12.358693956863135
decision-extension-20261006,intern-decision-0.8b/w4a4-full-v1,intern-decision-0.8b,Intern-Decision,W4A4,wanli,wanli,s1q-margin,s1q-margin,S1Q-Margin,complete,new_family_fixed_recipe_extension,labeled_decision_accuracy,floating_point_QDQ,256,256,0.3203125,0.3203125,1.2876739317222694,0.7701810425807742,0.2388245666362996,0.5582548502640645,,0.14955904693568536,0.57421875,0.2734375,0.1328125,0.0078125,0.0078125,0.0078125,5.703322816174477
decision-extension-20261006,intern-decision-0.8b/w4a4-full-v1,intern-decision-0.8b,Intern-Decision,W4A4,wanli,wanli,s1q,s1q,S1Q (current),complete,new_family_fixed_recipe_extension,labeled_decision_accuracy,floating_point_QDQ,256,256,0.375,0.375,1.3563372087258925,0.7824002458336947,0.22559002226544578,0.5998992516565114,,0.15543470193931158,0.5390625,0.2421875,0.15625,0.0078125,0.0078125,0.0078125,12.135359259787947
decision-extension-20261006,intern-decision-2b/w4a4-full-v1,intern-decision-2b,Intern-Decision,W4A4,development,development,native,native,Native,complete,new_family_fixed_recipe_extension,labeled_decision_accuracy,floating_point_native,311,184,0.7138263665594855,0.7466905901116427,0.813722261129639,0.4266833756749421,0.1547041027619528,0.8685304693214383,0.6445628055811988,,,,,0.1189710610932476,0.13183279742765272,0.3987138263665595,
decision-extension-20261006,intern-decision-2b/w4a4-full-v1,intern-decision-2b,Intern-Decision,W4A4,development,development,rtn,rtn,RTN,complete,new_family_fixed_recipe_extension,labeled_decision_accuracy,floating_point_QDQ,311,184,0.31511254019292606,0.33013024986709194,1.7018364542367053,0.929517508047332,0.3990891513407552,0.7116079458613314,1.4440312711238956,0.26910160749614015,0.6463022508038585,0.4694533762057878,0.0707395498392283,0.0,0.0,0.0,2.9473267989233136
decision-extension-20261006,intern-decision-2b/w4a4-full-v1,intern-decision-2b,Intern-Decision,W4A4,development,development,s1q-local,s1q-local,S1Qv1,complete,new_family_fixed_recipe_extension,labeled_decision_accuracy,floating_point_QDQ,311,184,0.3987138263665595,0.4254120148856991,1.213885617571617,0.7181171404065446,0.20540598194860465,0.6041198083151642,1.440690500725292,0.21433920635030798,0.5916398713826366,0.3987138263665595,0.08360128617363344,0.0,0.0,0.0,6.128510613925755
decision-extension-20261006,intern-decision-2b/w4a4-full-v1,intern-decision-2b,Intern-Decision,W4A4,development,development,s1q2-beta05,s1q2-beta05,S1Qv2,complete,new_family_fixed_recipe_extension,labeled_decision_accuracy,floating_point_QDQ,311,184,0.40192926045016075,0.4155701754385964,1.2396920802846583,0.7234854548466393,0.19244653947070062,0.5943757999208614,1.5268980048866039,0.22157404156342314,0.5916398713826366,0.3987138263665595,0.08681672025723473,0.0,0.0,0.0,5.284983712248504
decision-extension-20261006,intern-decision-2b/w4a4-full-v1,intern-decision-2b,Intern-Decision,W4A4,development,development,awq-adapted,awq-adapted,AWQ*,complete,new_family_fixed_recipe_extension,labeled_decision_accuracy,floating_point_QDQ,311,184,0.3858520900321543,0.4220560871876662,1.2245400805433153,0.7209081229309868,0.2237944168871394,0.6039858022269791,1.4097630963483028,0.22358165037231528,0.6334405144694534,0.43086816720257237,0.10289389067524116,0.00964630225080386,0.00964630225080386,0.00964630225080386,7.249126254115254
decision-extension-20261006,intern-decision-2b/w4a4-full-v1,intern-decision-2b,Intern-Decision,W4A4,development,development,gptq-blockdiag-adapted,gptq-blockdiag-adapted,GPTQ-block*,complete,new_family_fixed_recipe_extension,labeled_decision_accuracy,floating_point_QDQ,311,184,0.4180064308681672,0.43267876129718236,1.5941967812607913,0.8112903031319103,0.3135905151828503,0.7161321428126493,1.5649425633190441,0.25245454190212474,0.6141479099678456,0.3987138263665595,0.10289389067524116,0.0,0.0,0.0,68.02250094013289
decision-extension-20261006,intern-decision-2b/w4a4-full-v1,intern-decision-2b,Intern-Decision,W4A4,development,development,spinquant-nohad-adapted,spinquant-nohad-adapted,SpinQuant no-Had*,complete,new_family_fixed_recipe_extension,labeled_decision_accuracy,floating_point_QDQ,311,184,0.38263665594855306,0.4410552897395003,1.3146265125751806,0.7579203107311336,0.26058852130796306,0.6432251772565162,1.448999548246379,0.23272784838821603,0.6045016077170418,0.41479099678456594,0.08360128617363344,0.003215434083601286,0.003215434083601286,0.003215434083601286,13.536331868730485
decision-extension-20261006,intern-decision-2b/w4a4-full-v1,intern-decision-2b,Intern-Decision,W4A4,development,development,spinquant-had-adapted,spinquant-had-adapted,SpinQuant Had*,complete,new_family_fixed_recipe_extension,labeled_decision_accuracy,floating_point_QDQ,311,184,0.40836012861736337,0.4168195108984582,1.18107714663273,0.6941954831888739,0.18621830730601016,0.5913776825729591,1.346171193604442,0.21122782458938164,0.5980707395498392,0.41479099678456594,0.10932475884244373,0.003215434083601286,0.003215434083601286,0.003215434083601286,13.166375703178346
decision-extension-20261006,intern-decision-2b/w4a4-full-v1,intern-decision-2b,Intern-Decision,W4A4,development,development,s1q-joint,s1q-joint,S1Q-Joint,complete,new_family_fixed_recipe_extension,labeled_decision_accuracy,floating_point_QDQ,311,184,0.4630225080385852,0.48275186071238707,1.0702280593738909,0.6310418031613967,0.08367533645332603,0.5446895172757352,1.192996439985887,0.18579927173289057,0.5530546623794212,0.3762057877813505,0.12540192926045016,0.0,0.0,0.0,26.080349429976195
decision-extension-20261006,intern-decision-2b/w4a4-full-v1,intern-decision-2b,Intern-Decision,W4A4,development,development,s1q-ac,s1q-ac,S1Q-AC,complete,new_family_fixed_recipe_extension,labeled_decision_accuracy,floating_point_QDQ,311,184,0.4630225080385852,0.48549308878256253,1.0478694482321744,0.6184968512395067,0.10846541857217236,0.5513972071720136,1.2248301994953246,0.17833092676877768,0.5241157556270096,0.34726688102893893,0.09646302250803858,0.003215434083601286,0.003215434083601286,0.003215434083601286,37.45617756899446
decision-extension-20261006,intern-decision-2b/w4a4-full-v1,intern-decision-2b,Intern-Decision,W4A4,development,development,s1q-margin,s1q-margin,S1Q-Margin,complete,new_family_fixed_recipe_extension,labeled_decision_accuracy,floating_point_QDQ,311,184,0.4565916398713826,0.45871212121212124,1.0525529226555854,0.6225033697296197,0.0962256542196608,0.5524736462020842,1.1800670602945096,0.1817398690076931,0.5498392282958199,0.35691318327974275,0.09967845659163987,0.0,0.0,0.0,8.900649564806372
decision-extension-20261006,intern-decision-2b/w4a4-full-v1,intern-decision-2b,Intern-Decision,W4A4,development,development,s1q,s1q,S1Q (current),complete,new_family_fixed_recipe_extension,labeled_decision_accuracy,floating_point_QDQ,311,184,0.4340836012861736,0.40628987240829345,1.0942455765791594,0.6500130905354434,0.1366558555468832,0.5707394568330568,1.1947028161745108,0.18495050490361895,0.5466237942122186,0.3729903536977492,0.0932475884244373,0.0,0.0,0.0,17.712070845998824
decision-extension-20261006,intern-decision-2b/w4a4-full-v1,intern-decision-2b,Intern-Decision,W4A4,mmlu-pro,mmlu-pro,native,native,Native,complete,new_family_fixed_recipe_extension,labeled_decision_accuracy,floating_point_native,156,156,0.32051282051282054,0.32051282051282054,2.547584557170439,0.905687382159021,0.2794419451243283,0.5735143497470977,,,,,,0.019230769230769232,0.019230769230769232,0.019230769230769232,
decision-extension-20261006,intern-decision-2b/w4a4-full-v1,intern-decision-2b,Intern-Decision,W4A4,mmlu-pro,mmlu-pro,rtn,rtn,RTN,complete,new_family_fixed_recipe_extension,labeled_decision_accuracy,floating_point_QDQ,156,156,0.10897435897435898,0.10897435897435898,3.186347343174986,1.1301010468254569,0.38830829530986444,0.4916011735129163,,0.3610013048628217,0.8782051282051282,0.30128205128205127,0.08974358974358974,0.0,0.0,0.0,2.9473267989233136
decision-extension-20261006,intern-decision-2b/w4a4-full-v1,intern-decision-2b,Intern-Decision,W4A4,mmlu-pro,mmlu-pro,s1q-local,s1q-local,S1Qv1,complete,new_family_fixed_recipe_extension,labeled_decision_accuracy,floating_point_QDQ,156,156,0.1282051282051282,0.1282051282051282,2.902801487509754,1.0200176114526693,0.2593436827257508,0.387548810930879,,0.31743034811005455,0.8846153846153846,0.27564102564102566,0.08333333333333333,0.0,0.0,0.0,6.128510613925755
decision-extension-20261006,intern-decision-2b/w4a4-full-v1,intern-decision-2b,Intern-Decision,W4A4,mmlu-pro,mmlu-pro,s1q2-beta05,s1q2-beta05,S1Qv2,complete,new_family_fixed_recipe_extension,labeled_decision_accuracy,floating_point_QDQ,156,156,0.14102564102564102,0.14102564102564102,2.9390968275468436,1.0134713008422576,0.23987055356805856,0.38010780716482295,,0.3070813692478587,0.8461538461538461,0.28205128205128205,0.10256410256410256,0.0,0.0,0.0,5.284983712248504
decision-extension-20261006,intern-decision-2b/w4a4-full-v1,intern-decision-2b,Intern-Decision,W4A4,mmlu-pro,mmlu-pro,awq-adapted,awq-adapted,AWQ*,complete,new_family_fixed_recipe_extension,labeled_decision_accuracy,floating_point_QDQ,156,156,0.10897435897435898,0.10897435897435898,2.8059636458375086,1.0079575591248267,0.25763382805423624,0.36660818702859527,,0.29107282073382745,0.8333333333333334,0.28846153846153844,0.07692307692307693,0.0,0.0,0.0,7.249126254115254
decision-extension-20261006,intern-decision-2b/w4a4-full-v1,intern-decision-2b,Intern-Decision,W4A4,mmlu-pro,mmlu-pro,gptq-blockdiag-adapted,gptq-blockdiag-adapted,GPTQ-block*,complete,new_family_fixed_recipe_extension,labeled_decision_accuracy,floating_point_QDQ,156,156,0.08974358974358974,0.08974358974358974,3.276335211912754,1.1188017274908857,0.3769719975235753,0.4662289673165928,,0.3315937094132118,0.8717948717948718,0.28205128205128205,0.05128205128205128,0.0,0.0,0.0,68.02250094013289
decision-extension-20261006,intern-decision-2b/w4a4-full-v1,intern-decision-2b,Intern-Decision,W4A4,mmlu-pro,mmlu-pro,spinquant-nohad-adapted,spinquant-nohad-adapted,SpinQuant no-Had*,complete,new_family_fixed_recipe_extension,labeled_decision_accuracy,floating_point_QDQ,156,156,0.14743589743589744,0.14743589743589744,2.9636616739381836,1.0216086293984483,0.26656567305374324,0.3922557809278474,,0.31513344511743513,0.8525641025641025,0.2692307692307692,0.09615384615384616,0.00641025641025641,0.00641025641025641,0.00641025641025641,13.536331868730485
decision-extension-20261006,intern-decision-2b/w4a4-full-v1,intern-decision-2b,Intern-Decision,W4A4,mmlu-pro,mmlu-pro,spinquant-had-adapted,spinquant-had-adapted,SpinQuant Had*,complete,new_family_fixed_recipe_extension,labeled_decision_accuracy,floating_point_QDQ,156,156,0.1346153846153846,0.1346153846153846,2.8899649192323817,0.9896205421896952,0.21769487062559503,0.3509159305133938,,0.2880239518700101,0.8333333333333334,0.2692307692307692,0.08333333333333333,0.0,0.0,0.0,13.166375703178346
decision-extension-20261006,intern-decision-2b/w4a4-full-v1,intern-decision-2b,Intern-Decision,W4A4,mmlu-pro,mmlu-pro,s1q-joint,s1q-joint,S1Q-Joint,complete,new_family_fixed_recipe_extension,labeled_decision_accuracy,floating_point_QDQ,156,156,0.09615384615384616,0.09615384615384616,2.5515166789588,0.958786839611021,0.18661016506791037,0.28276401122175654,,0.27720794589311065,0.8910256410256411,0.28846153846153844,0.0641025641025641,0.0,0.0,0.0,26.080349429976195
decision-extension-20261006,intern-decision-2b/w4a4-full-v1,intern-decision-2b,Intern-Decision,W4A4,mmlu-pro,mmlu-pro,s1q-ac,s1q-ac,S1Q-AC,complete,new_family_fixed_recipe_extension,labeled_decision_accuracy,floating_point_QDQ,156,156,0.10256410256410256,0.10256410256410256,2.7036439414084206,0.980203542096707,0.2012311355597975,0.3037952381239001,,0.26868953498434583,0.8141025641025641,0.2692307692307692,0.05128205128205128,0.0,0.0,0.0,37.45617756899446
decision-extension-20261006,intern-decision-2b/w4a4-full-v1,intern-decision-2b,Intern-Decision,W4A4,mmlu-pro,mmlu-pro,s1q-margin,s1q-margin,S1Q-Margin,complete,new_family_fixed_recipe_extension,labeled_decision_accuracy,floating_point_QDQ,156,156,0.14743589743589744,0.14743589743589744,2.7011222428362833,0.9704622236399121,0.18044842844760864,0.32788432588350613,,0.2674079768137331,0.7948717948717948,0.24358974358974358,0.07051282051282051,0.0,0.0,0.0,8.900649564806372
decision-extension-20261006,intern-decision-2b/w4a4-full-v1,intern-decision-2b,Intern-Decision,W4A4,mmlu-pro,mmlu-pro,s1q,s1q,S1Q (current),complete,new_family_fixed_recipe_extension,labeled_decision_accuracy,floating_point_QDQ,156,156,0.10256410256410256,0.10256410256410256,2.927023969029948,1.0076088699808288,0.24068164536602113,0.338487051636378,,0.27529890459537415,0.8397435897435898,0.2564102564102564,0.038461538461538464,0.0,0.0,0.0,17.712070845998824
decision-extension-20261006,intern-decision-2b/w4a4-full-v1,intern-decision-2b,Intern-Decision,W4A4,wanli,wanli,native,native,Native,complete,new_family_fixed_recipe_extension,labeled_decision_accuracy,floating_point_native,256,256,0.52734375,0.52734375,1.5423283823170073,0.723268030785317,0.2932804925188382,0.8158663621685212,,,,,,0.0,0.0,0.0,
decision-extension-20261006,intern-decision-2b/w4a4-full-v1,intern-decision-2b,Intern-Decision,W4A4,wanli,wanli,rtn,rtn,RTN,complete,new_family_fixed_recipe_extension,labeled_decision_accuracy,floating_point_QDQ,256,256,0.359375,0.359375,1.5577214677150222,0.8502699773702378,0.3090658585531313,0.6678524135340016,,0.2472913629088176,0.66015625,0.32421875,0.15625,0.0,0.0,0.0,2.9473267989233136
decision-extension-20261006,intern-decision-2b/w4a4-full-v1,intern-decision-2b,Intern-Decision,W4A4,wanli,wanli,s1q-local,s1q-local,S1Qv1,complete,new_family_fixed_recipe_extension,labeled_decision_accuracy,floating_point_QDQ,256,256,0.3203125,0.3203125,1.2931997901675372,0.7774380955183705,0.22787786365905244,0.5481903636590525,,0.21146385858888297,0.640625,0.33203125,0.125,0.0,0.0,0.0,6.128510613925755
decision-extension-20261006,intern-decision-2b/w4a4-full-v1,intern-decision-2b,Intern-Decision,W4A4,wanli,wanli,s1q2-beta05,s1q2-beta05,S1Qv2,complete,new_family_fixed_recipe_extension,labeled_decision_accuracy,floating_point_QDQ,256,256,0.33984375,0.33984375,1.2616927571122163,0.7496131983384928,0.209603733493039,0.549447483493039,,0.20632137793404312,0.6640625,0.34375,0.15625,0.0,0.0,0.0,5.284983712248504
decision-extension-20261006,intern-decision-2b/w4a4-full-v1,intern-decision-2b,Intern-Decision,W4A4,wanli,wanli,awq-adapted,awq-adapted,AWQ*,complete,new_family_fixed_recipe_extension,labeled_decision_accuracy,floating_point_QDQ,256,256,0.3671875,0.3671875,1.2712286608563315,0.7577730043720305,0.2018320360030302,0.560404502143625,,0.21100842754988378,0.63671875,0.3125,0.15234375,0.0,0.0,0.0,7.249126254115254
decision-extension-20261006,intern-decision-2b/w4a4-full-v1,intern-decision-2b,Intern-Decision,W4A4,wanli,wanli,gptq-blockdiag-adapted,gptq-blockdiag-adapted,GPTQ-block*,complete,new_family_fixed_recipe_extension,labeled_decision_accuracy,floating_point_QDQ,256,256,0.3359375,0.3359375,1.643170182705347,0.8891785193526212,0.35603886478899,0.6728408402821344,,0.26577553268254717,0.6875,0.36328125,0.171875,0.00390625,0.00390625,0.00390625,68.02250094013289
decision-extension-20261006,intern-decision-2b/w4a4-full-v1,intern-decision-2b,Intern-Decision,W4A4,wanli,wanli,spinquant-nohad-adapted,spinquant-nohad-adapted,SpinQuant no-Had*,complete,new_family_fixed_recipe_extension,labeled_decision_accuracy,floating_point_QDQ,256,256,0.29296875,0.29296875,1.5443684549688592,0.877971220615984,0.3384183635359458,0.6300060936878692,,0.22427014027954015,0.63671875,0.34765625,0.11328125,0.0,0.0,0.0,13.536331868730485
decision-extension-20261006,intern-decision-2b/w4a4-full-v1,intern-decision-2b,Intern-Decision,W4A4,wanli,wanli,spinquant-had-adapted,spinquant-had-adapted,SpinQuant Had*,complete,new_family_fixed_recipe_extension,labeled_decision_accuracy,floating_point_QDQ,256,256,0.33203125,0.33203125,1.24787382904645,0.7453891398076017,0.21939087755518166,0.5514221275551817,,0.1997504830122059,0.60546875,0.3125,0.1171875,0.00390625,0.00390625,0.00390625,13.166375703178346
decision-extension-20261006,intern-decision-2b/w4a4-full-v1,intern-decision-2b,Intern-Decision,W4A4,wanli,wanli,s1q-joint,s1q-joint,S1Q-Joint,complete,new_family_fixed_recipe_extension,labeled_decision_accuracy,floating_point_QDQ,256,256,0.3359375,0.3359375,1.1759093262285587,0.7068151571332134,0.16434431348514836,0.5002818134851483,,0.1796102951195331,0.59375,0.33203125,0.140625,0.00390625,0.00390625,0.00390625,26.080349429976195
decision-extension-20261006,intern-decision-2b/w4a4-full-v1,intern-decision-2b,Intern-Decision,W4A4,wanli,wanli,s1q-ac,s1q-ac,S1Q-AC,complete,new_family_fixed_recipe_extension,labeled_decision_accuracy,floating_point_QDQ,256,256,0.37109375,0.37109375,1.2212378315241716,0.7168473534688038,0.15976390655926365,0.5253353681189546,,0.19059806346343525,0.62890625,0.3203125,0.1640625,0.0,0.0,0.0,37.45617756899446
decision-extension-20261006,intern-decision-2b/w4a4-full-v1,intern-decision-2b,Intern-Decision,W4A4,wanli,wanli,s1q-margin,s1q-margin,S1Q-Margin,complete,new_family_fixed_recipe_extension,labeled_decision_accuracy,floating_point_QDQ,256,256,0.38671875,0.38671875,1.1923692388075955,0.7128562061296763,0.13674054068610508,0.5234592906861051,,0.18470438745799062,0.58984375,0.3046875,0.1640625,0.0078125,0.0078125,0.0078125,8.900649564806372
decision-extension-20261006,intern-decision-2b/w4a4-full-v1,intern-decision-2b,Intern-Decision,W4A4,wanli,wanli,s1q,s1q,S1Q (current),complete,new_family_fixed_recipe_extension,labeled_decision_accuracy,floating_point_QDQ,256,256,0.390625,0.390625,1.2179812090284505,0.7226775801860693,0.15521381687450295,0.545838816874503,,0.18352942058078897,0.5546875,0.28515625,0.1484375,0.0,0.0,0.0,17.712070845998824
decision-extension-20261006,intern-decision-4b/w4a4-full-v1,intern-decision-4b,Intern-Decision,W4A4,development,development,native,native,Native,complete,new_family_fixed_recipe_extension,labeled_decision_accuracy,floating_point_native,311,184,0.7942122186495176,0.8294291600212653,0.6506500928967194,0.3230807784488407,0.1352590531315404,0.9167481751410635,0.518877172315164,,,,,0.14469453376205788,0.47266881028938906,0.6881028938906752,
decision-extension-20261006,intern-decision-4b/w4a4-full-v1,intern-decision-4b,Intern-Decision,W4A4,development,development,rtn,rtn,RTN,complete,new_family_fixed_recipe_extension,labeled_decision_accuracy,floating_point_QDQ,311,184,0.39228295819935693,0.4200292397660819,1.4430526914595774,0.8146564987532664,0.2863719918502073,0.6786549500495641,1.4080519270114031,0.2748270123962464,0.6012861736334405,0.4662379421221865,0.06430868167202572,0.003215434083601286,0.003215434083601286,0.003215434083601286,12.223634792026132
decision-extension-20261006,intern-decision-4b/w4a4-full-v1,intern-decision-4b,Intern-Decision,W4A4,development,development,s1q-local,s1q-local,S1Qv1,complete,new_family_fixed_recipe_extension,labeled_decision_accuracy,floating_point_QDQ,311,184,0.42443729903536975,0.441537081339713,1.327145052166095,0.7145284926964317,0.1906175296494802,0.6150548286848501,1.5523389338655809,0.25009448736337025,0.5466237942122186,0.4212218649517685,0.05144694533762058,0.0,0.0,0.0,20.63623722922057
decision-extension-20261006,intern-decision-4b/w4a4-full-v1,intern-decision-4b,Intern-Decision,W4A4,development,development,s1q2-beta05,s1q2-beta05,S1Qv2,complete,new_family_fixed_recipe_extension,labeled_decision_accuracy,floating_point_QDQ,311,184,0.38263665594855306,0.4047946570972887,1.3569507257545879,0.7350264694326996,0.2151683498034462,0.5978050057519994,1.541257619760196,0.25896854931370394,0.5884244372990354,0.45980707395498394,0.04823151125401929,0.003215434083601286,0.003215434083601286,0.003215434083601286,24.33281785994768
decision-extension-20261006,intern-decision-4b/w4a4-full-v1,intern-decision-4b,Intern-Decision,W4A4,development,development,awq-adapted,awq-adapted,AWQ*,complete,new_family_fixed_recipe_extension,labeled_decision_accuracy,floating_point_QDQ,311,184,0.4630225080385852,0.48016015417331204,1.1698121596361537,0.6551104856505933,0.12368810361866332,0.5867106116572485,1.467751702511251,0.23461694355010107,0.5466237942122186,0.3954983922829582,0.06430868167202572,0.006430868167202572,0.006430868167202572,0.006430868167202572,29.332094120793045
decision-extension-20261006,intern-decision-4b/w4a4-full-v1,intern-decision-4b,Intern-Decision,W4A4,development,development,gptq-blockdiag-adapted,gptq-blockdiag-adapted,GPTQ-block*,complete,new_family_fixed_recipe_extension,labeled_decision_accuracy,floating_point_QDQ,311,184,0.42443729903536975,0.42976807549175966,1.4068690526512653,0.7686700684105979,0.27584095858357227,0.6994843081321408,1.3337648132711366,0.2752517609451653,0.6141479099678456,0.45980707395498394,0.09003215434083602,0.00964630225080386,0.00964630225080386,0.00964630225080386,167.33582268096507
decision-extension-20261006,intern-decision-4b/w4a4-full-v1,intern-decision-4b,Intern-Decision,W4A4,development,development,spinquant-nohad-adapted,spinquant-nohad-adapted,SpinQuant no-Had*,complete,new_family_fixed_recipe_extension,labeled_decision_accuracy,floating_point_QDQ,311,184,0.3890675241157556,0.37678096757044127,1.3577462381237797,0.7566250182851592,0.2644816985077295,0.6460432534939781,1.53848636329158,0.26249916610720175,0.6141479099678456,0.47266881028938906,0.06752411575562701,0.0,0.0,0.0,33.79254604782909
decision-extension-20261006,intern-decision-4b/w4a4-full-v1,intern-decision-4b,Intern-Decision,W4A4,development,development,spinquant-had-adapted,spinquant-had-adapted,SpinQuant Had*,complete,new_family_fixed_recipe_extension,labeled_decision_accuracy,floating_point_QDQ,311,184,0.40836012861736337,0.3856725146198831,1.335493106871616,0.7335135725145361,0.21740958509427769,0.625769713711641,1.6135655398118085,0.25721286558603607,0.6141479099678456,0.4565916398713826,0.0707395498392283,0.012861736334405145,0.012861736334405145,0.012861736334405145,30.105577652342618
decision-extension-20261006,intern-decision-4b/w4a4-full-v1,intern-decision-4b,Intern-Decision,W4A4,development,development,s1q-joint,s1q-joint,S1Q-Joint,complete,new_family_fixed_recipe_extension,labeled_decision_accuracy,floating_point_QDQ,311,184,0.5080385852090032,0.5342603668261563,0.9880073270855645,0.5744723938176773,0.1400563090429439,0.6364705896603617,1.1208198349582377,0.1866471440695727,0.4758842443729904,0.3504823151125402,0.06430868167202572,0.022508038585209004,0.022508038585209004,0.15434083601286175,70.1063216496259
decision-extension-20261006,intern-decision-4b/w4a4-full-v1,intern-decision-4b,Intern-Decision,W4A4,development,development,s1q-ac,s1q-ac,S1Q-AC,complete,new_family_fixed_recipe_extension,labeled_decision_accuracy,floating_point_QDQ,311,184,0.4662379421221865,0.4777412280701755,1.0070824342899045,0.5932565193855718,0.16060517173791095,0.6243058322113647,1.1374161132899054,0.18736666854628783,0.4790996784565916,0.37942122186495175,0.05144694533762058,0.05466237942122187,0.05466237942122187,0.05466237942122187,151.7944239177741
decision-extension-20261006,intern-decision-4b/w4a4-full-v1,intern-decision-4b,Intern-Decision,W4A4,development,development,s1q-margin,s1q-margin,S1Q-Margin,complete,new_family_fixed_recipe_extension,labeled_decision_accuracy,floating_point_QDQ,311,184,0.5659163987138264,0.581632110579479,0.9303906684760245,0.5382274000866379,0.08888693724181068,0.6214541117418019,1.1290149991834968,0.18240091773675718,0.4630225080385852,0.3183279742765273,0.09003215434083602,0.01929260450160772,0.08681672025723473,0.11254019292604502,68.11000831099227
decision-extension-20261006,intern-decision-4b/w4a4-full-v1,intern-decision-4b,Intern-Decision,W4A4,development,development,s1q,s1q,S1Q (current),complete,new_family_fixed_recipe_extension,labeled_decision_accuracy,floating_point_QDQ,311,184,0.5434083601286174,0.5487340510366825,1.0260954650434155,0.5590401760995483,0.1304623374142189,0.6738706975428363,1.0648488881105949,0.17158881924048522,0.4180064308681672,0.3183279742765273,0.06752411575562701,0.028938906752411574,0.028938906752411574,0.03536977491961415,149.6745814778842
decision-extension-20261006,intern-decision-4b/w4a4-full-v1,intern-decision-4b,Intern-Decision,W4A4,mmlu-pro,mmlu-pro,native,native,Native,complete,new_family_fixed_recipe_extension,labeled_decision_accuracy,floating_point_native,156,156,0.47435897435897434,0.47435897435897434,2.0381795383836083,0.7105701174624357,0.22614951837248526,0.650106986992032,,,,,,0.038461538461538464,0.038461538461538464,0.1282051282051282,
decision-extension-20261006,intern-decision-4b/w4a4-full-v1,intern-decision-4b,Intern-Decision,W4A4,mmlu-pro,mmlu-pro,rtn,rtn,RTN,complete,new_family_fixed_recipe_extension,labeled_decision_accuracy,floating_point_QDQ,156,156,0.07692307692307693,0.07692307692307693,3.0973991187941325,1.1038673439259823,0.3635024980827033,0.44042557500578017,,0.3742109282207874,0.8910256410256411,0.41025641025641024,0.01282051282051282,0.0,0.0,0.0,12.223634792026132
decision-extension-20261006,intern-decision-4b/w4a4-full-v1,intern-decision-4b,Intern-Decision,W4A4,mmlu-pro,mmlu-pro,s1q-local,s1q-local,S1Qv1,complete,new_family_fixed_recipe_extension,labeled_decision_accuracy,floating_point_QDQ,156,156,0.12179487179487179,0.12179487179487179,3.1708714190273386,1.0490754840282877,0.302384587481434,0.41951405247425866,,0.34514305280502866,0.7756410256410257,0.3782051282051282,0.02564102564102564,0.00641025641025641,0.00641025641025641,0.00641025641025641,20.63623722922057
decision-extension-20261006,intern-decision-4b/w4a4-full-v1,intern-decision-4b,Intern-Decision,W4A4,mmlu-pro,mmlu-pro,s1q2-beta05,s1q2-beta05,S1Qv2,complete,new_family_fixed_recipe_extension,labeled_decision_accuracy,floating_point_QDQ,156,156,0.16666666666666666,0.16666666666666666,3.1069837175997312,1.0275409029095928,0.25700268206387494,0.40575515486427116,,0.34482203312600546,0.7948717948717948,0.358974358974359,0.05128205128205128,0.00641025641025641,0.00641025641025641,0.00641025641025641,24.33281785994768
decision-extension-20261006,intern-decision-4b/w4a4-full-v1,intern-decision-4b,Intern-Decision,W4A4,mmlu-pro,mmlu-pro,awq-adapted,awq-adapted,AWQ*,complete,new_family_fixed_recipe_extension,labeled_decision_accuracy,floating_point_QDQ,156,156,0.1282051282051282,0.1282051282051282,2.9917670956096734,1.0245062178990147,0.24018405108752874,0.36838917929265697,,0.33949773266800787,0.8333333333333334,0.391025641025641,0.04487179487179487,0.0,0.0,0.0,29.332094120793045
decision-extension-20261006,intern-decision-4b/w4a4-full-v1,intern-decision-4b,Intern-Decision,W4A4,mmlu-pro,mmlu-pro,gptq-blockdiag-adapted,gptq-blockdiag-adapted,GPTQ-block*,complete,new_family_fixed_recipe_extension,labeled_decision_accuracy,floating_point_QDQ,156,156,0.09615384615384616,0.09615384615384616,3.0363774532462973,1.092961564923064,0.3632343713345203,0.45938821748836633,,0.37880885017207405,0.8717948717948718,0.42948717948717946,0.05128205128205128,0.00641025641025641,0.00641025641025641,0.00641025641025641,167.33582268096507
decision-extension-20261006,intern-decision-4b/w4a4-full-v1,intern-decision-4b,Intern-Decision,W4A4,mmlu-pro,mmlu-pro,spinquant-nohad-adapted,spinquant-nohad-adapted,SpinQuant no-Had*,complete,new_family_fixed_recipe_extension,labeled_decision_accuracy,floating_point_QDQ,156,156,0.1346153846153846,0.1346153846153846,3.3093402673599646,1.1042511563761497,0.3298898686399887,0.4645052532553733,,0.3557767205688981,0.8076923076923077,0.391025641025641,0.05128205128205128,0.0,0.0,0.0,33.79254604782909
decision-extension-20261006,intern-decision-4b/w4a4-full-v1,intern-decision-4b,Intern-Decision,W4A4,mmlu-pro,mmlu-pro,spinquant-had-adapted,spinquant-had-adapted,SpinQuant Had*,complete,new_family_fixed_recipe_extension,labeled_decision_accuracy,floating_point_QDQ,156,156,0.10256410256410256,0.10256410256410256,3.420133811069511,1.1167156658876394,0.36254962568576704,0.46511372824986974,,0.3620949813720711,0.8076923076923077,0.40384615384615385,0.03205128205128205,0.0,0.0,0.0,30.105577652342618
decision-extension-20261006,intern-decision-4b/w4a4-full-v1,intern-decision-4b,Intern-Decision,W4A4,mmlu-pro,mmlu-pro,s1q-joint,s1q-joint,S1Q-Joint,complete,new_family_fixed_recipe_extension,labeled_decision_accuracy,floating_point_QDQ,156,156,0.12179487179487179,0.12179487179487179,2.9803737339679004,1.0247006858109826,0.24921012727539724,0.366703722011153,,0.34358762656093017,0.8525641025641025,0.41025641025641024,0.057692307692307696,0.0,0.0,0.0,70.1063216496259
decision-extension-20261006,intern-decision-4b/w4a4-full-v1,intern-decision-4b,Intern-Decision,W4A4,mmlu-pro,mmlu-pro,s1q-ac,s1q-ac,S1Q-AC,complete,new_family_fixed_recipe_extension,labeled_decision_accuracy,floating_point_QDQ,156,156,0.12179487179487179,0.12179487179487179,2.881285129530037,1.016685747513208,0.2562380692642761,0.37803294105914786,,0.30764393696588344,0.7948717948717948,0.3974358974358974,0.04487179487179487,0.0,0.0,0.0,151.7944239177741
decision-extension-20261006,intern-decision-4b/w4a4-full-v1,intern-decision-4b,Intern-Decision,W4A4,mmlu-pro,mmlu-pro,s1q-margin,s1q-margin,S1Q-Margin,complete,new_family_fixed_recipe_extension,labeled_decision_accuracy,floating_point_QDQ,156,156,0.16666666666666666,0.16666666666666666,2.7335802184346925,0.9689442252941378,0.18389538135782105,0.3502641451842522,,0.3101644909410427,0.782051282051282,0.358974358974359,0.05128205128205128,0.0,0.0,0.0,68.11000831099227
decision-extension-20261006,intern-decision-4b/w4a4-full-v1,intern-decision-4b,Intern-Decision,W4A4,mmlu-pro,mmlu-pro,s1q,s1q,S1Q (current),complete,new_family_fixed_recipe_extension,labeled_decision_accuracy,floating_point_QDQ,156,156,0.09615384615384616,0.09615384615384616,3.2027527550713986,1.0648879168281702,0.32457902059696675,0.4207328667508129,,0.3388610516741962,0.7756410256410257,0.41025641025641024,0.03205128205128205,0.00641025641025641,0.00641025641025641,0.00641025641025641,149.6745814778842
decision-extension-20261006,intern-decision-4b/w4a4-full-v1,intern-decision-4b,Intern-Decision,W4A4,wanli,wanli,native,native,Native,complete,new_family_fixed_recipe_extension,labeled_decision_accuracy,floating_point_native,256,256,0.6953125,0.6953125,1.0265769704131158,0.5042661071073581,0.19326638736028942,0.8814325822179426,,,,,,0.00390625,0.00390625,0.0390625,
decision-extension-20261006,intern-decision-4b/w4a4-full-v1,intern-decision-4b,Intern-Decision,W4A4,wanli,wanli,rtn,rtn,RTN,complete,new_family_fixed_recipe_extension,labeled_decision_accuracy,floating_point_QDQ,256,256,0.34765625,0.34765625,1.45791925968896,0.8407828134458851,0.3092271029591507,0.6512783023143254,,0.2602947108762696,0.6640625,0.44921875,0.1015625,0.00390625,0.00390625,0.00390625,12.223634792026132
decision-extension-20261006,intern-decision-4b/w4a4-full-v1,intern-decision-4b,Intern-Decision,W4A4,wanli,wanli,s1q-local,s1q-local,S1Qv1,complete,new_family_fixed_recipe_extension,labeled_decision_accuracy,floating_point_QDQ,256,256,0.3125,0.3125,1.3005760596517553,0.7760854259948496,0.24317739156440807,0.555677391564408,,0.2532176327542757,0.68359375,0.484375,0.1015625,0.0,0.0,0.0,20.63623722922057
decision-extension-20261006,intern-decision-4b/w4a4-full-v1,intern-decision-4b,Intern-Decision,W4A4,wanli,wanli,s1q2-beta05,s1q2-beta05,S1Qv2,complete,new_family_fixed_recipe_extension,labeled_decision_accuracy,floating_point_QDQ,256,256,0.296875,0.296875,1.3479342889225159,0.8092700513310281,0.25005575235100486,0.546930752351005,,0.2558736860832835,0.69921875,0.484375,0.0859375,0.0,0.0,0.0,24.33281785994768
decision-extension-20261006,intern-decision-4b/w4a4-full-v1,intern-decision-4b,Intern-Decision,W4A4,wanli,wanli,awq-adapted,awq-adapted,AWQ*,complete,new_family_fixed_recipe_extension,labeled_decision_accuracy,floating_point_QDQ,256,256,0.35546875,0.35546875,1.2395143042155754,0.7439103807148083,0.1741084619137989,0.5295772119137988,,0.2302680474580664,0.625,0.4296875,0.08984375,0.0,0.0,0.0,29.332094120793045
decision-extension-20261006,intern-decision-4b/w4a4-full-v1,intern-decision-4b,Intern-Decision,W4A4,wanli,wanli,gptq-blockdiag-adapted,gptq-blockdiag-adapted,GPTQ-block*,complete,new_family_fixed_recipe_extension,labeled_decision_accuracy,floating_point_QDQ,256,256,0.3359375,0.3359375,1.690624962487415,0.904116542662204,0.31474717101791017,0.6460024595482377,,0.2987294101519894,0.70703125,0.48046875,0.12109375,0.0,0.0,0.0,167.33582268096507
decision-extension-20261006,intern-decision-4b/w4a4-full-v1,intern-decision-4b,Intern-Decision,W4A4,wanli,wanli,spinquant-nohad-adapted,spinquant-nohad-adapted,SpinQuant no-Had*,complete,new_family_fixed_recipe_extension,labeled_decision_accuracy,floating_point_QDQ,256,256,0.3203125,0.3203125,1.4825596732344002,0.8567569018141854,0.30570788991803605,0.5914378303817358,,0.27738139214685326,0.70703125,0.49609375,0.12109375,0.0,0.0,0.0,33.79254604782909
decision-extension-20261006,intern-decision-4b/w4a4-full-v1,intern-decision-4b,Intern-Decision,W4A4,wanli,wanli,spinquant-had-adapted,spinquant-had-adapted,SpinQuant Had*,complete,new_family_fixed_recipe_extension,labeled_decision_accuracy,floating_point_QDQ,256,256,0.3515625,0.3515625,1.335026118698929,0.7864514790305261,0.21312728984534124,0.5646897898453414,,0.2560668994399177,0.67578125,0.45703125,0.11328125,0.0,0.0,0.0,30.105577652342618
decision-extension-20261006,intern-decision-4b/w4a4-full-v1,intern-decision-4b,Intern-Decision,W4A4,wanli,wanli,s1q-joint,s1q-joint,S1Q-Joint,complete,new_family_fixed_recipe_extension,labeled_decision_accuracy,floating_point_QDQ,256,256,0.35546875,0.35546875,1.336691319511853,0.7850369484157762,0.24206106315722137,0.5975298131572213,,0.23641661120655924,0.58984375,0.421875,0.08203125,0.00390625,0.00390625,0.00390625,70.1063216496259
decision-extension-20261006,intern-decision-4b/w4a4-full-v1,intern-decision-4b,Intern-Decision,W4A4,wanli,wanli,s1q-ac,s1q-ac,S1Q-AC,complete,new_family_fixed_recipe_extension,labeled_decision_accuracy,floating_point_QDQ,256,256,0.421875,0.421875,1.2074131397320045,0.7062594455182079,0.1491778801787924,0.5584704311148652,,0.21431713667832153,0.5390625,0.37109375,0.09765625,0.00390625,0.00390625,0.00390625,151.7944239177741
decision-extension-20261006,intern-decision-4b/w4a4-full-v1,intern-decision-4b,Intern-Decision,W4A4,wanli,wanli,s1q-margin,s1q-margin,S1Q-Margin,complete,new_family_fixed_recipe_extension,labeled_decision_accuracy,floating_point_QDQ,256,256,0.40625,0.40625,1.2259999834581756,0.7185777696763949,0.16432447135565384,0.5705744713556538,,0.21591904731057088,0.5625,0.390625,0.1015625,0.0,0.0,0.0,68.11000831099227
decision-extension-20261006,intern-decision-4b/w4a4-full-v1,intern-decision-4b,Intern-Decision,W4A4,wanli,wanli,s1q,s1q,S1Q (current),complete,new_family_fixed_recipe_extension,labeled_decision_accuracy,floating_point_QDQ,256,256,0.37890625,0.37890625,1.2532115896442249,0.7349827723651354,0.19770058725946915,0.5766068372594692,,0.22579764912713798,0.58203125,0.38671875,0.0703125,0.0,0.0,0.0,149.6745814778842
decision-extension-20261006,startlux-decision-0.8b/w4a4-full-v1,startlux-decision-0.8b,StartLux-Decision,W4A4,development,development,native,native,Native,complete,new_family_fixed_recipe_extension,labeled_decision_accuracy,floating_point_native,311,184,0.7813504823151125,0.8033492822966508,0.5068718538520758,0.30023535371451704,0.08999762887845125,0.8328476416966536,0.5343906214282308,,,,,0.3504823151125402,0.3954983922829582,0.5498392282958199,
decision-extension-20261006,startlux-decision-0.8b/w4a4-full-v1,startlux-decision-0.8b,StartLux-Decision,W4A4,development,development,rtn,rtn,RTN,complete,new_family_fixed_recipe_extension,labeled_decision_accuracy,floating_point_QDQ,311,184,0.36977491961414793,0.36639752791068586,1.192171265667608,0.7063529700992718,0.2006991188827565,0.565221661751269,1.4218025757998656,0.1952557536887637,0.6270096463022508,0.4855305466237942,0.07395498392282958,0.0,0.0,0.0,0.7166620530188084
decision-extension-20261006,startlux-decision-0.8b/w4a4-full-v1,startlux-decision-0.8b,StartLux-Decision,W4A4,development,development,s1q-local,s1q-local,S1Qv1,complete,new_family_fixed_recipe_extension,labeled_decision_accuracy,floating_point_QDQ,311,184,0.5305466237942122,0.5274986709197236,0.897237245355773,0.5335958507948783,0.080854745507873,0.5548640010130826,1.0848192593895474,0.13122663402387072,0.42765273311897106,0.31189710610932475,0.06109324758842444,0.07717041800643087,0.09646302250803858,0.15434083601286175,1.8107990021817386
decision-extension-20261006,startlux-decision-0.8b/w4a4-full-v1,startlux-decision-0.8b,StartLux-Decision,W4A4,development,development,s1q2-beta05,s1q2-beta05,S1Qv2,complete,new_family_fixed_recipe_extension,labeled_decision_accuracy,floating_point_QDQ,311,184,0.5209003215434084,0.5259270334928229,0.9086110179351241,0.5345762665410265,0.07433086250521106,0.5771988811182591,1.0133636721752293,0.13322042605562096,0.47266881028938906,0.33762057877813506,0.07717041800643087,0.08038585209003216,0.08681672025723473,0.13504823151125403,1.5996405556797981
decision-extension-20261006,startlux-decision-0.8b/w4a4-full-v1,startlux-decision-0.8b,StartLux-Decision,W4A4,development,development,awq-adapted,awq-adapted,AWQ*,complete,new_family_fixed_recipe_extension,labeled_decision_accuracy,floating_point_QDQ,311,184,0.5401929260450161,0.5133871610845295,0.9303788388922651,0.5534755737646988,0.1217273074608928,0.5752714300196765,1.1076874935786691,0.14028868317691473,0.44694533762057875,0.3247588424437299,0.08360128617363344,0.04823151125401929,0.04823151125401929,0.05144694533762058,2.0531500577926636
decision-extension-20261006,startlux-decision-0.8b/w4a4-full-v1,startlux-decision-0.8b,StartLux-Decision,W4A4,development,development,gptq-blockdiag-adapted,gptq-blockdiag-adapted,GPTQ-block*,complete,new_family_fixed_recipe_extension,labeled_decision_accuracy,floating_point_QDQ,311,184,0.4630225080385852,0.4615796119085593,1.0699442150621017,0.6291766308987623,0.08067355905739287,0.5436960670959782,1.3277051246730955,0.17771490707797247,0.5691318327974276,0.40514469453376206,0.08681672025723473,0.003215434083601286,0.003215434083601286,0.003215434083601286,19.117169640026987
decision-extension-20261006,startlux-decision-0.8b/w4a4-full-v1,startlux-decision-0.8b,StartLux-Decision,W4A4,development,development,spinquant-nohad-adapted,spinquant-nohad-adapted,SpinQuant no-Had*,complete,new_family_fixed_recipe_extension,labeled_decision_accuracy,floating_point_QDQ,311,184,0.40836012861736337,0.42470427963849017,1.0375648731166214,0.6206172296563218,0.0718287929225386,0.47773133156913267,1.2901948162300154,0.17535013654354445,0.5980707395498392,0.44694533762057875,0.07395498392282958,0.006430868167202572,0.006430868167202572,0.006430868167202572,8.679792551789433
decision-extension-20261006,startlux-decision-0.8b/w4a4-full-v1,startlux-decision-0.8b,StartLux-Decision,W4A4,development,development,spinquant-had-adapted,spinquant-had-adapted,SpinQuant Had*,complete,new_family_fixed_recipe_extension,labeled_decision_accuracy,floating_point_QDQ,311,184,0.49517684887459806,0.4715576820839979,0.9606458627439557,0.5708150847428051,0.07625963935537322,0.5422242961419782,1.0803202795313316,0.1460943193478797,0.4790996784565916,0.35691318327974275,0.0707395498392283,0.08681672025723473,0.09003215434083602,0.10289389067524116,7.8294245060533285
decision-extension-20261006,startlux-decision-0.8b/w4a4-full-v1,startlux-decision-0.8b,StartLux-Decision,W4A4,development,development,s1q-joint,s1q-joint,S1Q-Joint,complete,new_family_fixed_recipe_extension,labeled_decision_accuracy,floating_point_QDQ,311,184,0.5594855305466238,0.5511762360446572,0.8662748495355977,0.5048349089564587,0.059991388403506894,0.5884408468269618,0.9825091090883904,0.1156078822728925,0.3408360128617363,0.26366559485530544,0.04180064308681672,0.08360128617363344,0.09967845659163987,0.1832797427652733,3.969072268810123
decision-extension-20261006,startlux-decision-0.8b/w4a4-full-v1,startlux-decision-0.8b,StartLux-Decision,W4A4,development,development,s1q-ac,s1q-ac,S1Q-AC,complete,new_family_fixed_recipe_extension,labeled_decision_accuracy,floating_point_QDQ,311,184,0.5659163987138264,0.5652379053694843,0.8931884126730623,0.5254108949302864,0.08333742746939797,0.6258361917328853,1.0205442378968979,0.12696583200564526,0.44694533762057875,0.31189710610932475,0.09646302250803858,0.05144694533762058,0.05144694533762058,0.08038585209003216,10.026664725970477
decision-extension-20261006,startlux-decision-0.8b/w4a4-full-v1,startlux-decision-0.8b,StartLux-Decision,W4A4,development,development,s1q-margin,s1q-margin,S1Q-Margin,complete,new_family_fixed_recipe_extension,labeled_decision_accuracy,floating_point_QDQ,311,184,0.5401929260450161,0.518527379053695,0.9181350953032882,0.5442722516643701,0.09283235497212734,0.5851911274869718,1.0381955262129763,0.14177972250688145,0.5048231511254019,0.3408360128617363,0.09967845659163987,0.012861736334405145,0.012861736334405145,0.09646302250803858,3.93323473399505
decision-extension-20261006,startlux-decision-0.8b/w4a4-full-v1,startlux-decision-0.8b,StartLux-Decision,W4A4,development,development,s1q,s1q,S1Q (current),complete,new_family_fixed_recipe_extension,labeled_decision_accuracy,floating_point_QDQ,311,184,0.5627009646302251,0.5523225677830941,0.8616119013420497,0.5128625837393895,0.07700443950864803,0.5922083710497582,0.9190574629111278,0.12740027705513993,0.43086816720257237,0.3086816720257235,0.09003215434083602,0.08038585209003216,0.13183279742765272,0.19614147909967847,8.351400632876903
decision-extension-20261006,startlux-decision-0.8b/w4a4-full-v1,startlux-decision-0.8b,StartLux-Decision,W4A4,mmlu-pro,mmlu-pro,native,native,Native,complete,new_family_fixed_recipe_extension,labeled_decision_accuracy,floating_point_native,156,156,0.30128205128205127,0.30128205128205127,2.180057037437384,0.8526314243002003,0.11342590751053051,0.3936818422472026,,,,,,0.00641025641025641,0.00641025641025641,0.00641025641025641,
decision-extension-20261006,startlux-decision-0.8b/w4a4-full-v1,startlux-decision-0.8b,StartLux-Decision,W4A4,mmlu-pro,mmlu-pro,rtn,rtn,RTN,complete,new_family_fixed_recipe_extension,labeled_decision_accuracy,floating_point_QDQ,156,156,0.07692307692307693,0.07692307692307693,2.686384375209173,0.9852915975637586,0.2236867481734628,0.3006098250965397,,0.1818353177428237,0.8782051282051282,0.26282051282051283,0.038461538461538464,0.0,0.0,0.0,0.7166620530188084
decision-extension-20261006,startlux-decision-0.8b/w4a4-full-v1,startlux-decision-0.8b,StartLux-Decision,W4A4,mmlu-pro,mmlu-pro,s1q-local,s1q-local,S1Qv1,complete,new_family_fixed_recipe_extension,labeled_decision_accuracy,floating_point_QDQ,156,156,0.12179487179487179,0.12179487179487179,2.3536306867184473,0.9175174081046986,0.08122204822105578,0.20219723585190058,,0.13986355585936933,0.8333333333333334,0.25,0.07051282051282051,0.0,0.0,0.0,1.8107990021817386
decision-extension-20261006,startlux-decision-0.8b/w4a4-full-v1,startlux-decision-0.8b,StartLux-Decision,W4A4,mmlu-pro,mmlu-pro,s1q2-beta05,s1q2-beta05,S1Qv2,complete,new_family_fixed_recipe_extension,labeled_decision_accuracy,floating_point_QDQ,156,156,0.14743589743589744,0.14743589743589744,2.2746779082043473,0.9040817627375082,0.08781759979790459,0.21110876956119723,,0.13347433538185594,0.8205128205128205,0.24358974358974358,0.08974358974358974,0.0,0.0,0.0,1.5996405556797981
decision-extension-20261006,startlux-decision-0.8b/w4a4-full-v1,startlux-decision-0.8b,StartLux-Decision,W4A4,mmlu-pro,mmlu-pro,awq-adapted,awq-adapted,AWQ*,complete,new_family_fixed_recipe_extension,labeled_decision_accuracy,floating_point_QDQ,156,156,0.1282051282051282,0.1282051282051282,2.30529847961139,0.9089120961522036,0.08464728048692055,0.2094924162508756,,0.14141276922361576,0.8846153846153846,0.2692307692307692,0.09615384615384616,0.0,0.0,0.0,2.0531500577926636
decision-extension-20261006,startlux-decision-0.8b/w4a4-full-v1,startlux-decision-0.8b,StartLux-Decision,W4A4,mmlu-pro,mmlu-pro,gptq-blockdiag-adapted,gptq-blockdiag-adapted,GPTQ-block*,complete,new_family_fixed_recipe_extension,labeled_decision_accuracy,floating_point_QDQ,156,156,0.14102564102564102,0.14102564102564102,2.4882296860670685,0.9304505310723697,0.13858510186738637,0.26623811988069407,,0.17123576756769657,0.9166666666666666,0.28205128205128205,0.12179487179487179,0.0,0.0,0.0,19.117169640026987
decision-extension-20261006,startlux-decision-0.8b/w4a4-full-v1,startlux-decision-0.8b,StartLux-Decision,W4A4,mmlu-pro,mmlu-pro,spinquant-nohad-adapted,spinquant-nohad-adapted,SpinQuant no-Had*,complete,new_family_fixed_recipe_extension,labeled_decision_accuracy,floating_point_QDQ,156,156,0.14102564102564102,0.14102564102564102,2.4293285159181135,0.923584654361664,0.07158644114716067,0.20154087852564756,,0.14972171626314695,0.9102564102564102,0.26282051282051283,0.10256410256410256,0.01282051282051282,0.01282051282051282,0.01282051282051282,8.679792551789433
decision-extension-20261006,startlux-decision-0.8b/w4a4-full-v1,startlux-decision-0.8b,StartLux-Decision,W4A4,mmlu-pro,mmlu-pro,spinquant-had-adapted,spinquant-had-adapted,SpinQuant Had*,complete,new_family_fixed_recipe_extension,labeled_decision_accuracy,floating_point_QDQ,156,156,0.12179487179487179,0.12179487179487179,2.3586308288112927,0.9165214674021164,0.09383229022616732,0.21562716202103915,,0.14458536843508335,0.8846153846153846,0.2692307692307692,0.08974358974358974,0.0,0.0,0.0,7.8294245060533285
decision-extension-20261006,startlux-decision-0.8b/w4a4-full-v1,startlux-decision-0.8b,StartLux-Decision,W4A4,mmlu-pro,mmlu-pro,s1q-joint,s1q-joint,S1Q-Joint,complete,new_family_fixed_recipe_extension,labeled_decision_accuracy,floating_point_QDQ,156,156,0.1282051282051282,0.1282051282051282,2.434896906002439,0.9429712970844267,0.11545846583951296,0.24366359404464114,,0.14992259433314878,0.9038461538461539,0.27564102564102566,0.10256410256410256,0.0,0.0,0.0,3.969072268810123
decision-extension-20261006,startlux-decision-0.8b/w4a4-full-v1,startlux-decision-0.8b,StartLux-Decision,W4A4,mmlu-pro,mmlu-pro,s1q-ac,s1q-ac,S1Q-AC,complete,new_family_fixed_recipe_extension,labeled_decision_accuracy,floating_point_QDQ,156,156,0.11538461538461539,0.11538461538461539,2.3982844414388005,0.9359451425762418,0.13400575840002682,0.24939037378464216,,0.1476293931233914,0.8461538461538461,0.28205128205128205,0.09615384615384616,0.0,0.0,0.0,10.026664725970477
decision-extension-20261006,startlux-decision-0.8b/w4a4-full-v1,startlux-decision-0.8b,StartLux-Decision,W4A4,mmlu-pro,mmlu-pro,s1q-margin,s1q-margin,S1Q-Margin,complete,new_family_fixed_recipe_extension,labeled_decision_accuracy,floating_point_QDQ,156,156,0.1282051282051282,0.1282051282051282,2.484237667437388,0.9461069377639152,0.11504832260058946,0.24325345080571767,,0.1419837257767303,0.8012820512820513,0.23076923076923078,0.057692307692307696,0.0,0.0,0.0,3.93323473399505
decision-extension-20261006,startlux-decision-0.8b/w4a4-full-v1,startlux-decision-0.8b,StartLux-Decision,W4A4,mmlu-pro,mmlu-pro,s1q,s1q,S1Q (current),complete,new_family_fixed_recipe_extension,labeled_decision_accuracy,floating_point_QDQ,156,156,0.10897435897435898,0.10897435897435898,2.418556874416603,0.9428201770242379,0.1535550088240259,0.25464810010492556,,0.15469692458493212,0.8782051282051282,0.27564102564102566,0.08333333333333333,0.0,0.0,0.0,8.351400632876903
decision-extension-20261006,startlux-decision-0.8b/w4a4-full-v1,startlux-decision-0.8b,StartLux-Decision,W4A4,wanli,wanli,native,native,Native,complete,new_family_fixed_recipe_extension,labeled_decision_accuracy,floating_point_native,256,256,0.703125,0.703125,0.7678435465030629,0.4382837887607123,0.1358011807764046,0.8191890801960675,,,,,,0.05859375,0.05859375,0.09375,
decision-extension-20261006,startlux-decision-0.8b/w4a4-full-v1,startlux-decision-0.8b,StartLux-Decision,W4A4,wanli,wanli,rtn,rtn,RTN,complete,new_family_fixed_recipe_extension,labeled_decision_accuracy,floating_point_QDQ,256,256,0.31640625,0.31640625,1.2457686708448246,0.7545538913928515,0.19010609638606693,0.5065123463860669,,0.19424823846964578,0.6640625,0.46875,0.08203125,0.00390625,0.00390625,0.00390625,0.7166620530188084
decision-extension-20261006,startlux-decision-0.8b/w4a4-full-v1,startlux-decision-0.8b,StartLux-Decision,W4A4,wanli,wanli,s1q-local,s1q-local,S1Qv1,complete,new_family_fixed_recipe_extension,labeled_decision_accuracy,floating_point_QDQ,256,256,0.4765625,0.4765625,1.0377595117249498,0.6278959590420415,0.07082599282392518,0.4867239703777198,,0.1539996147779874,0.515625,0.3359375,0.109375,0.0078125,0.0078125,0.0078125,1.8107990021817386
decision-extension-20261006,startlux-decision-0.8b/w4a4-full-v1,startlux-decision-0.8b,StartLux-Decision,W4A4,wanli,wanli,s1q2-beta05,s1q2-beta05,S1Qv2,complete,new_family_fixed_recipe_extension,labeled_decision_accuracy,floating_point_QDQ,256,256,0.44140625,0.44140625,1.0319301008710406,0.6276713332448736,0.072342538377745,0.48737611412152765,,0.1583974873338264,0.56640625,0.3828125,0.12109375,0.00390625,0.00390625,0.00390625,1.5996405556797981
decision-extension-20261006,startlux-decision-0.8b/w4a4-full-v1,startlux-decision-0.8b,StartLux-Decision,W4A4,wanli,wanli,awq-adapted,awq-adapted,AWQ*,complete,new_family_fixed_recipe_extension,labeled_decision_accuracy,floating_point_QDQ,256,256,0.4375,0.4375,1.0674320548415117,0.6452908628745622,0.08695758688568914,0.48987734580351067,,0.16287659576287616,0.59375,0.375,0.109375,0.0078125,0.0078125,0.0078125,2.0531500577926636
decision-extension-20261006,startlux-decision-0.8b/w4a4-full-v1,startlux-decision-0.8b,StartLux-Decision,W4A4,wanli,wanli,gptq-blockdiag-adapted,gptq-blockdiag-adapted,GPTQ-block*,complete,new_family_fixed_recipe_extension,labeled_decision_accuracy,floating_point_QDQ,256,256,0.3046875,0.3046875,1.2493874286941404,0.7511402477297034,0.19771942658859004,0.5024069265885902,,0.19995921254966786,0.6953125,0.4921875,0.09375,0.0,0.0,0.0,19.117169640026987
decision-extension-20261006,startlux-decision-0.8b/w4a4-full-v1,startlux-decision-0.8b,StartLux-Decision,W4A4,wanli,wanli,spinquant-nohad-adapted,spinquant-nohad-adapted,SpinQuant no-Had*,complete,new_family_fixed_recipe_extension,labeled_decision_accuracy,floating_point_QDQ,256,256,0.359375,0.359375,1.1253669110736317,0.683180981490477,0.07858569652490183,0.42974511935317333,,0.1812633653262978,0.6796875,0.46875,0.125,0.0,0.0,0.0,8.679792551789433
decision-extension-20261006,startlux-decision-0.8b/w4a4-full-v1,startlux-decision-0.8b,StartLux-Decision,W4A4,wanli,wanli,spinquant-had-adapted,spinquant-had-adapted,SpinQuant Had*,complete,new_family_fixed_recipe_extension,labeled_decision_accuracy,floating_point_QDQ,256,256,0.34375,0.34375,1.1394470957462735,0.6972363899637543,0.16883862155428633,0.509045131169052,,0.1836276485299822,0.65625,0.46875,0.109375,0.0,0.0,0.0,7.8294245060533285
decision-extension-20261006,startlux-decision-0.8b/w4a4-full-v1,startlux-decision-0.8b,StartLux-Decision,W4A4,wanli,wanli,s1q-joint,s1q-joint,S1Q-Joint,complete,new_family_fixed_recipe_extension,labeled_decision_accuracy,floating_point_QDQ,256,256,0.45703125,0.45703125,1.021413546568152,0.6162389640232454,0.07208874845419319,0.4981636663883694,,0.1447182308815123,0.48828125,0.3359375,0.08984375,0.0,0.0,0.04296875,3.969072268810123
decision-extension-20261006,startlux-decision-0.8b/w4a4-full-v1,startlux-decision-0.8b,StartLux-Decision,W4A4,wanli,wanli,s1q-ac,s1q-ac,S1Q-AC,complete,new_family_fixed_recipe_extension,labeled_decision_accuracy,floating_point_QDQ,256,256,0.54296875,0.54296875,0.9658149876841482,0.5797926751333472,0.08019725791139312,0.5325101844773422,,0.14072830929538896,0.453125,0.27734375,0.1171875,0.0,0.0,0.08984375,10.026664725970477
decision-extension-20261006,startlux-decision-0.8b/w4a4-full-v1,startlux-decision-0.8b,StartLux-Decision,W4A4,wanli,wanli,s1q-margin,s1q-margin,S1Q-Margin,complete,new_family_fixed_recipe_extension,labeled_decision_accuracy,floating_point_QDQ,256,256,0.4609375,0.4609375,1.0411573068375215,0.6285251082063021,0.052723497961730974,0.5130946739111114,,0.16019092688629957,0.57421875,0.37109375,0.12890625,0.00390625,0.00390625,0.00390625,3.93323473399505
decision-extension-20261006,startlux-decision-0.8b/w4a4-full-v1,startlux-decision-0.8b,StartLux-Decision,W4A4,wanli,wanli,s1q,s1q,S1Q (current),complete,new_family_fixed_recipe_extension,labeled_decision_accuracy,floating_point_QDQ,256,256,0.421875,0.421875,1.0774190078394716,0.6533228232599821,0.15553056264644308,0.5258152920613975,,0.1612441379113234,0.59765625,0.4140625,0.1328125,0.00390625,0.00390625,0.00390625,8.351400632876903
decision-extension-20261006,startlux-decision-2b/w4a4-full-v1,startlux-decision-2b,StartLux-Decision,W4A4,development,development,native,native,Native,complete,new_family_fixed_recipe_extension,labeled_decision_accuracy,floating_point_native,311,184,0.8488745980707395,0.876877325890484,0.36783127363679424,0.21324022997878972,0.04021628256049248,0.8552521496533618,0.5028825756370164,,,,,0.45980707395498394,0.6977491961414791,0.842443729903537,
decision-extension-20261006,startlux-decision-2b/w4a4-full-v1,startlux-decision-2b,StartLux-Decision,W4A4,development,development,rtn,rtn,RTN,complete,new_family_fixed_recipe_extension,labeled_decision_accuracy,floating_point_QDQ,311,184,0.34726688102893893,0.3906665337586391,1.7240040999790571,0.9312201617920253,0.39354845458524046,0.725188656610581,1.541328326079646,0.2733967987024286,0.6237942122186495,0.5337620578778135,0.03215434083601286,0.003215434083601286,0.003215434083601286,0.003215434083601286,2.9754115198738873
decision-extension-20261006,startlux-decision-2b/w4a4-full-v1,startlux-decision-2b,StartLux-Decision,W4A4,development,development,s1q-local,s1q-local,S1Qv1,complete,new_family_fixed_recipe_extension,labeled_decision_accuracy,floating_point_QDQ,311,184,0.3536977491961415,0.40134901648059546,1.1885998849419581,0.7066849290721323,0.22325472779917335,0.5769524769953149,1.347179288539377,0.21626895544268918,0.6430868167202572,0.5369774919614148,0.04180064308681672,0.0,0.0,0.0,3.926749460864812
decision-extension-20261006,startlux-decision-2b/w4a4-full-v1,startlux-decision-2b,StartLux-Decision,W4A4,development,development,s1q2-beta05,s1q2-beta05,S1Qv2,complete,new_family_fixed_recipe_extension,labeled_decision_accuracy,floating_point_QDQ,311,184,0.3408360128617363,0.35378123338649653,1.195663299184291,0.7271677146776635,0.24826188071449115,0.5824725720211895,1.3372421889873423,0.2232003729142522,0.639871382636656,0.5498392282958199,0.04180064308681672,0.00964630225080386,0.00964630225080386,0.00964630225080386,3.948926805984229
decision-extension-20261006,startlux-decision-2b/w4a4-full-v1,startlux-decision-2b,StartLux-Decision,W4A4,development,development,awq-adapted,awq-adapted,AWQ*,complete,new_family_fixed_recipe_extension,labeled_decision_accuracy,floating_point_QDQ,311,184,0.3729903536977492,0.41774322169059014,1.1904350141600095,0.7105301550569485,0.22634148197766088,0.5977766119950758,1.315625509704848,0.2137909074781069,0.6077170418006431,0.5112540192926045,0.03536977491961415,0.0,0.0,0.0,4.521107749082148
decision-extension-20261006,startlux-decision-2b/w4a4-full-v1,startlux-decision-2b,StartLux-Decision,W4A4,development,development,gptq-blockdiag-adapted,gptq-blockdiag-adapted,GPTQ-block*,complete,new_family_fixed_recipe_extension,labeled_decision_accuracy,floating_point_QDQ,311,184,0.37942122186495175,0.4475112971823498,1.4876942213514572,0.825031561603654,0.3151299129999893,0.6945511348649411,1.3963549360933827,0.2368009531881478,0.6012861736334405,0.5080385852090032,0.03858520900321544,0.01607717041800643,0.01607717041800643,0.01607717041800643,38.153899644035846
decision-extension-20261006,startlux-decision-2b/w4a4-full-v1,startlux-decision-2b,StartLux-Decision,W4A4,development,development,spinquant-nohad-adapted,spinquant-nohad-adapted,SpinQuant no-Had*,complete,new_family_fixed_recipe_extension,labeled_decision_accuracy,floating_point_QDQ,311,184,0.3890675241157556,0.43100079744816583,1.198330395290936,0.7215184151244529,0.21888790644096645,0.6010643287039359,1.2431182394673017,0.21764082680254018,0.6045016077170418,0.5080385852090032,0.04823151125401929,0.0,0.0,0.0,7.5795129630714655
decision-extension-20261006,startlux-decision-2b/w4a4-full-v1,startlux-decision-2b,StartLux-Decision,W4A4,development,development,spinquant-had-adapted,spinquant-had-adapted,SpinQuant Had*,complete,new_family_fixed_recipe_extension,labeled_decision_accuracy,floating_point_QDQ,311,184,0.5916398713826366,0.5974514885699096,0.8817409743553984,0.5056837613121848,0.0639919019226447,0.6232370972436063,0.9371563712782902,0.14306026341025932,0.43729903536977494,0.3279742765273312,0.0707395498392283,0.03536977491961415,0.03536977491961415,0.19292604501607716,9.064621143974364
decision-extension-20261006,startlux-decision-2b/w4a4-full-v1,startlux-decision-2b,StartLux-Decision,W4A4,development,development,s1q-joint,s1q-joint,S1Q-Joint,complete,new_family_fixed_recipe_extension,labeled_decision_accuracy,floating_point_QDQ,311,184,0.5594855305466238,0.5084230462519937,0.8702960902984183,0.5194280167481796,0.10327369463756447,0.6301224551374086,0.8481320316954197,0.13792227758197873,0.40192926045016075,0.3247588424437299,0.03536977491961415,0.012861736334405145,0.09003215434083602,0.13183279742765272,6.395361906848848
decision-extension-20261006,startlux-decision-2b/w4a4-full-v1,startlux-decision-2b,StartLux-Decision,W4A4,development,development,s1q-ac,s1q-ac,S1Q-AC,complete,new_family_fixed_recipe_extension,labeled_decision_accuracy,floating_point_QDQ,311,184,0.5562700964630225,0.5581838118022329,0.8892240760916663,0.534769159168987,0.09577150158496772,0.6246566556536388,0.9279709016994243,0.14468611228115813,0.4533762057877814,0.3536977491961415,0.06109324758842444,0.06430868167202572,0.07395498392282958,0.1414790996784566,14.698380725923926
decision-extension-20261006,startlux-decision-2b/w4a4-full-v1,startlux-decision-2b,StartLux-Decision,W4A4,development,development,s1q-margin,s1q-margin,S1Q-Margin,complete,new_family_fixed_recipe_extension,labeled_decision_accuracy,floating_point_QDQ,311,184,0.5852090032154341,0.5864599946836789,0.8782764695745667,0.5225658080272758,0.06733145195695896,0.6151513269149237,1.0037745391133135,0.1495914756683049,0.42765273311897106,0.3247588424437299,0.06109324758842444,0.03858520900321544,0.0707395498392283,0.14790996784565916,7.392033215612173
decision-extension-20261006,startlux-decision-2b/w4a4-full-v1,startlux-decision-2b,StartLux-Decision,W4A4,development,development,s1q,s1q,S1Q (current),complete,new_family_fixed_recipe_extension,labeled_decision_accuracy,floating_point_QDQ,311,184,0.6270096463022508,0.6270600744284954,0.8468574680810341,0.4964463596387551,0.08569865339707712,0.6171791548198782,0.9228675234235175,0.131565952275814,0.37942122186495175,0.28938906752411575,0.06752411575562701,0.01929260450160772,0.09967845659163987,0.1414790996784566,13.366948202252388
decision-extension-20261006,startlux-decision-2b/w4a4-full-v1,startlux-decision-2b,StartLux-Decision,W4A4,mmlu-pro,mmlu-pro,native,native,Native,complete,new_family_fixed_recipe_extension,labeled_decision_accuracy,floating_point_native,156,156,0.42948717948717946,0.42948717948717946,1.973035265733066,0.76744233881821,0.13607820990939684,0.5159555206192272,,,,,,0.00641025641025641,0.00641025641025641,0.09615384615384616,
decision-extension-20261006,startlux-decision-2b/w4a4-full-v1,startlux-decision-2b,StartLux-Decision,W4A4,mmlu-pro,mmlu-pro,rtn,rtn,RTN,complete,new_family_fixed_recipe_extension,labeled_decision_accuracy,floating_point_QDQ,156,156,0.09615384615384616,0.09615384615384616,3.2157795108714717,1.1115823323975491,0.35648340002148504,0.45263724617533124,,0.3156876442470157,0.9038461538461539,0.391025641025641,0.057692307692307696,0.0,0.0,0.0,2.9754115198738873
decision-extension-20261006,startlux-decision-2b/w4a4-full-v1,startlux-decision-2b,StartLux-Decision,W4A4,mmlu-pro,mmlu-pro,s1q-local,s1q-local,S1Qv1,complete,new_family_fixed_recipe_extension,labeled_decision_accuracy,floating_point_QDQ,156,156,0.16666666666666666,0.16666666666666666,2.705109026135132,0.9478658888788946,0.1709032617246951,0.32610208605841584,,0.2644294335626026,0.8589743589743589,0.3525641025641026,0.08974358974358974,0.0,0.0,0.0,3.926749460864812
decision-extension-20261006,startlux-decision-2b/w4a4-full-v1,startlux-decision-2b,StartLux-Decision,W4A4,mmlu-pro,mmlu-pro,s1q2-beta05,s1q2-beta05,S1Qv2,complete,new_family_fixed_recipe_extension,labeled_decision_accuracy,floating_point_QDQ,156,156,0.14102564102564102,0.14102564102564102,2.698935281806085,0.9778333058795644,0.19159167048419132,0.33261731150983237,,0.26039918484847707,0.8461538461538461,0.34615384615384615,0.057692307692307696,0.0,0.0,0.0,3.948926805984229
decision-extension-20261006,startlux-decision-2b/w4a4-full-v1,startlux-decision-2b,StartLux-Decision,W4A4,mmlu-pro,mmlu-pro,awq-adapted,awq-adapted,AWQ*,complete,new_family_fixed_recipe_extension,labeled_decision_accuracy,floating_point_QDQ,156,156,0.14102564102564102,0.14102564102564102,2.7644928846676997,0.9774525222310532,0.21402794546714948,0.3550535864927905,,0.2585434697541999,0.8461538461538461,0.3525641025641026,0.0641025641025641,0.0,0.0,0.0,4.521107749082148
decision-extension-20261006,startlux-decision-2b/w4a4-full-v1,startlux-decision-2b,StartLux-Decision,W4A4,mmlu-pro,mmlu-pro,gptq-blockdiag-adapted,gptq-blockdiag-adapted,GPTQ-block*,complete,new_family_fixed_recipe_extension,labeled_decision_accuracy,floating_point_QDQ,156,156,0.10897435897435898,0.10897435897435898,3.1149386874108527,1.066561729230312,0.31784340914280595,0.42681776811716493,,0.3038309707310953,0.9230769230769231,0.3974358974358974,0.07692307692307693,0.0,0.0,0.0,38.153899644035846
decision-extension-20261006,startlux-decision-2b/w4a4-full-v1,startlux-decision-2b,StartLux-Decision,W4A4,mmlu-pro,mmlu-pro,spinquant-nohad-adapted,spinquant-nohad-adapted,SpinQuant no-Had*,complete,new_family_fixed_recipe_extension,labeled_decision_accuracy,floating_point_QDQ,156,156,0.10256410256410256,0.10256410256410256,2.818453066301207,1.0047361261283412,0.2147442113113661,0.3173083138754686,,0.25818785486048035,0.8782051282051282,0.391025641025641,0.0641025641025641,0.0,0.0,0.0,7.5795129630714655
decision-extension-20261006,startlux-decision-2b/w4a4-full-v1,startlux-decision-2b,StartLux-Decision,W4A4,mmlu-pro,mmlu-pro,spinquant-had-adapted,spinquant-had-adapted,SpinQuant Had*,complete,new_family_fixed_recipe_extension,labeled_decision_accuracy,floating_point_QDQ,156,156,0.15384615384615385,0.15384615384615385,2.5070641904701767,0.9591149272860175,0.18511829838456317,0.33086790052994314,,0.2400818860068742,0.8653846153846154,0.33974358974358976,0.0641025641025641,0.00641025641025641,0.00641025641025641,0.00641025641025641,9.064621143974364
decision-extension-20261006,startlux-decision-2b/w4a4-full-v1,startlux-decision-2b,StartLux-Decision,W4A4,mmlu-pro,mmlu-pro,s1q-joint,s1q-joint,S1Q-Joint,complete,new_family_fixed_recipe_extension,labeled_decision_accuracy,floating_point_QDQ,156,156,0.16025641025641027,0.16025641025641027,2.597839212226468,0.9628390175452484,0.15052477084220894,0.3107811810986192,,0.23615297784388958,0.8461538461538461,0.3525641025641026,0.08333333333333333,0.0,0.0,0.0,6.395361906848848
decision-extension-20261006,startlux-decision-2b/w4a4-full-v1,startlux-decision-2b,StartLux-Decision,W4A4,mmlu-pro,mmlu-pro,s1q-ac,s1q-ac,S1Q-AC,complete,new_family_fixed_recipe_extension,labeled_decision_accuracy,floating_point_QDQ,156,156,0.14102564102564102,0.14102564102564102,2.540483078876643,0.9541438784601294,0.16146618119014156,0.3000026006726523,,0.23694111725523387,0.8461538461538461,0.3782051282051282,0.08974358974358974,0.0,0.0,0.0,14.698380725923926
decision-extension-20261006,startlux-decision-2b/w4a4-full-v1,startlux-decision-2b,StartLux-Decision,W4A4,mmlu-pro,mmlu-pro,s1q-margin,s1q-margin,S1Q-Margin,complete,new_family_fixed_recipe_extension,labeled_decision_accuracy,floating_point_QDQ,156,156,0.10897435897435898,0.10897435897435898,2.635082638153041,0.9909719263824954,0.20419838151106737,0.3131727404854263,,0.22915271545520638,0.8269230769230769,0.3782051282051282,0.057692307692307696,0.0,0.0,0.0,7.392033215612173
decision-extension-20261006,startlux-decision-2b/w4a4-full-v1,startlux-decision-2b,StartLux-Decision,W4A4,mmlu-pro,mmlu-pro,s1q,s1q,S1Q (current),complete,new_family_fixed_recipe_extension,labeled_decision_accuracy,floating_point_QDQ,156,156,0.14102564102564102,0.14102564102564102,2.619737717884948,0.9703384250220015,0.1549024918493648,0.2959281328750058,,0.24011060425288533,0.8525641025641025,0.358974358974359,0.07051282051282051,0.0,0.0,0.0,13.366948202252388
decision-extension-20261006,startlux-decision-2b/w4a4-full-v1,startlux-decision-2b,StartLux-Decision,W4A4,wanli,wanli,native,native,Native,complete,new_family_fixed_recipe_extension,labeled_decision_accuracy,floating_point_native,256,256,0.75390625,0.75390625,0.7960544206195486,0.41216328459612406,0.1540915801635813,0.871557802332982,,,,,,0.0234375,0.0234375,0.125,
decision-extension-20261006,startlux-decision-2b/w4a4-full-v1,startlux-decision-2b,StartLux-Decision,W4A4,wanli,wanli,rtn,rtn,RTN,complete,new_family_fixed_recipe_extension,labeled_decision_accuracy,floating_point_QDQ,256,256,0.3515625,0.3515625,1.622762925014405,0.8761551207893835,0.3308510881121001,0.6753095366012007,,0.2685577920746529,0.65625,0.47265625,0.0703125,0.0,0.0,0.0,2.9754115198738873
decision-extension-20261006,startlux-decision-2b/w4a4-full-v1,startlux-decision-2b,StartLux-Decision,W4A4,wanli,wanli,s1q-local,s1q-local,S1Qv1,complete,new_family_fixed_recipe_extension,labeled_decision_accuracy,floating_point_QDQ,256,256,0.34375,0.34375,1.24003039250014,0.7445693787101269,0.18471286326321565,0.5284628632632157,,0.22504967967138728,0.68359375,0.50390625,0.09375,0.0,0.0,0.0,3.926749460864812
decision-extension-20261006,startlux-decision-2b/w4a4-full-v1,startlux-decision-2b,StartLux-Decision,W4A4,wanli,wanli,s1q2-beta05,s1q2-beta05,S1Qv2,complete,new_family_fixed_recipe_extension,labeled_decision_accuracy,floating_point_QDQ,256,256,0.32421875,0.32421875,1.260527461680819,0.767586125835577,0.2214915851198251,0.536463735463197,,0.2391411977400775,0.67578125,0.49609375,0.06640625,0.00390625,0.00390625,0.00390625,3.948926805984229
decision-extension-20261006,startlux-decision-2b/w4a4-full-v1,startlux-decision-2b,StartLux-Decision,W4A4,wanli,wanli,awq-adapted,awq-adapted,AWQ*,complete,new_family_fixed_recipe_extension,labeled_decision_accuracy,floating_point_QDQ,256,256,0.328125,0.328125,1.2074845541085342,0.7381909855440796,0.2225300668323421,0.5336273542681889,,0.22606581491767513,0.6640625,0.49609375,0.0703125,0.00390625,0.00390625,0.00390625,4.521107749082148
decision-extension-20261006,startlux-decision-2b/w4a4-full-v1,startlux-decision-2b,StartLux-Decision,W4A4,wanli,wanli,gptq-blockdiag-adapted,gptq-blockdiag-adapted,GPTQ-block*,complete,new_family_fixed_recipe_extension,labeled_decision_accuracy,floating_point_QDQ,256,256,0.34765625,0.34765625,1.6054493723765546,0.8889684379936387,0.3262135956597205,0.6635326937384028,,0.26927524735185104,0.66796875,0.48828125,0.08203125,0.0,0.0,0.0,38.153899644035846
decision-extension-20261006,startlux-decision-2b/w4a4-full-v1,startlux-decision-2b,StartLux-Decision,W4A4,wanli,wanli,spinquant-nohad-adapted,spinquant-nohad-adapted,SpinQuant no-Had*,complete,new_family_fixed_recipe_extension,labeled_decision_accuracy,floating_point_QDQ,256,256,0.31640625,0.31640625,1.3444594950119146,0.8016817565556555,0.255502653660564,0.571908903660564,,0.2459370165326639,0.69140625,0.51171875,0.07421875,0.00390625,0.00390625,0.00390625,7.5795129630714655
decision-extension-20261006,startlux-decision-2b/w4a4-full-v1,startlux-decision-2b,StartLux-Decision,W4A4,wanli,wanli,spinquant-had-adapted,spinquant-had-adapted,SpinQuant Had*,complete,new_family_fixed_recipe_extension,labeled_decision_accuracy,floating_point_QDQ,256,256,0.4375,0.4375,1.1221572105101965,0.6770483475686514,0.10908438022270332,0.5462974969937542,,0.18942679334269005,0.52734375,0.3984375,0.08203125,0.0078125,0.0078125,0.0078125,9.064621143974364
decision-extension-20261006,startlux-decision-2b/w4a4-full-v1,startlux-decision-2b,StartLux-Decision,W4A4,wanli,wanli,s1q-joint,s1q-joint,S1Q-Joint,complete,new_family_fixed_recipe_extension,labeled_decision_accuracy,floating_point_QDQ,256,256,0.46484375,0.46484375,1.035555427678064,0.6295750168423813,0.06835062271582594,0.5328816218454775,,0.17385737775535132,0.46875,0.3671875,0.078125,0.01171875,0.01171875,0.01171875,6.395361906848848
decision-extension-20261006,startlux-decision-2b/w4a4-full-v1,startlux-decision-2b,StartLux-Decision,W4A4,wanli,wanli,s1q-ac,s1q-ac,S1Q-AC,complete,new_family_fixed_recipe_extension,labeled_decision_accuracy,floating_point_QDQ,256,256,0.4296875,0.4296875,1.1248454120524682,0.6749880049394266,0.1268579809047422,0.5536244215456926,,0.1857711365688603,0.515625,0.3984375,0.07421875,0.0,0.0,0.0,14.698380725923926
decision-extension-20261006,startlux-decision-2b/w4a4-full-v1,startlux-decision-2b,StartLux-Decision,W4A4,wanli,wanli,s1q-margin,s1q-margin,S1Q-Margin,complete,new_family_fixed_recipe_extension,labeled_decision_accuracy,floating_point_QDQ,256,256,0.47265625,0.47265625,1.0664407484110905,0.6413599840210835,0.10092898676905654,0.5602211788949375,,0.1888334320655436,0.55859375,0.40234375,0.12109375,0.00390625,0.00390625,0.00390625,7.392033215612173
decision-extension-20261006,startlux-decision-2b/w4a4-full-v1,startlux-decision-2b,StartLux-Decision,W4A4,wanli,wanli,s1q,s1q,S1Q (current),complete,new_family_fixed_recipe_extension,labeled_decision_accuracy,floating_point_QDQ,256,256,0.4453125,0.4453125,1.0803235206066972,0.646376092123834,0.08342605308136458,0.5287385530813646,,0.19320541066458535,0.54296875,0.39453125,0.0859375,0.0,0.0,0.0,13.366948202252388
decision-extension-20261006,startlux-decision-4b/w4a4-full-v1,startlux-decision-4b,StartLux-Decision,W4A4,development,development,native,native,Native,complete,new_family_fixed_recipe_extension,labeled_decision_accuracy,floating_point_native,311,184,0.8520900321543409,0.8868454279638491,0.3454786214120163,0.20410838868037562,0.050446420413880505,0.8767807421866505,0.49785304071655334,,,,,0.5562700964630225,0.7459807073954984,0.8553054662379421,
decision-extension-20261006,startlux-decision-4b/w4a4-full-v1,startlux-decision-4b,StartLux-Decision,W4A4,development,development,rtn,rtn,RTN,complete,new_family_fixed_recipe_extension,labeled_decision_accuracy,floating_point_QDQ,311,184,0.3729903536977492,0.38118354598617754,1.4109353722989564,0.7918629736177082,0.290988137411861,0.6607379739855065,1.2422912341847776,0.2441750254293469,0.6141479099678456,0.5144694533762058,0.03536977491961415,0.003215434083601286,0.003215434083601286,0.003215434083601286,8.928418716415763
decision-extension-20261006,startlux-decision-4b/w4a4-full-v1,startlux-decision-4b,StartLux-Decision,W4A4,development,development,s1q-local,s1q-local,S1Qv1,complete,new_family_fixed_recipe_extension,labeled_decision_accuracy,floating_point_QDQ,311,184,0.4630225080385852,0.4559310207336523,1.1200971518322334,0.652596500091802,0.14654185270890352,0.6013105449531866,1.269649075448275,0.2019497422698611,0.5209003215434084,0.43729903536977494,0.04823151125401929,0.003215434083601286,0.003215434083601286,0.003215434083601286,14.469136566855013
decision-extension-20261006,startlux-decision-4b/w4a4-full-v1,startlux-decision-4b,StartLux-Decision,W4A4,development,development,s1q2-beta05,s1q2-beta05,S1Qv2,complete,new_family_fixed_recipe_extension,labeled_decision_accuracy,floating_point_QDQ,311,184,0.45980707395498394,0.44936204146730463,1.1095715825766523,0.6591161836481767,0.1580404264432265,0.6067229715956646,1.2262543116293998,0.2066280548186647,0.5434083601286174,0.44694533762057875,0.05466237942122187,0.012861736334405145,0.012861736334405145,0.012861736334405145,16.076680292841047
decision-extension-20261006,startlux-decision-4b/w4a4-full-v1,startlux-decision-4b,StartLux-Decision,W4A4,development,development,awq-adapted,awq-adapted,AWQ*,complete,new_family_fixed_recipe_extension,labeled_decision_accuracy,floating_point_QDQ,311,184,0.4758842443729904,0.433761961722488,1.018809803230636,0.6060359801433173,0.13538544800392746,0.605198826616007,1.2106039944967208,0.19531820250808898,0.5369774919614148,0.43086816720257237,0.05466237942122187,0.04823151125401929,0.04823151125401929,0.0707395498392283,17.37715907720849
decision-extension-20261006,startlux-decision-4b/w4a4-full-v1,startlux-decision-4b,StartLux-Decision,W4A4,development,development,gptq-blockdiag-adapted,gptq-blockdiag-adapted,GPTQ-block*,complete,new_family_fixed_recipe_extension,labeled_decision_accuracy,floating_point_QDQ,311,184,0.3762057877813505,0.4285087719298246,1.5179656746289119,0.8525387762178037,0.31069971968329707,0.6869055074646475,1.462063776374653,0.27474289219993364,0.639871382636656,0.5337620578778135,0.05787781350482315,0.003215434083601286,0.003215434083601286,0.003215434083601286,88.29984320094809
decision-extension-20261006,startlux-decision-4b/w4a4-full-v1,startlux-decision-4b,StartLux-Decision,W4A4,development,development,spinquant-nohad-adapted,spinquant-nohad-adapted,SpinQuant no-Had*,complete,new_family_fixed_recipe_extension,labeled_decision_accuracy,floating_point_QDQ,311,184,0.42765273311897106,0.438101408825093,1.1972028074425975,0.7153420803541903,0.1837051163737872,0.6061212449495202,1.4334978063910504,0.23590914603184535,0.5659163987138264,0.4694533762057878,0.04501607717041801,0.006430868167202572,0.006430868167202572,0.006430868167202572,21.37539626425132
decision-extension-20261006,startlux-decision-4b/w4a4-full-v1,startlux-decision-4b,StartLux-Decision,W4A4,development,development,spinquant-had-adapted,spinquant-had-adapted,SpinQuant Had*,complete,new_family_fixed_recipe_extension,labeled_decision_accuracy,floating_point_QDQ,311,184,0.36012861736334406,0.3387360446570973,1.1709963053499477,0.7051411027102705,0.21946421447254266,0.5791691838345244,1.2998314459136726,0.2307715619813893,0.6366559485530546,0.5337620578778135,0.04180064308681672,0.003215434083601286,0.003215434083601286,0.003215434083601286,17.289248529355973
decision-extension-20261006,startlux-decision-4b/w4a4-full-v1,startlux-decision-4b,StartLux-Decision,W4A4,development,development,s1q-joint,s1q-joint,S1Q-Joint,complete,new_family_fixed_recipe_extension,labeled_decision_accuracy,floating_point_QDQ,311,184,0.6463022508038585,0.645959595959596,0.7583751383997963,0.44410313668882767,0.050219630934623394,0.6426966892049971,0.9282604307299411,0.12974350974242263,0.3665594855305466,0.27009646302250806,0.06430868167202572,0.05144694533762058,0.13183279742765272,0.3022508038585209,21.683449055999517
decision-extension-20261006,startlux-decision-4b/w4a4-full-v1,startlux-decision-4b,StartLux-Decision,W4A4,development,development,s1q-ac,s1q-ac,S1Q-AC,complete,new_family_fixed_recipe_extension,labeled_decision_accuracy,floating_point_QDQ,311,184,0.6527331189710611,0.6779804625199362,0.7137979039626681,0.43512554165674044,0.06314395556769148,0.6603451060360279,0.8559067058818948,0.11966101444838625,0.3247588424437299,0.2540192926045016,0.05466237942122187,0.13183279742765272,0.21543408360128619,0.28938906752411575,45.183906835038215
decision-extension-20261006,startlux-decision-4b/w4a4-full-v1,startlux-decision-4b,StartLux-Decision,W4A4,development,development,s1q-margin,s1q-margin,S1Q-Margin,complete,new_family_fixed_recipe_extension,labeled_decision_accuracy,floating_point_QDQ,311,184,0.6881028938906752,0.6748538011695907,0.7117375485775859,0.42786664811682784,0.07748457198423114,0.6898019752176566,0.7993261196938197,0.11460905678641922,0.31511254019292606,0.2282958199356913,0.06430868167202572,0.06430868167202572,0.1607717041800643,0.22508038585209003,22.924409260973334
decision-extension-20261006,startlux-decision-4b/w4a4-full-v1,startlux-decision-4b,StartLux-Decision,W4A4,development,development,s1q,s1q,S1Q (current),complete,new_family_fixed_recipe_extension,labeled_decision_accuracy,floating_point_QDQ,311,184,0.6752411575562701,0.6923810473152577,0.6994541465182379,0.42298309517907223,0.07228303369605533,0.7196053219632276,0.8516721142627081,0.10327930307841654,0.2958199356913183,0.22508038585209003,0.04823151125401929,0.03858520900321544,0.19935691318327975,0.26366559485530544,47.74145932216197
decision-extension-20261006,startlux-decision-4b/w4a4-full-v1,startlux-decision-4b,StartLux-Decision,W4A4,mmlu-pro,mmlu-pro,native,native,Native,complete,new_family_fixed_recipe_extension,labeled_decision_accuracy,floating_point_native,156,156,0.6217948717948718,0.6217948717948718,1.3159686648342672,0.5472685591370239,0.15447186672361138,0.6699866605321013,,,,,,0.00641025641025641,0.1858974358974359,0.32051282051282054,
decision-extension-20261006,startlux-decision-4b/w4a4-full-v1,startlux-decision-4b,StartLux-Decision,W4A4,mmlu-pro,mmlu-pro,rtn,rtn,RTN,complete,new_family_fixed_recipe_extension,labeled_decision_accuracy,floating_point_QDQ,156,156,0.12179487179487179,0.12179487179487179,2.860464934368799,1.0520062347545467,0.30770455892583787,0.42867193038753226,,0.374289168254354,0.9038461538461539,0.5641025641025641,0.0641025641025641,0.0,0.0,0.0,8.928418716415763
decision-extension-20261006,startlux-decision-4b/w4a4-full-v1,startlux-decision-4b,StartLux-Decision,W4A4,mmlu-pro,mmlu-pro,s1q-local,s1q-local,S1Qv1,complete,new_family_fixed_recipe_extension,labeled_decision_accuracy,floating_point_QDQ,156,156,0.1346153846153846,0.1346153846153846,2.664320475069954,0.9748136662022515,0.1938914989199348,0.32659236322389623,,0.32413233598449825,0.8076923076923077,0.5128205128205128,0.02564102564102564,0.0,0.0,0.0,14.469136566855013
decision-extension-20261006,startlux-decision-4b/w4a4-full-v1,startlux-decision-4b,StartLux-Decision,W4A4,mmlu-pro,mmlu-pro,s1q2-beta05,s1q2-beta05,S1Qv2,complete,new_family_fixed_recipe_extension,labeled_decision_accuracy,floating_point_QDQ,156,156,0.09615384615384616,0.09615384615384616,2.6211475805092213,0.9828695479454884,0.21380829352681233,0.30996213968065844,,0.33658168715228204,0.8525641025641025,0.5384615384615384,0.01282051282051282,0.0,0.0,0.0,16.076680292841047
decision-extension-20261006,startlux-decision-4b/w4a4-full-v1,startlux-decision-4b,StartLux-Decision,W4A4,mmlu-pro,mmlu-pro,awq-adapted,awq-adapted,AWQ*,complete,new_family_fixed_recipe_extension,labeled_decision_accuracy,floating_point_QDQ,156,156,0.07692307692307693,0.07692307692307693,2.5900969602141832,0.9688798305463036,0.2019044651315936,0.27882754205467053,,0.33415076710500574,0.8782051282051282,0.5512820512820513,0.00641025641025641,0.0,0.0,0.0,17.37715907720849
decision-extension-20261006,startlux-decision-4b/w4a4-full-v1,startlux-decision-4b,StartLux-Decision,W4A4,mmlu-pro,mmlu-pro,gptq-blockdiag-adapted,gptq-blockdiag-adapted,GPTQ-block*,complete,new_family_fixed_recipe_extension,labeled_decision_accuracy,floating_point_QDQ,156,156,0.1346153846153846,0.1346153846153846,2.8743665279929687,1.0556665929985125,0.2939335938592035,0.4285489784745881,,0.36033756146167273,0.8589743589743589,0.5384615384615384,0.05128205128205128,0.0,0.0,0.0,88.29984320094809
decision-extension-20261006,startlux-decision-4b/w4a4-full-v1,startlux-decision-4b,StartLux-Decision,W4A4,mmlu-pro,mmlu-pro,spinquant-nohad-adapted,spinquant-nohad-adapted,SpinQuant no-Had*,complete,new_family_fixed_recipe_extension,labeled_decision_accuracy,floating_point_QDQ,156,156,0.1282051282051282,0.1282051282051282,2.6301624911830968,0.9827053271804184,0.2038117244088166,0.33201685261394476,,0.3379568939739617,0.8525641025641025,0.5448717948717948,0.05128205128205128,0.0,0.0,0.0,21.37539626425132
decision-extension-20261006,startlux-decision-4b/w4a4-full-v1,startlux-decision-4b,StartLux-Decision,W4A4,mmlu-pro,mmlu-pro,spinquant-had-adapted,spinquant-had-adapted,SpinQuant Had*,complete,new_family_fixed_recipe_extension,labeled_decision_accuracy,floating_point_QDQ,156,156,0.12179487179487179,0.12179487179487179,2.6112040549835522,0.976561841274091,0.1883986773986348,0.31019354919350667,,0.3371757620129392,0.8782051282051282,0.5512820512820513,0.05128205128205128,0.0,0.0,0.0,17.289248529355973
decision-extension-20261006,startlux-decision-4b/w4a4-full-v1,startlux-decision-4b,StartLux-Decision,W4A4,mmlu-pro,mmlu-pro,s1q-joint,s1q-joint,S1Q-Joint,complete,new_family_fixed_recipe_extension,labeled_decision_accuracy,floating_point_QDQ,156,156,0.1282051282051282,0.1282051282051282,2.417690023570003,0.9311339701465821,0.15628349211288467,0.2819081021217868,,0.29242520931081056,0.8269230769230769,0.5128205128205128,0.019230769230769232,0.0,0.0,0.0,21.683449055999517
decision-extension-20261006,startlux-decision-4b/w4a4-full-v1,startlux-decision-4b,StartLux-Decision,W4A4,mmlu-pro,mmlu-pro,s1q-ac,s1q-ac,S1Q-AC,complete,new_family_fixed_recipe_extension,labeled_decision_accuracy,floating_point_QDQ,156,156,0.20512820512820512,0.20512820512820512,2.3300571461810686,0.8992391633947354,0.10993007642384507,0.30341540522594873,,0.27808954914958084,0.7307692307692307,0.44871794871794873,0.03205128205128205,0.0,0.0,0.0,45.183906835038215
decision-extension-20261006,startlux-decision-4b/w4a4-full-v1,startlux-decision-4b,StartLux-Decision,W4A4,mmlu-pro,mmlu-pro,s1q-margin,s1q-margin,S1Q-Margin,complete,new_family_fixed_recipe_extension,labeled_decision_accuracy,floating_point_QDQ,156,156,0.14743589743589744,0.14743589743589744,2.513787300195006,0.95087330882314,0.17125024258988103,0.31868614002577844,,0.29998576154185386,0.8397435897435898,0.5128205128205128,0.038461538461538464,0.0,0.0,0.0,22.924409260973334
decision-extension-20261006,startlux-decision-4b/w4a4-full-v1,startlux-decision-4b,StartLux-Decision,W4A4,mmlu-pro,mmlu-pro,s1q,s1q,S1Q (current),complete,new_family_fixed_recipe_extension,labeled_decision_accuracy,floating_point_QDQ,156,156,0.14743589743589744,0.14743589743589744,2.4359185113594823,0.9294018245093343,0.1919374871450558,0.3335738434999283,,0.28829287816925586,0.8397435897435898,0.5,0.02564102564102564,0.019230769230769232,0.019230769230769232,0.019230769230769232,47.74145932216197
decision-extension-20261006,startlux-decision-4b/w4a4-full-v1,startlux-decision-4b,StartLux-Decision,W4A4,wanli,wanli,native,native,Native,complete,new_family_fixed_recipe_extension,labeled_decision_accuracy,floating_point_native,256,256,0.73828125,0.73828125,0.7292539065720761,0.3983484221029452,0.13523088762648644,0.8735121376264865,,,,,,0.09765625,0.23828125,0.37890625,
decision-extension-20261006,startlux-decision-4b/w4a4-full-v1,startlux-decision-4b,StartLux-Decision,W4A4,wanli,wanli,rtn,rtn,RTN,complete,new_family_fixed_recipe_extension,labeled_decision_accuracy,floating_point_QDQ,256,256,0.29296875,0.29296875,1.5807338448108719,0.8971549374781922,0.33670787989146117,0.6296766298914612,,0.2801415340642057,0.70703125,0.52734375,0.08203125,0.0,0.0,0.0,8.928418716415763
decision-extension-20261006,startlux-decision-4b/w4a4-full-v1,startlux-decision-4b,StartLux-Decision,W4A4,wanli,wanli,s1q-local,s1q-local,S1Qv1,complete,new_family_fixed_recipe_extension,labeled_decision_accuracy,floating_point_QDQ,256,256,0.3359375,0.3359375,1.2303677590351294,0.7341904772069979,0.18669001938283744,0.5217156702458603,,0.23042245721152,0.6484375,0.4921875,0.08984375,0.00390625,0.00390625,0.00390625,14.469136566855013
decision-extension-20261006,startlux-decision-4b/w4a4-full-v1,startlux-decision-4b,StartLux-Decision,W4A4,wanli,wanli,s1q2-beta05,s1q2-beta05,S1Qv2,complete,new_family_fixed_recipe_extension,labeled_decision_accuracy,floating_point_QDQ,256,256,0.33203125,0.33203125,1.237207053419279,0.7421894098690673,0.19890828243936146,0.5309395324393615,,0.22659610377644074,0.64453125,0.48046875,0.07421875,0.00390625,0.00390625,0.00390625,16.076680292841047
decision-extension-20261006,startlux-decision-4b/w4a4-full-v1,startlux-decision-4b,StartLux-Decision,W4A4,wanli,wanli,awq-adapted,awq-adapted,AWQ*,complete,new_family_fixed_recipe_extension,labeled_decision_accuracy,floating_point_QDQ,256,256,0.3828125,0.3828125,1.2432735985612224,0.7414496736618319,0.18255648745026157,0.5432527409042331,,0.23660475842572048,0.65234375,0.46484375,0.109375,0.0078125,0.0078125,0.0078125,17.37715907720849
decision-extension-20261006,startlux-decision-4b/w4a4-full-v1,startlux-decision-4b,StartLux-Decision,W4A4,wanli,wanli,gptq-blockdiag-adapted,gptq-blockdiag-adapted,GPTQ-block*,complete,new_family_fixed_recipe_extension,labeled_decision_accuracy,floating_point_QDQ,256,256,0.3671875,0.3671875,1.577996646296349,0.8761197080617279,0.3254543464683127,0.6510366178144831,,0.2789616221743648,0.66796875,0.46875,0.09765625,0.0,0.0,0.0,88.29984320094809
decision-extension-20261006,startlux-decision-4b/w4a4-full-v1,startlux-decision-4b,StartLux-Decision,W4A4,wanli,wanli,spinquant-nohad-adapted,spinquant-nohad-adapted,SpinQuant no-Had*,complete,new_family_fixed_recipe_extension,labeled_decision_accuracy,floating_point_QDQ,256,256,0.28125,0.28125,1.4061976275988401,0.8215216170938687,0.29292129714113285,0.5741712971411329,,0.256905387674942,0.71484375,0.53515625,0.078125,0.0,0.0,0.0,21.37539626425132
decision-extension-20261006,startlux-decision-4b/w4a4-full-v1,startlux-decision-4b,StartLux-Decision,W4A4,wanli,wanli,spinquant-had-adapted,spinquant-had-adapted,SpinQuant Had*,complete,new_family_fixed_recipe_extension,labeled_decision_accuracy,floating_point_QDQ,256,256,0.3125,0.3125,1.2831396642569028,0.7725778604461506,0.25766558644487836,0.5328690158665438,,0.2414432662151345,0.6953125,0.51953125,0.09375,0.0078125,0.0078125,0.0078125,17.289248529355973
decision-extension-20261006,startlux-decision-4b/w4a4-full-v1,startlux-decision-4b,StartLux-Decision,W4A4,wanli,wanli,s1q-joint,s1q-joint,S1Q-Joint,complete,new_family_fixed_recipe_extension,labeled_decision_accuracy,floating_point_QDQ,256,256,0.4765625,0.4765625,1.0370872899844836,0.6198616362982865,0.06087866219366815,0.5234167561358135,,0.18231174047123283,0.4609375,0.3359375,0.07421875,0.01953125,0.01953125,0.01953125,21.683449055999517
decision-extension-20261006,startlux-decision-4b/w4a4-full-v1,startlux-decision-4b,StartLux-Decision,W4A4,wanli,wanli,s1q-ac,s1q-ac,S1Q-AC,complete,new_family_fixed_recipe_extension,labeled_decision_accuracy,floating_point_QDQ,256,256,0.49609375,0.49609375,0.9562181069340014,0.5730096662397233,0.09203768430072805,0.5406885119739053,,0.16109312049510605,0.43359375,0.3046875,0.0625,0.00390625,0.1015625,0.1171875,45.183906835038215
decision-extension-20261006,startlux-decision-4b/w4a4-full-v1,startlux-decision-4b,StartLux-Decision,W4A4,wanli,wanli,s1q-margin,s1q-margin,S1Q-Margin,complete,new_family_fixed_recipe_extension,labeled_decision_accuracy,floating_point_QDQ,256,256,0.5078125,0.5078125,1.0267605704545006,0.6066464249779009,0.0694133095948797,0.5636725831974784,,0.16772019101031688,0.4375,0.30078125,0.0703125,0.0078125,0.0078125,0.0078125,22.924409260973334
decision-extension-20261006,startlux-decision-4b/w4a4-full-v1,startlux-decision-4b,StartLux-Decision,W4A4,wanli,wanli,s1q,s1q,S1Q (current),complete,new_family_fixed_recipe_extension,labeled_decision_accuracy,floating_point_QDQ,256,256,0.578125,0.578125,0.9013337154803058,0.5382410124220937,0.12142788140986643,0.6253855749930594,,0.13022023631066323,0.31640625,0.2109375,0.05078125,0.01953125,0.01953125,0.01953125,47.74145932216197
